source,trajectory_source,edge_reconstruction,bvse_profile_volume_min,bvse_profile_volume_max,bvse_profile_volume_range,bvse_profile_volume_s_min,bvse_profile_volume_s_max,bvse_profile_volume_asymmetry,bvse_profile_effective_cn_min,bvse_profile_effective_cn_max,bvse_profile_effective_cn_range,bvse_profile_effective_cn_s_min,bvse_profile_effective_cn_s_max,bvse_profile_effective_cn_asymmetry,bvse_profile_mean_rc_min,bvse_profile_mean_rc_max,bvse_profile_mean_rc_range,bvse_profile_mean_rc_s_min,bvse_profile_mean_rc_s_max,bvse_profile_mean_rc_asymmetry,bvse_profile_weighted_mean_oxi_min,bvse_profile_weighted_mean_oxi_max,bvse_profile_weighted_mean_oxi_range,bvse_profile_weighted_mean_oxi_s_min,bvse_profile_weighted_mean_oxi_s_max,bvse_profile_weighted_mean_oxi_asymmetry,profile_oxidation_status,descriptor_status
nebDFT2k:mp-1020056_0_0_1_1_0,init,final Li endpoint appended to initial NEB image,9.111548007445327,13.050527901331384,3.9389798938860565,0.5043981809591958,1.0,-0.008093713241369649,8.732590154776334,12.79474524834544,4.062155093569105,0.5043981809591958,1.0,-0.0016367591520012326,1.0254545454545452,1.0955555555555554,0.07010101010101022,0.5043981809591958,0.0,0.0004161178877490901,-1.1285368897811532,-0.235835536648657,0.8927013531324962,0.0,0.5043981809591958,0.0012421566174496412,ok,ok
nebDFT2k:mp-1020056_0_2_1_0_0,init,final Li endpoint appended to initial NEB image,13.059370256382707,14.307467418257934,1.2480971618752275,1.0,0.25164162524898137,0.23573438221301846,9.627120344942647,11.377099321592587,1.74997897664994,0.7517040354031505,0.0,0.482181142914901,1.0055555555555555,1.0810000000000002,0.07544444444444465,0.7517040354031505,0.25164162524898137,0.01878709340486595,-1.5375905158454934,-1.2750228529221046,0.26256766292338884,0.5021748725355212,1.0,-0.009626991419762199,ok,ok
nebDFT2k:mp-1020056_2_2_1_1_0,init,final Li endpoint appended to initial NEB image,8.645986568511567,12.404869129045949,3.7588825605343814,0.4942569320351731,0.0,0.0001060404461910025,7.809146919057467,11.26254883532561,3.4534019162681435,0.4942569320351731,1.0,-0.0030258912894822743,0.9991666666666666,1.0955555555555556,0.09638888888888897,0.4942569320351731,1.0,-0.00046753282755762626,-1.0843272261898733,-0.33031964708013917,0.7540075791097341,0.0,0.4942569320351731,0.0009573508434534417,ok,ok
nebDFT2k:mp-1147726_4_6_1_0_0,init,final Li endpoint appended to initial NEB image,21.75964290783021,22.379364556035245,0.6197216482050365,0.0,0.46470771630462393,-0.02120244808430094,5.848724180045578,7.477096069500326,1.6283718894547476,0.0,0.46470771630462393,0.1612942739446308,1.086923076923077,1.1300000000000001,0.04307692307692301,0.7665307550735317,0.46470771630462393,0.006367458219450506,-1.8392093994417245,-1.5967578695290325,0.24245152991269192,1.0,0.46470771630462393,0.04110064504938438,ok,ok
nebDFT2k:mp-1174212_5_7_0_0_0,init,final Li endpoint appended to initial NEB image,8.779886243751884,9.48340156289042,0.7035153191385355,0.5030924721755888,0.0,0.09146885546872596,7.215408538594641,7.632082378446034,0.41667383985139317,1.0,0.2502054868815051,0.0441122240666898,0.7633333333333333,1.0279999999999998,0.2646666666666665,0.5030924721755888,0.0,0.017949589636564345,-1.7621753301805725,-1.2579034813582863,0.5042718488222862,1.0,0.5030924721755888,0.007978866096647552,ok,ok
nebDFT2k:mp-1175313_9_13_0_0_0,init,final Li endpoint appended to initial NEB image,9.839801464444266,10.359536748322263,0.5197352838779974,1.0,0.0,0.16660035373464765,6.774986761625584,8.011399821579387,1.2364130599538026,1.0,0.2525426736085331,0.3336523655547179,0.8739999999999999,1.0570588235294116,0.18305882352941172,0.5034095057300491,1.0,-0.015916930792330253,-1.8386332925858848,-1.2843326605463556,0.5543006320395292,1.0,0.5034095057300491,0.05432225980157823,ok,ok
nebDFT2k:mp-1175624_0_3_0_1_0,init,final Li endpoint appended to initial NEB image,9.261652971942876,9.882567231981854,0.6209142600389779,0.49918944151044425,1.0,-0.03795142599217094,7.180139826976254,7.494348054895413,0.3142082279191589,1.0,0.2456674148851086,0.028357098793511337,0.8342857142857143,1.005,0.1707142857142856,0.49918944151044425,0.0,0.006880813145108411,-1.7554144660759647,-1.2792722391193263,0.47614222695663844,1.0,0.49918944151044425,0.005356949382205101,ok,ok
nebDFT2k:mp-1175840_1_1_1_0_0,init,final Li endpoint appended to initial NEB image,6.106150356679681,9.584644214694041,3.4784938580143603,0.49789360207784,1.0,0.07260870095137673,6.860981134952349,8.658757257434774,1.797776122482425,0.6639732767783407,0.1659075806518142,0.22940371125794057,0.8459999999999999,1.00625,0.16025000000000023,0.33271417941532677,0.0,-0.013225904781697218,-1.7186190433609954,-0.4901993581091909,1.2284196852518043,1.0,0.49789360207784,0.012018229424734184,ok,ok
nebDFT2k:mp-1176566_0_2_0_0_0,init,final Li endpoint appended to initial NEB image,9.396245061605978,9.604320657072055,0.20807559546607735,0.0,0.24926476298864758,0.0005309014061571915,6.041170230492448,6.793654173411852,0.7524839429194037,0.5008374464748752,0.0,0.0017398349552575354,0.8753333333333334,0.9337500000000001,0.05841666666666667,0.5008374464748752,0.0,5.004760513427353e-05,-1.8571255784905758,-1.6701065468509952,0.18701903163958056,0.7511913609601921,0.5008374464748752,1.1929304261082407e-05,ok,ok
nebDFT2k:mp-1176566_0_2_0_1_0,init,final Li endpoint appended to initial NEB image,7.034823427850242,9.319983488524585,2.285160060674343,0.5098169977975152,0.0,0.03095526390597314,7.0473524716956675,8.193428992857067,1.1460765211613992,0.17134556067787457,0.5098169977975152,-0.12682760450656572,0.8357142857142856,0.9900000000000001,0.15428571428571447,0.6750640168143751,0.17134556067787457,0.010473556741271317,-1.7045386687739645,-0.5439367047801352,1.1606019639938294,1.0,0.5098169977975152,-0.03605907219441595,ok,ok
nebDFT2k:mp-1176649_6_7_0_0_0,init,final Li endpoint appended to initial NEB image,8.475607074701035,10.887098455012104,2.4114913803110696,0.4960600917552787,0.0,0.04993419373038144,6.144069361719637,7.804870237155488,1.660800875435851,1.0,0.4960600917552787,0.05788236686012205,0.7957142857142856,0.8742105263157894,0.07849624060150384,1.0,0.0,0.013019883873404525,-1.7156845193118242,-1.079117348719619,0.6365671705922051,0.0,0.4960600917552787,-0.08236833005864941,ok,ok
nebDFT2k:mp-1176994_9_9_1_0_0,init,final Li endpoint appended to initial NEB image,5.756993390310526,9.554290245704552,3.797296855394026,0.4977049503004946,1.0,-0.07527209662115464,6.7064307093599975,8.88570374086178,2.1792730315017828,0.4977049503004946,0.8346186529390975,-0.09123592592598095,0.87,0.9699999999999999,0.09999999999999987,0.3304688401730311,0.0,-0.011385671722879465,-1.6236537584254696,-0.570929717492515,1.0527240409329546,1.0,0.4977049503004946,8.482583522251286e-05,ok,ok
nebDFT2k:mp-1177804_0_1_0_0_1,init,final Li endpoint appended to initial NEB image,6.119093591232934,10.130030405131016,4.010936813898082,0.5043710869031997,0.0,0.040782300545815886,6.9491815127134,8.39800005686666,1.4488185441532604,0.5043710869031997,0.8363628854690781,-4.967119087062599e-05,0.844,1.0711764705882354,0.22717647058823542,0.3359672594469895,0.0,0.005008310948186823,-1.7321337983550837,-0.4440451681398711,1.2880886302152126,1.0,0.5043710869031997,0.00020259035871961206,ok,ok
nebDFT2k:mp-1177804_0_2_0_0_1,init,final Li endpoint appended to initial NEB image,9.579112415445078,10.16024135980856,0.5811289443634831,0.493794432480099,0.24288667576429956,0.08332636606395649,6.961870803683691,7.66433790774896,0.7024671040652688,1.0,0.7480301313157025,0.026671775360602723,0.8342857142857144,1.058125,0.22383928571428557,0.493794432480099,0.0,0.03684627088151554,-1.8051662481729296,-1.2785345549681169,0.5266316932048127,1.0,0.493794432480099,0.016349705200800146,ok,ok
nebDFT2k:mp-1177943_4_7_0_0_0,init,final Li endpoint appended to initial NEB image,8.806545728268748,9.584282785872922,0.777737057604174,0.5103603702226254,1.0,-0.013545172022767282,8.954033854920988,9.85469316037226,0.9006593054512724,0.25585414817589724,0.5103603702226254,-0.15606839992936195,0.9314285714285714,1.08,0.1485714285714287,0.5103603702226254,1.0,0.005438631502157509,-0.7409939731140255,-0.5020981738900686,0.23889579922395687,1.0,0.5103603702226254,-0.016968541979912655,ok,ok
nebDFT2k:mp-1178166_8_9_0_0_1,init,final Li endpoint appended to initial NEB image,11.364759534914477,13.393439422843473,2.0286798879289965,0.4979259120140277,1.0,-0.31413030255982655,5.471533628086116,6.6195925585445945,1.148058930458478,0.4979259120140277,0.0,0.28545364602821843,1.0190909090909093,1.268181818181818,0.2490909090909088,0.4979259120140277,0.0,-0.006111509405426596,-1.4116637032716117,-0.9331995508231331,0.4784641524484786,1.0,0.4979259120140277,0.04254717758778148,ok,ok
nebDFT2k:mp-1202443_0_6_0_0_1,init,final Li endpoint appended to initial NEB image,9.57065323944866,18.43913909726054,8.86848585781188,0.0,0.5003606582385242,0.4803548561345412,5.965064021166905,11.69961000888351,5.734545987716606,0.0,0.5003606582385242,0.10687672302158013,0.66,0.8287499999999999,0.16874999999999984,0.0,1.0,-0.01872798385250396,-2.0,-0.9481451595958612,1.0518548404041388,0.0,0.6658369568768318,-0.06721012147013616,ok,ok
nebDFT2k:mp-1222404_0_0_0_1_-1,init,final Li endpoint appended to initial NEB image,16.997977125659137,20.358992587518646,3.361015461859509,0.5002439208936069,1.0,0.0005311918273172012,6.059442508544532,6.891314781915348,0.8318722733708164,0.5002439208936069,0.7536127407729437,0.0002451696253329416,1.1050000000000002,1.2342857142857147,0.12928571428571445,0.5002439208936069,0.0,5.0868801359627014e-05,-1.8950154938939112,-1.0752230456847494,0.8197924482091619,0.0,0.5002439208936069,1.4706166932887399e-05,ok,ok
nebDFT2k:mp-1222469_0_0_0_1_0,init,final Li endpoint appended to initial NEB image,13.499153025261222,15.193359544379236,1.6942065191180138,0.0,0.17072493110579648,0.06255714467358242,5.512050162915879,10.5065094761085,4.99445931319262,0.0,0.5078556520999875,0.426363748365719,0.836,0.8671428571428572,0.03114285714285725,0.6731982796839809,0.0,0.0010683109232432764,-1.978296274614415,-1.2088917382426,0.7694045363718149,0.0,0.5078556520999875,0.0670014562611646,ok,ok
nebDFT2k:mp-1222510_2_2_0_1_0,init,final Li endpoint appended to initial NEB image,6.06962994061698,9.764562393141725,3.6949324525247453,0.49965923822945063,0.0,-0.04647805343127054,7.002437752334957,8.553971905928739,1.5515341535937823,0.49965923822945063,0.8334251411923654,-0.08163812538217696,0.844,0.9977777777777777,0.15377777777777768,0.33306008418384386,0.0,0.002270638424918703,-1.725490138528157,-0.4496362245302633,1.2758539139978935,1.0,0.49965923822945063,-0.004126182915875243,ok,ok
nebDFT2k:mp-1222575_1_2_0_0_0,init,final Li endpoint appended to initial NEB image,10.954996182506168,12.902434785942686,1.9474386034365185,0.49855967585450983,0.8305156667994931,-0.03901332081154507,7.452123382775,8.683419479712116,1.2312960969371156,0.0,0.8305156667994931,-0.011190533407749115,0.7725,0.8493333333333334,0.07683333333333342,0.49855967585450983,0.8305156667994931,-0.004881037585433623,-1.9996537672789376,-1.1292647765451012,0.8703889907338365,1.0,0.49855967585450983,0.002872251705410056,ok,ok
nebDFT2k:mp-1222575_0_2_0_0_0,init,final Li endpoint appended to initial NEB image,6.3580010751718445,12.770112315803615,6.412111240631771,0.4960794780642836,1.0,-0.04586189566069265,5.885064235639535,7.532142466104669,1.6470782304651337,0.4960794780642836,0.0,-0.04070399855708917,0.7866666666666667,0.93,0.1433333333333333,0.0,0.665928501062258,-0.003891382008618882,-1.9996537672789372,-0.24894498552641378,1.7507087817525233,1.0,0.4960794780642836,0.0009477177306633777,ok,ok
nebDFT2k:mp-1222591_0_0_0_1_0,init,final Li endpoint appended to initial NEB image,8.981543602607129,9.441053851733912,0.45951024912678307,0.5092431337568187,1.0,0.003534548586419106,7.357946302373026,7.605266425154596,0.24732012278157,1.0,0.25797906866640186,0.004976126120377344,0.8307142857142857,0.9766666666666666,0.14595238095238083,0.5092431337568187,1.0,-0.0008961953607397599,-1.7354018372003137,-1.327739951621524,0.4076618855787897,1.0,0.5092431337568187,-0.0010972074369378637,ok,ok
nebDFT2k:mp-1277038_4_0_0_1_0,init,final Li endpoint appended to initial NEB image,9.780536769449284,10.731042414120866,0.9505056446715816,0.5013492680890519,0.0,0.21442896152704538,6.746781624771967,8.012761774306531,1.2659801495345642,1.0,0.25124734595069553,0.2616077338497309,0.9146666666666667,1.05875,0.14408333333333334,0.25124734595069553,1.0,-0.02381523977310518,-1.8384756267366524,-1.3139916644882141,0.5244839622484383,1.0,0.5013492680890519,0.06325617620204327,ok,ok
nebDFT2k:mp-1277589_2_0_1_0_0,init,final Li endpoint appended to initial NEB image,10.948317493398529,12.65669438926299,1.7083768958644612,0.5000243697001999,0.0,0.0009232730420922763,5.544807549153317,6.188546194058844,0.6437386449055271,0.0,0.5000243697001999,-0.02970476357380436,0.7578947368421053,0.9957894736842107,0.23789473684210538,0.0,0.24993063181462766,0.023945180862076865,-1.9819431898715434,-1.879027203336424,0.10291598653511946,0.24993063181462766,0.0,-0.00015746506631275636,ok,ok
nebDFT2k:mp-1277613_3_1_1_-1_0,init,final Li endpoint appended to initial NEB image,9.881702067966456,11.074635836142972,1.1929337681765162,0.0,0.5073431587733037,-0.1858900011076532,6.500882690450694,6.906876562929619,0.40599387247892516,0.0,0.25491911056772604,0.023252156000543422,0.7818750000000001,0.9258823529411764,0.14400735294117628,0.5073431587733037,1.0,-0.013429877109039867,-1.9169114136812653,-1.6807472279475286,0.23616418573373665,0.0,0.5073431587733037,-0.01823017934512583,ok,ok
nebDFT2k:mp-1277613_2_0_0_0_1,init,final Li endpoint appended to initial NEB image,9.882884359141293,11.472744986614346,1.589860627473053,0.0,0.5010738972165413,-0.3161763723389326,6.415352815610741,6.871594702020095,0.45624188640935426,0.0,0.5010738972165413,-0.05832883104569797,0.7818750000000001,0.8752380952380954,0.09336309523809527,0.5010738972165413,1.0,-0.012245937723432465,-1.9219291338392621,-1.6625119487101159,0.25941718512914624,0.0,0.5010738972165413,-0.024395671948738817,ok,ok
nebDFT2k:mp-1277814_5_7_0_1_0,init,final Li endpoint appended to initial NEB image,10.0632554090421,10.808617455760338,0.7453620467182382,0.5007132057964565,0.0,0.0010365232942959324,5.227307584268542,7.206751255006025,1.9794436707374832,0.0,0.5007132057964565,-0.0024144278219133675,0.8205882352941177,0.9013333333333333,0.08074509803921559,0.0,0.5007132057964565,-0.0019880544211376416,-0.8942364773645857,-0.6382619254778056,0.2559745518867801,1.0,0.5007132057964565,-0.0005227711459903084,ok,ok
nebDFT2k:mp-1277814_6_10_1_-1_0,init,final Li endpoint appended to initial NEB image,7.726779455931843,10.772466383732226,3.045686927800383,0.5106670353445949,0.0,0.11472058069226776,5.287938951445006,9.542260497221191,4.254321545776185,0.0,0.3432161671532076,0.4971137575307507,0.8430769230769231,0.880625,0.037548076923076934,0.673752036825085,0.0,-0.003117394084782177,-0.8796574645902616,-0.061203641862968554,0.8184538227272931,0.0,0.5106670353445949,0.01273211952103026,ok,ok
nebDFT2k:mp-1277814_1_2_0_1_0,init,final Li endpoint appended to initial NEB image,10.122398034345595,10.764009210460017,0.6416111761144219,0.5021415252499589,1.0,-0.0004397053978841825,5.22866811603048,7.129711443821984,1.9010433277915038,0.0,0.5021415252499589,-0.0008373828025405317,0.8066666666666668,0.9013333333333333,0.09466666666666657,1.0,0.5021415252499589,0.0019299644779307568,-0.8955770349920623,-0.6484276444373114,0.24714939055475094,0.0,0.5021415252499589,1.6974163282390542e-05,ok,ok
nebDFT2k:mp-1277814_9_2_1_1_0,init,final Li endpoint appended to initial NEB image,7.7129712014051695,10.769191886493463,3.0562206850882934,0.5124365493271601,0.0,0.09726181672204515,5.287721440977579,9.53466467303795,4.246943232060371,1.0,0.3445965057590785,0.44045012049278354,0.8430769230769232,0.8742857142857143,0.031208791208791165,0.3445965057590785,0.1734975980942189,0.0038958395690190106,-0.8816769400415927,-0.060507773718230295,0.8211691663233625,1.0,0.5124365493271601,0.01099363665449224,ok,ok
nebDFT2k:mp-1282211_3_0_0_0_1,init,final Li endpoint appended to initial NEB image,5.619477195229562,10.437132809173567,4.817655613944005,0.499908513572095,1.0,-0.35306494028433955,6.592282927042416,8.616175978631764,2.023893051589348,0.3327787836282707,0.8344719270248155,-0.4216695832528785,0.9561538461538461,1.06,0.10384615384615392,0.6668896217821706,0.0,0.009763037343619496,-1.5624540128350795,0.04183175119561729,1.6042857640306967,0.0,0.499908513572095,0.1252551476711028,ok,ok
nebDFT2k:mp-1282761_2_1_1_1_0,init,final Li endpoint appended to initial NEB image,10.825598735919518,12.473227178796716,1.6476284428771972,0.49952044462802186,0.0,0.0037499033379466695,5.583175154253843,6.18651926717103,0.6033441129171866,1.0,0.49952044462802186,0.0008871939019980957,0.7578947368421053,1.0,0.2421052631578947,1.0,0.24935259027377812,-3.770104921024808e-05,-1.9814890313529046,-1.8813589242922295,0.10013010706067504,0.24935259027377812,0.0,-0.00033334268240226006,ok,ok
nebDFT2k:mp-1282761_3_0_0_0_1,init,final Li endpoint appended to initial NEB image,10.826128434217857,12.472821999379894,1.6466935651620371,0.5004959293490082,1.0,-0.0036381051792897523,5.583431053511776,6.186259814322084,0.6028287608103078,0.0,0.5004959293490082,-0.001125489869261198,0.7578947368421053,1.0000000000000002,0.24210526315789493,0.0,0.2502547594820091,4.569908460827499e-05,-1.981459805033663,-1.8813933432862058,0.10006646174745715,0.7505889961216141,1.0,0.00030381157574621565,ok,ok
nebDFT2k:mp-1282869_0_3_0_0_0,init,final Li endpoint appended to initial NEB image,12.161123201932135,13.238779660513503,1.0776564585813677,0.5004409125059623,0.0,0.0005412308264975962,5.551852617146543,6.390046211881645,0.8381935947351016,1.0,0.5004409125059623,-0.0004436731748329592,0.7578947368421053,0.9566666666666666,0.19877192982456127,0.0,0.2500583149561542,2.392305361681446e-05,-1.943596700271593,-1.879640671581453,0.06395602869013994,0.2500583149561542,0.0,-6.057766557976407e-05,ok,ok
nebDFT2k:mp-1282869_1_2_1_0_0,init,final Li endpoint appended to initial NEB image,12.090371333291602,13.140189846712673,1.0498185134210711,0.4995872939106035,1.0,-0.0001980830488301777,5.524872243055381,6.44185391434382,0.9169816712884389,0.0,0.4995872939106035,-9.325279849248247e-05,0.7578947368421053,0.9525,0.19460526315789473,0.0,0.24970824995435958,2.4922938752947044e-05,-1.9342911071215043,-1.8735326239722894,0.06075848314921495,0.24970824995435958,0.4995872939106035,4.200356685246653e-06,ok,ok
nebDFT2k:mp-1282931_3_5_0_0_0,init,final Li endpoint appended to initial NEB image,9.350498356373235,9.906813248220827,0.5563148918475918,0.5074538710048473,0.0,0.04247089866756504,7.022896547119393,7.794892735291934,0.7719961881725412,1.0,0.2554096318579588,0.060017122326965655,0.8371428571428571,0.9982352941176472,0.16109243697479014,0.5074538710048473,1.0,0.002005435736524397,-1.795267987180583,-1.32861530189589,0.46665268528469306,1.0,0.5074538710048473,0.010064861495260202,ok,ok
nebDFT2k:mp-1284600_2_7_0_0_0,init,final Li endpoint appended to initial NEB image,9.443363140364697,10.178798572132656,0.735435431767959,0.5109923598006556,1.0,-0.0344725621030495,7.513075711038217,7.781619224064332,0.26854351302611423,0.5109923598006556,1.0,-0.03807060094034265,0.8328571428571429,0.9485714285714286,0.11571428571428577,0.5109923598006556,0.0,-0.0077580290871843705,-1.6614243927813852,-1.2573268397743627,0.40409755300702255,0.0,0.5109923598006556,-0.007664706400549726,ok,ok
nebDFT2k:mp-1295192_1_1_1_0_0,init,final Li endpoint appended to initial NEB image,8.282693526901715,10.8427111599571,2.5600176330553843,0.507402666679427,0.0,-0.00679036213030404,6.594226551230649,7.707750320608858,1.113523769378209,0.0,0.507402666679427,0.049850591822811374,0.6742857142857144,0.7808333333333334,0.106547619047619,0.0,0.507402666679427,-0.00988527393764066,-1.9998895337268445,-0.7956267348938172,1.2042627988330272,0.0,0.507402666679427,0.009053496520640025,ok,ok
nebDFT2k:mp-1295192_3_3_1_0_0,init,final Li endpoint appended to initial NEB image,8.28306846793643,10.836212964640625,2.5531444967041956,0.506086773060877,0.0,-0.00642642780702829,6.592573926061536,7.701339709681845,1.108765783620309,0.0,0.506086773060877,0.050810967619480785,0.6742857142857144,0.7808333333333333,0.10654761904761889,0.0,0.506086773060877,-0.00957300481203932,-1.9999004300744523,-0.7969795136488925,1.2029209164255596,1.0,0.506086773060877,0.009330414338068582,ok,ok
nebDFT2k:mp-1297766_1_5_1_-1_0,init,final Li endpoint appended to initial NEB image,5.988031688941268,10.31681153673098,4.328779847789711,0.5029444146813759,0.0,0.25462102005399334,6.9678266397793,8.618695923377274,1.6508692835979737,0.5029444146813759,0.16848643807305452,0.1558029929680469,0.8953846153846153,1.005,0.10961538461538456,0.3366506558634482,1.0,-0.012635817684882089,-1.7598544306484318,-0.49073757820378194,1.26911685244465,1.0,0.5029444146813759,0.006816713244911621,ok,ok
nebDFT2k:mp-1306251_7_5_1_1_0,init,final Li endpoint appended to initial NEB image,8.401445062071376,9.622877592514518,1.221432530443142,0.5011573942677109,0.0,0.0012143014138406016,9.51477163802825,11.277210469159083,1.762438831130833,1.0,0.5011573942677109,0.0034698771793006955,0.9314285714285714,1.1047058823529412,0.17327731092436982,0.5011573942677109,0.0,0.0003120156738397606,-0.7387115722921921,-0.3213676467460777,0.4173439255461144,1.0,0.5011573942677109,0.0005507478827266321,ok,ok
nebDFT2k:mp-1314006_1_0_0_1_-1,init,final Li endpoint appended to initial NEB image,11.3394453647217,12.51774616184778,1.1783007971260808,0.49980228978082775,1.0,0.00018846593764809683,5.585548084074781,6.484554702238732,0.8990066181639511,0.0,0.49980228978082775,0.0002245579793380692,0.7578947368421053,0.9673684210526315,0.20947368421052626,0.0,0.249200764261089,1.6706082531736666e-05,-1.9618040373038048,-1.8647518065588764,0.09705223074492841,0.249200764261089,0.49980228978082775,-9.507014937404357e-06,ok,ok
nebDFT2k:mp-1320203_8_0_0_1_0,init,final Li endpoint appended to initial NEB image,8.857594703447283,9.502650138064187,0.6450554346169035,0.49750094338590006,0.0,0.11248651684060462,7.223703387657797,7.76686005735824,0.5431566697004433,1.0,0.25533056499659756,0.0194067816868424,0.8,0.96,0.15999999999999992,0.49750094338590006,0.0,0.018181089317270638,-1.7633332735265599,-1.300277326584899,0.46305594694166086,1.0,0.49750094338590006,0.015150694822324784,ok,ok
nebDFT2k:mp-1641416_3_9_0_0_0,init,final Li endpoint appended to initial NEB image,10.539632406325953,11.241091433373153,0.7014590270471999,0.4988978813699927,1.0,-0.08480992151891886,6.652915299332962,8.480019467261235,1.8271041679282725,0.4988978813699927,1.0,-0.18729881532071557,0.7564285714285716,0.9872222222222222,0.23079365079365066,0.4988978813699927,0.0,-0.0039895937857396535,-1.5316118449682063,-1.337927443065051,0.1936844019031554,0.0,0.4988978813699927,-0.017521278901062254,ok,ok
nebDFT2k:mp-25463_4_10_1_0_0,init,final Li endpoint appended to initial NEB image,10.49742182207226,12.406456580665271,1.9090347585930107,0.4981441222848365,0.0,-0.00113340639819981,6.768007424735432,7.798293054046909,1.0302856293114777,0.4981441222848365,0.7483750035918615,-0.0034911064251832435,0.7807142857142857,0.9170000000000001,0.13628571428571445,0.4981441222848365,0.0,-0.0002939730554287201,-1.8108363042267739,-1.3696595940507619,0.441176710176012,0.0,0.4981441222848365,-0.0006038835914488061,ok,ok
nebDFT2k:mp-25465_1_0_0_0_1,init,final Li endpoint appended to initial NEB image,9.788529988217704,11.528502981709295,1.739972993491591,0.49879826418030737,0.0,0.004628480114008404,6.7276688730488505,7.654504592070812,0.9268357190219616,1.0,0.7489853651101581,-0.004875135234188921,0.6785714285714286,0.7057142857142857,0.027142857142857135,0.0,0.24896598739277445,-9.862513463687606e-06,-1.7822642103909045,-1.2270364854186202,0.5552277249722843,0.0,0.49879826418030737,-0.0035737418326953208,ok,ok
nebDFT2k:mp-25465_1_0_1_0_1,init,final Li endpoint appended to initial NEB image,9.191023021168332,11.531715690763406,2.3406926695950734,0.5074460171317042,0.0,0.033751650962861035,5.932092671861605,6.655448909294883,0.7233562374332774,0.5074460171317042,0.0,0.07705259474635273,0.6342857142857143,0.7291666666666666,0.09488095238095229,0.0,0.5074460171317042,0.005422458939175534,-1.7961311278177652,-1.4632500844785081,0.33288104333925705,0.0,0.5074460171317042,-0.018336605209634982,ok,ok
nebDFT2k:mp-26247_6_9_0_0_0,init,final Li endpoint appended to initial NEB image,10.826897802900513,11.648190106875912,0.8212923039753992,0.5016757479760431,1.0,-0.010934660577658128,6.197963582712291,7.480074268465761,1.2821106857534694,1.0,0.5016757479760431,0.04518887070483402,0.8823076923076923,0.9336842105263157,0.051376518218623324,0.5016757479760431,1.0,-0.0019218263219741294,-1.6844222297789886,-1.236602416649898,0.4478198131290907,1.0,0.5016757479760431,0.00944363758914557,ok,ok
nebDFT2k:mp-26351_0_2_0_0_0,init,final Li endpoint appended to initial NEB image,9.769082911482565,11.500829067726041,1.7317461562434762,0.4865312839521318,0.15999458165180663,0.09396207753664587,7.082564946869853,9.013694655859618,1.931129708989765,1.0,0.6531398480027977,-0.2454864083085333,0.8584615384615385,0.8876470588235295,0.029185520361990958,0.6531398480027977,0.3229435389149524,0.004372285104184581,-1.8968750007463018,-0.8209026298447665,1.0759723709015354,0.0,0.4865312839521318,-0.054762435044131696,ok,ok
nebDFT2k:mp-26721_0_1_0_0_0,init,final Li endpoint appended to initial NEB image,12.073322889746455,16.11387117316807,4.040548283421616,0.0,0.3172663943657876,0.3709317824996461,5.389376272774668,10.923881480563184,5.5345052077885155,0.0,0.48129245815520366,0.045867097531119505,0.6915384615384615,0.8800000000000001,0.18846153846153857,0.0,0.6498471821682638,-0.013667631476307063,-1.9977757733001618,-1.559969395068367,0.4378063782317947,0.0,0.48129245815520366,-0.0033492732970457073,ok,ok
nebDFT2k:mp-26965_0_2_0_1_0,init,final Li endpoint appended to initial NEB image,13.191221176459875,16.573372537401106,3.382151360941231,0.0,0.49687007392557175,0.10172445500480798,5.376712020321562,8.572306360188794,3.195594339867232,1.0,0.49687007392557175,-0.10908183183775222,0.7999999999999999,0.8605882352941175,0.06058823529411761,0.0,0.49687007392557175,0.010391740453148779,-1.8612311312104195,-1.7092686996986624,0.15196243151175715,1.0,0.49687007392557175,-0.01190923022344692,ok,ok
nebDFT2k:mp-28030_17_16_0_1_-1,init,final Li endpoint appended to initial NEB image,8.615003851736738,11.00880175532377,2.393797903587032,0.5027430452712497,0.0,0.037975913663116145,6.769833771327067,8.307666398450246,1.537832627123179,0.5027430452712497,1.0,0.07081308279726084,0.8618181818181818,1.0657142857142858,0.20389610389610402,0.5027430452712497,0.0,0.004221190125562546,-1.4482115988341224,-1.17654543460243,0.27166616423169243,0.0,0.5027430452712497,0.011324546569162375,ok,ok
nebDFT2k:mp-28030_30_31_0_0_0,init,final Li endpoint appended to initial NEB image,8.680704634532184,11.114831650439369,2.434127015907185,0.506321703083826,0.0,-0.05486850458987824,6.900087703171972,8.373304166027982,1.4732164628560094,0.506321703083826,0.0,-0.1021282658999274,0.9266666666666667,1.0644444444444445,0.13777777777777778,0.506321703083826,0.2514887116404402,0.006193219593923716,-1.4166021522754864,-1.1351976376747042,0.2814045146007822,1.0,0.506321703083826,-0.022583282326568477,ok,ok
nebDFT2k:mp-28030_2_22_0_0_0,init,final Li endpoint appended to initial NEB image,8.235876579463536,10.626453632941077,2.390577053477541,0.5046459924671353,0.0,0.19437526752830614,6.829995702150557,8.438162323058668,1.6081666209081114,0.5046459924671353,0.0,0.10034001496212452,0.815,1.0699999999999998,0.2549999999999999,0.5046459924671353,1.0,0.0188212765537491,-1.668519759627478,-1.2355004611640659,0.43301929846341203,1.0,0.5046459924671353,0.07665409066093531,ok,ok
nebDFT2k:mp-28548_0_8_0_0_0,init,final Li endpoint appended to initial NEB image,10.219502221804515,10.825259238082364,0.605757016277849,0.0,0.7471124342674911,-0.1288926714633165,8.032364950693147,9.10868775527572,1.0763228045825741,0.4896526901496853,1.0,-0.2768931130088115,0.9835294117647058,1.0757894736842106,0.09226006191950487,0.7471124342674911,0.0,0.011263864049898542,-1.1482648519093512,-0.9801956737815107,0.1680691781278405,0.24199233474945206,0.0,-0.023871506331410663,ok,ok
nebDFT2k:mp-29040_4_3_0_1_1,init,final Li endpoint appended to initial NEB image,8.966790642358019,10.501038901214557,1.5342482588565378,1.0,0.5055119706148585,0.16374908093840013,5.613034308905611,6.472046731686032,0.8590124227804212,0.7536168957067467,0.0,0.07193650598915413,0.57,0.5700000000000001,1.1102230246251565e-16,0.0,0.2535897442321988,0.0,-1.0,-1.0,0.0,0.0,0.0,0.0,ok,ok
nebDFT2k:mp-29040_0_5_0_0_0,init,final Li endpoint appended to initial NEB image,9.327591005331644,12.184334116548266,2.8567431112166215,1.0,0.49745922089160216,-0.012328266819208622,6.436656103212441,7.902216963500031,1.4655608602875896,1.0,0.49745922089160216,-0.0019466524649627281,0.57,0.7385714285714287,0.1685714285714287,0.0,0.49745922089160216,0.00026776797924848994,-1.0,-0.9511957564826968,0.04880424351730317,0.0,0.49745922089160216,0.0005817093831455011,ok,ok
nebDFT2k:mp-29040_1_3_0_0_0,init,final Li endpoint appended to initial NEB image,8.875207997268106,10.790752300570349,1.9155443033022426,0.0,0.5011802321212248,0.01646258858516525,5.794760276876522,6.472046722546299,0.6772864456697771,0.2525306674493516,1.0,-0.13844536903094706,0.57,0.5700000000000001,1.1102230246251565e-16,0.0,0.2525306674493516,0.0,-1.0,-1.0,0.0,0.0,0.0,0.0,ok,ok
nebDFT2k:mp-34038_3_4_0_1_0,init,final Li endpoint appended to initial NEB image,18.105750468949992,20.26693981972219,2.1611893507721973,0.496942718649221,1.0,0.0578186170790147,5.727592766290861,7.1317013969182685,1.404108630627408,0.24843416136997243,0.7485786442655541,-0.4165744515313503,1.094285714285714,1.1788888888888889,0.08460317460317479,0.496942718649221,1.0,-0.0008356961686403208,-0.7351010038319999,-0.5239456799319718,0.2111553239000281,0.0,0.496942718649221,-0.05067276134240323,ok,ok
nebDFT2k:mp-34038_0_2_0_0_1,init,final Li endpoint appended to initial NEB image,11.848753150858483,17.8296630367669,5.9809098859084155,0.0,1.0,-1.7385562399229393,9.510532465598232,11.22301793649607,1.712485470897839,0.742317892400483,0.0,0.40600803063982926,1.0649999999999997,1.2089473684210528,0.14394736842105305,0.49069170559045067,1.0,-0.023100780669249144,-0.5804419636401168,-0.36878611839658265,0.21165584524353415,1.0,0.49069170559045067,0.02801385322408012,ok,ok
nebDFT2k:mp-34038_2_0_0_1_-1,init,final Li endpoint appended to initial NEB image,11.830345069448668,17.815995773222127,5.985650703773459,1.0,0.0,1.7444070599628745,9.512605181490844,11.224208833384877,1.7116036518940323,0.25448744730658773,1.0,-0.40084807197369,1.0649999999999997,1.205,0.14000000000000035,0.5079104236580988,0.0,0.022343775690913503,-0.5796986963139894,-0.3650008041580381,0.2146978921559513,0.0,0.5079104236580988,-0.028269211375295533,ok,ok
nebDFT2k:mp-34038_0_1_1_1_0,init,final Li endpoint appended to initial NEB image,11.858220176247286,16.019929059923175,4.161708883675889,0.0,1.0,-1.129032496731627,6.8503208025256415,10.564527311125968,3.714206508600326,1.0,0.0,0.7870345349465007,1.0966666666666667,1.1952631578947368,0.09859649122807013,0.49822721457663843,1.0,-0.005890298831083163,-0.8411522802644825,-0.5138253490896583,0.32732693117482425,1.0,0.49822721457663843,0.062286878618195984,ok,ok
nebDFT2k:mp-34038_4_4_0_1_0,init,final Li endpoint appended to initial NEB image,19.003410946665763,20.472446768338102,1.469035821672339,0.5003489195358723,0.0,0.006493375847600902,6.357577727168152,7.391100010651492,1.0335222834833395,0.0,0.5003489195358723,-0.01472562709957792,1.0999999999999999,1.1705263157894736,0.07052631578947377,0.5003489195358723,1.0,-0.0009234287863333357,-0.6763881257436238,-0.5936913383529696,0.08269678739065423,0.25109865538167053,0.5003489195358723,1.1690078039250373e-05,ok,ok
nebDFT2k:mp-34038_0_0_1_-1_0,init,final Li endpoint appended to initial NEB image,11.035803133951731,11.451282732420635,0.41547959846890414,0.23932164779511264,0.0,-0.0032303667727031637,8.973963096944585,11.819682563228959,2.8457194662843737,0.7427318532621512,1.0,-0.017784277160582285,1.0531249999999999,1.1335294117647061,0.08040441176470625,0.4880474142462786,0.23932164779511264,-0.0015919516193010352,-0.423806001855744,0.09383055106401193,0.517636552919756,1.0,0.4880474142462786,0.0024579849988786706,ok,ok
nebDFT2k:mp-3635_0_3_0_0_0,init,final Li endpoint appended to initial NEB image,10.290362045184459,10.669546130279828,0.3791840850953694,0.25311729470319644,0.7501856396848611,-0.0953078393816531,6.6640370365300186,8.789134118423735,2.125097081893717,0.0,0.5037203251481299,0.002104529496406826,0.7821052631578947,0.8722222222222222,0.09011695906432748,0.5037203251481299,0.0,0.0006213410482660553,-1.6283328990091994,-1.2022166343406318,0.42611626466856767,0.0,0.5037203251481299,-0.0011385968108532651,ok,ok
nebDFT2k:mp-4002_0_1_0_0_0,init,final Li endpoint appended to initial NEB image,7.929213052603435,8.231728366328351,0.3025153137249159,1.0,0.5049126693515706,8.445040933224846e-08,5.342288616493017,5.999999999984498,0.6577113834914812,0.5049126693515706,1.0,0.0017564204228910363,0.57,0.6486666666666667,0.07866666666666677,0.0,0.5049126693515706,-0.0006279940549402396,-1.0,-0.9410241941125187,0.0589758058874813,0.0,0.5049126693515706,-0.0004708024002031963,ok,ok
nebDFT2k:mp-4117_3_0_1_0_1,init,final Li endpoint appended to initial NEB image,4.733488317974414,11.442166216066433,6.708677898092018,0.49977742634496397,1.0,-0.05586648325180521,5.86003767260712,7.40283779440731,1.5428001218001892,0.49977742634496397,0.6675142606223915,-0.16938815995406387,0.829090909090909,0.9195652173913045,0.09047430830039549,0.1641210877055943,0.0,-0.005005005068341506,-1.7052928541629704,-0.3561951174787752,1.3490977366841952,1.0,0.49977742634496397,0.0014368542296265274,ok,ok
nebDFT2k:mp-556655_0_7_0_1_-1,init,final Li endpoint appended to initial NEB image,10.650214817050156,11.892658178657939,1.2424433616077835,0.5049716599017872,1.0,-0.001461008506497663,6.417325058827739,8.67419122451672,2.2568661656889812,0.0,0.5049716599017872,-0.0036792238273504196,0.7933333333333334,0.8552941176470589,0.061960784313725425,0.5049716599017872,1.0,0.0003817940669142983,-1.6259293583487897,-1.1122059869245935,0.5137233714241962,0.0,0.5049716599017872,0.00040763041704383607,ok,ok
nebDFT2k:mp-556655_1_4_0_0_0,init,final Li endpoint appended to initial NEB image,12.029209788524836,13.030845853865339,1.0016360653405023,0.0,0.7460111733844419,-0.324648850043161,6.229835851280379,8.103863971534254,1.8740281202538753,0.0,0.4907222029145451,-0.36368238063134717,0.8153333333333332,0.8788888888888889,0.0635555555555557,0.2440795839616168,1.0,-0.015319408712019367,-1.7093098797368398,-1.3376884084392464,0.3716214712975934,0.0,0.4907222029145451,-0.03094586430030155,ok,ok
nebDFT2k:mp-559680_0_2_0_0_1,init,final Li endpoint appended to initial NEB image,10.090886537007888,11.368165242859131,1.2772787058512431,0.5029106427226364,0.0,-0.027960238031321083,6.536854439025465,7.622241325177167,1.085386886151702,1.0,0.17286408567564787,0.10010389092446115,0.7775,0.8675,0.09000000000000008,0.0,0.17286408567564787,-0.0003401025166104854,-1.9995137961597835,-0.8875945592633253,1.1119192368964583,1.0,0.5029106427226364,-0.001162110992395271,ok,ok
nebDFT2k:mp-567474_0_1_0_0_0,init,final Li endpoint appended to initial NEB image,18.137382406595044,20.399832855372733,2.262450448777688,1.0,0.5015390791957974,-0.0024349649311385946,5.065963659408111,6.074376391183653,1.0084127317755414,0.5015390791957974,1.0,0.0018640214263223598,1.02,1.1178571428571427,0.09785714285714264,0.5015390791957974,0.25530576825594836,0.00023440663140228413,-1.0,-0.9912767924756191,0.008723207524380938,0.5015390791957974,1.0,9.349617239373664e-05,ok,ok
nebDFT2k:mp-6745_0_1_1_0_0,init,final Li endpoint appended to initial NEB image,10.00874171049333,12.04045852751932,2.0317168170259894,0.49707577526080376,0.0,-0.0045727770232604215,7.421326484663095,8.764549493757599,1.3432230090945039,0.49707577526080376,0.8295255493674651,-0.008161163205331334,0.7400000000000001,0.7964285714285715,0.056428571428571384,0.0,0.16523086386464644,0.00011618358571874321,-1.999984378864951,-1.1009027979925299,0.8990815808724211,0.0,0.49707577526080376,0.0006674464008612491,ok,ok
nebDFT2k:mp-6745_0_1_0_0_0,init,final Li endpoint appended to initial NEB image,9.632909379387948,12.054747687763543,2.4218383083755946,0.494822432783442,0.16291059982282355,0.010447601431666342,6.951475233403261,8.687984336585385,1.736509103182125,0.494822432783442,0.8304098546723404,-0.11661031277040035,0.7400000000000001,0.7964285714285715,0.056428571428571384,0.0,0.494822432783442,-0.0021052141104205835,-1.999984378895128,-1.2018643610206434,0.7981200178744845,0.0,0.494822432783442,0.002987148269974149,ok,ok
nebDFT2k:mp-752552_2_7_0_1_1,init,final Li endpoint appended to initial NEB image,12.219006075482127,12.512057640279801,0.2930515647976737,1.0,0.507924935876995,0.005712535339056579,7.03408923216182,7.580605821992637,0.5465165898308166,1.0,0.507924935876995,-0.0015402887727966608,0.7958823529411765,0.85875,0.06286764705882353,0.2560023367336045,0.507924935876995,-0.0008580379677288752,-1.8963724570398472,-1.727541241495966,0.16883121554388114,0.507924935876995,0.0,3.835568655341515e-05,ok,ok
nebDFT2k:mp-752552_0_7_0_0_1,init,final Li endpoint appended to initial NEB image,12.225700875746952,12.51744275587427,0.2917418801273186,1.0,0.5089560275233181,0.0014002324804778254,7.028607914829153,7.601187021823038,0.572579106993885,1.0,0.5089560275233181,0.002730523075235247,0.7958823529411765,0.8306666666666666,0.03478431372549007,0.25582611667686406,0.5089560275233181,-0.0005147307335090501,-1.8940445718641594,-1.7300486072056738,0.16399596465848565,0.5089560275233181,0.0,0.001598796669806668,ok,ok
nebDFT2k:mp-752707_0_2_0_0_0,init,final Li endpoint appended to initial NEB image,10.555306731422109,11.287402857504148,0.7320961260820393,0.5035567743579505,1.0,-0.123854781342283,6.452723444295223,8.297535381989013,1.8448119376937901,0.0,0.7533745335647134,-0.3621876375433759,0.8686956521739131,0.92625,0.05755434782608693,1.0,0.7533745335647134,-0.0022634541430122668,-1.5006710798418286,-1.073160889202919,0.4275101906389096,0.0,0.5035567743579505,-0.04914976055313458,ok,ok
nebDFT2k:mp-753109_2_0_1_0_-1,init,final Li endpoint appended to initial NEB image,8.61674701544223,9.612531016826484,0.9957840013842532,0.49855700749480053,0.0,-0.07366340800585824,7.053202141029634,8.053235734955273,1.0000335939256386,0.49855700749480053,0.0,-0.01876424678668709,0.8400000000000001,0.9986666666666667,0.15866666666666662,0.49855700749480053,0.0,-0.004765191098655697,-1.6059035600808371,-1.0814532254316287,0.5244503346492084,1.0,0.49855700749480053,0.0006141282274604309,ok,ok
nebDFT2k:mp-753126_0_1_1_1_0,init,final Li endpoint appended to initial NEB image,9.861468417680967,12.86885015428467,3.007381736603703,0.6701127680294594,0.3370728473418079,0.4801991473574905,6.863538049905563,9.373524671136789,2.509986621231225,0.0,0.3370728473418079,0.30417980402957134,0.8557142857142858,0.9522222222222221,0.09650793650793632,0.16782420483729552,1.0,-0.0006804165646811522,-1.8017278779413912,-0.6061636384896102,1.1955642394517811,0.0,0.6701127680294594,-0.11445246357720518,ok,ok
nebDFT2k:mp-753204_0_2_0_0_0,init,final Li endpoint appended to initial NEB image,11.193311501960808,12.5820640735209,1.388752571560092,0.5065452456380022,0.0,0.30675900824183255,6.10245153537526,7.612841083477833,1.510389548102573,1.0,0.2523046543365361,0.28694154725649224,0.8526666666666666,0.9354545454545455,0.08278787878787897,0.5065452456380022,0.0,0.0005278978200148332,-1.6763243185977654,-1.1886249729115799,0.48769934568618556,0.0,0.5065452456380022,0.002595648883879198,ok,ok
nebDFT2k:mp-753340_2_3_0_0_0,init,final Li endpoint appended to initial NEB image,9.439251948045703,13.076909460762469,3.637657512716766,0.0,0.7528863885713296,-0.5459476859594989,6.087164114013838,6.450524564694552,0.3633604506807142,1.0,0.2530051620753722,0.09391382253791569,0.703125,0.7636363636363637,0.06051136363636367,0.2530051620753722,0.0,-0.0005483805084915416,-0.9933204787411942,-0.8203392631267846,0.1729812156144096,0.5042284268130591,0.2530051620753722,0.038975630771712066,ok,ok
nebDFT2k:mp-753477_6_2_0_1_0,init,final Li endpoint appended to initial NEB image,20.14999903332967,22.153499721774097,2.0035006884444257,0.0,1.0,-0.4443716289912327,7.092794423080966,7.86865586592978,0.7758614428488135,0.24624461380434567,1.0,-0.18624359558311898,1.1840000000000002,1.2106666666666668,0.026666666666666616,0.24624461380434567,1.0,-0.005903667467345053,-1.4216608971992197,-1.0386048211271675,0.3830560760720523,0.49451894810322955,0.0,0.060574833257071914,ok,ok
nebDFT2k:mp-753791_0_2_1_1_0,init,final Li endpoint appended to initial NEB image,12.877775761402741,15.845111222452571,2.9673354610498297,0.0,0.33036163262869883,0.4959611372459527,5.172003614255605,8.405277554034454,3.233273939778849,1.0,0.49704412921338104,0.08072067019941498,0.8250000000000001,0.9410000000000001,0.11599999999999999,1.0,0.33036163262869883,0.010849808335443523,-1.9451414508213738,-1.3067750603281427,0.6383663904932311,0.0,0.664294948692548,-0.09977180758388704,ok,ok
nebDFT2k:mp-753882_0_1_1_0_-1,init,final Li endpoint appended to initial NEB image,12.022690112610858,12.788427355830578,0.7657372432197196,0.5019804308915371,1.0,-0.03049840812245197,7.3092869132493306,8.649354926957988,1.3400680137086578,0.0,0.5019804308915371,0.040756838009501806,0.7949999999999999,0.8765000000000001,0.08150000000000013,0.7490969484758547,0.0,0.010899691358865926,-1.4399132010914915,-0.9371029847184884,0.502810216373003,1.0,0.5019804308915371,-0.008592944100442312,ok,ok
nebDFT2k:mp-753882_0_3_1_0_0,init,final Li endpoint appended to initial NEB image,12.134321789136523,12.629885178322679,0.49556338918615594,0.7573477745153885,0.0,0.15574282415312357,7.235079351316078,8.132760761022691,0.897681409706613,0.0,0.25819482378856384,0.006242805473100077,0.804375,0.8763157894736842,0.07194078947368421,0.5109260619129856,1.0,0.0021501122331878952,-1.8278820328198355,-1.2432937692431467,0.5845882635766888,1.0,0.5109260619129856,0.08273915115047392,ok,ok
nebDFT2k:mp-753882_4_5_0_0_0,init,final Li endpoint appended to initial NEB image,11.407777193625352,12.457771978978506,1.0499947853531548,0.4996978183111604,0.0,-0.00019028023714806608,6.068294111568087,7.135392314538441,1.067098202970354,0.4996978183111604,0.0,-0.0007285191018850945,0.7392307692307691,0.8720000000000001,0.13276923076923097,0.4996978183111604,0.0,-6.552707645701705e-05,-1.860076046799968,-1.596092670846804,0.263983375953164,0.0,0.4996978183111604,-0.00022941283612842867,ok,ok
nebDFT2k:mp-753882_3_2_0_1_0,init,final Li endpoint appended to initial NEB image,10.481896218442548,12.317465789141021,1.835569570698473,0.4996398423052508,0.0,-0.0020634848489837765,6.7689924141332,7.7895837834256625,1.0205913692924629,0.4996398423052508,0.7505009527663394,-0.004276379722510715,0.7726666666666666,0.9089473684210526,0.136280701754386,0.4996398423052508,1.0,-0.001609172777338741,-1.812981630319074,-1.378447569086701,0.4345340612323729,0.0,0.4996398423052508,-0.0006591432733223934,ok,ok
nebDFT2k:mp-753899_0_3_0_0_0,init,final Li endpoint appended to initial NEB image,6.290216049698856,9.937575601495224,3.6473595517963684,0.4836010516300557,0.0,-0.007327465337660044,6.5407189378707615,7.3862984300069625,0.845579492136201,1.0,0.4836010516300557,0.029793165140651556,0.66,0.8053333333333335,0.14533333333333343,0.0,0.3176275692223885,0.0054989271739211976,-2.0,-0.3326557593257305,1.6673442406742696,0.0,0.4836010516300557,0.004790954478062548,ok,ok
nebDFT2k:mp-754292_1_2_0_0_0,init,final Li endpoint appended to initial NEB image,10.73043904275684,12.799047113393895,2.0686080706370547,0.5002414601143742,1.0,-8.640661035830277e-05,8.005691622691561,11.595173593930173,3.5894819712386123,0.0,0.5002414601143742,-0.0024612887125492477,0.7742857142857142,0.8995000000000001,0.12521428571428583,0.3343315711441459,0.0,0.00027443840842833467,-1.3551440761096973,-0.30044385674886626,1.054700219360831,0.0,0.5002414601143742,-0.0007992852043273158,ok,ok
nebDFT2k:mp-754292_7_5_0_1_0,init,final Li endpoint appended to initial NEB image,10.244221060226462,12.343793789957932,2.09957272973147,0.5006006646593805,1.0,-0.0009268290663113632,6.421429758231999,7.606550984867048,1.185121226635049,0.5006006646593805,1.0,0.0004034024457424401,0.7915384615384615,0.8988888888888888,0.10735042735042732,0.5006006646593805,0.0,0.0016419413418905515,-1.7506535738299864,-1.523054540512189,0.22759903331779752,0.0,0.5006006646593805,-5.5480928030426924e-05,ok,ok
nebDFT2k:mp-754292_1_7_0_0_0,init,final Li endpoint appended to initial NEB image,12.26783164993822,12.800563433466015,0.5327317835277956,0.25811208553539267,0.0,0.01715228303722327,7.3920735276427845,8.06566932498805,0.673595797345266,0.7562332455564272,0.5100525694873844,0.18951950282800256,0.8105263157894737,0.8988888888888891,0.08836257309941542,0.5100525694873844,1.0,0.007436000665023423,-1.7589705635495576,-1.187222095495733,0.5717484680538245,1.0,0.5100525694873844,0.1365948808818297,ok,ok
nebDFT2k:mp-754292_0_3_0_0_0,init,final Li endpoint appended to initial NEB image,10.73085234285541,12.799327373280011,2.068475030424601,0.5026823382612117,1.0,-0.0021611689868326067,8.006843193072742,11.593163670080616,3.586320477007874,0.0,0.5026823382612117,0.0023135977781558736,0.7742857142857142,0.8995000000000001,0.12521428571428583,0.3348819413922169,1.0,-0.00503916378054714,-1.355127538583332,-0.3002426188500938,1.0548849197332382,0.0,0.5026823382612117,0.0012592227280391333,ok,ok
nebDFT2k:mp-754292_0_3_1_0_0,init,final Li endpoint appended to initial NEB image,11.448450366419433,12.799327373280008,1.3508770068605749,0.5008768519320899,1.0,-0.0022482833630821375,8.006843193072747,9.257975042759293,1.251131849686546,0.0,0.5008768519320899,0.0013947459021572683,0.7742857142857142,0.8995000000000001,0.12521428571428583,0.5008768519320899,0.0,0.00016012718575358909,-1.355127538583331,-0.6479389046492924,0.7071886339340386,0.0,0.5008768519320899,-0.00013282415946813675,ok,ok
nebDFT2k:mp-754292_3_9_0_0_0,init,final Li endpoint appended to initial NEB image,12.261848007944822,12.803923306761831,0.542075298817009,0.2598638130083303,0.0,0.013002763596098532,7.412836854332776,8.072597169288537,0.6597603149557614,0.7585372573649938,0.5132150051918071,0.1865773672073936,0.8105263157894737,0.8863157894736842,0.07578947368421052,0.5132150051918071,1.0,0.009227263557788079,-1.759013235712564,-1.1866336434913138,0.5723795922212502,1.0,0.5132150051918071,0.1369343430729133,ok,ok
nebDFT2k:mp-754923_0_2_0_0_1,init,final Li endpoint appended to initial NEB image,11.655523383728688,12.388100650843535,0.7325772671148467,0.5019013089443644,1.0,-0.04899480513136467,5.83334952812146,7.6296078226031465,1.796258294481687,0.0,0.7521219487408644,-0.23477224514189565,0.969375,1.006470588235294,0.03709558823529402,0.5019013089443644,0.24975582544632918,0.006403574192862693,-1.6671795535910479,-1.127925647423596,0.539253906167452,0.0,0.5019013089443644,-0.024368070779122286,ok,ok
nebDFT2k:mp-755369_6_3_0_0_1,init,final Li endpoint appended to initial NEB image,5.659292194025046,9.68463865353267,4.025346459507624,0.5048929636771381,0.0,-0.006109919774530681,6.819896144757595,8.37022540996506,1.5503292652074654,0.5048929636771381,0.16697742986961694,-0.010078048995850963,0.88,1.0815789473684212,0.2015789473684212,0.3370049427302293,0.0,0.004814543071140709,-1.7704026659210261,-0.48840010694893643,1.2820025589720898,1.0,0.5048929636771381,0.004779048235457828,ok,ok
nebDFT2k:mp-755369_6_0_1_0_1,init,final Li endpoint appended to initial NEB image,9.023077630053242,9.70627472296022,0.6831970929069779,0.499359943217719,0.0,0.026127054253351822,6.963515663432092,7.435425988359986,0.47191032492789464,1.0,0.7514747093029015,0.004233135937040888,0.8285714285714285,1.0489473684210529,0.22037593984962434,0.499359943217719,0.0,0.007363206062516114,-1.8075332126120027,-1.298484947792215,0.5090482648197878,1.0,0.499359943217719,0.0022541355072044356,ok,ok
nebDFT2k:mp-755369_11_7_0_1_0,init,final Li endpoint appended to initial NEB image,5.702007137759264,9.702906880077895,4.000899742318632,0.49307673619121567,0.0,-0.040587674959234654,6.899624462816699,8.37398332532019,1.4743588625034905,0.49307673619121567,0.8279595402351094,-0.013098628474426555,0.8400000000000001,1.0815789473684212,0.24157894736842112,0.6604167547249036,1.0,0.005362219849137317,-1.7667314860868726,-0.49490242053850386,1.2718290655483688,0.0,0.49307673619121567,0.00588264604141675,ok,ok
nebDFT2k:mp-755369_2_0_1_0_1,init,final Li endpoint appended to initial NEB image,5.752169633242727,9.60323475059558,3.851065117352854,0.5043815069857405,1.0,0.002750604926050393,6.969330345368885,8.332768058875184,1.3634377135062987,0.5043815069857405,0.16970542192036542,-0.0016342782852207804,0.8400000000000001,1.065263157894737,0.22526315789473683,0.6682946903001581,0.0,0.007024584455341709,-1.7714401649936677,-0.49065538107155937,1.2807847839221083,1.0,0.5043815069857405,-0.001376895701425962,ok,ok
nebDFT2k:mp-755369_10_8_1_-1_0,init,final Li endpoint appended to initial NEB image,9.007382367150157,9.708381807925502,0.7009994407753446,0.502170928204793,1.0,0.0208273326993762,7.036228802180798,7.378828923596878,0.3426001214160799,1.0,0.25355907913046877,0.006856253555008962,0.8728571428571428,1.065263157894737,0.19240601503759414,0.502170928204793,0.0,0.008137612770413694,-1.7829462004006622,-1.2494611983501416,0.5334850020505206,1.0,0.502170928204793,-0.00519924453301801,ok,ok
nebDFT2k:mp-755369_1_4_0_0_1,init,final Li endpoint appended to initial NEB image,5.667764443608002,9.683133348759378,4.015368905151377,0.4982772029211229,1.0,0.012143968578240294,6.864007882601431,8.371924460493803,1.507916577892372,0.4982772029211229,0.8331292324086429,0.006975862181843873,0.8799999999999998,1.0815789473684212,0.2015789473684214,0.33220851550091257,1.0,-0.004592728652065503,-1.7715378859816788,-0.488058153323064,1.283479732658615,0.0,0.4982772029211229,-0.0067090120324110325,ok,ok
nebDFT2k:mp-755369_3_5_1_1_0,init,final Li endpoint appended to initial NEB image,8.980293955146744,9.70385476292505,0.7235608077783056,0.5070429349987096,1.0,-0.021674916481614126,6.976812756288108,7.437818103054317,0.46100534676620875,0.0,0.2524033756668784,-0.002450775674177841,0.8285714285714285,1.0489473684210529,0.22037593984962434,0.5070429349987096,1.0,-0.005745399488547076,-1.8050046126157537,-1.286850222820323,0.5181543897954308,0.0,0.5070429349987096,-0.0034119084514598885,ok,ok
nebDFT2k:mp-755839_0_5_0_0_0,init,final Li endpoint appended to initial NEB image,10.417405174853835,11.239127517321005,0.8217223424671705,1.0,0.5034576204208449,0.036481219576747215,7.053889571745559,8.343103727364051,1.2892141556184917,0.0,0.3367683376908983,0.03609342763486856,0.852857142857143,1.02,0.16714285714285704,0.16824709452946074,1.0,-0.008238586120656866,-1.7855543920484993,-1.4300789652248351,0.3554754268236642,0.0,0.6681045567348329,-0.004094275857408292,ok,ok
nebDFT2k:mp-756174_1_0_1_0_0,init,final Li endpoint appended to initial NEB image,10.290748065777196,10.511388228875672,0.22064016309847645,0.5047177699910319,0.7560911187275885,-6.18119328761324e-05,5.862661583230073,6.482108730197894,0.6194471469678211,0.5047177699910319,0.25156203555344914,0.004104798561948897,0.6985714285714286,0.869375,0.1708035714285714,0.5047177699910319,0.0,0.001287017626911191,-1.9748630844982131,-1.5923963058661004,0.38246677863211276,1.0,0.5047177699910319,-0.00015379579936514176,ok,ok
nebDFT2k:mp-756174_0_1_0_0_0,init,final Li endpoint appended to initial NEB image,10.473408507396957,10.546379879440922,0.07297137204396442,0.0,0.7560658827964416,-6.0578982260750536e-05,5.955396088201284,6.4368205998059205,0.4814245116046365,0.5000173958154187,0.7560658827964416,-6.872226765430867e-05,0.6946153846153847,0.869375,0.17475961538461526,0.5000173958154187,0.0,2.644421750774839e-05,-1.9917993096804214,-1.6702997411726952,0.3214995685077262,0.0,0.5000173958154187,2.90470144708177e-05,ok,ok
nebDFT2k:mp-756912_1_1_1_0_0,init,final Li endpoint appended to initial NEB image,9.496481307678472,11.185177009990236,1.6886957023117635,0.49822969667102346,0.0,-0.03909176562169847,8.119211775247223,11.41802086546481,3.2988090902175866,1.0,0.3343211902574779,0.5059638750966391,0.8300000000000001,0.8786666666666666,0.048666666666666525,0.665506171203449,0.8324692728299782,0.0042902373910214675,-1.2257763403499566,-0.2512608412852924,0.9745154990646643,1.0,0.3343211902574779,0.025893027109672506,ok,ok
nebDFT2k:mp-757068_0_1_0_0_0,init,final Li endpoint appended to initial NEB image,10.571650694422,11.723429908660277,1.1517792142382763,1.0,0.49713619926639796,-0.0006655180282750806,6.424505031027109,7.266041501224463,0.8415364701973544,1.0,0.7492930676109198,-0.0023559599730376135,0.7523529411764706,0.8457142857142858,0.0933613445378152,0.49713619926639796,0.0,-0.0003522300247217891,-1.9320400178568662,-1.5670098958132337,0.3650301220436325,1.0,0.49713619926639796,0.0004917953434041555,ok,ok
nebDFT2k:mp-757461_1_2_0_1_0,init,final Li endpoint appended to initial NEB image,9.638469747646687,11.505992542160644,1.8675227945139579,0.5020521378024326,1.0,-0.21499536208497716,6.305051868048268,7.857452251502228,1.5524003834539606,0.24939450160568652,1.0,-0.09870696318312921,0.8200000000000001,0.885,0.06499999999999995,0.5020521378024326,0.24939450160568652,0.007364954018083236,-1.7831219546556896,-1.5199004015914817,0.2632215530642079,1.0,0.5020521378024326,0.04672845702656958,ok,ok
nebDFT2k:mp-757693_0_2_0_0_0,init,final Li endpoint appended to initial NEB image,9.496905973435403,9.9569321345935,0.4600261611580958,0.49659321126011274,0.7503989981934385,-0.0343477125354692,6.313094162279748,7.39392795117246,1.0808337888927113,0.49659321126011274,0.24521853532245533,0.046104439600990865,0.6733333333333335,0.8039999999999999,0.1306666666666665,0.49659321126011274,1.0,-0.0007003938276781696,-1.92021574707305,-1.3275885495382085,0.5926271975348416,0.0,0.49659321126011274,-0.0034732072881493714,ok,ok
nebDFT2k:mp-757714_2_3_0_0_0,init,final Li endpoint appended to initial NEB image,10.749181969412305,11.809348200093265,1.0601662306809594,0.0,0.5015774609195726,9.460456978516163e-05,6.39390461500509,7.224887984335139,0.8309833693300481,1.0,0.24876674249582678,0.0015784564567002946,0.7523529411764706,0.8457142857142858,0.0933613445378152,0.5015774609195726,0.0,0.0001887035497681322,-1.9375751941781925,-1.5519228220369035,0.385652372141289,1.0,0.5015774609195726,-0.0002585447480429881,ok,ok
nebDFT2k:mp-757800_1_4_0_0_0,init,final Li endpoint appended to initial NEB image,8.988422948096746,11.327437307904262,2.339014359807516,0.32929749178423123,0.8339739758753182,-0.4711480493639568,6.872550013768197,10.181106189531905,3.308556175763708,0.0,0.6667986449713655,-0.846713116527877,0.7675000000000001,0.8866666666666667,0.11916666666666664,0.6667986449713655,0.16322258426897535,0.026528556601442654,-1.6626526372944823,-0.5676868596939944,1.094965777600488,0.0,0.4974398082427125,-0.09517535011081224,ok,ok
nebDFT2k:mp-758282_1_1_1_0_0,init,final Li endpoint appended to initial NEB image,11.842853037979582,12.352370659528741,0.5095176215491595,0.0,0.66065709246713,-0.030437503947788436,7.1317258499943526,8.027609696471192,0.8958838464768393,0.0,0.321607509750122,0.062280701602121624,0.7570588235294118,0.763125,0.006066176470588269,0.66065709246713,0.321607509750122,0.0009258761538069038,-1.8838687901471878,-1.7764744397825427,0.10739435036464506,0.0,0.321607509750122,0.009325390306906045,ok,ok
nebDFT2k:mp-758282_0_2_0_0_0,init,final Li endpoint appended to initial NEB image,10.878789889096522,12.303205957246035,1.4244160681495135,0.0,0.6633943925652327,-0.24129715882500946,7.032363147573741,7.990939779363307,0.9585766317895663,0.0,0.6633943925652327,-0.09371335919058055,0.7570588235294118,0.8046666666666666,0.04760784313725486,0.6633943925652327,0.0,0.009636415038295432,-1.910128775315502,-1.7743625206964164,0.13576625461908565,0.16051763914939984,0.6633943925652327,-0.016112472082036144,ok,ok
nebDFT2k:mp-758380_3_8_0_0_0,init,final Li endpoint appended to initial NEB image,7.072980922637147,10.706435543835847,3.633454621198699,0.6541609316308789,0.16264921322727785,0.6289950287364485,6.1532560529947595,9.067843329305154,2.914587276310394,0.0,0.48700363005557773,-0.010812725192586026,0.6733333333333335,0.8926315789473683,0.21929824561403488,0.3247302139546663,0.8260577032794039,-0.05888333089815884,-1.9972766829774107,-0.11639971808744014,1.8808769648899706,0.0,0.48700363005557773,-0.15768517358796802,ok,ok
nebDFT2k:mp-758486_3_0_1_0_1,init,final Li endpoint appended to initial NEB image,12.393561533212672,12.605219318395543,0.21165778518287048,0.2553312424361096,0.5006293084963549,-0.0031582929990667807,7.612046710837179,8.168563907696845,0.5565171968596658,0.5006293084963549,1.0,0.0008519868243630491,0.7957142857142856,0.82,0.024285714285714355,0.2553312424361096,0.5006293084963549,-5.812401516225307e-05,-1.9726201546436608,-1.899384078135077,0.07323607650858377,0.5006293084963549,0.2553312424361096,0.0006708035453391048,ok,ok
nebDFT2k:mp-758720_0_3_1_0_0,init,final Li endpoint appended to initial NEB image,8.359601622489793,9.039897076037667,0.680295453547874,0.5041673336462468,1.0,-0.03691337173159592,6.36799336949591,6.981385738973195,0.6133923694772854,0.0,0.2510733564659078,0.023526991004723996,0.6916666666666668,0.9066666666666666,0.21499999999999986,0.5041673336462468,0.7555933990310544,-0.016910017328626625,-0.9514494259409816,-0.6134234444469754,0.3380259814940062,1.0,0.5041673336462468,0.003673960246978747,ok,ok
nebDFT2k:mp-758793_0_1_0_0_0,init,final Li endpoint appended to initial NEB image,10.45905877813666,12.091412852954894,1.6323540748182346,0.5007237001605584,1.0,-0.03010922206399247,6.122025237249391,6.807532106599042,0.6855068693496511,0.0,0.7472330072736445,-0.06263908776372729,0.8753846153846153,0.9776470588235294,0.10226244343891411,0.5007237001605584,0.0,0.011484790818646395,-1.7013010121824679,-1.46245376286783,0.23884724931463786,1.0,0.5007237001605584,0.009835316856123044,ok,ok
nebDFT2k:mp-759082_0_2_0_0_0,init,final Li endpoint appended to initial NEB image,9.975262763900698,11.636679149950524,1.6614163860498259,0.49884993356424234,1.0,-0.0028888207287876,6.7411933700753295,7.580104234068153,0.8389108639928233,0.0,0.7477022317425077,-0.02239664971401778,0.6869230769230769,0.7606666666666667,0.07374358974358985,1.0,0.25007185189363557,0.013698381928280878,-1.777508491165225,-1.2610542069587323,0.5164542842064928,0.0,0.49884993356424234,-0.006604423329537812,ok,ok
nebDFT2k:mp-759082_0_2_1_0_0,init,final Li endpoint appended to initial NEB image,9.55665503467992,11.644586709194543,2.087931674514623,0.502200176001479,1.0,-0.012592802724433305,6.1493962352627465,6.663492645524961,0.5140964102622148,0.502200176001479,1.0,-0.06664530884235109,0.6375000000000001,0.7516666666666666,0.11416666666666653,0.0,0.502200176001479,-0.00569269668574518,-1.7981473722294332,-1.501789234590985,0.2963581376384483,0.0,0.502200176001479,0.007483577109663075,ok,ok
nebDFT2k:mp-759082_1_0_0_1_0,init,final Li endpoint appended to initial NEB image,10.488425241473562,12.528156727168174,2.0397314856946114,0.5036534720751878,0.1700449602914501,-0.007580795767389681,6.319563214519445,7.025324711990534,0.7057614974710891,0.5036534720751878,0.8401160599906866,-0.01947675626332801,0.6869230769230769,0.8022222222222222,0.11529914529914531,0.0,0.5036534720751878,-0.0008012460659839182,-1.7806686843189279,-1.4572403625285082,0.3234283217904197,0.0,0.5036534720751878,0.0005791604805250872,ok,ok
nebDFT2k:mp-759132_4_3_0_0_1,init,final Li endpoint appended to initial NEB image,9.328998607901456,10.40338322019939,1.0743846122979335,0.0,0.5072784650927357,-0.08723450972659919,6.055430264054083,6.134790796965578,0.07936053291149481,0.2540956703111732,0.7491057609632853,-0.013967237137590072,0.6950000000000001,0.9876470588235293,0.29264705882352926,1.0,0.7491057609632853,-0.021331168878062523,-1.709808581897028,-1.3848204565943694,0.3249881253026585,0.7491057609632853,0.5072784650927357,0.06245530821572276,ok,ok
nebDFT2k:mp-759139_2_1_1_0_0,init,final Li endpoint appended to initial NEB image,9.200600759033481,9.899459103400417,0.6988583443669363,0.5071187116081535,0.0,-0.020268805084429076,7.043084473366815,7.508327383887961,0.4652429105211455,0.25219991710072703,1.0,-0.11265282492835516,0.7876923076923077,1.001875,0.21418269230769238,0.5071187116081535,0.0,-0.0008583189491208065,-1.374514625173906,-0.9703186445446269,0.4041959806292791,1.0,0.5071187116081535,0.08290936660075043,ok,ok
nebDFT2k:mp-759220_0_15_0_0_0,init,final Li endpoint appended to initial NEB image,10.923901313372946,11.421678864181917,0.497777550808971,0.0,0.49739519429500506,0.002307591636507844,6.673921047164907,7.632482552040078,0.9585615048751714,0.0,0.49739519429500506,0.0013819167415256572,0.8310526315789474,0.9176470588235295,0.0865944272445821,0.49739519429500506,0.0,-0.00024340764180669217,-1.623968374580619,-1.3915145711007517,0.23245380347986733,0.0,0.49739519429500506,-0.0002864119141829935,ok,ok
nebDFT2k:mp-759229_3_6_0_1_0,init,final Li endpoint appended to initial NEB image,8.96627813323707,11.224396262642982,2.2581181294059114,0.4953711255095187,0.0,0.12383699735752796,6.1354819825917115,6.820404336358406,0.6849223537666944,0.4953711255095187,0.0,0.07650929557414399,0.755,0.9089473684210526,0.1539473684210526,0.4953711255095187,0.0,-0.0021306161354992526,-1.6212214680987989,-1.2706659678640142,0.35055550023478466,0.0,0.4953711255095187,-0.007056211563209902,ok,ok
nebDFT2k:mp-759244_7_6_1_0_0,init,final Li endpoint appended to initial NEB image,9.791625002208583,11.350287776831447,1.5586627746228636,0.7450236885395153,0.24833936560438089,0.395172663231274,6.4719157720620215,7.752240431964924,1.2803246599029023,0.7450236885395153,0.24833936560438089,0.3370995821753624,0.8,0.905,0.10499999999999998,0.0,0.24833936560438089,0.004549611533181952,-1.9954791045459668,-1.4719356626439617,0.5235434419020051,0.0,0.49395523939043057,-0.02498210768989717,ok,ok
nebDFT2k:mp-759244_6_10_0_0_1,init,final Li endpoint appended to initial NEB image,10.070659091116926,11.342928686613256,1.2722695954963292,0.7473027522111926,0.2505057858795853,0.29604969350639365,6.550111756226883,7.561840240310695,1.0117284840838119,0.7473027522111926,0.2505057858795853,0.24041452234599658,0.8,0.9049999999999999,0.10499999999999987,0.0,0.2505057858795853,0.008689892273377853,-1.9958127269693233,-1.467098789441589,0.5287139375277343,1.0,0.4975155515692087,-0.01337801318716958,ok,ok
nebDFT2k:mp-759244_0_2_0_0_0,init,final Li endpoint appended to initial NEB image,10.093401790177769,11.428200108564258,1.3347983183864898,0.2588317094799922,0.7583466927377691,-0.30931554807029915,6.615279156739472,7.641891359075602,1.0266122023361302,0.2588317094799922,0.7583466927377691,-0.2452348057635314,0.8,0.905,0.10499999999999998,0.0,0.7583466927377691,-0.01537743903677491,-1.9968265093917066,-1.4876355261730045,0.509190983218702,1.0,0.5121104304262956,0.016496852342872792,ok,ok
nebDFT2k:mp-759244_4_6_0_0_0,init,final Li endpoint appended to initial NEB image,10.019031173641089,11.438621623565798,1.4195904499247085,0.7466674028065649,0.24780926366342254,0.3738514395814505,6.5758633502627974,7.707938344197723,1.1320749939349257,0.7466674028065649,0.24780926366342254,0.30220124955762895,0.7353846153846154,0.9049999999999999,0.1696153846153845,0.0,0.24780926366342254,0.0006510254787354675,-1.9980953413552296,-1.5123934202144638,0.4857019211407658,0.0,0.4950582913558002,-0.029138834211743903,ok,ok
nebDFT2k:mp-759244_5_10_1_0_0,init,final Li endpoint appended to initial NEB image,10.05832435384951,11.487421647294195,1.4290972934446842,0.25244063832680236,0.754394934782202,-0.3619817167066639,6.593533566378488,7.7277792648616375,1.1342456984831495,0.25244063832680236,0.754394934782202,-0.2879361653432264,0.7353846153846154,0.9049999999999999,0.1696153846153845,0.0,0.754394934782202,-0.01681727738280364,-1.9982741117958467,-1.5050228184605612,0.4932512933352855,0.0,0.505512625464777,0.028445606210454777,ok,ok
nebDFT2k:mp-759667_2_4_0_0_0,init,final Li endpoint appended to initial NEB image,11.044872609415698,13.804654527985576,2.759781918569878,0.8376804082801839,0.3474349676263447,0.8394733948966984,6.393580977598808,8.17037606402368,1.7767950864248716,0.8376804082801839,0.3474349676263447,0.31507612457752465,0.8141176470588235,0.858125,0.044007352941176525,0.6762045978420554,0.5127143789377,0.0016384815679117981,-1.7514842455065591,-1.1462889555767426,0.6051952899298165,0.0,0.6762045978420554,-0.03340973535412051,ok,ok
nebDFT2k:mp-759667_3_4_0_1_0,init,final Li endpoint appended to initial NEB image,11.436268532352365,13.75409063859713,2.3178221062447655,1.0,0.5029777613396296,0.25698786073127167,6.56064800983455,9.27452600878763,2.7138779989530804,0.0,0.5029777613396296,0.020480698669327335,0.7666666666666667,0.8566666666666667,0.08999999999999997,0.7539922359159303,1.0,0.011594203142542059,-1.752800528734131,-1.4491649437314065,0.3036355850027246,0.0,0.7539922359159303,-0.06098444415676618,ok,ok
nebDFT2k:mp-759667_2_1_1_1_0,init,final Li endpoint appended to initial NEB image,9.088602162923399,12.452480088232782,3.3638779253093833,0.49774457260781685,0.0,0.3629375030166315,5.98084722601413,6.745399599159717,0.7645523731455874,0.49774457260781685,0.0,0.12814677462277224,0.7987500000000001,0.8390909090909091,0.04034090909090904,1.0,0.49774457260781685,0.008042743369379324,-1.757669899048626,-1.3303250331088392,0.4273448659397867,1.0,0.49774457260781685,-0.022809849202940047,ok,ok
nebDFT2k:mp-759753_4_0_0_0_1,init,final Li endpoint appended to initial NEB image,13.390880530689646,15.488514164983753,2.097633634294107,0.0,0.6592670608989949,-0.14557679594128636,6.946364157449416,9.410942782573692,2.4645786251242754,1.0,0.6592670608989949,-0.3207083128133643,0.6941666666666667,0.7994117647058824,0.10524509803921567,0.1636987759640589,0.32943464479544327,0.001363035105014898,-1.9985912569889168,-1.733013117275362,0.2655781397135548,0.1636987759640589,0.6592670608989949,-0.057360954267940634,ok,ok
nebDFT2k:mp-759783_2_3_1_0_0,init,final Li endpoint appended to initial NEB image,9.957346859366472,11.650629423110846,1.6932825637443738,0.5045544326347245,1.0,-0.015340515408306388,6.754148185570754,7.573142680883301,0.8189944953125465,1.0,0.2541182607992892,0.018022413298608875,0.6869230769230769,0.78,0.09307692307692317,0.0,0.7500136970533773,-0.01835703151239504,-1.7775285485208994,-1.2748200668650196,0.5027084816558798,1.0,0.5045544326347245,0.008147010302501978,ok,ok
nebDFT2k:mp-759783_4_3_0_1_0,init,final Li endpoint appended to initial NEB image,10.512904986744612,12.544743589779934,2.0318386030353217,0.5121254659965853,0.1727500434301298,-0.004585783309642544,6.307373087244098,7.024630777132479,0.7172576898883811,0.5121254659965853,0.8441284347099627,-0.022795322066304635,0.6869230769230769,0.8022222222222222,0.11529914529914531,1.0,0.5121254659965853,-0.0019145298470742422,-1.7777167011375776,-1.4604645688889317,0.3172521322486459,0.0,0.5121254659965853,6.775387505131292e-05,ok,ok
nebDFT2k:mp-760344_7_5_0_1_1,init,final Li endpoint appended to initial NEB image,11.079156932410115,12.982024694268315,1.9028677618582002,0.5063509721377368,1.0,-0.03473117294171413,7.437328960785995,10.617743388195358,3.180414427409363,1.0,0.5063509721377368,-0.16285008484104058,0.79,0.9335000000000001,0.14350000000000007,0.5063509721377368,0.0,-0.01095204473384348,-1.4188487300736037,-0.328887516010982,1.0899612140626216,1.0,0.5063509721377368,0.007942368132366373,ok,ok
nebDFT2k:mp-760344_4_8_0_0_0,init,final Li endpoint appended to initial NEB image,11.869430535236411,12.920366175376108,1.0509356401396968,0.7548243713197731,0.0,0.3104166168872986,6.827427107484141,7.820777071109686,0.993349963625545,1.0,0.5090806643888304,0.1137412367431061,0.8388235294117647,0.9152631578947369,0.07643962848297214,0.25679501158388063,0.0,-0.012585144383731817,-1.8786499132669192,-1.337385122827227,0.5412647904396921,1.0,0.5090806643888304,0.12142209430886541,ok,ok
nebDFT2k:mp-760344_6_8_0_1_0,init,final Li endpoint appended to initial NEB image,11.884938632849146,12.934983084092574,1.0500444512434282,1.0,0.0,0.3417182660695879,6.883882574897997,7.803903564752301,0.9200209898543044,1.0,0.507349432968065,0.02974211724433662,0.8213333333333334,0.9152631578947369,0.09392982456140353,0.7551641387760842,0.0,0.019168915543366416,-1.8678014533942964,-1.3360851584595173,0.5317162949347791,1.0,0.2543534525362547,0.1237167075238862,ok,ok
nebDFT2k:mp-760344_4_6_1_-1_0,init,final Li endpoint appended to initial NEB image,11.088239954460311,12.931911308963242,1.8436713545029306,0.4951659663640519,1.0,-0.01186874104030089,7.380053987965873,10.643156707547165,3.2631027195812923,1.0,0.4951659663640519,0.16557766908749105,0.79,0.9335000000000001,0.14350000000000007,0.4951659663640519,0.0,0.013294802239348147,-1.423619456481503,-0.331414554796455,1.0922049016850481,1.0,0.4951659663640519,-0.006258191201347629,ok,ok
nebDFT2k:mp-760344_7_4_0_1_0,init,final Li endpoint appended to initial NEB image,11.615725536131784,12.93473488676057,1.3190093506287859,0.49452321036979185,0.0,-0.020626244340706812,7.415353639208551,8.429184808709373,1.013831169500822,1.0,0.49452321036979185,0.07393583271941173,0.84,0.9335000000000001,0.09350000000000014,0.49452321036979185,0.0,0.0015080247766389165,-1.4199407120546776,-0.95509985710535,0.4648408549493277,1.0,0.49452321036979185,0.0005599371021896005,ok,ok
nebDFT2k:mp-760344_7_9_0_1_1,init,final Li endpoint appended to initial NEB image,11.77629953780904,12.936878120583163,1.1605785827741233,1.0,0.0,0.37682662581849424,6.8524800886482184,7.832058779686657,0.979578691038439,1.0,0.5041392895412803,0.04746878857817194,0.8213333333333334,0.9152631578947369,0.09392982456140353,0.7506488320413146,0.0,0.022385968571383086,-1.8679878488243438,-1.3279030696350547,0.5400847791892891,1.0,0.2554796007375849,0.12669990227935368,ok,ok
nebDFT2k:mp-760344_10_9_0_0_1,init,final Li endpoint appended to initial NEB image,8.85287750077947,11.815239666791426,2.962362166011955,0.4901987836958154,0.0,-0.12106220068566387,6.874278813370441,8.492245354578165,1.617966541207724,1.0,0.6550620169497797,-0.21031277587655106,0.847857142857143,0.9345454545454547,0.0866883116883117,0.1603876285235596,0.6550620169497797,-0.017489945101743787,-1.8637873207185651,-0.6432176370480633,1.2205696836705018,1.0,0.4901987836958154,0.062133274481218526,ok,ok
nebDFT2k:mp-760344_6_4_0_1_0,init,final Li endpoint appended to initial NEB image,11.652795801395074,12.931911304264922,1.279115502869848,0.49514512269522365,0.0,0.021248609752025693,7.380053970257009,8.424353079202739,1.0442991089457294,0.0,0.49514512269522365,-0.09208674298672603,0.84,0.9335000000000001,0.09350000000000014,0.49514512269522365,1.0,-0.0008191431996292242,-1.4236194552590795,-0.9704155976138685,0.453203857645211,0.0,0.49514512269522365,-0.0026537774687758198,ok,ok
nebDFT2k:mp-760344_10_4_0_1_0,init,final Li endpoint appended to initial NEB image,11.81867987825174,12.911284997516184,1.0926051192644444,0.0,1.0,-0.349876204320263,6.88010811801235,7.809095970852373,0.9289878528400228,0.0,0.4936648495000329,-0.04056678301118666,0.8213333333333334,0.9152631578947369,0.09392982456140353,0.24571845236462891,1.0,-0.02058770563205764,-1.8654365127777432,-1.3275458695576507,0.5378906432200925,0.0,0.744470017798383,-0.12540483251933987,ok,ok
nebDFT2k:mp-760344_9_5_1_0_0,init,final Li endpoint appended to initial NEB image,11.787289918571108,12.99526745612285,1.2079775375517414,0.0,1.0,-0.35877317374598405,6.781663692650335,7.833723096887937,1.0520594042376015,0.0,0.49366386549028574,-0.12327652821193746,0.8388235294117647,0.9152631578947369,0.07643962848297214,0.7431323029080793,1.0,0.009434018157196966,-1.8815373435516753,-1.3401862532161046,0.5413510903355707,0.0,0.49366386549028574,-0.12234172633647744,ok,ok
nebDFT2k:mp-761094_0_2_0_0_1,init,final Li endpoint appended to initial NEB image,5.217577860834643,9.923484451262116,4.705906590427473,0.49478712941487746,1.0,-0.0123496584772953,6.6904254618213415,8.526803117907017,1.8363776560856753,0.49478712941487746,0.16017139026326832,0.041744394186808975,0.8400000000000001,1.0114285714285716,0.17142857142857149,0.66683065922638,1.0,0.002764444279200917,-1.7155431172996911,0.08610932000844487,1.801652437308136,1.0,0.49478712941487746,0.01386919128038977,ok,ok
nebDFT2k:mp-761094_1_5_0_1_0,init,final Li endpoint appended to initial NEB image,6.018378638033317,9.789313258759396,3.770934620726079,0.5115493829561603,0.0,0.11106458138278352,6.976657432787685,8.550746373549682,1.574088940761997,0.5115493829561603,0.17109916756491386,0.09929090153694187,0.8836363636363636,1.0333333333333334,0.14969696969696988,0.34279407547787577,1.0,-0.004212830309608007,-1.7734347421912917,-0.49272161058828967,1.280713131603002,1.0,0.5115493829561603,0.018919505139793513,ok,ok
nebDFT2k:mp-761269_2_1_1_-1_0,init,final Li endpoint appended to initial NEB image,5.587512522960109,8.540483181404493,2.952970658444384,0.50188176920942,1.0,0.000445680696541384,6.286883281187627,7.452556351585395,1.1656730703977676,0.0,0.16734030692532553,0.0010155879144098101,0.7790909090909092,0.8880000000000001,0.10890909090909096,0.16734030692532553,0.50188176920942,-0.007223431143859149,-0.9376280076904133,-0.22274117145649922,0.7148868362339141,0.0,0.50188176920942,0.00034856111941267143,ok,ok
nebDFT2k:mp-761849_6_5_1_0_0,init,final Li endpoint appended to initial NEB image,10.132850975303889,11.571068690209868,1.4382177149059796,0.5052641505192061,1.0,-0.33784283855526454,6.8244706587007045,8.251537883459223,1.4270672247585185,0.0,1.0,-0.15924520587279645,0.7949999999999999,1.1014285714285712,0.3064285714285713,0.5052641505192061,1.0,-0.03750438204341844,-1.8554007315745895,-1.217927848303249,0.6374728832713406,0.0,0.5052641505192061,-0.047373628524538525,ok,ok
nebDFT2k:mp-761849_5_7_0_0_1,init,final Li endpoint appended to initial NEB image,11.696780121015491,12.473014405367842,0.7762342843523502,0.0,0.5001014118483897,-0.017040081714783994,6.777773580391198,7.814442508221639,1.0366689278304406,0.5001014118483897,0.0,0.013799260432603155,0.7933333333333333,1.1014285714285712,0.30809523809523787,0.5001014118483897,0.0,0.010877086997316432,-1.6509397089353304,-1.5484768601648906,0.10246284877043976,0.24803988996389445,0.5001014118483897,-0.009200818320183046,ok,ok
nebDFT2k:mp-762319_14_26_0_0_0,init,final Li endpoint appended to initial NEB image,11.21675042754218,12.388132041409797,1.1713816138676165,0.7378836219282678,0.0,0.24411009025600094,6.9755575494166076,8.061642199064991,1.0860846496483836,0.7378836219282678,0.0,0.1031787753784994,0.9125,1.0490000000000002,0.13650000000000018,0.2327862996716635,0.0,-0.010318911258386465,-1.4551425962989857,-1.199991907817152,0.25515068848183375,0.4795643119406181,1.0,-0.033155155297003525,ok,ok
nebDFT2k:mp-763177_1_3_0_1_-1,init,final Li endpoint appended to initial NEB image,9.27407618666372,9.936569883327756,0.6624936966640362,0.4938621921713977,0.0,0.019898028329350836,6.736713859028288,7.502318254272607,0.7656043952443197,1.0,0.0,0.1785599096629107,0.8178571428571428,1.0605555555555555,0.24269841269841264,0.4938621921713977,1.0,0.007709354613097241,-1.3696930707029797,-0.9175101128724651,0.45218295783051465,0.0,0.4938621921713977,-0.019164553984432953,ok,ok
nebDFT2k:mp-764867_1_8_0_1_1,init,final Li endpoint appended to initial NEB image,8.91475544973848,11.51623652367427,2.6014810739357888,0.6602157992175708,0.1598446086837284,0.35551603010975086,6.471052771005474,9.32110155579778,2.850048784792306,0.0,0.3244599342213612,0.49065117545798564,0.8525,0.8971428571428571,0.044642857142857095,0.1598446086837284,0.0,-3.508276056907178e-05,-1.9365496414117167,-0.6650226409044917,1.271527000507225,0.0,0.49154679236772136,0.01804899754413647,ok,ok
nebDFT2k:mp-765411_1_6_0_0_0,init,final Li endpoint appended to initial NEB image,9.880630776773346,10.159588174779325,0.2789573980059785,0.5029480492439001,0.25287224215168536,0.035353336210475206,8.03339542856336,8.530437926797228,0.4970424982338688,1.0,0.0,0.07014100188608197,0.845,1.0225,0.1775,0.5029480492439001,0.0,-0.008409790621893731,-1.6001803642437573,-1.3021839336350023,0.297996430608755,1.0,0.5029480492439001,0.008591459662734113,ok,ok
nebDFT2k:mp-765501_2_0_1_0_0,init,final Li endpoint appended to initial NEB image,5.154964287159872,9.091752695754064,3.9367884085941913,0.49662571174875747,1.0,-0.1473686695046137,6.420298088291837,8.219461827619206,1.7991637393273692,0.49662571174875747,0.8360566628159924,-0.05360754363558229,0.8408333333333333,0.9925,0.15166666666666673,0.6662474015174924,1.0,0.0031135002409125034,-1.4439399256568552,-0.05816011416023444,1.3857798114966209,1.0,0.49662571174875747,0.09196621830259794,ok,ok
nebDFT2k:mp-765964_0_6_1_0_0,init,final Li endpoint appended to initial NEB image,9.50661355962085,12.076058677355231,2.5694451177343804,0.5131765779577369,0.0,0.1913774102601069,7.086883368408871,7.995349335212185,0.9084659668033144,0.5131765779577369,1.0,-0.06815274979992436,0.8270588235294117,0.8635294117647059,0.036470588235294144,0.5131765779577369,1.0,0.000641769643125012,-1.815697803320864,-1.0567926129528833,0.7589051903679807,1.0,0.5131765779577369,-0.009955261653900926,ok,ok
nebDFT2k:mp-766130_4_2_1_0_0,init,final Li endpoint appended to initial NEB image,8.957010220344147,11.479826091088492,2.5228158707443455,0.48931958601113124,0.8318661535259755,-0.3372445840057843,6.457816076515224,9.265519904623574,2.80770382810835,1.0,0.6590612768440222,-0.5007605035231011,0.8466666666666668,0.9064285714285715,0.05976190476190468,0.3240448595991387,1.0,-0.002833488904979309,-1.9373825802440354,-0.6550543626048353,1.2823282176392001,1.0,0.48931958601113124,-0.01755305826855158,ok,ok
nebDFT2k:mp-766612_6_10_0_0_0,init,final Li endpoint appended to initial NEB image,12.16568139914469,12.88488267623572,0.7192012770910292,0.25335418965361256,1.0,-0.20777924027162697,7.230747390865793,8.173946966520932,0.9431995756551386,0.0,0.7555979290138107,-0.2811533508469575,0.7833333333333334,0.8744444444444445,0.09111111111111103,0.25335418965361256,0.0,-0.007328604644750714,-1.8608284507767183,-1.1911787045464053,0.669649746230313,0.0,0.506337530083511,-0.13879630221796369,ok,ok
nebDFT2k:mp-768421_3_7_0_0_0,init,final Li endpoint appended to initial NEB image,8.905055826919758,9.604461149939258,0.6994053230194996,0.4991964620624894,1.0,-0.03348899623240076,7.059277613838937,7.6217848978606675,0.5625072840217307,0.0,0.24699797843213211,0.01089025638631469,0.7633333333333333,0.9493333333333333,0.18599999999999994,0.4991964620624894,1.0,-0.011694137269648186,-1.8071057921544038,-1.2919241492312528,0.515181642923151,0.0,0.4991964620624894,-0.006421099941394615,ok,ok
nebDFT2k:mp-768433_7_19_0_0_0,init,final Li endpoint appended to initial NEB image,8.820567037382176,9.73483409233062,0.9142670549484446,0.48985146391690093,1.0,-0.03163586819449993,7.022568207106415,7.429259817028243,0.40669160992182807,0.48985146391690093,1.0,-0.004080505094275377,0.8528571428571429,0.9699999999999998,0.11714285714285688,0.48985146391690093,0.0,-0.005561782800294401,-1.7491479021173169,-1.3025133936867568,0.4466345084305601,0.0,0.48985146391690093,0.0006433130144611887,ok,ok
nebDFT2k:mp-768508_3_7_0_0_0,init,final Li endpoint appended to initial NEB image,11.701656432278892,13.521841490064684,1.8201850577857925,0.7469721187661998,0.24536504772158663,0.4921003710052947,6.224819076003842,8.57184241161405,2.3470233356102073,1.0,0.24536504772158663,0.7329400997982383,0.7435714285714285,0.7870588235294117,0.04348739495798315,0.7469721187661998,0.0,0.010279503400683787,-1.9073515454570655,-1.1352954195697667,0.7720561258872989,1.0,0.49460505387356984,0.10545950223779854,ok,ok
nebDFT2k:mp-768738_3_2_1_1_0,init,final Li endpoint appended to initial NEB image,8.252524311359728,12.086229967586224,3.8337056562264955,0.5142699207582733,1.0,-0.0020643202479071476,6.221085845678223,9.525677862516085,3.304592016837862,0.0,0.5142699207582733,-0.015251067145643837,0.7933333333333333,0.9650000000000002,0.17166666666666686,0.5142699207582733,1.0,0.003066384180850368,-1.5888787210389492,-0.017939946372627923,1.5709387746663213,0.0,0.5142699207582733,0.004222497094690358,ok,ok
nebDFT2k:mp-768843_14_11_0_1_1,init,final Li endpoint appended to initial NEB image,9.412834215494602,9.774763502809574,0.36192928731497176,0.49596455184559984,0.7506124901150737,-0.00795495048495276,7.356508805475666,7.829316454565853,0.47280764909018647,0.0,0.7506124901150737,-0.001279455171152133,0.8371428571428571,0.9699999999999999,0.13285714285714278,0.49596455184559984,1.0,-0.006169412698546706,-1.7425704485175917,-1.3101923317203419,0.4323781167972498,0.0,0.49596455184559984,0.001451966615846012,ok,ok
nebDFT2k:mp-769036_28_3_0_1_1,init,final Li endpoint appended to initial NEB image,15.98318714993119,20.202994369899855,4.219807219968665,0.4974458365976056,0.0,0.25922722606627424,6.977986247416558,8.124810092979208,1.1468238455626505,0.4974458365976056,0.0,0.11130353472989096,1.1454545454545455,1.2505555555555556,0.10510101010101014,0.4974458365976056,0.0,-0.008177349905045705,-1.363687085909366,-1.020288213783291,0.343398872126075,1.0,0.4974458365976056,0.011205899667253272,ok,ok
nebDFT2k:mp-769036_8_9_1_0_0,init,final Li endpoint appended to initial NEB image,15.816782982583577,20.513383584726242,4.696600602142665,0.5019223057959546,0.0,0.04052536722473832,6.665529342184206,8.268981582856465,1.6034522406722598,0.5019223057959546,0.0,0.015243665980109178,1.1781818181818182,1.2352941176470589,0.05711229946524066,0.5019223057959546,0.753186586723306,-0.008384568311331275,-1.4860758598331687,-1.173654864659845,0.31242099517332367,1.0,0.5019223057959546,-0.003227838712762221,ok,ok
nebDFT2k:mp-769036_8_10_0_0_0,init,final Li endpoint appended to initial NEB image,20.101482107409726,22.75407178226554,2.6525896748558146,0.755922890251535,0.25734118128216155,0.6128906522270476,7.163532390877028,9.456309557127582,2.2927771662505547,0.755922890251535,0.25734118128216155,0.5811000504712847,1.1266666666666667,1.2305555555555556,0.10388888888888892,0.5097791845462839,1.0,-0.013311023950464462,-1.4373246922854181,-0.7859066654289407,0.6514180268564774,1.0,0.5097791845462839,0.06217331120082714,ok,ok
nebDFT2k:mp-770232_3_11_0_0_1,init,final Li endpoint appended to initial NEB image,8.804958904537806,9.546446253202882,0.7414873486650766,0.4946875477691367,1.0,-0.0877220092871589,7.03048754531953,7.737876928783998,0.7073893834644682,0.0,0.7519441302502674,-0.12143374106431448,0.7633333333333333,0.9699999999999999,0.20666666666666655,0.4946875477691367,1.0,-0.03087000460069761,-1.8128072155879376,-1.2642286683513515,0.5485785472365861,0.0,0.4946875477691367,-0.029258335691257797,ok,ok
nebDFT2k:mp-770551_3_4_0_0_1,init,final Li endpoint appended to initial NEB image,11.00717999683244,11.288202392241537,0.28102239540909757,1.0,0.7516571798298713,-0.02773495134410009,6.246078771415287,8.20420795382117,1.9581291824058829,1.0,0.5013115065290503,-0.07771282664436541,0.881,0.9305882352941176,0.0495882352941176,0.5013115065290503,0.7516571798298713,-0.002570692346975545,-1.6512457195448134,-0.9383928216778848,0.7128528978669285,1.0,0.5013115065290503,-0.014192673803471223,ok,ok
nebDFT2k:mp-770649_0_3_0_1_0,init,final Li endpoint appended to initial NEB image,10.75708184132796,11.888850038486604,1.1317681971586442,0.24319932306793604,0.7423573821771502,-0.2918334351511751,7.322828490045332,9.141016610678882,1.8181881206335504,0.24319932306793604,0.7423573821771502,-0.45841613089519084,0.9152941176470587,1.0585714285714285,0.1432773109243698,0.4905799260575332,0.0,0.010018763926555818,-1.3416160066289593,-0.9069606428350848,0.4346553637938745,0.0,0.4905799260575332,-0.07752056756619807,ok,ok
nebDFT2k:mp-770749_2_4_0_0_0,init,final Li endpoint appended to initial NEB image,11.075000549664455,11.786441920252116,0.7114413705876608,0.5023487457532599,0.0,0.10200533839056725,6.4367738109898145,7.553724094707608,1.1169502837177934,0.7509199400454095,0.5023487457532599,0.2506047549141046,0.77125,0.8775,0.10624999999999996,0.7509199400454095,1.0,0.014999033236064163,-1.8076760339410483,-1.5477072802428118,0.25996875369823647,1.0,0.2519933430690356,0.06979580059604162,ok,ok
nebDFT2k:mp-770861_11_9_0_1_0,init,final Li endpoint appended to initial NEB image,8.534884115469023,10.319422315401024,1.7845381999320011,0.4985334906098697,0.0,0.028543895966589794,7.337499384232991,8.142411389634356,0.8049120054013645,0.25220129197749425,0.0,-0.0011446523512481654,0.8850000000000001,1.0166666666666666,0.1316666666666665,0.4985334906098697,0.25220129197749425,0.008645972029926785,-1.5165309206387152,-1.3485514527306328,0.16797946790808238,0.25220129197749425,0.4985334906098697,0.0013436209057767767,ok,ok
nebDFT2k:mp-770876_2_3_0_1_0,init,final Li endpoint appended to initial NEB image,8.654281039531641,11.322862986999565,2.668581947467924,0.5042763439137948,0.0,-0.0010632124141221055,6.016936760736331,8.785893798916613,2.7689570381802815,1.0,0.5042763439137948,-0.016439648825937958,0.7933333333333333,0.89,0.09666666666666668,0.5042763439137948,0.0,0.0004360368237801282,-1.682862662136695,-0.9774806254466522,0.705382036690043,1.0,0.5042763439137948,-0.00022001164869844825,ok,ok
nebDFT2k:mp-770921_0_4_0_1_0,init,final Li endpoint appended to initial NEB image,11.750406513442435,12.865318901953856,1.1149123885114207,1.0,0.25084004384187814,0.282569219110532,5.9483193612557175,8.108851180446626,2.1605318191909086,1.0,0.25084004384187814,0.44735162534149797,0.8378947368421052,0.869,0.031105263157894747,0.5061288950581334,0.25084004384187814,0.0015693460192710562,-1.6810430699419237,-1.2597457148096236,0.42129735513230004,1.0,0.5061288950581334,0.03685553097778893,ok,ok
nebDFT2k:mp-770939_10_9_1_0_0,init,final Li endpoint appended to initial NEB image,10.675643155830631,12.551279210574835,1.875636054744204,0.4998358088101287,1.0,-0.03825467578806041,7.113975374504405,7.854784036389596,0.7408086618851906,0.4998358088101287,0.7463945292169293,-0.014970037827963356,0.7586666666666667,0.8961904761904762,0.1375238095238095,0.4998358088101287,1.0,-0.0004893195167725017,-1.8302043325160615,-1.3695101110768129,0.46069422143924865,1.0,0.4998358088101287,0.003330235279063176,ok,ok
nebDFT2k:mp-770939_2_10_0_0_0,init,final Li endpoint appended to initial NEB image,12.217668265264116,12.749380455759944,0.5317121904958277,0.7553508307977324,0.0,0.054230477302605884,7.1702921497437515,8.097980077315063,0.927687927571311,1.0,0.5076581429234466,0.060418655445708236,0.8078571428571427,0.8727777777777778,0.06492063492063505,0.2538496823304877,0.0,-0.002329309031658955,-1.817219550874413,-1.1259113018699956,0.6913082490044173,1.0,0.5076581429234466,0.0920128671136059,ok,ok
nebDFT2k:mp-770939_10_1_1_0_1,init,final Li endpoint appended to initial NEB image,12.395008719846128,12.910432417366946,0.5154236975208182,0.24497205107100412,0.744158432259143,-0.1586811318084438,7.121727036567813,8.233548235069227,1.1118211985014144,1.0,0.4912474067911107,0.06142924114543602,0.7586666666666667,0.8716666666666666,0.11299999999999988,0.4912474067911107,0.0,0.009580184789184099,-1.8246396029213239,-1.3059076561822587,0.5187319467390652,0.0,0.4912474067911107,-0.08966175231745366,ok,ok
nebDFT2k:mp-770939_3_11_1_0_0,init,final Li endpoint appended to initial NEB image,12.210735091541553,12.7503628839082,0.5396277923666482,0.7522055952709272,0.0,0.05829449272924769,7.171556421031732,8.100512458730474,0.9289560376987422,1.0,0.501137259312952,0.06782339722068986,0.7979999999999999,0.8727777777777778,0.07477777777777783,0.24997673452447725,0.0,-0.004993584255453487,-1.8168295995640023,-1.1225205208281268,0.6943090787358754,1.0,0.501137259312952,0.0918509874465876,ok,ok
nebDFT2k:mp-770939_11_0_0_0_1,init,final Li endpoint appended to initial NEB image,12.403060748593758,12.910753905020115,0.5076931564263578,0.24432937865701032,0.7510129195359162,-0.1567790373773006,7.123883289185779,8.23034544347116,1.1064621542853814,1.0,0.49703070714722897,0.06328027053281104,0.7586666666666667,0.8716666666666666,0.11299999999999988,0.49703070714722897,0.0,0.012202206746180166,-1.8242046276607051,-1.3021483811631824,0.5220562464975227,0.0,0.49703070714722897,-0.0892422802074897,ok,ok
nebDFT2k:mp-770939_2_5_0_0_1,init,final Li endpoint appended to initial NEB image,12.414353356144808,12.915677933490226,0.501324577345418,0.756833977112,0.26046015429475267,0.15406119586105405,7.124178974143065,8.226802922282632,1.1026239481395672,0.0,0.5120303635133512,-0.0674196113445249,0.79125,0.8716666666666666,0.08041666666666658,0.5120303635133512,1.0,-0.009724830477539359,-1.8244930710836267,-1.309264424409984,0.5152286466736427,1.0,0.5120303635133512,0.09011704545878962,ok,ok
nebDFT2k:mp-770939_8_11_0_0_0,init,final Li endpoint appended to initial NEB image,10.675109073297264,12.54766185111,1.8725527778127358,0.5014850789343821,0.0,0.03709412955590263,7.109625046840562,7.874342221039289,0.7647171741987266,0.5014850789343821,0.2494265497611124,0.016916299720740824,0.7586666666666667,0.8961904761904762,0.1375238095238095,0.5014850789343821,0.0,0.0006843136306782793,-1.8302021480729174,-1.3706981805251082,0.4595039675478092,0.0,0.5014850789343821,-0.0027124725932119453,ok,ok
nebDFT2k:mp-770939_2_6_0_0_1,init,final Li endpoint appended to initial NEB image,12.478807830374267,12.93138822023314,0.4525803898588734,0.7546035892322146,0.2575015714398864,0.1367064679131289,7.114749179549834,8.274706106664746,1.1599569271149122,1.0,0.508350976392901,-0.08232962053584059,0.79125,0.8770000000000001,0.0857500000000001,0.508350976392901,1.0,-0.008369532152337378,-1.8368550363770753,-1.30604049984862,0.5308145365284553,1.0,0.508350976392901,0.09322012252352707,ok,ok
nebDFT2k:mp-770939_2_9_0_0_0,init,final Li endpoint appended to initial NEB image,12.0651939567855,12.753355955881322,0.6881619990958221,0.7516407422588994,0.0,0.17742665099059973,7.091916985294533,8.096462035205711,1.0045450499111777,1.0,0.7516407422588994,-0.017524125381415345,0.7870588235294118,0.8770000000000001,0.0899411764705883,0.24918342118355868,1.0,-0.006222764840858763,-1.8396352487192082,-1.238543610077372,0.6010916386418363,1.0,0.5004456192491291,0.0767893507750973,ok,ok
nebDFT2k:mp-771011_2_1_1_-1_0,init,final Li endpoint appended to initial NEB image,13.703639290492823,15.709501693529424,2.0058624030366,1.0,0.4842723742521996,-0.02457386275584028,6.753789921234423,11.055360347437281,4.301570426202858,1.0,0.4842723742521996,0.5056512161415094,0.7736842105263159,0.8157142857142856,0.04203007518796975,0.1605855589111859,0.3211325799765901,-0.00398518171422052,-1.8040485462598068,-0.9415474095083037,0.8625011367515031,1.0,0.4842723742521996,0.10792690575967834,ok,ok
nebDFT2k:mp-771011_3_0_1_-1_0,init,final Li endpoint appended to initial NEB image,13.701678614232511,15.676895213907843,1.9752165996753313,0.0,0.49796711404872934,0.02615860231860001,6.751186360500983,10.92680157188041,4.175615211379427,1.0,0.49796711404872934,-0.49805954822975185,0.7736842105263158,0.8157142857142856,0.04203007518796986,0.8324257750291135,0.6644997972154147,0.004373995280177678,-1.8044140577720165,-0.9410329577337585,0.863381100038258,0.0,0.49796711404872934,-0.10697777192978453,ok,ok
nebDFT2k:mp-771019_2_5_1_1_0,init,final Li endpoint appended to initial NEB image,10.468925689303147,11.813673169625648,1.3447474803225017,0.5021473625842151,1.0,-0.0005681547372233808,6.090205602322443,8.720347521625177,2.6301419193027344,0.0,0.5021473625842151,0.0002725388126001427,0.7933333333333333,0.8715789473684211,0.07824561403508778,0.5021473625842151,0.0,0.0034883085932501667,-1.6657792822457058,-1.1175889298314055,0.5481903524143004,0.0,0.5021473625842151,0.00010709926893004429,ok,ok
nebDFT2k:mp-771821_0_2_0_0_0,init,final Li endpoint appended to initial NEB image,9.341202371517628,10.401451480595243,1.0602491090776152,0.4976047169617654,1.0,-0.001991537385072739,6.135984513814732,6.878936895220394,0.7429523814056624,1.0,0.7514152365949861,-0.0004242865059804757,0.7076923076923077,0.7600000000000001,0.05230769230769239,0.0,0.24564145417927058,7.697885667329318e-05,-1.9720839739322078,-1.301219290562526,0.6708646833696819,1.0,0.4976047169617654,0.0007266654638720116,ok,ok
nebDFT2k:mp-771906_1_0_1_0_0,init,final Li endpoint appended to initial NEB image,11.353662685795568,12.503101126315958,1.14943844052039,0.4982635252101197,0.0,0.08035749606751974,5.859294538361758,7.145599452335864,1.2863049139741056,1.0,0.25028936627793363,0.08736220617102042,0.879375,0.9590000000000002,0.07962500000000017,0.4982635252101197,1.0,-0.0006591956270372568,-1.738704520110442,-1.2854416343134614,0.4532628857969807,0.0,0.4982635252101197,-0.0011595163097768424,ok,ok
nebDFT2k:mp-772502_1_2_0_0_0,init,final Li endpoint appended to initial NEB image,10.357693033254598,12.280547300317846,1.9228542670632471,0.8345374152759638,0.17305691672412468,0.656580783852899,6.408304584250824,8.588642100767968,2.1803375165171444,1.0,0.17305691672412468,0.6085157375059036,0.7107692307692308,0.8157142857142857,0.1049450549450549,0.0,0.8345374152759638,-0.005183226060703483,-1.9931544809279471,-1.0623719495134163,0.9307825314145308,1.0,0.5048977061331549,-0.020568497170245448,ok,ok
nebDFT2k:mp-772542_0_2_0_0_0,init,final Li endpoint appended to initial NEB image,11.397838494120736,12.299612076624985,0.9017735825042497,0.500340379574995,0.0,0.00013989439905248702,5.384466888238313,6.728773957056069,1.3443070688177565,0.500340379574995,0.0,-0.00038527469832017047,0.7313333333333334,0.8492307692307691,0.11789743589743573,0.500340379574995,1.0,-0.0016717070246455856,-1.8872023578607695,-1.7893631971734203,0.09783916068734921,1.0,0.7477039012469131,-0.0001137793604255588,ok,ok
nebDFT2k:mp-772613_0_1_0_0_0,init,final Li endpoint appended to initial NEB image,10.53260585584799,11.908468322821802,1.3758624669738122,0.4999224463206199,0.0,0.31698560351486993,5.712207606068197,7.014173274012534,1.3019656679443372,0.0,0.7499036140562908,-0.28083305209752174,0.7288888888888889,0.9468749999999999,0.217986111111111,0.0,0.7499036140562908,-0.03203846215730777,-1.8924111344704588,-1.636841599806148,0.25556953466431076,0.0,0.4999224463206199,-0.05643497724679003,ok,ok
nebDFT2k:mp-772658_3_3_1_0_0,init,final Li endpoint appended to initial NEB image,9.773207171118921,11.963599731788905,2.1903925606699843,0.0,0.5043705601151787,0.15041235248913232,5.984940080264526,10.93459474729606,4.949654667031535,0.0,0.5043705601151787,0.1345602111891484,0.7163636363636364,0.94625,0.2298863636363636,0.0,0.6698307875606561,-0.021626888791409726,-1.9807726380162156,-0.9519212956330448,1.0288513423831707,1.0,0.5043705601151787,0.052590994332070484,ok,ok
nebDFT2k:mp-772851_6_10_0_1_0,init,final Li endpoint appended to initial NEB image,12.423479422677293,14.091604444788837,1.6681250221115445,0.5088796012248092,0.0,0.09028648930689265,8.174865871781641,11.392719287803233,3.217853416021592,1.0,0.5088796012248092,0.31759159073076315,0.79,0.9385714285714286,0.14857142857142858,0.5088796012248092,0.0,-0.006506838008136229,-1.3928614874729026,-0.5372812432916358,0.8555802441812668,0.0,0.5088796012248092,0.007863617027098257,ok,ok
nebDFT2k:mp-772981_0_2_0_0_0,init,final Li endpoint appended to initial NEB image,9.955231502194009,11.83691086568405,1.8816793634900417,0.0,1.0,-0.4888332902270527,5.4890035423063726,7.324893172850042,1.8358896305436696,1.0,0.2465768537268063,0.3591277827337338,0.772,0.8426666666666666,0.07066666666666654,1.0,0.2465768537268063,0.010146465125581872,-1.9662700019193953,-1.3573101850370481,0.6089598168823471,0.0,0.4924066423444141,-0.0065058052733129035,ok,ok
nebDFT2k:mp-772981_1_2_0_0_0,init,final Li endpoint appended to initial NEB image,7.967217620286238,11.836910841552122,3.8696932212658837,0.4970159104833898,0.0,-0.19232311431448768,5.4890035312426475,8.302589523048917,2.81358599180627,1.0,0.6604406431568286,-0.037997210659027836,0.772,0.8815384615384615,0.10953846153846147,0.0,0.6604406431568286,-0.019155013522933195,-1.7866922108170311,-0.5138819210581941,1.2728102897588371,1.0,0.4970159104833898,-0.02183781763864412,ok,ok
nebDFT2k:mp-774843_2_3_0_0_0,init,final Li endpoint appended to initial NEB image,10.150830904265801,12.325472188823415,2.174641284557614,0.4999274876641262,1.0,-0.2971325032482035,5.694513328500776,6.805041523418454,1.110528194917678,1.0,0.24996689316769985,0.30509212412317943,0.7636842105263159,0.9235714285714286,0.15988721804511274,1.0,0.24996689316769985,0.018017487120052467,-1.9519685978230858,-1.7647475625609699,0.18722103526211598,0.7496866358835554,0.4999274876641262,0.04871924895911195,ok,ok
nebDFT2k:mp-774843_2_3_1_0_0,init,final Li endpoint appended to initial NEB image,11.371113800602249,12.35112398635272,0.980010185750471,0.0,1.0,-0.32248119020353183,5.705792716892043,7.423217778280534,1.7174250613884912,1.0,0.5009547680592871,0.30567476764468804,0.7885,0.9186666666666666,0.13016666666666665,1.0,0.2510180834838934,0.020047541307291084,-1.912577786789181,-1.5644497131507782,0.3481280736384027,1.0,0.5009547680592871,0.05348220490467559,ok,ok
nebDFT2k:mp-774843_2_3_0_1_0,init,final Li endpoint appended to initial NEB image,10.77110356059142,12.316382245358374,1.545278684766954,0.4995841698093362,1.0,-0.2790775497410163,5.734507433743176,7.049058786189679,1.314551352446503,1.0,0.25033263669416655,0.2587986665405868,0.7636842105263157,0.9293750000000001,0.16569078947368432,1.0,0.25033263669416655,0.017842645398466583,-1.921667016254526,-1.7269166776679483,0.19475033858657764,0.7497014705977344,0.4995841698093362,0.04637507395463658,ok,ok
nebDFT2k:mp-774843_2_0_0_1_0,init,final Li endpoint appended to initial NEB image,5.289804566978268,12.036776103468249,6.746971536489981,0.3360933307805004,1.0,-1.17290331181501,5.465890629165145,7.285655274385274,1.819764645220129,0.5029140308000353,0.6691300853941705,-0.25791797339105527,0.7895000000000001,0.9599999999999999,0.17049999999999976,1.0,0.1678038133850519,0.015353346318755456,-1.8661676888299785,-0.03645719198336547,1.8297104968466131,1.0,0.3360933307805004,0.3147765766644084,ok,ok
nebDFT2k:mp-774843_0_1_0_0_0,init,final Li endpoint appended to initial NEB image,9.916555308877701,12.093761408379628,2.1772060995019267,0.5003431679040328,0.0,0.23823657622656746,5.541074992741107,6.882293608665287,1.3412186159241797,0.0,0.7497506162885184,-0.390754530474819,0.7636842105263159,0.991875,0.2281907894736841,0.0,0.7497506162885184,-0.029119277247644182,-1.9711338577595554,-1.7963759909644483,0.17475786679510708,0.25027561971927487,1.0,-0.05520603428636739,ok,ok
nebDFT2k:mp-774946_0_2_0_0_0,init,final Li endpoint appended to initial NEB image,10.275546296036632,12.713991597897827,2.4384453018611953,0.0,1.0,-0.6604918698679381,5.441547821470256,6.644363950254421,1.202816128784165,1.0,0.25130822316047874,0.11443461124794796,0.806,0.9507142857142857,0.14471428571428568,1.0,0.25130822316047874,0.025436814553570553,-1.9466101654723282,-1.3045215282054192,0.642088637266909,0.0,0.5064499088787454,-0.044351976614000144,ok,ok
nebDFT2k:mp-775195_1_5_0_1_0,init,final Li endpoint appended to initial NEB image,10.999827275357852,12.21943030752992,1.2196030321720688,0.0,0.4963628622471744,-0.00544502390618451,6.307477077445362,7.130724268133845,0.8232471906884831,0.0,0.7492555804019283,-0.00848897199804366,0.77,0.8671428571428572,0.0971428571428572,0.4963628622471744,0.0,0.009422912215880319,-1.953746606957099,-1.566527971407927,0.387218635549172,0.0,0.4963628622471744,-6.482152918330097e-05,ok,ok
nebDFT2k:mp-776519_1_0_0_1_0,init,final Li endpoint appended to initial NEB image,10.122397872501926,11.558588906731037,1.436191034229111,0.4999542089592729,1.0,-0.028486011889029328,5.497533681850042,7.2119296698730615,1.7143959880230195,1.0,0.0,0.46776545110402745,0.7945,0.9361904761904762,0.14169047619047626,1.0,0.0,0.023173126016249435,-1.9396470072146188,-1.7051975616579333,0.23444944555668545,0.7505219598444435,0.4999542089592729,0.07412317441348126,ok,ok
nebDFT2k:mp-776806_0_1_0_0_0,init,final Li endpoint appended to initial NEB image,10.653956554854117,12.475909329352731,1.8219527744986141,0.5000467714862378,0.0,0.31481190579577856,5.600987624771461,6.881460677556687,1.2804730527852257,0.0,0.7494074452184318,-0.32115008036243253,0.7636842105263159,0.9918750000000001,0.2281907894736842,0.0,0.7494074452184318,-0.03787940321923433,-1.9426391445535323,-1.8040282565648014,0.1386108879887309,0.25027946683036084,0.5000467714862378,-0.044742605795672574,ok,ok
nebDFT2k:mp-776806_3_2_1_1_0,init,final Li endpoint appended to initial NEB image,11.199524878931054,12.44914438690053,1.2496195079694754,0.5004594855623825,0.0,0.3242590016569693,5.618173867117788,7.058004609527974,1.4398307424101864,0.0,0.7496441394467641,-0.322364930877006,0.7636842105263159,0.9525,0.18881578947368416,0.0,0.7496441394467641,-0.0280858716086837,-1.905631810251154,-1.637178179333985,0.268453630917169,0.0,0.5004594855623825,-0.0501810443795212,ok,ok
nebDFT2k:mp-777279_19_7_1_0_0,init,final Li endpoint appended to initial NEB image,8.651834796774773,9.359345101837407,0.7075103050626339,0.5020613805054276,0.0,0.05863322833757323,6.707609449377745,7.301835310992578,0.5942258616148326,1.0,0.2537664656038282,0.09806293061973648,0.7885714285714286,0.9878571428571429,0.1992857142857143,0.5020613805054276,0.0,0.023852382190168886,-1.0548746350306202,-0.7943196027106619,0.26055503231995825,1.0,0.5020613805054276,0.00538894842486598,ok,ok
nebDFT2k:mp-777670_0_1_0_0_0,init,final Li endpoint appended to initial NEB image,10.613623668366547,12.331897032474355,1.7182733641078087,0.5005411937497707,0.0,0.33194297850692944,5.595002674902617,6.864719639289546,1.2697169643869284,0.0,0.74972163885284,-0.29128001554311744,0.7636842105263157,0.9918750000000001,0.22819078947368432,0.0,0.74972163885284,-0.03094176023910933,-1.9363455250913857,-1.7793539441474735,0.1569915809439122,0.250756790297412,0.5005411937497707,-0.04121152121540228,ok,ok
nebDFT2k:mp-777670_0_2_0_1_0,init,final Li endpoint appended to initial NEB image,5.176352282331125,12.242278836640306,7.065926554309181,0.6658986776252144,0.0,1.32329481650524,5.244247937489681,7.1507087529313536,1.9064608154416725,0.6658986776252144,0.3392631206624193,0.39276101697540966,0.7895000000000001,0.9692857142857142,0.1797857142857141,0.0,0.8321825298339903,-0.02628874472655962,-1.8626034224119887,-0.23075046340527042,1.6318529590067183,0.0,0.6658986776252144,-0.25603367773237395,ok,ok
nebDFT2k:mp-777670_1_0_0_1_0,init,final Li endpoint appended to initial NEB image,10.583995051675073,12.305886850932499,1.7218917992574259,0.4973940482486544,1.0,-0.35477734905082947,5.584703021694239,6.839468311912829,1.2547652902185904,1.0,0.2489357020157107,0.27883317050815837,0.7636842105263159,0.974375,0.21069078947368414,1.0,0.2489357020157107,0.035080012834022845,-1.9019658295064636,-1.7153919632832189,0.1865738662232448,1.0,0.4973940482486544,0.03207149985221103,ok,ok
nebDFT2k:mp-778325_0_1_0_0_0,init,final Li endpoint appended to initial NEB image,10.076593156264547,11.813285011001948,1.7366918547374013,0.5000365297044786,0.0,0.24534307537775568,5.672259849878464,6.849852391598983,1.1775925417205189,0.0,0.7496704045338336,-0.3017551729269652,0.7747368421052632,0.9417647058823528,0.16702786377708967,0.0,0.2501210355507107,-0.00618062884838444,-1.9504340875578239,-1.6945166996386756,0.2559173879191483,0.2501210355507107,1.0,-0.07758463704611973,ok,ok
nebDFT2k:mp-778830_1_9_1_1_0,init,final Li endpoint appended to initial NEB image,8.382047456717997,9.650104750288383,1.2680572935703864,0.0,0.7490883251356724,-0.19364593593898416,7.1659064931097936,7.959515111180553,0.7936086180707598,0.7490883251356724,0.24964193238586538,0.14080562152552822,0.9030769230769231,1.0373333333333332,0.1342564102564101,0.0,1.0,-0.025651616181191328,-1.6848866826127686,-1.0474163109845551,0.6374703716282135,0.7490883251356724,0.0,0.14310761093349011,ok,ok
nebDFT2k:mp-778830_4_0_1_-1_-1,init,final Li endpoint appended to initial NEB image,8.370071257174375,9.633059328424544,1.2629880712501684,1.0,0.2504238990669569,0.21878145990609887,7.0876047136760985,8.000491990239322,0.9128872765632234,0.2504238990669569,0.7488627725030953,-0.17383671900966746,0.8814285714285715,0.9928571428571429,0.11142857142857143,0.7488627725030953,0.0,0.029138938495160638,-1.6788345227171995,-1.0213694918579597,0.6574650308592398,0.2504238990669569,1.0,-0.14867670330671234,ok,ok
nebDFT2k:mp-779432_2_7_0_1_0,init,final Li endpoint appended to initial NEB image,16.88513119543588,19.437461621867982,2.5523304264321034,1.0,0.2562199567256691,0.2564631521828922,7.2848743993317635,9.856376770690755,2.5715023713589913,1.0,0.2562199567256691,0.49392993443856703,0.6856249999999999,0.8,0.11437500000000012,1.0,0.0,0.012673059594872471,-1.9960429416499452,-1.9270406620953382,0.06900227955460703,1.0,0.2562199567256691,0.013494461504771627,ok,ok
nebDFT2k:mp-779720_1_4_0_0_0,init,final Li endpoint appended to initial NEB image,10.529913588393132,11.822930031520535,1.293016443127403,1.0,0.0,0.30893202315286317,7.563164889237637,7.742798851823118,0.17963396258548148,0.5077378815265348,1.0,-0.026717925923061436,0.9906666666666665,1.1266666666666667,0.13600000000000023,0.5077378815265348,0.0,0.01518683353579764,-1.1722511031007286,-0.9035380747317912,0.2687130283689374,0.25723603540126394,1.0,-0.06264490089939223,ok,ok
nebDFT2k:mp-779720_0_6_0_0_0,init,final Li endpoint appended to initial NEB image,11.282086854781095,11.955860340182044,0.6737734854009485,0.48372946818477963,0.7365481770438662,-0.2081306877236644,6.862006079278233,8.164188233090908,1.3021821538126748,0.23869614205158954,1.0,-0.3081013093389702,1.0385714285714285,1.2470588235294118,0.2084873949579833,0.48372946818477963,1.0,-0.011870964997431233,-1.0565683169873767,-0.8545515209258081,0.20201679606156864,1.0,0.48372946818477963,-0.018667715591699663,ok,ok
nebDFT2k:mp-779720_12_22_0_0_0,init,final Li endpoint appended to initial NEB image,10.86738453369272,12.041432699016418,1.1740481653236987,1.0,0.25158991348667836,0.26691422365800843,6.638742027097148,7.83739832302204,1.1986562959248914,0.49597357144418974,0.0,0.031113909480071644,1.1153846153846152,1.2144444444444444,0.09905982905982924,0.49597357144418974,0.0,0.013240819656895164,-1.2379084825851678,-1.0547380235690196,0.18317045901614826,0.25158991348667836,1.0,-0.03256568797891268,ok,ok
nebDFT2k:mp-779720_4_8_0_1_0,init,final Li endpoint appended to initial NEB image,10.835578244730037,12.351480640117996,1.5159023953879593,0.0,1.0,-0.4044339426540322,8.281900664378288,8.684589310114735,0.4026886457364469,0.7437843282332265,0.25389255738579175,0.09186486980770958,1.058125,1.1705555555555556,0.11243055555555559,0.5013638403640429,1.0,-0.00037546593460158206,-1.0870941304291564,-0.9343990952591917,0.15269503516996463,0.25389255738579175,0.0,-0.009820297434945502,ok,ok
nebDFT2k:mp-781596_1_3_0_1_0,init,final Li endpoint appended to initial NEB image,10.872235124341874,11.804801848192277,0.9325667238504032,0.5036393106785717,1.0,-0.06867218525468655,5.446368086224863,6.396992070356643,0.9506239841317798,0.0,0.5036393106785717,0.055884693263465124,0.765,0.8607142857142858,0.09571428571428575,0.0,0.5036393106785717,0.004589483841280384,-1.485135997005737,-1.2082193952004088,0.2769166018053282,0.2518170789817365,1.0,-0.06808481340925066,ok,ok
nebDFT2k:mp-849351_1_0_1_0_-1,init,final Li endpoint appended to initial NEB image,10.53863344550091,12.889767805109573,2.351134359608663,0.0,0.6682803175854344,0.001311600302642546,6.0825039324525205,8.475892408038094,2.3933884755855734,1.0,0.6682803175854344,0.00021875189129438866,0.7161538461538461,0.7642857142857143,0.048131868131868205,0.17194726818548464,0.3388375836112496,-0.0001231406478184316,-1.9544397257805066,-1.0116058907815706,0.942833834998936,0.0,0.5036232516598468,0.0002853911042134394,ok,ok
nebDFT2k:mp-849386_8_8_1_0_0,init,final Li endpoint appended to initial NEB image,10.861858519581814,13.722653383475617,2.860794863893803,0.1658246512586806,0.6671815727860702,-0.8434305845573862,7.237098241190831,9.417744597840137,2.180646356649306,0.1658246512586806,0.6671815727860702,-0.40375940289709966,0.8364285714285715,0.9142105263157894,0.07778195488721784,0.8334342193735825,0.6671815727860702,-0.0031333091265746127,-1.8675725148736977,-1.1757511854873013,0.6918213293863964,0.0,0.4988711584301351,0.03458054525201815,ok,ok
nebDFT2k:mp-850532_0_1_0_1_0,init,final Li endpoint appended to initial NEB image,13.022948441475542,15.406544905734997,2.3835964642594547,1.0,0.5070562212438139,-0.008457129938774344,6.920168584585133,10.917945201517648,3.9977766169325157,1.0,0.5070562212438139,-0.013509738283900674,0.7633333333333334,0.8150000000000001,0.05166666666666664,0.0,0.5070562212438139,-0.002229571663089347,-1.9853976524521173,-1.8301463038962247,0.15525134855589262,1.0,0.5070562212438139,0.00023165842506978063,ok,ok
