source,trajectory_source,edge_reconstruction,litraj_min_volume,litraj_edge_length,litraj_max_weighted_mean_oxidation,litraj_max_volume,litraj_min_mean_covalent_radius,dft_profile_volume_min,dft_profile_volume_max,dft_profile_volume_range,dft_profile_volume_s_min,dft_profile_volume_s_max,dft_profile_volume_asymmetry,dft_profile_effective_cn_min,dft_profile_effective_cn_max,dft_profile_effective_cn_range,dft_profile_effective_cn_s_min,dft_profile_effective_cn_s_max,dft_profile_effective_cn_asymmetry,dft_profile_mean_rc_min,dft_profile_mean_rc_max,dft_profile_mean_rc_range,dft_profile_mean_rc_s_min,dft_profile_mean_rc_s_max,dft_profile_mean_rc_asymmetry,dft_profile_weighted_mean_oxi_min,dft_profile_weighted_mean_oxi_max,dft_profile_weighted_mean_oxi_range,dft_profile_weighted_mean_oxi_s_min,dft_profile_weighted_mean_oxi_s_max,dft_profile_weighted_mean_oxi_asymmetry,descriptor_status,event_oxidation_status,profile_oxidation_status
nebDFT2k:mp-1020056_0_0_1_1_0,relaxed,final Li endpoint appended to initial NEB image,7.072575595899682,5.181886005588375,-0.0360196652291937,13.705401707112182,1.0379999999999998,10.25702331877866,13.705401707112186,3.4483783883335253,0.5084313905624165,0.0,0.0080069081752434,8.826988750885329,12.780489532825106,3.953500781939777,0.5084313905624165,1.0,0.005081527023238,0.9991666666666664,1.1095000000000002,0.1103333333333336,0.5084313905624165,0.8505470733230361,0.002864944599813,-1.1886043868368872,-0.7985730669254301,0.3900313199114571,1.0,0.5084313905624165,0.0009331330280321,ok,,
nebDFT2k:mp-1020056_0_2_1_0_0,relaxed,final Li endpoint appended to initial NEB image,12.518979114744988,2.027377400428485,-0.247199049936426,14.632250014611794,1.0472727272727276,13.999096303093486,15.003705015772423,1.0046087126789374,1.0,0.5055661238545174,0.1199414041754867,10.31740930541592,11.817199267005684,1.4997899615897623,0.7717340294251701,0.0,0.332551966398495,1.063888888888889,1.0950000000000002,0.031111111111111,0.0,0.7717340294251701,-0.0010514958798995,-1.3894316173067722,-1.2160048286623766,0.1734267886443956,0.5055661238545174,1.0,0.001038466877543,ok,,
nebDFT2k:mp-1020056_2_2_1_1_0,relaxed,final Li endpoint appended to initial NEB image,7.863466130575904,5.181886004443156,-0.0418159091422659,13.177035073146584,1.0076923076923074,10.72088240941766,13.221798498012998,2.5009160885953374,0.4822714898089728,0.1648068918851468,0.1005785859833956,8.142237083029423,11.393687298622313,3.2514502155928895,0.4822714898089728,1.0,0.0212421808668317,1.0372222222222225,1.151333333333333,0.1141111111111108,0.1648068918851468,0.4822714898089728,-0.0013561182616337,-1.162276724661319,-0.9942942584881896,0.1679824661731294,1.0,0.4822714898089728,-0.0062933939300091,ok,,
nebDFT2k:mp-1147726_4_6_1_0_0,relaxed,final Li endpoint appended to initial NEB image,20.9428012575767,3.8883867577467086,-0.377077556678933,21.923654998122487,1.1046153846153846,21.93174471448951,23.50855465992469,1.5768099454351798,0.0,0.1910300805144107,0.2089230292153345,5.923161807417091,7.198234505363262,1.2750726979461708,0.0,0.4077394263000718,0.2097035840445142,1.0842857142857143,1.114,0.0297142857142858,0.7076594237261393,0.1910300805144107,0.0092219667032263,-1.8756267697829876,-1.7352385592198225,0.140388210563165,0.1910300805144107,0.0,-0.0011315383232838,ok,,
nebDFT2k:mp-1174212_5_7_0_0_0,relaxed,final Li endpoint appended to initial NEB image,9.86045312354783,2.74037553176692,-0.3285958837480501,10.21391363463477,0.8342857142857143,9.353311066441544,11.22351180965074,1.870200743209196,1.0,0.4669449259940536,0.1686096460922179,7.447235855610227,8.424285967258848,0.9770501116486212,1.0,0.4669449259940536,0.1123823806453061,0.8226666666666667,1.02,0.1973333333333333,0.7557932784516438,0.0,0.04473400694631,-1.725866783839341,-1.56795467166215,0.1579121121771907,1.0,0.4669449259940536,0.0304823872161624,ok,,
nebDFT2k:mp-1175313_9_13_0_0_0,relaxed,final Li endpoint appended to initial NEB image,10.696470238227436,2.712511450226794,-0.3375076701059885,11.625631749824318,0.90625,10.777291199647491,12.59476598454537,1.8174747848978772,1.0,0.4820832509962215,-0.0652115990188617,7.689880171332937,8.814189646060042,1.124309474727105,1.0,0.4820832509962215,-0.0187909884424382,0.928235294117647,1.068125,0.1398897058823529,0.4820832509962215,0.0,-0.0063939974986731,-1.618373727398289,-1.4700015942805846,0.1483721331177043,1.0,0.4820832509962215,-0.0104660343887119,ok,,
nebDFT2k:mp-1175624_0_3_0_1_0,relaxed,final Li endpoint appended to initial NEB image,10.424113152032739,2.5881529952884588,,11.079665968899764,0.8342857142857143,10.481517254622561,11.933303932889794,1.4517866782672328,1.0,0.4998650808045041,0.03932018111336966,7.843439684220111,9.012433046884764,1.1689933626646534,1.0,0.4998650808045041,0.006199709219471217,0.864,1.047777777777778,0.18377777777777793,0.4998650808045041,0.0,0.018559318555467108,,,,,,,partial_oxidation_missing,missing: ValueError: Valences cannot be assigned!,missing: ValueError: Valences cannot be assigned!
nebDFT2k:mp-1175840_1_1_1_0_0,relaxed,final Li endpoint appended to initial NEB image,7.56987991412868,4.975317221539516,,10.44550356803573,0.9228571428571428,9.692801739733401,10.706405945966818,1.013604206233417,0.495611259271287,0.8449193736462518,-0.055733880448920914,7.507948907588968,8.896214385329577,1.3882654777406085,0.32152709669808616,0.15436819417416553,0.03860415597076905,0.9059999999999999,1.0463157894736843,0.1403157894736844,0.495611259271287,0.0,0.003236413934782467,,,,,,,partial_oxidation_missing,missing: ValueError: Valences cannot be assigned!,missing: ValueError: Valences cannot be assigned!
nebDFT2k:mp-1176566_0_2_0_0_0,relaxed,final Li endpoint appended to initial NEB image,9.359845164593755,2.142533422782539,-0.4772237362707707,10.741446279405634,0.8523076923076923,10.062232298139254,10.86793539756288,0.8057030994236278,1.0,0.5479901373234899,0.0068816046379671,6.510842782786658,7.264269767890379,0.7534269851037214,0.5479901373234899,0.0,-0.0044619058426147,0.9011111111111112,0.952,0.0508888888888888,0.2762651526643055,1.0,-0.0052384876989748,-1.7340807622029255,-1.618368925393391,0.1157118368095344,0.2762651526643055,0.0,-0.0053138239579814,ok,,
nebDFT2k:mp-1176566_0_2_0_1_0,relaxed,final Li endpoint appended to initial NEB image,7.683707848167357,5.03482281695927,-0.0983781972004184,9.518123117138616,0.8435294117647059,8.079416159401648,10.044844825323942,1.9654286659222944,0.4867902445530973,0.1227862665400463,0.0251855023318219,6.635712524552505,8.793846528161763,2.1581340036092582,1.0,0.6757449301300812,-0.0904625302416213,0.788235294117647,0.9906666666666666,0.2024313725490195,1.0,0.8705161511366722,-0.003147891305412,-1.8624945098231311,-1.116265128084443,0.7462293817386885,1.0,0.4867902445530973,-0.0247359787822776,ok,,
nebDFT2k:mp-1176649_6_7_0_0_0,relaxed,final Li endpoint appended to initial NEB image,9.79367557352903,4.36648039381139,-0.3135345949256664,11.231077672708237,0.7787499999999999,11.231077672708237,12.343442564124013,1.112364891415778,0.0,0.2692621501195613,0.1875536743200605,6.2611049068152935,7.365261853335523,1.10415694652023,0.0,0.6104976679840249,0.0662529089496062,0.7653333333333333,0.8634999999999999,0.0981666666666666,0.8700924824656648,0.0,0.0160224105207683,-1.729756492414273,-1.4831063750157207,0.2466501173985522,0.2692621501195613,0.6104976679840249,-0.0716797719974422,ok,,
nebDFT2k:mp-1176994_9_9_1_0_0,relaxed,final Li endpoint appended to initial NEB image,5.717551427403425,4.9588885335666,-0.2034712927771005,9.551672865352533,0.9159999999999998,8.59135244612646,9.695061116326048,1.1037086701995875,0.4939501084684736,0.1478728880149469,0.0572143213174456,7.198029106730102,8.55034613081331,1.3523170240832076,0.4939501084684736,0.1478728880149469,0.0473892601221486,0.8835294117647058,0.975,0.0914705882352943,0.3167103092587759,0.843798990346275,-0.0079656464885559,-1.6612484625210815,-1.1132526380572478,0.5479958244638339,1.0,0.4939501084684736,0.0095530003073902,ok,,
nebDFT2k:mp-1177804_0_1_0_0_1,relaxed,final Li endpoint appended to initial NEB image,6.149597637958499,4.996194166355374,-0.1585574519401221,10.405173392090704,0.904,9.608720722520356,10.6040465553628,0.995325832842445,0.5158220661283751,0.040584955012356,0.0259345506094827,7.536400996272966,8.51970662955344,0.983305633280474,1.0,0.7869658224128344,-0.0594524815822428,0.9127777777777778,1.0633333333333337,0.1505555555555556,0.2619111632910431,1.0,-0.0179567852196124,-1.6979680726394155,-1.0851051315915536,0.6128629410478621,1.0,0.5158220661283751,0.0081035390254957,ok,,
nebDFT2k:mp-1177804_0_2_0_0_1,relaxed,final Li endpoint appended to initial NEB image,10.256116972437,2.558624491152892,-0.3494138971276205,11.179256508049487,0.8342857142857143,10.291289410638704,12.007130563473751,1.715841152835047,1.0,0.5188947513764844,0.0585778764373214,7.164938092477976,8.876374116175482,1.711436023697506,1.0,0.5188947513764844,-0.0176146036143149,0.8342857142857143,1.043888888888889,0.2096031746031748,0.5188947513764844,1.0,-0.0130590566617551,-1.7279249784428783,-1.4871302203024244,0.2407947581404539,1.0,0.5188947513764844,0.0017556803812767,ok,,
nebDFT2k:mp-1177943_4_7_0_0_0,relaxed,final Li endpoint appended to initial NEB image,9.571090361994882,3.1270460324120997,-0.07707530195827327,10.593595979078968,0.956470588235294,10.556696611754811,11.49156340779796,0.9348667960431492,1.0,0.5248518335864063,-0.02194346248514023,9.524756465809569,10.206945758618938,0.6821892928093689,0.2466342036182093,0.0,-0.03190644102314977,0.9749999999999999,1.1047058823529412,0.12970588235294134,0.5248518335864063,0.0,0.020047246445749956,-0.6436309427267055,-0.5708932759537868,0.07273766677291871,1.0,0.5248518335864063,-0.003844822368316181,ok,ok,ok
nebDFT2k:mp-1178166_8_9_0_0_1,relaxed,final Li endpoint appended to initial NEB image,12.1993776212496,3.238504355507746,-0.20360581497241287,13.988670705868767,1.126923076923077,12.347249766524666,15.927726955512762,3.5804771889880964,0.0,0.5728986792586984,-0.6236989090563512,5.955851305113565,7.647741081669109,1.691889776555544,1.0,0.26769376704292286,0.14193990569032877,1.18625,1.2886666666666668,0.10241666666666682,0.8237406495899813,0.26769376704292286,0.02235279231296472,-1.420048079572303,-1.0723993462339338,0.3476487333383691,1.0,0.5728986792586984,0.008836237840721961,ok,ok,ok
nebDFT2k:mp-1202443_0_6_0_0_1,relaxed,final Li endpoint appended to initial NEB image,7.362940993724584,4.977406996456156,-0.13297842309708482,9.45069459271414,0.66,9.45069459271414,16.883959017621592,7.433264424907453,0.0,0.47379527660445586,0.2294075325919085,5.949479222034345,8.954897272912216,3.0054180508778714,0.0,0.47379527660445586,-0.10071669196248445,0.66,0.8528571428571429,0.19285714285714284,0.0,1.0,-0.027259427949579584,-2.0,-1.5266146568873058,0.4733853431126942,0.0,0.6263632274039844,-0.05668225939909244,ok,ok,ok
nebDFT2k:mp-1222404_0_0_0_1_-1,relaxed,final Li endpoint appended to initial NEB image,20.23988543399422,3.943880602353037,-0.4250387927906583,20.802578956429084,1.1442857142857144,20.23988543399421,21.66678069293802,1.4268952589438086,0.0,0.24748356593842863,0.0004615353121693033,6.332552869006331,7.030007331684975,0.6974544626786443,0.0,0.24748356593842863,0.00011419079258612186,1.1338461538461542,1.2650000000000003,0.13115384615384618,0.5002623040568027,0.0,3.732970037562122e-05,-1.8972945713981808,-1.4058868698752272,0.49140770152295365,0.0,0.5002623040568027,-4.614563746174749e-05,ok,ok,ok
nebDFT2k:mp-1222469_0_0_0_1_0,relaxed,final Li endpoint appended to initial NEB image,9.575577535588636,14.012373380630857,-0.07097040672914932,13.467548461375419,0.7979999999999999,12.947064861167645,14.30779259095981,1.3607277297921652,0.47167032901628914,0.16532078993642077,-0.00604666432156975,5.5185253336425015,8.678479465353908,3.159954131711406,0.0,0.16532078993642077,0.2992673261491756,0.7893749999999999,0.8505882352941176,0.06121323529411771,0.650224113940418,0.32489258403629495,0.01114614485495058,-1.9739921715394755,-1.5946565336220024,0.37933563791747305,0.0,0.47167032901628914,0.03188698528457823,ok,ok,ok
nebDFT2k:mp-1222510_2_2_0_1_0,relaxed,final Li endpoint appended to initial NEB image,6.2616118066468625,5.094115821097572,-0.16828351238164324,10.455508180813496,0.9019999999999999,9.584268365047716,10.588310950622882,1.0040425855751653,0.56120032869948,0.772370242631933,-0.02781276190327464,7.745975866452462,8.830729850829798,1.0847539843773353,0.56120032869948,0.772370242631933,-0.17744016523182093,0.9013333333333333,1.019047619047619,0.11771428571428566,0.56120032869948,0.0,0.006175855355223969,-1.6349034352948302,-1.0661526369309504,0.5687507983638798,0.0,0.56120032869948,-0.010517282410281603,ok,ok,ok
nebDFT2k:mp-1222575_1_2_0_0_0,relaxed,final Li endpoint appended to initial NEB image,11.578421989041086,4.761063428650795,-0.29292390964771986,12.443230657536617,0.7564285714285715,12.44323065753662,13.13182145576158,0.6885907982249595,0.0,0.5046536716423974,-0.058950574408279444,7.4786335664594645,8.217563566098356,0.7389299996388914,0.0,0.8316889645041177,-0.030238171188376572,0.7725,0.809375,0.03687499999999999,0.5046536716423974,0.6739620895583766,-0.003883324547407252,-1.9987003948361115,-1.5123861737287534,0.4863142211073581,1.0,0.5046536716423974,0.0011214964618762036,ok,ok,ok
nebDFT2k:mp-1222575_0_2_0_0_0,relaxed,final Li endpoint appended to initial NEB image,7.293593954402186,5.144914250596203,-0.24230553565215476,12.526563808188541,0.7550000000000001,9.914752679764437,12.672969489048716,2.7582168092842796,0.3249394773857368,1.0,-0.11968148610442153,5.92210756498104,7.816030714669999,1.893923149688959,0.3249394773857368,0.5190589152683484,-0.0514006500706472,0.66,0.8528571428571429,0.19285714285714284,1.0,0.3249394773857368,0.008098977410406272,-2.0,-1.07741851974294,0.92258148025706,1.0,0.5190589152683484,-0.007033438890782895,ok,ok,ok
nebDFT2k:mp-1222591_0_0_0_1_0,relaxed,final Li endpoint appended to initial NEB image,9.749311792473877,2.700684731906252,-0.31900249879207543,10.434215944544553,0.8307142857142857,9.922231855343307,10.974816558245406,1.0525847029020987,1.0,0.5023888126830366,0.0003420065688617413,7.913532371734309,8.869834644138322,0.9563022724040131,1.0,0.5023888126830366,0.0008789756445413133,0.8868750000000001,1.023888888888889,0.137013888888889,0.5023888126830366,1.0,0.00021792412351528956,-1.6176788551277257,-1.4327342245041665,0.18494463062355915,1.0,0.5023888126830366,-0.00015924921907617406,ok,ok,ok
nebDFT2k:mp-1277038_4_0_0_1_0,relaxed,final Li endpoint appended to initial NEB image,10.565340488518252,3.0277853337249128,,10.623697342865258,0.8885714285714286,10.401656697234321,11.485264149731833,1.0836074524975121,1.0,0.48212809388547595,0.033395445873505736,7.197934347536512,8.267604669810352,1.06967032227384,1.0,0.48212809388547595,0.009276961653601035,0.9375,1.0517647058823532,0.11426470588235316,0.48212809388547595,1.0,-0.009919784296163525,,,,,,,partial_oxidation_missing,missing: ValueError: Valences cannot be assigned!,missing: ValueError: Valences cannot be assigned!
nebDFT2k:mp-1277589_2_0_1_0_0,relaxed,final Li endpoint appended to initial NEB image,13.288693833905354,3.766724965854385,-0.40278860228693186,13.733660697530116,0.784,12.663295153321682,13.886729335369932,1.2234341820482495,0.4943608202946725,1.0,-0.054992618147800876,5.819830913187492,6.6150465706821056,0.7952156574946132,0.0,0.7504842981575619,-0.03531765857317737,0.7578947368421053,0.9957894736842107,0.23789473684210538,0.0,0.2426349846915743,0.013315675595362564,-1.9945377030188718,-1.8409011736975796,0.15363652932129224,0.4943608202946725,1.0,-0.005931922895969666,ok,ok,ok
nebDFT2k:mp-1277613_3_1_1_-1_0,relaxed,final Li endpoint appended to initial NEB image,9.74757970923582,2.7097325283162044,-0.6043336439951685,11.447929694094983,0.7600000000000001,9.99782054243212,12.675838615624867,2.6780180731927477,0.0,0.48541330063319355,-0.3533100300225671,6.453973957084181,7.327884940648978,0.8739109835647971,0.0,0.48541330063319355,-0.07797384264700202,0.7818750000000001,0.8674999999999999,0.08562499999999984,0.48541330063319355,0.7444695667632131,-0.016936363386179543,-1.9158674942260743,-1.7952543910867806,0.12061310313929363,0.0,0.7444695667632131,-0.030100001437105228,ok,ok,ok
nebDFT2k:mp-1277613_2_0_0_0_1,relaxed,final Li endpoint appended to initial NEB image,9.816856941768233,2.690288635716233,-0.6086373888479383,11.577367127838595,0.7600000000000001,10.091951090573657,12.652085041695004,2.5601339511213475,0.0,0.474063761260488,-0.34401568462859533,6.457266760722995,7.327604392161819,0.8703376314388231,0.0,0.474063761260488,-0.07384785191410259,0.7818750000000001,0.8813333333333334,0.09945833333333332,0.474063761260488,1.0,-0.009029558205106425,-1.9178907820433033,-1.790832635144629,0.12705814689867423,0.0,0.7314077020069981,-0.029794594942295305,ok,ok,ok
nebDFT2k:mp-1277814_5_7_0_1_0,relaxed,final Li endpoint appended to initial NEB image,10.56771717611535,3.158966558958083,-0.11167714233665282,12.205501006074064,0.8623529411764705,10.686757403290821,11.128233039800724,0.44147563650990307,0.0,0.5931269698770062,-0.02656838141393969,5.339501119182151,6.6732478233388735,1.3337467041567228,0.9991459477110376,0.5931269698770062,-0.052095292649337654,0.9041176470588235,0.9960000000000002,0.09188235294117675,0.5931269698770062,0.08172372439625716,0.01733138789856814,-0.8732550956039926,-0.8067207346681062,0.06653436093588638,0.9991459477110376,0.5931269698770062,-0.004636620006275016,ok,ok,ok
nebDFT2k:mp-1277814_6_10_1_-1_0,relaxed,final Li endpoint appended to initial NEB image,8.152343622502016,5.4061237374527025,-0.055171114802789925,10.68018495976333,0.83625,9.62877731064343,11.664679846306239,2.0359025356628084,0.35198694061747043,0.8445444325664013,-0.4878898236481293,5.308694219285269,8.155464696566868,2.8467704772815994,0.0,0.35198694061747043,-0.20947791816498995,0.8430769230769232,0.9757142857142858,0.1326373626373626,0.35198694061747043,1.0,0.011100971648027258,-0.8919294453804218,-0.5138655930340642,0.37806385234635764,0.0,0.566440419696884,-0.017941766118210856,ok,ok,ok
nebDFT2k:mp-1277814_1_2_0_1_0,relaxed,final Li endpoint appended to initial NEB image,10.700638691331712,3.121141742173475,-0.11859782660845729,12.363485311316982,0.8623529411764705,10.856709479715265,12.04732443693745,1.1906149572221842,0.0,0.7515685389634746,-0.00665529146179189,5.3892952730723485,6.512852551524927,1.1235572784525782,0.0,0.2494658430579365,-0.0007302822837234046,0.9013333333333333,1.0038888888888888,0.10255555555555551,0.5000624659988454,0.0,0.00289244530083016,-0.8619353477922956,-0.7978497007672496,0.06408564702504604,0.0,0.5000624659988454,-0.00027455198300924133,ok,ok,ok
nebDFT2k:mp-1277814_9_2_1_1_0,relaxed,final Li endpoint appended to initial NEB image,8.261801406223693,5.399809711822031,-0.05473117003478552,10.749306221284268,0.83625,10.749306221284268,11.917551450847405,1.1682452295631371,0.0,0.9217415133069007,-0.3018882504900695,5.2865629526056885,8.103060685216612,2.816497732610923,0.0,0.3084883112128317,-0.18098945694232915,0.8205882352941177,1.0038888888888888,0.1833006535947711,0.5725243238863978,0.07540981038203594,0.026175613836244338,-0.9084391100119407,-0.5151635754257361,0.39327553458620457,0.07540981038203594,0.5725243238863978,-0.030062987900351112,ok,ok,ok
nebDFT2k:mp-1282211_3_0_0_0_1,relaxed,final Li endpoint appended to initial NEB image,5.905662737763846,5.2770366719503885,-0.07589275989436718,10.651118853528867,0.8607692307692307,9.686100237788171,10.977317667605192,1.2912174298170207,0.4430937534681015,0.12852286856051137,0.22140920581478962,7.34651549185952,8.993764771861564,1.6472492800020433,0.4430937534681015,0.12852286856051137,-0.08706850847549985,0.9772222222222222,1.0533333333333332,0.07611111111111102,0.2586443006117524,0.4430937534681015,0.007036231286230099,-1.5696599775579287,-0.9374070142829665,0.6322529632749623,0.0,0.4430937534681015,0.03978154059376604,ok,ok,ok
nebDFT2k:mp-1282761_2_1_1_1_0,relaxed,final Li endpoint appended to initial NEB image,11.107613434395263,3.5478170291681876,-0.41858668384410586,12.267730241739756,0.784,10.672346518694845,12.363195522870855,1.6908490041760107,0.5010060562831474,1.0,-0.014353991160875879,5.630196283768588,6.262505165735776,0.6323088819671883,0.0,0.2486230988642406,-0.005661574190882757,0.66,0.9376470588235294,0.27764705882352936,0.5010060562831474,0.2486230988642406,0.011712890977634838,-2.0,-1.898590458776268,0.10140954122373191,0.5010060562831474,0.0,-6.849768613281793e-05,ok,ok,ok
nebDFT2k:mp-1282761_3_0_0_0_1,relaxed,final Li endpoint appended to initial NEB image,11.10449757640209,3.527127080226102,-0.4665130520967635,12.287221924707367,0.7977777777777777,10.676272502281105,12.379820166551841,1.7035476642707366,0.5034428078862915,0.0,0.01687752737273307,5.650112613441608,6.268977151640403,0.6188645381987952,1.0,0.7617422129681916,0.00023819020835924576,0.66,0.8864705882352941,0.2264705882352941,0.5034428078862915,0.23672915127285935,0.0014101216645787673,-2.0,-1.9031525037657544,0.0968474962342456,0.5034428078862915,0.0,0.000671869706814654,ok,ok,ok
nebDFT2k:mp-1282869_0_3_0_0_0,relaxed,final Li endpoint appended to initial NEB image,13.364126061791472,3.7198930582695056,-0.3933783837822484,14.35394102435253,0.784,13.411412492130612,14.275894769969181,0.8644822778385688,0.5082405199617845,0.7777074524773415,-0.016235323604922414,5.688700800859704,6.778760318763667,1.0900595179039634,1.0,0.7777074524773415,-0.01333442371337501,0.7578947368421053,0.932941176470588,0.17504643962848276,0.0,0.2508574540624779,0.008885522342012231,-1.8960421852797005,-1.8397620877838268,0.056280097495873704,0.5082405199617845,0.0,-0.0037716934440557015,ok,ok,ok
nebDFT2k:mp-1282869_1_2_1_0_0,relaxed,final Li endpoint appended to initial NEB image,13.074450373414486,3.73302846554401,-0.3885505187879956,14.413988701746835,0.784,13.392927244540646,14.303284910838608,0.910357666297962,0.5087032888025874,0.7767138179125253,-0.015155879487218193,5.681704855409957,6.805550562606018,1.123845707196061,1.0,0.7767138179125253,-0.008280731387981355,0.7578947368421053,0.932941176470588,0.17504643962848276,0.0,0.2436384609119846,0.009377639550598005,-1.89606891916597,-1.8334381302167262,0.0626307889492439,0.5087032888025874,0.0,-0.0014088607024713706,ok,ok,ok
nebDFT2k:mp-1282931_3_5_0_0_0,relaxed,final Li endpoint appended to initial NEB image,9.62357905397701,2.6979869058684622,-0.43952586637458213,10.943528825039888,0.8371428571428571,9.846402194846831,11.580635233243852,1.7342330383970204,0.0,0.5016963058785526,0.08108407699134368,7.403709847069839,8.563173910902309,1.1594640638324698,0.9639966462207268,0.5016963058785526,0.10474942261882259,0.8371428571428572,1.0084210526315789,0.1712781954887217,0.5016963058785526,0.9639966462207268,-0.0075001693524621715,-1.6988662874400224,-1.512843640710117,0.18602264672990554,0.9639966462207268,0.5016963058785526,0.01603594992546642,ok,ok,ok
nebDFT2k:mp-1284600_2_7_0_0_0,relaxed,final Li endpoint appended to initial NEB image,10.241206107181961,2.6422843717756948,-0.42838714985996773,10.878363931385469,0.8328571428571427,10.464817934907067,11.662164107422917,1.19734617251585,1.0,0.49428844416301165,0.017680002234954806,7.974560118152146,8.976707919702902,1.0021478015507554,1.0,0.49428844416301165,0.013636185493151487,0.8626666666666668,1.0300000000000002,0.16733333333333344,0.49428844416301165,1.0,-0.002486550839883306,-1.598478318666701,-1.4366166463505812,0.16186167231611992,1.0,0.49428844416301165,0.0034043574253297404,ok,ok,ok
nebDFT2k:mp-1295192_1_1_1_0_0,relaxed,final Li endpoint appended to initial NEB image,11.24846797707381,4.7273663446020295,-0.24239079997233984,12.458073371283877,0.6933333333333334,11.874067498208781,12.682951587844178,0.8088840896353968,0.5437809310550051,0.8581661683179587,0.03872377636252278,7.319294661031688,8.110317376719225,0.7910227156875367,1.0,0.7069097101064155,0.020385931519764533,0.6753846153846155,0.77,0.09461538461538455,0.17451791595823374,0.5437809310550051,-0.006822821445922389,-1.9500064383557265,-1.2960428395148984,0.6539635988408281,1.0,0.5437809310550051,-0.006628919368717012,ok,ok,ok
nebDFT2k:mp-1295192_3_3_1_0_0,relaxed,final Li endpoint appended to initial NEB image,11.23297420788867,4.727174685056631,-0.2420907682998802,12.447180455111024,0.6933333333333334,11.750199164727245,12.636792910336043,0.8865937456087973,0.5426473604661236,0.17457906052313127,0.04173289014101478,7.315633106688615,8.117588270563267,0.801955163874652,0.0,0.7042181063576753,0.02194828909347768,0.6753846153846154,0.7699999999999999,0.09461538461538455,0.17457906052313127,0.5426473604661236,-0.00016078618774728604,-1.9502788332548207,-1.2933519895346022,0.6569268437202185,0.0,0.5426473604661236,-0.007670910347891358,ok,ok,ok
nebDFT2k:mp-1297766_1_5_1_-1_0,relaxed,final Li endpoint appended to initial NEB image,6.982391593256374,5.0866873725032535,,10.200724597781386,0.91,9.43036505742014,10.65257547945689,1.222210422036751,0.5497729453753695,0.8542203660966021,-0.08579996118778954,7.194205569803042,8.589025256605366,1.3948196868023235,0.3540816765061865,0.8542203660966021,-0.10450466315266915,0.91125,1.0810526315789477,0.1698026315789477,0.3540816765061865,1.0,-0.012122929629385049,,,,,,,partial_oxidation_missing,missing: ValueError: Valences cannot be assigned!,missing: ValueError: Valences cannot be assigned!
nebDFT2k:mp-1306251_7_5_1_1_0,relaxed,final Li endpoint appended to initial NEB image,10.402318677522796,4.108071982072011,-0.18661851263359908,10.734006483878552,1.08,10.406533818517342,10.909641890485085,0.503108071967743,0.4997096557228791,0.7502200937005191,-0.0018316531929807311,10.292839071929308,11.660953996129274,1.3681149241999666,0.24919202437035542,0.4997096557228791,-0.001591774926405165,0.975,1.1144444444444446,0.1394444444444446,0.4997096557228791,0.0,-5.617568324889355e-05,-0.6595664142552741,-0.4692275927990287,0.19033882145624537,0.0,0.4997096557228791,-0.0004211860895834141,ok,ok,ok
nebDFT2k:mp-1314006_1_0_0_1_-1,relaxed,final Li endpoint appended to initial NEB image,11.754238000479729,3.652960887093188,-0.40988872186038805,12.197255392135432,0.784,10.979174856484194,12.287368515200349,1.3081936587161547,0.4996120907342132,0.0,-0.0020760513308326622,5.5514357399610645,6.217183737058871,0.6657479970978066,0.0,0.2471365136142584,-0.0004988300911814569,0.66,0.8775,0.21749999999999992,0.4996120907342132,0.2471365136142584,1.9278398961652954e-05,-2.0,-1.8825868292393486,0.11741317076065139,0.4996120907342132,1.0,1.0993073189080604e-05,ok,ok,ok
nebDFT2k:mp-1320203_8_0_0_1_0,relaxed,final Li endpoint appended to initial NEB image,9.739560941459347,2.629077401977261,,10.145144124033566,0.8328571428571429,9.378598591235836,10.74668047100062,1.3680818797647838,1.0,0.44501009660995017,0.1735304188480633,7.373314232054027,8.366655025734907,0.99334079368088,1.0,0.44501009660995017,0.0748570480115136,0.8328571428571429,0.96375,0.13089285714285714,0.44501009660995017,1.0,0.01767180229313503,,,,,,,partial_oxidation_missing,missing: ValueError: Valences cannot be assigned!,missing: ValueError: Valences cannot be assigned!
nebDFT2k:mp-1641416_3_9_0_0_0,relaxed,final Li endpoint appended to initial NEB image,11.244699993094981,2.4202131800755473,-0.26464427546029373,13.32366973642145,0.9057894736842104,11.791670674712407,14.220525762572523,2.428855087860116,0.8755809451957648,0.48018176146823954,0.21539766617970724,8.357197936964189,9.320639742507275,0.963441805543086,0.696569829594218,0.8755809451957648,-0.04128514359620805,0.956818181818182,1.006470588235294,0.049652406417111994,0.48018176146823954,1.0,-0.006468482958654709,-1.4125726322910335,-1.265905254736849,0.14666737755418446,0.0,0.8755809451957648,-0.02150887619898756,ok,ok,ok
nebDFT2k:mp-25463_4_10_1_0_0,relaxed,final Li endpoint appended to initial NEB image,12.069103874284798,3.3769317472594604,,12.276638298130093,0.7842857142857144,12.069103874284796,13.53241697011656,1.463313095831765,0.0,0.500154217899232,0.0014280117283984595,6.4768515620787355,7.3873275716864475,0.910476009607712,0.500154217899232,0.23905334162555036,0.0007597115263151544,0.8142105263157895,0.9089473684210526,0.09473684210526312,0.500154217899232,0.0,1.1704916763444206e-05,-1.8111113616904255,-1.4957365323093206,0.31537482938110495,0.0,0.500154217899232,-4.4937309144787996e-05,partial_oxidation_missing,missing: KeyError: np.int64(4),ok
nebDFT2k:mp-25465_1_0_0_0_1,relaxed,final Li endpoint appended to initial NEB image,10.415886344509449,4.263292882198065,-0.4247747071823885,12.059140869939892,0.6773333333333333,12.059140869939892,12.193461038064246,0.1343201681243542,0.0,0.5007074775551652,-0.00017685814263401767,7.121562523159473,8.048900265007683,0.92733774184821,1.0,0.5007074775551652,-0.0007795521999480748,0.6773333333333333,0.7641176470588236,0.08678431372549023,0.0,0.24514140994388472,-2.2201805823129916e-05,-1.787077290261648,-1.5543221902078335,0.2327551000538146,0.0,0.5007074775551652,-0.00020708814166026102,ok,ok,ok
nebDFT2k:mp-25465_1_0_1_0_1,relaxed,final Li endpoint appended to initial NEB image,11.034906580599976,2.7523041646697597,-0.5111703529971241,11.717019722395438,0.6849999999999999,11.852178926237539,12.036169920174085,0.18399099393654694,0.0,0.8185084961746997,-3.9895281505053504e-05,6.56925394026667,6.802573471805338,0.23331953153866802,0.8185084961746997,0.5554087703244459,0.033026514280842356,0.6407142857142858,0.77,0.12928571428571423,0.0,0.5554087703244459,-0.0011390586107062894,-1.8082194027839338,-1.6542001450445605,0.1540192577393733,1.0,0.5554087703244459,-0.0024910867059867448,ok,ok,ok
nebDFT2k:mp-26247_6_9_0_0_0,relaxed,final Li endpoint appended to initial NEB image,11.375570037318694,2.874808762614238,-0.2829526555580074,12.47718344313696,0.9052941176470588,11.72709612298734,12.653749978350193,0.9266538553628525,0.0,0.49617295196770234,-0.02738082824376864,6.472726252822205,7.881099181621418,1.4083729287992135,1.0,0.49617295196770234,0.017599761647487444,0.881875,0.9773684210526316,0.09549342105263159,0.49617295196770234,0.23939934388182418,0.0035543439054307457,-1.6469726078116378,-1.4369982515607624,0.20997435625087535,1.0,0.49617295196770234,0.004254114391287311,ok,ok,ok
nebDFT2k:mp-26351_0_2_0_0_0,relaxed,final Li endpoint appended to initial NEB image,11.062120718200994,4.923068381986472,-0.25102447186916893,11.772726265744318,0.8261111111111111,11.692553175403303,12.700128041070785,1.0075748656674826,1.0,0.3352985492308495,0.1288525600514907,7.226592773263322,9.443719588869126,2.2171268156058037,1.0,0.6947733112280006,-0.26096929252086376,0.8261111111111111,0.951764705882353,0.12565359477124183,0.3352985492308495,0.16281433319504238,0.01014865828509065,-1.9120329108062653,-1.2255273879700594,0.6865055228362058,0.16281433319504238,0.5274727154051682,-0.10527419730231691,ok,ok,ok
nebDFT2k:mp-26721_0_1_0_0_0,relaxed,final Li endpoint appended to initial NEB image,12.052089335103323,4.943971860280308,-0.24904806490276954,12.507418095100116,0.66,12.236877911372789,15.039112729582683,2.802234818209895,1.0,0.5806857250995764,0.2190152461848962,5.530616683591911,10.641921675573982,5.111304991982071,0.0,0.5806857250995764,-0.2722754624873547,0.66,0.8516666666666667,0.19166666666666665,0.0,0.4173804827744659,-0.0016427656479593433,-2.0,-1.7287193109841241,0.2712806890158759,0.0,0.5806857250995764,-0.014222014990421972,ok,ok,ok
nebDFT2k:mp-26965_0_2_0_1_0,relaxed,final Li endpoint appended to initial NEB image,13.270363224652105,3.869874506238763,,15.380174637234585,0.8266666666666667,13.54252418359379,15.11306262838585,1.57053844479206,0.0,0.2697037241661076,0.06706548254736777,5.549465239354927,7.387649164641041,1.8381839252861143,0.0,0.5473914696125114,-0.15760111197576876,0.7831250000000001,0.8494444444444444,0.06631944444444438,1.0,0.5473914696125114,0.008732060252613194,-1.8995805507355534,-1.8432584921154247,0.056322058620128734,0.2697037241661076,0.5473914696125114,-0.013436531769756788,partial_oxidation_missing,missing: KeyError: np.int64(4),ok
nebDFT2k:mp-28030_17_16_0_1_-1,relaxed,final Li endpoint appended to initial NEB image,9.673851081636478,2.59230845331807,-0.3268929875266359,10.822001281178467,0.9266666666666667,10.963258344946597,11.214817421446488,0.2515590764998912,1.0,0.23890580883007476,0.03271498217601909,7.921404151718363,8.239855631464017,0.31845147974565435,0.7633123432374008,0.5050866013881734,0.015446598094524866,1.002857142857143,1.0657142857142858,0.06285714285714294,0.5050866013881734,0.0,0.000595574319382175,-1.4362802451286834,-1.4109431450629584,0.025337100065724982,0.0,0.5050866013881734,0.0006831931333177721,ok,ok,ok
nebDFT2k:mp-28030_30_31_0_0_0,relaxed,final Li endpoint appended to initial NEB image,10.126414261815368,2.654115753360026,-0.3572849583811723,10.891246965684132,0.9266666666666667,11.025358442206961,11.305211732585212,0.27985329037825046,1.0,0.7611470683787279,-0.03307591245886332,8.019285996295487,8.467997022275435,0.4487110259799483,0.23640679614960847,0.49429258908522233,-0.015308895658888488,0.9538461538461539,1.0657142857142858,0.11186813186813194,0.49429258908522233,0.0,0.007079672918689051,-1.3987500343898056,-1.3300308317086205,0.06871920268118514,0.0,0.49429258908522233,-0.0002243200963454317,ok,ok,ok
nebDFT2k:mp-28030_2_22_0_0_0,relaxed,final Li endpoint appended to initial NEB image,9.257958943593527,2.7405452972964115,-0.2866624466226491,10.46588258084709,0.8784615384615384,9.729048523023716,10.792556918283472,1.0635083952597562,1.0,0.203546473425475,0.2117074680709745,7.464768539502277,8.32809889174989,0.8633303522476137,0.42959935330917626,0.0,0.05683127040071323,0.9071428571428571,1.0444444444444443,0.13730158730158715,0.42959935330917626,0.0,0.001268400219621324,-1.641177889418629,-1.3910920224999181,0.25008586691871093,1.0,0.0,0.07206305768766796,ok,ok,ok
nebDFT2k:mp-28548_0_8_0_0_0,relaxed,final Li endpoint appended to initial NEB image,8.679337802030169,1.6201133908924532,-0.23593038747676204,11.737486316001622,0.983529411764706,10.938264140541124,11.790721106006485,0.8524569654653611,0.0,0.5299752779190913,-0.06721040284882474,9.150873440671688,10.29798702571784,1.1471135850461511,0.0,0.5299752779190913,-0.07401227936806976,0.9835294117647058,1.0240000000000002,0.04047058823529448,0.5299752779190913,0.7717044850655247,-0.0044138593402363036,-1.0321670976722004,-0.9684975563753653,0.06366954129683511,0.0,1.0,-0.008061928795462747,ok,ok,ok
nebDFT2k:mp-29040_4_3_0_1_1,relaxed,final Li endpoint appended to initial NEB image,8.658549064857944,3.3185278838870778,-0.3187416581631374,8.963601142771122,0.57,8.658549064857944,10.363243897607218,1.704694832749274,0.0,0.676552909181965,-0.06821972458550274,5.29042491595633,6.473974584097267,1.1835496681409365,0.4338303284885611,0.13895430810338333,-0.009076005130358222,0.57,0.5700000000000001,1.1102230246251565e-16,0.0,0.4338303284885611,0.0,-1.0,-1.0,0.0,0.0,0.0,0.0,ok,ok,ok
nebDFT2k:mp-29040_0_5_0_0_0,relaxed,final Li endpoint appended to initial NEB image,9.245737984222474,5.296710612957457,-0.30408063473607816,12.150097880608316,0.57,9.2455344438558,10.814166978524101,1.5686325346683017,1.0,0.499898680599287,-0.007830088866426443,6.42125164687012,7.343756643534424,0.922504996664304,1.0,0.499898680599287,-0.001762542499214259,0.57,0.6345454545454546,0.06454545454545468,0.0,0.16709597558502112,-0.0007809043101259516,-1.0,-0.9988320257001779,0.0011679742998220721,0.0,0.33834981639985595,3.2343453915395504e-05,ok,ok,ok
nebDFT2k:mp-29040_1_3_0_0_0,relaxed,final Li endpoint appended to initial NEB image,8.692510742938387,3.6688635456801313,-0.2528164075808318,10.464385555668862,0.57,8.692510742938387,10.34352466633753,1.6510139233991428,0.0,0.3164901637586042,0.10512370440909269,5.949631619929779,6.427229113354791,0.47759749342501223,0.3164901637586042,1.0,-0.12392992295606575,0.57,0.5700000000000001,1.1102230246251565e-16,0.0,0.3164901637586042,0.0,-1.0,-1.0,0.0,0.0,0.0,0.0,ok,ok,ok
nebDFT2k:mp-34038_3_4_0_1_0,relaxed,final Li endpoint appended to initial NEB image,20.139284878837937,3.8543653081810194,-0.11282579067283412,20.946612326746717,1.1128571428571425,20.157561184594755,22.426659485724816,2.269098301130061,0.0,0.23328122653138214,0.2565895447912876,5.863399913796313,7.472018189452159,1.6086182756558465,0.0,0.8052876887938439,-0.29333475252084984,1.1175,1.188235294117647,0.07073529411764712,0.5164384817128834,1.0,0.008422142621562934,-0.7348510517719176,-0.6057474155918132,0.12910363618010434,0.0,1.0,-0.026065696739119015,ok,ok,ok
nebDFT2k:mp-34038_0_2_0_0_1,relaxed,final Li endpoint appended to initial NEB image,11.315181929807226,3.2090636168496243,-0.12981307106364004,14.089014773570288,1.108125,11.41852278913599,17.802034586444375,6.383511797308385,0.0,0.7173981958196917,-1.8704614269388715,9.402276621274828,11.215416216719785,1.813139595444957,0.39652494959798124,0.18583016359857726,-0.11883646267985704,1.114,1.2089473684210528,0.09494736842105267,0.18583016359857726,1.0,-0.03529330211550652,-0.5575262581671353,-0.41163734102409577,0.14588891714303953,1.0,0.7173981958196917,0.0052037381169797725,ok,ok,ok
nebDFT2k:mp-34038_2_0_0_1_-1,relaxed,final Li endpoint appended to initial NEB image,10.050515581490501,3.208472652725462,-0.047002855378187824,17.69091557593005,1.145833333333333,11.417299327126438,17.765751324392333,6.3484519972658955,1.0,0.2827090918956829,1.867089662047821,9.41038406299166,11.224549095629573,1.8141650326379128,0.602885472318205,0.8135568152369422,0.11089054691032008,1.1139999999999997,1.205,0.09100000000000041,0.8135568152369422,0.0,0.034744985930614924,-0.556998131190555,-0.41076720224396274,0.14623092894659223,0.0,0.2827090918956829,-0.004013180900634128,ok,ok,ok
nebDFT2k:mp-34038_0_1_1_1_0,relaxed,final Li endpoint appended to initial NEB image,11.247538593487304,2.429755159412936,-0.1387691733879754,14.990845505863115,1.1139999999999999,12.613950873308614,15.567911612941769,2.953960739633155,0.0,0.7852138459973392,-0.67590883019089,7.016623155780971,9.9638478033027,2.947224647521729,1.0,0.44788758890002944,0.6852039558128409,1.1139999999999999,1.1952631578947368,0.08126315789473693,0.44788758890002944,1.0,-0.019437886479680144,-0.7212218798139405,-0.35777863003272786,0.3634432497812126,1.0,0.44788758890002944,0.07211513383467397,ok,ok,ok
nebDFT2k:mp-34038_4_4_0_1_0,relaxed,final Li endpoint appended to initial NEB image,20.475617977865735,3.5898792967346784,-0.12882423520394454,21.049662173005775,1.1128571428571425,20.7092990219775,21.737461630184225,1.0281626082067241,0.5036568753743105,0.2524096796317341,0.038720211321983555,6.538578048277659,7.484551175756769,0.9459731274791094,0.0,0.7532914197437872,-0.007874955627881874,1.0999999999999999,1.1705263157894739,0.07052631578947399,0.5036568753743105,1.0,-0.002762200877451937,-0.6960701734558401,-0.6463186925938172,0.04975148086202286,0.7532914197437872,0.0,0.001599389916703553,ok,ok,ok
nebDFT2k:mp-34038_0_0_1_-1_0,relaxed,final Li endpoint appended to initial NEB image,7.061379463549111,3.562866906243832,0.06958135294745678,11.908309017987454,1.1284615384615382,11.808275114726907,12.606177502358364,0.7979023876314564,0.7597120192368944,0.4994135637924773,0.006512754722873382,9.999276680019394,12.102821937842227,2.1035452578228337,0.7597120192368944,0.0,0.006258056583941851,1.1139999999999999,1.152,0.038000000000000034,0.4994135637924773,0.23894263767525123,-3.1962235528926186e-05,-0.5101984755643862,-0.24653980788699512,0.2636586676773911,1.0,0.4994135637924773,0.00036596229140564707,ok,ok,ok
nebDFT2k:mp-3635_0_3_0_0_0,relaxed,final Li endpoint appended to initial NEB image,10.213149731312171,3.193879229186359,-0.27675610567871667,10.447366083971215,0.7825,10.17923767924939,11.032043546946603,0.8528058676972137,1.0,0.19421831188470318,0.16490272018511742,6.440512492169377,8.168537515850508,1.7280250236811305,0.0,0.42898846354806386,0.13883469518266311,0.79375,0.8741176470588236,0.0803676470588236,0.42898846354806386,1.0,-2.1128892436772517e-05,-1.6687971564360893,-1.4649607663944457,0.20383639004164356,0.0,0.42898846354806386,0.009618116152399048,ok,ok,ok
nebDFT2k:mp-4002_0_1_0_0_0,relaxed,final Li endpoint appended to initial NEB image,7.825901447316774,2.6544200689772217,-0.37367284291506747,8.751400973673498,0.5700000000000001,7.847019350723964,9.528189016106127,1.6811696653821633,1.0,0.5056927556244142,-0.0004961581182794106,5.803518508951264,6.107055282699133,0.3035367737478696,0.5056927556244142,0.2380085894775089,0.0027408575398344404,0.57,0.5700000000000001,1.1102230246251565e-16,0.0,0.5056927556244142,-5.551115123125783e-17,-1.0,-1.0,0.0,0.0,0.0,0.0,ok,ok,ok
nebDFT2k:mp-4117_3_0_1_0_1,relaxed,final Li endpoint appended to initial NEB image,5.827733623053657,5.351175374935787,-0.27406268767751724,11.293510736551415,0.891,9.238127446532676,11.778801094674888,2.540673648142212,0.7596720709466186,0.14114227012531813,0.6457175492352221,5.982113487984102,7.465493977017267,1.4833804890331646,1.0,0.3723756449520324,0.1084255631865707,0.804375,0.9313636363636365,0.12698863636363655,0.8741025921523858,0.0,0.017447406582721814,-1.7426329479274667,-1.30695231031476,0.4356806376127067,1.0,0.6030053399418609,-0.0739491786955423,ok,ok,ok
nebDFT2k:mp-556655_0_7_0_1_-1,relaxed,final Li endpoint appended to initial NEB image,11.493129118366948,3.5057359785208138,-0.3663562350153141,11.937845036145816,0.82,11.940004447410143,12.101406993909034,0.1614025464988913,0.5026881952662862,0.7532319512660044,-0.0018657037838654134,6.403150602840825,8.423554317018768,2.0204037141779425,1.0,0.5026881952662862,-0.004326317903045052,0.7933333333333334,0.8566666666666668,0.06333333333333335,0.5026881952662862,0.7532319512660044,0.00025865775091366006,-1.6263446756975681,-1.2859521664527824,0.3403925092447857,0.0,0.5026881952662862,-0.00044007975458826287,ok,ok,ok
nebDFT2k:mp-556655_1_4_0_0_0,relaxed,final Li endpoint appended to initial NEB image,11.906137746960841,2.805722127712794,-0.22419321855018146,14.161973938777269,0.805625,12.403316332822333,13.762855497643864,1.3595391648215305,0.0,0.5934829371502608,-0.26018583675787355,6.208671543873002,8.00905124470221,1.8003797008292084,0.0,0.5934829371502608,-0.341723230593062,0.805625,0.8917647058823529,0.08613970588235287,0.5934829371502608,1.0,-0.003992376105315554,-1.7005228000296904,-1.5014571823656682,0.1990656176640222,0.0,0.5934829371502608,-0.008112403624963793,ok,ok,ok
nebDFT2k:mp-559680_0_2_0_0_1,relaxed,final Li endpoint appended to initial NEB image,11.205379870622473,4.895346172102071,-0.23505246941579147,11.43344277285049,0.7090909090909091,11.205344928276094,12.442083500189014,1.2367385719129196,1.0,0.7268604739832738,-0.23976191932730373,6.597103067164135,7.920158450117383,1.3230553829532479,1.0,0.4966032564983172,-0.15753648026106948,0.7090909090909091,0.8224999999999999,0.11340909090909079,0.0,0.10888363397176992,0.0114937868283424,-1.9997697753673467,-1.4012131673342807,0.598556608033066,0.939062697764742,0.4966032564983172,0.00532093363115782,ok,ok,ok
nebDFT2k:mp-567474_0_1_0_0_0,relaxed,final Li endpoint appended to initial NEB image,17.715360014886596,3.50315356671702,-0.23902385550718797,20.725316156749805,1.0816666666666666,18.84201285273072,23.782040180185945,4.940027327455226,1.0,0.48625420889551735,-0.0143601480042026,5.80064459330097,6.366449216855899,0.5658046235549286,0.48625420889551735,0.2255681147886797,0.013288763262401027,1.0199999999999998,1.1178571428571427,0.09785714285714286,0.48625420889551735,0.2255681147886797,0.010803322826438477,-1.0,-0.9913548413354858,0.008645158664514208,0.48625420889551735,0.2255681147886797,-2.8931708619950314e-05,ok,ok,ok
nebDFT2k:mp-6745_0_1_1_0_0,relaxed,final Li endpoint appended to initial NEB image,10.861764326184359,4.6065107448251394,-0.37593624442808565,11.977895813857488,0.7030769230769232,11.977895813857494,12.160849743526915,0.1829539296694218,0.0,0.8361910682084707,-0.00011774373139772365,7.568303097641993,8.285774480189232,0.717471382547239,0.49983315699548403,0.8361910682084707,-0.00036988072798660454,0.7030769230769232,0.7723529411764707,0.06927601809954753,0.0,0.6714378636403794,7.22562153765427e-06,-1.9996680081911584,-1.5003347103394524,0.499333297851706,1.0,0.49983315699548403,-2.3898642507513834e-05,ok,ok,ok
nebDFT2k:mp-6745_0_1_0_0_0,relaxed,final Li endpoint appended to initial NEB image,10.175104555995434,5.001574664069773,-0.34171403622978663,11.882577434484041,0.7030769230769232,11.755676946316292,12.244506892431268,0.48882994611497566,0.6645093351141923,0.32604614740730886,0.09640533759273051,7.482204327874607,8.350056052415207,0.8678517245405999,0.4924294596502895,0.16792584162259547,-0.046860243830204595,0.7030769230769232,0.7723529411764706,0.06927601809954742,0.0,0.4924294596502895,-0.0005591478776756365,-1.9999727495458297,-1.5265752331904923,0.47339751635533744,1.0,0.4924294596502895,-0.0010457495891424973,ok,ok,ok
nebDFT2k:mp-752552_2_7_0_1_1,relaxed,final Li endpoint appended to initial NEB image,13.100790026896092,3.211936981140544,,14.352559490174267,0.7905,13.28363436609247,14.292625483304729,1.0089911172122594,0.7747833215320309,0.5233164586765494,-0.006192276676637576,7.118323088251184,7.693840017346848,0.5755169290956639,0.7747833215320309,0.5233164586765494,-0.0024544658375025286,0.7921052631578946,0.8043750000000001,0.012269736842105416,0.7747833215320309,0.5233164586765494,-0.0004050327410106691,-1.8643752619934408,-1.7105715651843412,0.15380369680909967,0.2526027057687523,1.0,-0.003386385535229186,partial_oxidation_missing,missing: KeyError: np.int64(3),ok
nebDFT2k:mp-752552_0_7_0_0_1,relaxed,final Li endpoint appended to initial NEB image,13.038588379149619,3.2121580909767893,,14.277418730282584,0.7921052631578946,13.147553710320022,14.19528877393737,1.047735063617349,0.7702807126665346,0.5065787588776527,-0.0028717748656559294,7.124223268471139,7.6855268731051165,0.5613036046339772,0.7702807126665346,0.5065787588776527,-0.0015248478355003314,0.7855,0.8470588235294118,0.06155882352941178,0.0,0.5065787588776527,-0.0004651854954308976,-1.8698618615430096,-1.7140382508549175,0.15582361068809214,0.5065787588776527,0.0,0.00016643568437479939,partial_oxidation_missing,missing: KeyError: np.int64(3),ok
nebDFT2k:mp-752707_0_2_0_0_0,relaxed,final Li endpoint appended to initial NEB image,10.523786845539291,3.05206161232977,,11.888658060847341,0.85,10.756116558489678,11.99020556843826,1.2340890099485815,0.0,0.27560734485414146,-0.042369900770296454,6.424609540634679,8.468971851013215,2.0443623103785367,0.0,0.8062354116706649,-0.3790188732647577,0.8686956521739132,0.9589473684210525,0.09025171624713935,1.0,0.27560734485414146,0.014056227536624388,,,,,,,partial_oxidation_missing,missing: ValueError: Valences cannot be assigned!,missing: ValueError: Valences cannot be assigned!
nebDFT2k:mp-753109_2_0_1_0_-1,relaxed,final Li endpoint appended to initial NEB image,9.686303851740387,2.658059695727692,-0.35498537202387737,9.881377551752019,0.8606666666666667,9.78166036955261,11.011951114273002,1.2302907447203921,1.0,0.5017724812141611,-0.033283111959121925,7.7421362285488176,8.562264153169819,0.8201279246210014,1.0,0.5017724812141611,-0.04075971242918541,0.8866666666666667,0.9922222222222222,0.10555555555555551,0.5017724812141611,0.0,0.0027296434923710367,-1.588634473886698,-1.3663801691526738,0.2222543047340242,1.0,0.5017724812141611,-0.0032330908609552456,ok,ok,ok
nebDFT2k:mp-753126_0_1_1_1_0,relaxed,final Li endpoint appended to initial NEB image,6.778739084684699,5.157183661636668,0.02876549265966431,12.567016215595796,0.8115384615384615,12.469592957277957,14.383982612420025,1.9143896551420685,0.3459228192136926,0.6764983896544596,-0.38022152375689533,7.003688852419015,9.121632267502013,2.1179434150829985,0.0,0.5100057145698754,-0.13503384070770785,0.8326666666666667,0.974,0.1413333333333333,0.6764983896544596,0.0,0.01686858210550829,-1.733574965211181,-1.2184328950386758,0.5151420701725051,0.0,0.6764983896544596,-0.058184057341320594,ok,ok,ok
nebDFT2k:mp-753204_0_2_0_0_0,relaxed,final Li endpoint appended to initial NEB image,12.309202120528855,2.825119911911118,-0.26341807487770996,13.28499054167078,0.9010526315789472,11.794941336106389,13.90092495546546,2.105983619359071,1.0,0.5365042492451381,-0.0038226603799627057,5.901444810268154,7.891224376933382,1.989779566665228,1.0,0.5365042492451381,0.02599423021104874,0.8764705882352941,0.9490000000000001,0.07252941176470595,0.5365042492451381,1.0,-0.013868745527989113,-1.6883809694001706,-1.5449790687115055,0.1434019006886651,0.0,0.5365042492451381,-0.011570892877078576,ok,ok,ok
nebDFT2k:mp-753340_2_3_0_0_0,relaxed,final Li endpoint appended to initial NEB image,9.451930862789304,3.4126072499999998,-0.28474998972808846,10.7471613730744,0.73,9.451930862789304,11.987980694243046,2.5360498314537416,0.0,0.6507477674463908,-0.27492772572602764,5.2950448014514855,6.331998252264553,1.0369534508130673,0.6507477674463908,0.3416682643427635,0.26885024451107276,0.57,0.7636363636363637,0.19363636363636372,0.6507477674463908,0.0,0.03532553312624909,-1.0,-0.9749647888571944,0.025035211142805602,0.6507477674463908,0.0,0.0053743849757492135,ok,ok,ok
nebDFT2k:mp-753477_6_2_0_1_0,relaxed,final Li endpoint appended to initial NEB image,17.720986505440237,2.049739693492023,-0.2235995397253041,24.272513648491366,1.1817647058823528,20.829826273648944,22.81839520341467,1.9885689297657265,0.7360201220380022,0.0,0.05624895345107994,8.171974964587445,8.81400571567276,0.6420307510853149,0.0,1.0,-0.08446597215508511,1.207857142857143,1.2293749999999999,0.021517857142856922,0.9958441665308412,0.7360201220380022,0.0008297815659081831,-1.0405812427531367,-0.7599356810963721,0.2806455616567646,0.9958441665308412,0.7360201220380022,-0.033389463590277335,ok,ok,ok
nebDFT2k:mp-753791_0_2_1_1_0,relaxed,final Li endpoint appended to initial NEB image,13.315263577921085,4.954778642746825,-0.36895317753751705,14.439234721428305,0.8164285714285714,13.315263577921083,14.819895313251518,1.5046317353304346,0.0,0.6957633955723733,-0.07711867188018573,5.328800473284823,7.561682017635168,2.232881544350345,1.0,0.6957633955723733,-0.09176728481061858,0.7864285714285714,0.8894444444444444,0.103015873015873,1.0,0.5217313718149925,-0.008708831204660816,-1.9393970354708994,-1.6469149007957453,0.29248213467515405,0.0,0.6957633955723733,-0.05720429651949177,ok,ok,ok
nebDFT2k:mp-753882_0_1_1_0_-1,relaxed,final Li endpoint appended to initial NEB image,12.582952465900645,4.105262938104632,,13.11413063134685,0.7870588235294117,12.693986980692218,13.750516883130853,1.0565299024386352,0.7704913450109939,0.522636731957384,0.07847008016031332,7.234277199230019,8.807169558073978,1.5728923588439594,1.0,0.522636731957384,0.04948955512368114,0.75625,0.8568181818181819,0.10056818181818195,0.522636731957384,0.0,-0.0018071254998128783,-1.4386028482941124,-1.231678957887903,0.2069238904062094,0.7704913450109939,0.522636731957384,0.0021057329874681896,partial_oxidation_missing,missing: KeyError: np.int64(4),ok
nebDFT2k:mp-753882_0_3_1_0_0,relaxed,final Li endpoint appended to initial NEB image,12.844495196775403,3.1172258861476982,,13.899425337772414,0.8,12.731993176382744,13.708706446712629,0.9767132703298849,1.0,0.49528769438095827,0.17714272550117371,7.288667277014368,8.175935208653215,0.8872679316388465,0.0,0.7553329082331757,-0.19114539036448752,0.793888888888889,0.8859999999999999,0.09211111111111092,0.49528769438095827,1.0,-0.0047951887988350594,-1.7886747860265537,-1.4906682595660232,0.2980065264605305,1.0,0.0,0.051094893798429686,partial_oxidation_missing,missing: KeyError: np.int64(4),ok
nebDFT2k:mp-753882_4_5_0_0_0,relaxed,final Li endpoint appended to initial NEB image,12.125822868232644,2.844368760769398,,14.192721029643538,0.7811764705882352,12.49069518255046,14.10087761400436,1.6101824314539002,1.0,0.4992445802338063,0.0018742147159569456,6.696713164908641,6.92050140065088,0.22378823574223894,0.4992445802338063,0.7614753160656513,0.00010337836710050397,0.7811764705882354,0.8778947368421053,0.09671826625386992,0.4992445802338063,0.0,0.0026144583398767796,-1.869917642974828,-1.683139030526106,0.18677861244872207,1.0,0.4992445802338063,0.00034596390733310223,partial_oxidation_missing,missing: KeyError: np.int64(4),ok
nebDFT2k:mp-753882_3_2_0_1_0,relaxed,final Li endpoint appended to initial NEB image,12.143573742718345,3.4119445567301194,,12.492154207222692,0.7842857142857144,12.143573742718347,13.918042662464854,1.7744689197465071,0.0,0.4999155579213898,-0.0006400043745706796,6.352463860180053,7.383728323328438,1.0312644631483856,0.4999155579213898,0.2368551880994075,-8.033107613236723e-05,0.8323529411764706,0.917,0.08464705882352941,0.4999155579213898,0.0,-1.3589242579048477e-05,-1.8237096423580186,-1.5620577538144824,0.26165188854353616,0.0,0.4999155579213898,8.566572973001119e-05,partial_oxidation_missing,missing: KeyError: np.int64(4),ok
nebDFT2k:mp-753899_0_3_0_0_0,relaxed,final Li endpoint appended to initial NEB image,6.637871208374591,5.5976696858000095,-0.17528162122955251,10.783067606555095,0.7,8.421036588864895,11.08585807127229,2.664821482407394,0.4979229381590541,0.16135787856313935,0.0018277530242869489,6.840985439163917,9.645739785188693,2.804754346024777,0.0,0.4979229381590541,0.01851572344453567,0.7,0.7866666666666666,0.08666666666666667,0.0,0.4979229381590541,0.0004306750816276961,-1.9961754593856254,-0.742816864424602,1.2533585949610233,0.0,0.4979229381590541,0.0011919000755306053,ok,ok,ok
nebDFT2k:mp-754292_1_2_0_0_0,relaxed,final Li endpoint appended to initial NEB image,11.349517310739701,4.559738412598028,-0.2512799980869657,12.681013552650647,0.8613333333333332,12.623383197927106,12.992595402512945,0.36921220458583903,0.5000176436747087,0.8470084444470044,-0.0007102360743731495,7.85931664699709,10.76908968696151,2.909773039964419,0.0,0.5000176436747087,0.00038706367774299366,0.7742857142857142,0.9026315789473683,0.1283458646616541,0.5000176436747087,0.0,1.718772744130348e-06,-1.3610702973896611,-0.9654031920438607,0.3956671053458004,1.0,0.5000176436747087,9.618362808105907e-05,ok,ok,ok
nebDFT2k:mp-754292_7_5_0_1_0,relaxed,final Li endpoint appended to initial NEB image,11.430329195682702,2.9137917879641946,-0.39604121807174864,11.876195264598032,0.7821428571428573,11.897491887551556,13.268620281575565,1.3711283940240087,0.0,0.5002653463884057,-0.0023128663391593918,6.3006595744016085,7.480553491416478,1.1798939170148692,0.5002653463884057,1.0,0.0010510448683356266,0.7740000000000001,0.857857142857143,0.08385714285714285,0.5002653463884057,0.0,3.6494862945268824e-05,-1.6806188824217347,-1.4980430797774626,0.1825758026442721,0.0,0.5002653463884057,-0.00021509871560698723,ok,ok,ok
nebDFT2k:mp-754292_1_7_0_0_0,relaxed,final Li endpoint appended to initial NEB image,12.568117501557223,3.1537776584339094,-0.25184965474334847,14.432737756458106,0.7852941176470588,12.69748543592214,14.202885500967385,1.5054000650452455,0.0,0.3369840226254771,-0.014004268463979841,7.54066915628172,8.221035592010818,0.6803664357290975,1.0,0.3369840226254771,0.019548425053114826,0.8465,0.9421052631578947,0.09560526315789464,0.0,1.0,-0.0148520852807148,-1.7299933178408042,-1.3020510680488913,0.427942249791913,1.0,0.3369840226254771,0.11423521136016812,ok,ok,ok
nebDFT2k:mp-754292_0_3_0_0_0,relaxed,final Li endpoint appended to initial NEB image,11.350503532425499,4.559028412862692,-0.25131597378460635,12.68238492240386,0.8613333333333332,12.62443078939744,12.992501175591558,0.3680703861941179,0.49928417041787265,0.8469179102289256,-0.0011098461852396824,7.8602087025461485,10.768291527763456,2.908082825217307,1.0,0.49928417041787265,0.002178772841964438,0.7742857142857142,0.9026315789473683,0.1283458646616541,0.49928417041787265,0.0,-9.165816878053956e-05,-1.360984928771169,-0.965574570982483,0.39541035778868605,1.0,0.49928417041787265,0.00016698799641445827,ok,ok,ok
nebDFT2k:mp-754292_0_3_1_0_0,relaxed,final Li endpoint appended to initial NEB image,10.99192598863316,4.400837276852707,-0.20890659407281487,12.5726159321651,0.81,12.571695702378483,13.373358412359162,0.801662709980679,1.0,0.4985794987212232,0.004494294964723977,8.024504331907458,9.27992228959511,1.2554179576876514,0.0,0.4985794987212232,0.002172433128716733,0.8079999999999999,0.8995000000000001,0.09150000000000014,0.4985794987212232,0.0,-0.00014663858327157442,-1.3560686940900621,-0.9595707789303568,0.39649791515970534,0.0,0.4985794987212232,0.00016526025906715702,ok,ok,ok
nebDFT2k:mp-754292_3_9_0_0_0,relaxed,final Li endpoint appended to initial NEB image,12.567704673416968,3.1540725881032703,-0.2518349461594514,14.432471972756765,0.7852941176470589,12.696714313501083,14.203565440858819,1.506851127357736,0.0,0.3369693104662769,-0.013464435051691481,7.538401745583565,8.222246003145735,0.6838442575621695,1.0,0.3369693104662769,0.019675635064135832,0.8465,0.9421052631578949,0.09560526315789486,0.0,1.0,-0.014856570076045683,-1.7302956670914442,-1.3020315402004121,0.4282641268910321,1.0,0.3369693104662769,0.11425799320046626,ok,ok,ok
nebDFT2k:mp-754923_0_2_0_0_1,relaxed,final Li endpoint appended to initial NEB image,12.178301535707703,3.2656480291572314,-0.2427613085694248,13.293837977766877,0.935,12.28401206866346,15.651406986564936,3.3673949179014766,1.0,0.512256376155077,0.02419727071495892,5.9571916655606705,8.24749978242738,2.2903081168667088,0.0,0.512256376155077,-0.09031047949528137,0.935,1.0110526315789476,0.0760526315789476,0.512256376155077,0.8945227327649474,-0.0005698724433539915,-1.6534745808439903,-1.4970476676949975,0.15642691314899282,0.0,0.512256376155077,-0.007567373625612217,ok,ok,ok
nebDFT2k:mp-755369_6_3_0_0_1,relaxed,final Li endpoint appended to initial NEB image,5.99975596580129,5.096976633508874,-0.19961506581924898,9.838455981600303,0.8959999999999999,8.513569514002198,10.051725584096786,1.5381560700945887,0.5024474709272455,0.8879504810243782,-0.05603994356142028,7.209172559727717,7.845919678688385,0.6367471189606677,1.0,0.8879504810243782,0.02015938317450683,0.8586666666666666,1.0240909090909092,0.16542424242424258,0.30392929270521435,0.0,-0.008886703041210198,-1.7473004085909174,-1.0353759938581069,0.7119244147328105,0.0,0.5024474709272455,0.0002059820410037494,ok,ok,ok
nebDFT2k:mp-755369_6_0_1_0_1,relaxed,final Li endpoint appended to initial NEB image,9.591580880328422,2.8784110480475578,-0.3896316677106437,10.31882617225009,0.8285714285714285,9.577373368250623,10.801558657802941,1.2241852895523184,1.0,0.4988115140475913,0.04558017227047095,6.877530972775861,8.465933327755327,1.5884023549794657,1.0,0.4988115140475913,0.00118643197584678,0.8285714285714286,1.0222222222222224,0.19365079365079374,0.4988115140475913,1.0,-0.005782080145738999,-1.8050820164066823,-1.496086377605407,0.30899563880127534,1.0,0.4988115140475913,0.013269575895143548,ok,ok,ok
nebDFT2k:mp-755369_11_7_0_1_0,relaxed,final Li endpoint appended to initial NEB image,6.955472192633534,4.982517488548005,-0.12030498800489099,9.45213115306355,0.9,8.430041396276525,9.776345100245814,1.346303703969289,0.5015690572655702,0.9273047314953011,-0.02266243260887535,6.883493818600342,8.033684393749859,1.1501905751495167,0.0,0.13702918948016035,0.015265914334364528,0.8728571428571429,1.08,0.20714285714285718,0.7123458808207497,0.0,0.01835551047179418,-1.8012062518924847,-0.9630693513283571,0.8381369005641276,0.0,0.5015690572655702,0.008052916756263628,ok,ok,ok
nebDFT2k:mp-755369_2_0_1_0_1,relaxed,final Li endpoint appended to initial NEB image,7.000175343316635,5.046731184969457,-0.14297400748394576,9.529761626434853,0.9128571428571428,8.707511306356384,9.895714627572787,1.1882033212164025,0.49898573173389116,0.865323554548591,0.004262538056544862,6.7965152898339545,8.170034968135612,1.3735196783016574,0.0,0.13531897342732893,0.020558522922821787,0.88125,1.017,0.13574999999999993,0.31737916721525977,0.0,-0.00422725589656775,-1.8306306558309369,-0.9963273301048411,0.8343033257260958,0.0,0.49898573173389116,0.0022648765351016564,ok,ok,ok
nebDFT2k:mp-755369_10_8_1_-1_0,relaxed,final Li endpoint appended to initial NEB image,9.285856289890502,2.8260780546605173,-0.4137119399344692,9.795761483912036,0.8728571428571428,9.339491696640096,10.725233145651671,1.3857414490115758,1.0,0.5005199419103254,0.0015953495359726233,6.797530333193684,9.030976478488626,2.2334461452949412,1.0,0.5005199419103254,0.001528061869238151,0.8728571428571428,1.013125,0.14026785714285728,0.5005199419103254,0.0,0.00032195392541317647,-1.8170354267767104,-1.4739733359670835,0.3430620908096269,1.0,0.5005199419103254,-0.0004994993735427666,ok,ok,ok
nebDFT2k:mp-755369_1_4_0_0_1,relaxed,final Li endpoint appended to initial NEB image,6.927319602249093,5.096980557972303,-0.11081238815058589,9.709717634381562,0.9394444444444444,8.576330008830466,9.955521210160025,1.3791912013295597,0.5006107528929865,0.14202758578001984,0.006058177233169815,7.186552861864336,8.037003966899237,0.8504511050349004,0.32058242924435315,0.8625752922752484,-0.02590926997232268,0.88125,1.024090909090909,0.14284090909090896,0.32058242924435315,1.0,0.0025730219347239736,-1.7478724258074867,-1.0165393325604282,0.7313330932470585,1.0,0.5006107528929865,-0.004143183923805305,ok,ok,ok
nebDFT2k:mp-755369_3_5_1_1_0,relaxed,final Li endpoint appended to initial NEB image,9.4948321293515,2.8785693642156382,-0.40947953254031244,10.280091663837545,0.8285714285714285,9.571781750752582,10.80020885206023,1.2284271013076484,0.0,0.4983361824041962,-0.04782168451995883,6.87306385619789,8.464571656058226,1.5915077998603362,0.0,0.4983361824041962,-0.0019370253441857166,0.8285714285714286,1.0222222222222224,0.19365079365079374,0.4983361824041962,0.0,0.00891899413642866,-1.8058666732078272,-1.4963000048710076,0.3095666683368197,0.0,0.4983361824041962,-0.013235787021752765,ok,ok,ok
nebDFT2k:mp-755839_0_5_0_0_0,relaxed,final Li endpoint appended to initial NEB image,9.093073652269133,5.147776695044784,-0.17303899031374595,10.660707530136605,0.898235294117647,10.651001328332004,11.914619829688109,1.2636185013561043,1.0,0.2532805645994753,-0.01796137699887712,6.889536716115553,8.608066503347072,1.7185297872315184,0.4374729015191652,0.8083220936075147,-0.08009456901207335,0.852857142857143,0.9677777777777778,0.11492063492063487,0.2532805645994753,0.0,0.001059610330478522,-1.797722767142659,-1.5651344867261643,0.2325882804164947,0.4374729015191652,0.8083220936075147,-0.004320357462059943,ok,ok,ok
nebDFT2k:mp-756174_1_0_1_0_0,relaxed,final Li endpoint appended to initial NEB image,9.989825177210452,3.2512051000144973,-0.4101508351335165,10.715329611852544,0.7684615384615385,9.99154632911572,11.740693669884212,1.7491473407684932,1.0,0.5037683701501705,-0.000739483350987058,6.065389383076572,6.454660862571064,0.38927147949449203,0.5037683701501705,0.23204552926202227,0.002366577096759137,0.7015384615384617,0.8099999999999999,0.10846153846153828,0.5037683701501705,0.7717641344301801,-0.0075763469093384495,-1.9826964849709876,-1.84542391889074,0.13727256608024763,1.0,0.5037683701501705,0.00019059479098881837,ok,ok,ok
nebDFT2k:mp-756174_0_1_0_0_0,relaxed,final Li endpoint appended to initial NEB image,10.029567283779649,2.916430300009231,-0.45488264597096656,10.941189560559929,0.7542857142857143,10.101591150323854,12.038813483716721,1.9372223333928673,0.0,0.4999823771652167,2.2624413583471892e-05,6.040182552319111,6.498602984940691,0.4584204326215797,1.0,0.23432053164914857,2.7227450092759398e-05,0.7542857142857143,0.78,0.02571428571428569,0.4999823771652167,0.0,-6.827692096145199e-07,-1.9939403514579728,-1.8507830482347256,0.14315730322324716,0.0,0.4999823771652167,2.506144406444477e-07,ok,ok,ok
nebDFT2k:mp-756912_1_1_1_0_0,relaxed,final Li endpoint appended to initial NEB image,9.63027306901229,5.063391640919739,-0.1115955927210774,11.46225800241813,0.82,10.670952328299812,12.400158875518796,1.7292065472189844,0.8686750399854022,0.6643849251257986,-0.1855521960954576,7.959524246712658,9.480297750778123,1.5207735040654642,1.0,0.29614713630229655,0.28682304601513753,0.8305882352941176,0.8826666666666668,0.052078431372549194,0.47842344953779636,0.29614713630229655,0.0036536305988401074,-1.2648144618192374,-0.9109113722729025,0.35390308954633487,0.0,0.29614713630229655,0.03137083399406104,ok,ok,ok
nebDFT2k:mp-757068_0_1_0_0_0,relaxed,final Li endpoint appended to initial NEB image,11.134957493559252,2.8414912226078513,,12.865474008536314,0.7852941176470588,11.397976804410618,12.778276679620667,1.3802998752100493,1.0,0.7110008349172161,-0.012931958282788258,6.685992114001082,7.257942511989886,0.5719503979888039,1.0,0.7110008349172161,0.0009784668040744293,0.77,0.872,0.10199999999999998,0.476306927164293,0.0,-0.0009912097547833398,-1.9215192444228242,-1.8285668592585327,0.0929523851642915,0.0,0.476306927164293,-0.0022997223159562097,partial_oxidation_missing,missing: KeyError: np.int64(1),ok
nebDFT2k:mp-757461_1_2_0_1_0,relaxed,final Li endpoint appended to initial NEB image,11.357356379278295,2.6906275874113357,,12.325109125932075,0.8452941176470589,11.469750948585217,13.060980628334207,1.5912296797489898,0.0,0.39884331005207363,-0.03309227398682246,7.415433245018393,7.839875668011937,0.4244424229935433,0.0,0.39884331005207363,-0.05762558136343321,0.8347368421052631,0.8823809523809525,0.04764411027568938,0.39884331005207363,0.7389481758130423,-0.007042192615211995,,,,,,,partial_oxidation_missing,missing: ValueError: Valences cannot be assigned!,missing: ValueError: Valences cannot be assigned!
nebDFT2k:mp-757693_0_2_0_0_0,relaxed,final Li endpoint appended to initial NEB image,10.414519226087117,3.27359425637245,-0.24248728201192032,11.997946111059555,0.8010526315789473,10.22366827874349,11.545594463438222,1.3219261846947319,1.0,0.41862240995411804,0.029141439727122354,6.495562361097953,7.8433047303916785,1.3477423692937256,1.0,0.7151960192569252,0.009050524081099187,0.7625,0.8325,0.07000000000000006,1.0,0.20557857284513836,0.021940072100193497,-1.8753488049915055,-1.5686308627441654,0.30671794224734006,1.0,0.41862240995411804,0.001989314917032803,ok,ok,ok
nebDFT2k:mp-757714_2_3_0_0_0,relaxed,final Li endpoint appended to initial NEB image,11.559986603226525,2.77116986467344,,12.996619913079355,0.7852941176470588,11.875466063987199,13.335764564545878,1.4602985005586788,1.0,0.5016877797917846,0.00022275928594162053,6.82172199536789,7.656743772433719,0.8350217770658297,0.0,0.2509056912709132,0.0008873667368929361,0.7474999999999999,0.8333333333333335,0.08583333333333354,0.5016877797917846,0.0,8.186070472343543e-05,-1.8641739989524677,-1.7110218091189584,0.1531521898335093,1.0,0.5016877797917846,0.0001354734242416944,partial_oxidation_missing,missing: KeyError: np.int64(4),ok
nebDFT2k:mp-757800_1_4_0_0_0,relaxed,final Li endpoint appended to initial NEB image,9.955285735539233,4.577064012477414,-0.138007734559254,11.157059075023328,0.8493333333333334,11.157059075023332,12.62879320722905,1.471734132205718,0.0,0.3495968542432396,0.06966154260531177,6.911185713782299,11.083864276753534,4.172678562971235,0.0,0.5717975621605268,-0.727243891635192,0.7976470588235295,0.9233333333333333,0.12568627450980385,0.5717975621605268,0.13629851221580686,0.017824442035415,-1.6315006803151433,-1.0027707510389336,0.6287299292762096,0.0,0.5717975621605268,-0.035554179477064074,ok,ok,ok
nebDFT2k:mp-758282_1_1_1_0_0,relaxed,final Li endpoint appended to initial NEB image,11.2213276633972,4.708605747628803,,13.192130684570257,0.7146666666666667,12.453154631259695,13.246671111591606,0.7935164803319115,0.4723401593557739,0.8284594269276075,-0.09580319206260057,7.159207356874723,7.8407926529867,0.6815852961119768,0.0,0.2949436055062475,0.05853095108281536,0.7570588235294118,0.7935294117647059,0.036470588235294144,0.6465766413689485,0.2949436055062475,0.006686605428459336,-1.893276332168369,-1.8463379500144919,0.046938382153877134,0.4723401593557739,0.0,-0.0003893914920554131,partial_oxidation_missing,missing: KeyError: np.int64(3),ok
nebDFT2k:mp-758282_0_2_0_0_0,relaxed,final Li endpoint appended to initial NEB image,11.910222446690119,4.440176487547292,,13.397137437789917,0.722,11.910222446690117,13.000116299569129,1.0898938528790119,0.0,0.2803773768851439,-0.11371988909925079,7.100288905209564,7.862807945586967,0.7625190403774029,1.0,0.2803773768851439,0.03333511645142151,0.756875,0.795625,0.03875000000000006,0.6342242514130887,0.13923072269993694,0.013109332598219003,-1.8773750579162873,-1.7914694510052789,0.08590560691100846,0.2803773768851439,0.0,0.0026866194998654835,partial_oxidation_missing,missing: KeyError: np.int64(3),ok
nebDFT2k:mp-758380_3_8_0_0_0,relaxed,final Li endpoint appended to initial NEB image,7.484051915684928,4.8592790855359125,-0.15994526190065994,10.230813519378584,0.7633333333333333,9.143706860710848,10.919748308932391,1.7760414482215428,0.6394727625737301,0.14091598309430808,0.2927725401463501,6.229608843880908,9.445676256906305,3.216067413025397,0.0,0.4526507806760394,0.2852831640468265,0.6753846153846155,0.8926315789473684,0.21724696356275297,0.14091598309430808,0.8324543256006091,-0.04313437913718976,-1.9999812116609939,-0.5753771954993769,1.424604016161617,0.0,0.4526507806760394,-0.04303193732293209,ok,ok,ok
nebDFT2k:mp-758486_3_0_1_0_1,relaxed,final Li endpoint appended to initial NEB image,7.53563550726155,0.35007003730838565,-0.1365311760828278,13.097728305841851,0.77625,12.484040061699968,13.073619180534498,0.5895791188345303,0.5568037580738993,0.0,0.01942764008101605,7.6943624160021535,7.957590613771897,0.2632281977697435,0.0,0.5568037580738993,0.008680919006870624,0.7694117647058824,0.803076923076923,0.03366515837104067,0.0,0.34812881913247445,0.0011522837401065633,-1.94051623457164,-1.8830280224374922,0.05748821213414779,0.0,0.5568037580738993,-0.007460835000679067,ok,ok,ok
nebDFT2k:mp-758720_0_3_1_0_0,relaxed,final Li endpoint appended to initial NEB image,9.02361515013152,2.7677051287509213,-0.20228088441185887,10.047738290060646,0.7757142857142858,9.084928317498182,10.824260219422177,1.739331901923995,0.0,0.4948146080000747,-0.001575289081768183,6.472183323337258,7.576370705543099,1.1041873822058417,1.0,0.4948146080000747,0.0499743526096772,0.7757142857142858,0.9316666666666668,0.15595238095238095,0.4948146080000747,1.0,-0.0029397721845336733,-0.9346421935369983,-0.7720343816575246,0.1626078118794737,1.0,0.4948146080000747,0.003388287348115415,ok,ok,ok
nebDFT2k:mp-758793_0_1_0_0_0,relaxed,final Li endpoint appended to initial NEB image,11.779604781701945,2.8000102284995805,-0.2539444400645137,13.520932912888453,0.8845000000000001,12.109293975755424,12.89092195802605,0.781627982270626,0.45143479764545447,0.7309043241349481,-0.06990918948184177,6.0678262394568625,7.069845762446865,1.0020195229900022,1.0,0.21629777697144764,0.08143446872030236,0.8963157894736843,0.9768421052631578,0.08052631578947356,0.45143479764545447,0.0,0.008109344926637674,-1.70319311568272,-1.606983952949691,0.09620916273302904,1.0,0.45143479764545447,0.012163970616822617,ok,ok,ok
nebDFT2k:mp-759082_0_2_0_0_0,relaxed,final Li endpoint appended to initial NEB image,11.002151070131001,4.215826425898712,-0.39816492439440426,12.080951656580938,0.6849999999999999,11.989416808147812,12.38961701759627,0.40020020944845847,1.0,0.2502225559361292,0.035769187179895745,6.864115865064935,7.8430484905205935,0.9789326254556583,1.0,0.2502225559361292,0.018546295501578047,0.6849999999999999,0.78,0.09500000000000008,0.0,0.2502225559361292,-0.0014123892668431726,-1.781405931270923,-1.5079991981338083,0.2734067331371146,0.0,0.5041506989865386,-0.002723096083683818,ok,ok,ok
nebDFT2k:mp-759082_0_2_1_0_0,relaxed,final Li endpoint appended to initial NEB image,11.082810882284807,2.7929544460069025,-0.47320129384652515,11.807772875996106,0.6849999999999999,11.881384883263584,11.981504816011007,0.10011993274742359,1.0,0.21876932040839658,0.023272939164428408,6.476208743136494,6.755329923681412,0.27912118054491764,0.0,0.4947370512418523,0.001786675160063922,0.6407142857142858,0.7692307692307693,0.12851648351648348,0.0,0.21876932040839658,-0.00016876774667029526,-1.807072077985645,-1.6501511053428344,0.15692097264281069,0.0,0.4947370512418523,-0.0015470586113724982,ok,ok,ok
nebDFT2k:mp-759082_1_0_0_1_0,relaxed,final Li endpoint appended to initial NEB image,12.062979988685733,4.719508271352298,-0.4478266769553853,12.690743573129048,0.6849999999999999,11.226917823496027,13.105877831985135,1.8789600084891074,0.5145304627301792,0.19074875424565305,0.017371093771152424,6.209984716845737,7.026704932700349,0.8167202158546116,0.5145304627301792,0.19074875424565305,-0.004042667080923046,0.6693333333333334,0.788,0.11866666666666659,0.19074875424565305,0.5145304627301792,-0.0032566285479655455,-1.788518055619919,-1.5445348226998932,0.24398323292002577,0.0,0.5145304627301792,-0.0008582555376468459,ok,ok,ok
nebDFT2k:mp-759132_4_3_0_0_1,relaxed,final Li endpoint appended to initial NEB image,9.568020454101658,2.9058847661963783,-0.42615138567409905,11.433634006671653,0.806923076923077,9.680872427177588,11.741982632460068,2.06111020528248,0.0,0.5177779295448787,-0.10708771475361267,6.2572328858949415,6.749427951541169,0.4921950656462277,0.0,0.7630623711687831,-0.07319359435862882,0.8207692307692308,0.9876470588235295,0.16687782805429874,0.0,0.7630623711687831,-0.0420685704515571,-1.6358026514465276,-1.4042423176827132,0.23156033376381435,1.0,0.0,0.06415360425338901,ok,ok,ok
nebDFT2k:mp-759139_2_1_1_0_0,relaxed,final Li endpoint appended to initial NEB image,9.786952990198909,2.8661961257540134,-0.18912779733129076,10.299068529686668,0.822857142857143,9.68813517400246,10.877041492921595,1.1889063189191358,1.0,0.3569998121475037,0.04685038519074691,6.876103396349959,7.719044348720424,0.8429409523704656,0.0,0.7001097322417059,-0.19921948644880638,0.8533333333333333,1.001875,0.1485416666666668,0.3569998121475037,0.0,0.0007258997635118392,-1.3459941511161824,-1.0824249016229535,0.2635692494932289,1.0,0.3569998121475037,0.06373147609218044,ok,ok,ok
nebDFT2k:mp-759220_0_15_0_0_0,relaxed,final Li endpoint appended to initial NEB image,11.14261214803736,3.180685926485038,-0.2273717537150959,12.85742978816671,0.7933333333333332,12.544789911497727,13.15990859607176,0.6151186845740337,1.0,0.49754990651664216,0.0010186947709112104,7.105267347224186,7.54518871414617,0.43992136692198436,1.0,0.22032971817577615,0.0002843709461224364,0.8194736842105262,0.8747058823529412,0.05523219814241498,0.49754990651664216,0.0,-0.00018143778956791756,-1.6241737907682314,-1.5245578860968663,0.09961590467136516,1.0,0.49754990651664216,5.86802476622017e-05,ok,ok,ok
nebDFT2k:mp-759229_3_6_0_1_0,relaxed,final Li endpoint appended to initial NEB image,10.114326630795636,2.868324501851619,,11.758123397040135,0.8213333333333334,11.245985557565584,12.528672274561654,1.2826867169960696,0.754801410575489,0.4864209975695936,0.14646310969659737,6.698760818803535,7.582689941343676,0.8839291225401409,0.754801410575489,0.4864209975695936,0.10968787269451719,0.81125,0.9313333333333333,0.12008333333333332,0.4864209975695936,0.754801410575489,-0.005876623138379222,,,,,,,partial_oxidation_missing,missing: ValueError: Valences cannot be assigned!,missing: ValueError: Valences cannot be assigned!
nebDFT2k:mp-759244_7_6_1_0_0,relaxed,final Li endpoint appended to initial NEB image,10.81346406033115,3.8562541744425567,-0.2300545692495763,10.995545734196938,0.7353846153846154,10.99554573419693,11.96110222542802,0.965556491231089,0.0,0.5904563197059002,-0.055340114024059694,6.866516044027105,7.809402356978705,0.9428863129515994,0.8066714215356992,0.3018591196834714,0.2100022878816339,0.7353846153846154,0.8700000000000001,0.1346153846153847,0.0,0.5904563197059002,-0.008174398908805058,-1.9981369085872855,-1.8195999047589786,0.17853700382830695,1.0,0.5904563197059002,0.002458903646960886,ok,ok,ok
nebDFT2k:mp-759244_6_10_0_0_1,relaxed,final Li endpoint appended to initial NEB image,10.93842571014251,3.8287538815688493,-0.22980568551986258,11.046214708604813,0.8,10.938425710142512,12.005356966524909,1.0669312563823965,0.0,0.5826752342843969,-0.08729448754674429,6.818844004071739,7.622609441671465,0.8037654375997265,0.0,0.2934805188540357,0.13403489165025606,0.7353846153846154,0.948235294117647,0.21285067873303154,1.0,0.2934805188540357,0.02311553351860912,-1.9983888623878363,-1.8116653613672153,0.18672350102062096,1.0,0.5826752342843969,0.001236009743869948,ok,ok,ok
nebDFT2k:mp-759244_0_2_0_0_0,relaxed,final Li endpoint appended to initial NEB image,11.01752225222881,3.864407429315261,-0.2481388362889255,11.215391314806245,0.8,10.9470185848987,11.843876622384137,0.8968580374854369,1.0,0.4180874080521181,0.09336395656011298,6.8430079995609345,7.624456568887412,0.7814485693264777,1.0,0.7051060041661799,-0.10226855503571386,0.8,0.948235294117647,0.1482352941176469,0.0,0.7051060041661799,-0.025136539931510438,-1.9981369623496634,-1.819366256514483,0.1787707058351804,0.0,0.4180874080521181,-0.0009117938891510802,ok,ok,ok
nebDFT2k:mp-759244_4_6_0_0_0,relaxed,final Li endpoint appended to initial NEB image,10.931685252686194,3.844935475165641,-0.23120018972655204,11.08416561486615,0.7353846153846154,11.013929372669226,11.9172457816968,0.9033164090275729,1.0,0.5931380661658233,-0.029174108027902435,6.794848654377446,7.608816778306882,0.8139681239294365,0.8047472186986567,0.2984344167734246,0.19043806146903686,0.7353846153846154,0.9213333333333334,0.18594871794871803,0.0,0.5931380661658233,-0.016941891209568904,-1.998839277808382,-1.816051547546186,0.18278773026219608,0.0,0.5931380661658233,-0.006617784022051154,ok,ok,ok
nebDFT2k:mp-759244_5_10_1_0_0,relaxed,final Li endpoint appended to initial NEB image,11.192667588073984,3.824023449664794,-0.24015573206494154,11.668166147302205,0.8,11.0920075384192,12.228863324710217,1.136855786291017,1.0,0.4000738438431201,0.07679424298108284,6.9221706640398395,7.848021303297252,0.9258506392574128,1.0,0.6972497923694293,-0.17955364544481656,0.7353846153846154,0.905,0.1696153846153846,1.0,0.18888749147667513,0.022771125780683965,-1.999920936801824,-1.845059176454905,0.15486176034691912,0.0,0.4000738438431201,-0.0013402469871179878,ok,ok,ok
nebDFT2k:mp-759667_2_4_0_0_0,relaxed,final Li endpoint appended to initial NEB image,9.745464976564188,4.7683077177792805,-0.2908820872963792,12.303473601552833,0.7508333333333334,11.339046856302597,13.72747146273721,2.3884246064346133,1.0,0.15274302527951597,0.6740005806799152,6.3846105946596845,7.6223136501556255,1.237703055495941,0.4896933419629796,0.3355092892505221,0.23554585983990295,0.7781250000000001,0.8744444444444445,0.0963194444444444,0.4896933419629796,0.8463272727898974,-0.010231880886475309,-1.780338544113487,-1.531709626860803,0.24862891725268388,0.0,0.3355092892505221,0.013782122209046399,ok,ok,ok
nebDFT2k:mp-759667_3_4_0_1_0,relaxed,final Li endpoint appended to initial NEB image,11.745335543186995,3.86654650150314,-0.31280453903676253,12.764724876505255,0.7987500000000001,11.493869522962546,13.607572192680028,2.1137026697174814,1.0,0.6052637940110016,-0.05852937724295515,6.557938481844295,8.849778887921905,2.2918404060776103,0.0,0.6052637940110016,-0.23328472817159485,0.7987500000000001,0.871875,0.07312499999999988,0.8146325980004628,0.2932352016550679,0.017053162795347965,-1.7731531317352744,-1.5920456993120344,0.18110743242324,0.0,0.6052637940110016,-0.04791235952069517,ok,ok,ok
nebDFT2k:mp-759667_2_1_1_1_0,relaxed,final Li endpoint appended to initial NEB image,10.761407039765238,3.058983380946705,-0.4637043442970132,11.939453755513215,0.8391666666666665,11.843286213382568,13.436403485482908,1.59311727210034,1.0,0.45554654000510675,-0.005280573756102136,6.321750395341851,7.732400397805948,1.4106500024640978,1.0,0.45554654000510675,0.1477932556060888,0.7614285714285715,0.8391666666666667,0.07773809523809527,1.0,0.45554654000510675,0.010552089113266327,-1.8301713131577024,-1.629558616205373,0.20061269695232942,1.0,0.45554654000510675,0.017349852113853093,ok,ok,ok
nebDFT2k:mp-759753_4_0_0_0_1,relaxed,final Li endpoint appended to initial NEB image,10.887741151526104,4.8045057928232975,-0.17072118789615656,14.269948931138446,0.736875,13.355404814027581,15.287953739306724,1.9325489252791428,1.0,0.6667383156982186,-0.3677585342352643,6.887383527423265,8.620460999320594,1.733077471897329,1.0,0.6667383156982186,-0.2797050658476099,0.6941666666666667,0.7625,0.06833333333333325,0.1651599459623086,0.5038654792091236,0.0013923463180426365,-1.994001591728788,-1.7930871312024297,0.20091446052635842,0.1651599459623086,0.6667383156982186,-0.05243231593079101,ok,ok,ok
nebDFT2k:mp-759783_2_3_1_0_0,relaxed,final Li endpoint appended to initial NEB image,10.638033495014193,4.181674398368789,-0.4111471435382281,12.081311573749351,0.7142857142857144,12.081311573749353,12.530650343762066,0.4493387700127123,0.0,0.49171417153614116,-0.007051585182451525,6.945329778912586,8.000932468235275,1.055602689322689,0.0,0.49171417153614116,0.02063482333415756,0.6869230769230769,0.793125,0.10620192307692311,1.0,0.7500426479244847,-0.0023328202520335184,-1.7950241818429526,-1.5169909273588351,0.27803325448411753,1.0,0.49171417153614116,0.009635998008513003,ok,ok,ok
nebDFT2k:mp-759783_4_3_0_1_0,relaxed,final Li endpoint appended to initial NEB image,12.046639152141646,4.685110183659,-0.35961470209428115,12.68825440415741,0.6850000000000002,11.371827251855755,13.077872593851222,1.7060453419954662,0.4940279675278754,0.8219358610738318,-0.023952411744221358,6.207266963345922,7.046001054182155,0.8387340908362333,0.4940279675278754,0.8219358610738318,-0.011128733577322691,0.6693333333333334,0.7763636363636365,0.10703030303030303,0.15535090630103893,0.4940279675278754,0.001595670736342647,-1.7963678928988613,-1.5498131162846644,0.2465547766141969,1.0,0.4940279675278754,0.0017958973959445457,ok,ok,ok
nebDFT2k:mp-760344_7_5_0_1_1,relaxed,final Li endpoint appended to initial NEB image,11.986891266394956,4.836628096872834,-0.206669225336188,13.341880749798896,0.7813333333333333,13.086307573243646,13.840477909018974,0.7541703357753278,0.6587562070333888,0.1336495520393462,0.17504071717919611,7.241103687833834,9.872352389142103,2.6312487013082686,1.0,0.4674171864354722,0.19455529665499505,0.8,0.9334999999999999,0.13349999999999984,0.4674171864354722,0.0,-0.012608769461014191,-1.4133945253816584,-1.0559919210431508,0.3574026043385077,0.0,0.4674171864354722,0.009012058931178069,ok,ok,ok
nebDFT2k:mp-760344_4_8_0_0_0,relaxed,final Li endpoint appended to initial NEB image,13.486793266747574,3.0905066322835744,-0.26069511963413167,14.405204981367351,0.8264705882352941,12.62075708529196,14.100606811842626,1.4798497265506665,1.0,0.5001050030597668,0.3282109175882244,7.095871622324067,8.01500438799969,0.9191327656756236,1.0,0.5001050030597668,0.008860784276936595,0.8257142857142857,0.8826315789473684,0.0569172932330827,0.7556750466534596,0.0,0.006842036047500388,-1.844239795064653,-1.4815042093738229,0.3627355856908301,1.0,0.0,0.08083133760698391,ok,ok,ok
nebDFT2k:mp-760344_6_8_0_1_0,relaxed,final Li endpoint appended to initial NEB image,13.40157903571958,3.644504981553104,-0.267217251820579,14.40743809800264,0.8555555555555556,12.377292988808925,14.124601628844552,1.7473086400356266,1.0,0.2068747646870803,0.4610321739739849,7.120647537044716,7.582991854726043,0.46234431768132644,0.0,0.41740352894551314,0.009459890439919239,0.87375,0.905,0.03125,0.7111668530196958,0.41740352894551314,0.009091356199169565,-1.8656708589466602,-1.4329124780465559,0.4327583809001043,1.0,0.2068747646870803,0.12956355096883532,ok,ok,ok
nebDFT2k:mp-760344_4_6_1_-1_0,relaxed,final Li endpoint appended to initial NEB image,11.717128164820668,4.840188931774129,-0.2761985019522845,13.110194965178028,0.8342857142857142,13.06422029994035,13.827925036157493,0.763704736217143,0.33981925439087807,0.8653318439674245,-0.17207273681781743,7.236845480486816,9.867368599931112,2.6305231194442955,0.0,0.5322844566466159,-0.18509422004713993,0.8,0.9334999999999999,0.13349999999999984,0.5322844566466159,1.0,0.012425576002863259,-1.412385437460348,-1.0517381873012572,0.3606472501590907,1.0,0.5322844566466159,-0.008886540905262308,ok,ok,ok
nebDFT2k:mp-760344_7_4_0_1_0,relaxed,final Li endpoint appended to initial NEB image,11.621032482399533,4.24398907076914,-0.28270695080140684,13.110285084763868,0.8480000000000001,13.11028508476387,13.906988637813992,0.7967035530501221,0.0,0.5407947041539506,-0.12796735856273056,7.239222329301944,8.675522147813215,1.4362998185112712,0.0,0.5407947041539506,-0.029175804954451934,0.8425,0.9335000000000001,0.09100000000000008,0.5407947041539506,1.0,-0.005627305965462792,-1.4132587612850418,-1.2412004931768594,0.17205826810818237,1.0,0.5407947041539506,0.01511322818730787,ok,ok,ok
nebDFT2k:mp-760344_7_9_0_1_1,relaxed,final Li endpoint appended to initial NEB image,13.411095621027712,3.6476694116284873,-0.26736612396491477,14.417708139062219,0.8555555555555556,12.369882545099985,14.206325021444608,1.8364424763446223,1.0,0.2034808508966532,0.47741662987558353,7.136482969015721,7.597341668681635,0.46085869966591364,0.0,0.40771529102704945,0.030848579035049895,0.87375,0.905,0.03125,0.7041955595881679,0.40771529102704945,0.004269978747678205,-1.86537119659493,-1.4289739231530145,0.4363972734419155,1.0,0.2034808508966532,0.13273384320377457,ok,ok,ok
nebDFT2k:mp-760344_10_9_0_0_1,relaxed,final Li endpoint appended to initial NEB image,7.035073348591253,5.404150968804928,-0.09063938365418824,12.27551070056388,0.8275,9.663871677392676,12.663607770864855,2.9997360934721797,0.5521095693153931,0.8546971998831222,0.30730782513999433,7.2586207841891355,8.419858691980021,1.1612379077908859,1.0,0.8546971998831222,0.048498587629635104,0.85,0.928,0.07800000000000007,0.4008120623887745,0.7019960572220975,-0.020035482193844822,-1.8590551217503766,-1.2117393824147227,0.6473157393356539,1.0,0.4008120623887745,0.010071252644430095,ok,ok,ok
nebDFT2k:mp-760344_6_4_0_1_0,relaxed,final Li endpoint appended to initial NEB image,12.992959747506035,4.242883163064571,-0.2799885468721598,13.347466670218477,0.848,13.109612239683358,13.927123178169996,0.8175109384866381,1.0,0.45849748062874385,0.12787287335769015,7.235964529325943,8.68444324552552,1.4484787161995767,1.0,0.45849748062874385,0.0309194674337383,0.8425,0.9335000000000001,0.09100000000000008,0.45849748062874385,0.0,0.005578039169072291,-1.412450336979617,-1.2386846450075888,0.1737656919720283,0.0,0.45849748062874385,-0.014907724352081098,ok,ok,ok
nebDFT2k:mp-760344_10_4_0_1_0,relaxed,final Li endpoint appended to initial NEB image,12.35948584423242,3.6418890530335877,-0.2618313895563875,15.175155689362075,0.871578947368421,12.383189961230519,14.12971188940801,1.7465219281774917,0.0,0.7938498622652642,-0.46063073217873907,7.125742559762168,7.591649419050236,0.46590685928806774,1.0,0.5832452157378932,-0.012152583066666445,0.87375,0.905,0.03125,0.28940501155275855,0.5832452157378932,-0.006462375159960676,-1.865629916523762,-1.4331478563404738,0.43248206018328816,0.0,0.7938498622652642,-0.12973016489817513,ok,ok,ok
nebDFT2k:mp-760344_9_5_1_0_0,relaxed,final Li endpoint appended to initial NEB image,12.499897801624073,3.0905716188931125,-0.33111981669596724,14.005642016592708,0.8213333333333334,12.613189589477116,14.083191223702608,1.4700016342254916,0.0,0.4983049077249574,-0.3272451402819616,7.090213098967863,8.011770096946389,0.9215569979785263,0.0,0.4983049077249574,-0.00424699213642965,0.8257142857142857,0.8826315789473684,0.0569172932330827,0.24356523520515666,1.0,-0.006914698061781133,-1.8455357482865242,-1.480124536474841,0.36541121181168323,0.0,1.0,-0.08092384179640133,ok,ok,ok
nebDFT2k:mp-761094_0_2_0_0_1,relaxed,final Li endpoint appended to initial NEB image,4.835572808248512,5.109310206024497,,10.365991568191419,0.9,8.531889567140805,10.365991568191417,1.8341020010506117,0.4794085619144279,0.0,-0.04171609843572899,7.697492265315802,10.285639870679109,2.5881476053633072,0.4794085619144279,0.16237140119045115,0.05498790371740192,0.8771428571428571,1.0290000000000001,0.15185714285714302,0.6849905780087879,0.0,0.010133202076029246,,,,,,,partial_oxidation_missing,missing: ValueError: Valences cannot be assigned!,missing: ValueError: Valences cannot be assigned!
nebDFT2k:mp-761094_1_5_0_1_0,relaxed,final Li endpoint appended to initial NEB image,6.297278923754631,5.035807866502224,,10.471124313196558,0.9039999999999999,9.609362647024463,10.648625518086678,1.0392628710622152,0.49807301434783463,0.8427856569464868,-0.00145790470004048,7.552390703682033,8.975354477138849,1.4229637734568161,0.49807301434783463,0.8427856569464868,-0.0029654464610162634,0.8977777777777776,1.07,0.1722222222222225,0.32349771660313037,0.0,-0.001550843948524172,,,,,,,partial_oxidation_missing,missing: ValueError: Valences cannot be assigned!,missing: ValueError: Valences cannot be assigned!
nebDFT2k:mp-761269_2_1_1_-1_0,relaxed,final Li endpoint appended to initial NEB image,6.309821937164011,5.236895367277378,-0.13080286185124473,8.44323119626693,0.7790909090909092,7.990306960918742,9.308725802990931,1.3184188420721892,0.5010305433069181,0.1316135296846121,0.0019199994448797497,6.296139972578849,7.29695297438736,1.0008130018085115,1.0,0.5010305433069181,-0.0003400592400004676,0.7616666666666667,0.8880000000000001,0.1263333333333334,0.3410861025969735,0.5010305433069181,-0.0001321021109652598,-0.9371879507216472,-0.6078871375353799,0.32930081318626725,0.0,0.6593033731844457,4.391434569905872e-05,ok,ok,ok
nebDFT2k:mp-761849_6_5_1_0_0,relaxed,final Li endpoint appended to initial NEB image,10.44723140438898,3.126427918897393,-0.3607174233740418,11.59110942686086,0.91,10.495682571503725,11.992248802269664,1.4965662307659393,0.0,0.4633846114430084,-0.09594221332501451,6.925519600201668,8.044358948774061,1.1188393485723926,0.0,1.0,-0.0684105445954537,0.8933333333333333,1.105,0.21166666666666667,0.4633846114430084,0.7527283092691552,-0.053949142670205064,-1.8267372582666297,-1.5798798883261451,0.24685736994048457,0.0,0.4633846114430084,-0.043821180460231646,ok,ok,ok
nebDFT2k:mp-761849_5_7_0_0_1,relaxed,final Li endpoint appended to initial NEB image,11.266126550201404,2.4518512052380688,-0.4186533151122485,12.931139087496081,0.8861538461538463,11.863128583290605,13.498535867874466,1.6354072845838612,1.0,0.5397582857727673,-0.07753548413398548,7.147828491142958,7.6251003721932555,0.4772718810502976,0.5397582857727673,0.0,-0.03447025914457047,0.9025,1.105,0.2025,0.5397582857727673,0.0,0.0022475600902041593,-1.688171476821135,-1.6150726038095977,0.07309887301153739,0.5397582857727673,0.0,0.0037009049272198613,ok,ok,ok
nebDFT2k:mp-762319_14_26_0_0_0,relaxed,final Li endpoint appended to initial NEB image,12.107950527041792,1.8746860061507236,-0.22475575561538602,12.982329001038151,0.9706666666666666,12.13706094455289,13.428144828688062,1.2910838841351726,1.0,0.46226056173753904,0.411236835072998,6.5299623141470375,7.563066972163502,1.0331046580164642,1.0,0.0,0.3603966033919135,1.0070588235294118,1.0600000000000003,0.05294117647058849,0.46226056173753904,0.0,-0.00019006354483386279,-1.398930154609065,-1.3270191848751305,0.0719109697339344,0.46226056173753904,0.7936722469695479,-0.022533254054239893,ok,ok,ok
nebDFT2k:mp-763177_1_3_0_1_-1,relaxed,final Li endpoint appended to initial NEB image,9.540190087125913,2.5082501557883936,-0.21403999928898632,10.240761667207266,0.8178571428571428,9.793588566850506,10.896605744370508,1.1030171775200017,0.0,0.7147424940792646,-0.09569693431452375,6.947976177631299,8.158852498939654,1.2108763213083549,1.0,0.2202101482578672,0.17529590127136574,0.8178571428571428,1.02875,0.21089285714285722,0.7147424940792646,0.0,0.028889831195035076,-1.2653554061125167,-1.0629922922804953,0.20236311383202144,0.0,0.7147424940792646,-0.01625130710437528,ok,ok,ok
nebDFT2k:mp-764867_1_8_0_1_1,relaxed,final Li endpoint appended to initial NEB image,7.136017250774863,5.757545086688716,-0.09336947447449417,11.623481270768124,0.8166666666666667,11.452416553604294,12.79850316272606,1.346086609121766,0.6657440280764216,0.4681934455905279,0.26485130219074904,6.679064661010565,8.572422732989615,1.8933580719790504,0.6657440280764216,0.3062471798622227,0.33407358635461293,0.8411764705882353,0.8859999999999999,0.044823529411764595,0.3062471798622227,0.1631658755632112,-0.002023964885121743,-1.894085301592214,-1.2501222408834611,0.643963060708753,1.0,0.4681934455905279,0.02038708907670639,ok,ok,ok
nebDFT2k:mp-765411_1_6_0_0_0,relaxed,final Li endpoint appended to initial NEB image,9.909294856972647,2.5933822413009766,-0.4012239330838014,10.760399912365623,0.845,9.94258130435196,11.218073654837948,1.2754923504859885,1.0,0.4849192007835544,0.10436022973279346,8.140510868798536,9.113709910330705,0.973199041532169,1.0,0.4849192007835544,0.07428975527356396,0.874,1.029375,0.15537499999999993,0.4849192007835544,1.0,-0.007810780859186239,-1.566817465453571,-1.4460036341926177,0.12081383126095324,1.0,0.4849192007835544,0.002174308395673119,ok,ok,ok
nebDFT2k:mp-765501_2_0_1_0_0,relaxed,final Li endpoint appended to initial NEB image,5.6544627495650746,4.909483871899768,,8.814716775700493,0.85,8.483253776653832,9.345621658618358,0.8623678819645253,0.48854884107779034,0.8942074624914453,0.015371074039782329,6.751888622757267,8.28835634329548,1.5364677205382122,1.0,0.24714866329322166,0.157668431871834,0.9166666666666666,1.015,0.09833333333333327,0.24714866329322166,1.0,0.00047438106444330774,,,,,,,partial_oxidation_missing,missing: ValueError: Valences cannot be assigned!,missing: ValueError: Valences cannot be assigned!
nebDFT2k:mp-765964_0_6_1_0_0,relaxed,final Li endpoint appended to initial NEB image,10.015611468735475,4.256614499459573,-0.1538037814506553,12.20367863049136,0.809375,11.789356420068662,12.674343271416905,0.8849868513482431,1.0,0.1847387341030253,0.1350148273837215,7.332926067308325,8.521052048514905,1.1881259812065803,0.0,0.1847387341030253,0.03648495953743147,0.8374999999999999,0.8772222222222221,0.039722222222222214,0.41750252626180673,1.0,-0.007994901175109481,-1.803033737752613,-1.4918241574389248,0.3112095803136883,1.0,0.41750252626180673,-0.016268698931846015,ok,ok,ok
nebDFT2k:mp-766130_4_2_1_0_0,relaxed,final Li endpoint appended to initial NEB image,7.754321895335903,5.693228034330339,,11.726046332517743,0.806875,11.329750812626864,12.558011108415487,1.2282602957886226,0.3337246516208288,0.6930025941940876,-0.2513770535805602,6.658430738605818,8.574613227813641,1.9161824892078227,0.3337246516208288,0.6930025941940876,-0.3339698103737172,0.8370588235294117,0.8942105263157893,0.0571517027863776,0.6930025941940876,0.186434369990754,0.007179919790385791,,,,,,,partial_oxidation_missing,missing: ValueError: Valences cannot be assigned!,missing: ValueError: Valences cannot be assigned!
nebDFT2k:mp-766612_6_10_0_0_0,relaxed,final Li endpoint appended to initial NEB image,12.265199815158809,2.5519415350097088,,13.21648805697648,0.8027777777777777,12.653050342371376,12.925844370451241,0.27279402807986486,0.47810386667333454,0.23933211281549122,-0.012416206527810836,6.504198712148848,7.441569790509358,0.9373710783605098,0.7479058699027772,0.23933211281549122,0.16866062447996333,0.8111764705882353,0.8916666666666667,0.08049019607843144,0.7479058699027772,0.23933211281549122,0.02314475810053296,-1.834098765812534,-1.4093986714764117,0.4247000943361223,0.23933211281549122,1.0,-0.10987990461688413,partial_oxidation_missing,missing: KeyError: np.int64(4),ok
nebDFT2k:mp-768421_3_7_0_0_0,relaxed,final Li endpoint appended to initial NEB image,9.482376588099585,2.923105716516852,,9.957581011586349,0.8400000000000001,9.472201799879691,10.417170631326494,0.9449688314468023,1.0,0.4340001455643492,0.054546736084534864,7.229490928579297,7.984224608187436,0.7547336796081385,1.0,0.23788777249107526,0.11741809988167207,0.82875,1.0053333333333332,0.1765833333333332,0.4340001455643492,1.0,-0.02093377459764212,,,,,,,partial_oxidation_missing,missing: ValueError: Valences cannot be assigned!,missing: ValueError: Valences cannot be assigned!
nebDFT2k:mp-768433_7_19_0_0_0,relaxed,final Li endpoint appended to initial NEB image,9.681289084916518,2.53803604873647,,10.201316590006257,0.8528571428571429,9.882762036918594,11.110859404515471,1.2280973675968774,0.0,0.5038407087017897,-0.030109860579224268,7.3991936180150795,8.028524219751116,0.6293306017360365,0.0,0.5038407087017897,-0.013296629663329007,0.8528571428571429,1.0011764705882353,0.14831932773109247,0.5038407087017897,0.0,-0.00597181946803671,,,,,,,partial_oxidation_missing,missing: ValueError: Valences cannot be assigned!,missing: ValueError: Valences cannot be assigned!
nebDFT2k:mp-768508_3_7_0_0_0,relaxed,final Li endpoint appended to initial NEB image,13.576455565505288,3.503055403532611,-0.24371445090997243,13.905411129438335,0.7627777777777778,12.74358405892561,14.52619646819244,1.7826124092668305,1.0,0.20253817287489706,0.36230149571103176,6.001050204738231,7.7806300617542785,1.7795798570160475,1.0,0.20253817287489706,0.5601886206759836,0.7627777777777777,0.7952631578947368,0.03248538011695912,0.42289183030978494,0.0,0.008635066774895617,-1.9231793694407642,-1.3396738834067383,0.5835054860340259,1.0,0.20253817287489706,0.15730611100905567,ok,ok,ok
nebDFT2k:mp-768738_3_2_1_1_0,relaxed,final Li endpoint appended to initial NEB image,9.006192343029676,4.72576946025589,-0.1304858636885761,11.994109932158832,0.8626666666666666,11.994109932158826,13.892160410669671,1.8980504785108447,0.0,0.507672574460317,-0.004648108254447614,6.153458751976065,9.728374644939304,3.574915892963239,0.0,0.507672574460317,-0.0177162716967052,0.8628571428571428,0.9339999999999999,0.07114285714285717,0.507672574460317,0.0,-0.0009108599963205677,-1.6327474752960667,-1.0605676947930076,0.5721797805030591,0.0,0.507672574460317,-0.00242329844101985,ok,ok,ok
nebDFT2k:mp-768843_14_11_0_1_1,relaxed,final Li endpoint appended to initial NEB image,9.854571280940378,2.626165234827143,,11.04634369528867,0.8371428571428571,10.169512780053996,11.401511931774921,1.2319991517209257,0.0,0.4624404252348955,0.007518143858487036,7.7113361454492,8.826659501542146,1.1153233560929454,0.0,0.4624404252348955,0.011620440184270109,0.85375,0.938125,0.08437499999999998,0.7707340136370181,0.0,0.010429145239172322,,,,,,,partial_oxidation_missing,missing: ValueError: Valences cannot be assigned!,missing: ValueError: Valences cannot be assigned!
nebDFT2k:mp-769036_28_3_0_1_1,relaxed,final Li endpoint appended to initial NEB image,17.59838309982784,3.1180056153039875,-0.3835858988531815,19.619763570120195,1.1866666666666668,19.339514634085965,20.202097111494655,0.8625824774086901,0.5150773513710025,0.18560747973695435,0.1061481981743686,8.207053741641499,8.508043563693409,0.3009898220519105,0.0,0.5150773513710025,0.027501067476313423,1.1866666666666668,1.2521052631578948,0.06543859649122807,0.5150773513710025,0.0,-0.005267503623011094,-1.3148969850005927,-1.1801499305949743,0.1347470544056184,1.0,0.5150773513710025,0.010103911071036586,ok,ok,ok
nebDFT2k:mp-769036_8_9_1_0_0,relaxed,final Li endpoint appended to initial NEB image,17.452394137209403,3.261417451447093,-0.3703900882397344,20.366952533080724,1.2064705882352942,20.221423844882718,21.03032840303833,0.8089045581556107,1.0,0.1751963810409086,0.025340995195337612,7.493825694369339,8.405768923689777,0.9119432293204381,0.49966750828217227,0.0,0.06813354080421785,1.201875,1.27,0.06812499999999999,0.0,0.8316182024753241,-0.010323919846128238,-1.543731587077751,-1.4199068131578945,0.12382477391985658,0.8316182024753241,0.0,0.017021500363501474,ok,ok,ok
nebDFT2k:mp-769036_8_10_0_0_0,relaxed,final Li endpoint appended to initial NEB image,19.06598162459817,3.2554474405712446,-0.25517422656388555,20.95329377480078,1.1742857142857146,20.513851809323278,23.203392920875142,2.689541111551865,0.0,0.526770880625201,-0.01700919307626414,7.851994393938678,9.406094215862833,1.5540998219241553,0.8567366036238864,0.526770880625201,0.11245096452011527,1.1660000000000001,1.2210526315789476,0.055052631578947464,0.526770880625201,1.0,-0.004846822986442234,-1.4168304397558102,-1.2518426588689484,0.16498778088686183,0.0,0.526770880625201,0.0015333923941172056,ok,ok,ok
nebDFT2k:mp-770232_3_11_0_0_1,relaxed,final Li endpoint appended to initial NEB image,9.361577936041577,2.806513021143094,-0.3253509907255648,10.066998116009048,0.8400000000000001,9.491467296198637,10.454089057816823,0.9626217616181858,0.0,0.755043370380744,-0.1789664466589116,7.375548200350041,8.092911809436806,0.7173636090867657,0.0,0.755043370380744,-0.17013343102457323,0.852857142857143,0.9837499999999999,0.13089285714285692,0.49018003913580377,0.755043370380744,-0.012397966659755622,-1.7507482056689503,-1.612347715339073,0.13840049032987722,0.0,0.49018003913580377,-0.03391403647605906,ok,ok,ok
nebDFT2k:mp-770551_3_4_0_0_1,relaxed,final Li endpoint appended to initial NEB image,11.979900016642565,2.5384048254936653,-0.2513151223329626,14.31444795014579,0.9542105263157894,12.443755983064229,15.684294562808338,3.2405385797441095,0.0,0.5107912075455632,-0.04326596822997075,7.052733996086545,9.954327345355,2.901593349268456,0.0,0.5107912075455632,-0.03889827231137577,0.9085000000000001,0.9824999999999999,0.07399999999999984,0.0,0.5107912075455632,-0.000681888093868821,-1.6439508271674141,-1.5033141478656702,0.14063667930174395,0.0,0.5107912075455632,-0.0015314852718038008,ok,ok,ok
nebDFT2k:mp-770649_0_3_0_1_0,relaxed,final Li endpoint appended to initial NEB image,10.750343929316454,2.499798076047067,-0.32864970821446304,11.86968077771547,0.9514285714285714,11.173228383296522,12.944135562007919,1.770907178711397,0.0,0.5480080640815348,-0.015230840443337001,8.6381630303206,9.68999999260735,1.0518369622867496,0.0,0.5480080640815348,-0.18472794113976398,0.9924999999999999,1.097333333333333,0.10483333333333311,0.5480080640815348,0.0,0.005922370494129581,-1.3199373932987175,-1.239006768035363,0.0809306252633546,0.0,0.8301374030101873,-0.024153107841,ok,ok,ok
nebDFT2k:mp-770749_2_4_0_0_0,relaxed,final Li endpoint appended to initial NEB image,11.35911278293885,2.58781308368644,-0.3614434662636148,11.751237282836485,0.8117647058823528,11.16602202699509,12.24033152149059,1.0743094944955,1.0,0.3390234725233315,0.185330256600591,6.119108209666006,8.793311787223226,2.67420357755722,1.0,0.3390234725233315,0.46068179580113267,0.7825,0.911764705882353,0.12926470588235306,0.0,0.3390234725233315,0.027335604906666144,-1.843836334108733,-1.5317858690768396,0.3120504650318934,1.0,0.5322746152978313,0.059663315053106736,ok,ok,ok
nebDFT2k:mp-770861_11_9_0_1_0,relaxed,final Li endpoint appended to initial NEB image,8.843063967005667,2.370546789080663,,9.854019729063028,0.8849999999999999,10.089829002336796,10.611038919112167,0.521209916775371,0.0,0.7532755244147281,-0.004238257187188843,7.8010649787873145,8.235890359580628,0.43482538079331334,0.042448730254252366,0.7532755244147281,-0.13420920550473925,0.964,1.0011764705882353,0.037176470588235366,0.4518647703993894,0.7532755244147281,-0.0031904713242004723,,,,,,,partial_oxidation_missing,missing: ValueError: Valences cannot be assigned!,missing: ValueError: Valences cannot be assigned!
nebDFT2k:mp-770876_2_3_0_1_0,relaxed,final Li endpoint appended to initial NEB image,9.114366876148695,3.582821794275749,,11.370651235259793,0.7969230769230768,10.266656840798206,11.373677092922017,1.107020252123812,0.49981545831850566,1.0,-2.71727242457942e-05,6.539053718196358,8.524516755554599,1.9854630373582403,0.0,0.49981545831850566,0.0007833699917907389,0.7933333333333333,0.9161904761904763,0.122857142857143,0.49981545831850566,0.016808097827182632,-3.53155983549569e-05,,,,,,,partial_oxidation_missing,missing: ValueError: Valences cannot be assigned!,missing: ValueError: Valences cannot be assigned!
nebDFT2k:mp-770921_0_4_0_1_0,relaxed,final Li endpoint appended to initial NEB image,12.08325968350626,2.9973538006388503,,13.717078882279905,0.85,12.161440804577229,14.735427558820806,2.5739867542435775,0.20960020828551537,0.621059035167828,-0.40928811221798345,6.036283901547677,7.840764797963239,1.804480896415562,1.0,0.621059035167828,-0.13914198978044334,0.8504761904761905,0.908235294117647,0.05775910364145653,0.621059035167828,0.0,0.008384513879581501,,,,,,,partial_oxidation_missing,missing: ValueError: Valences cannot be assigned!,missing: ValueError: Valences cannot be assigned!
nebDFT2k:mp-770939_10_9_1_0_0,relaxed,final Li endpoint appended to initial NEB image,12.515067013856028,3.2604976565487034,-0.3030508430356362,12.605348592812287,0.7893333333333333,12.544589078621069,13.710021151663561,1.165432073042492,0.0,0.49543874266842647,0.00036597756598411024,6.479989953960968,7.219348223891807,0.7393582699308396,0.49543874266842647,0.0,-0.016775363410673982,0.8111111111111111,0.9163157894736844,0.1052046783625733,0.49543874266842647,1.0,-0.0044284522484178135,-1.8604153209084828,-1.5726503236401037,0.2877649972683791,1.0,0.49543874266842647,0.003359400874483165,ok,ok,ok
nebDFT2k:mp-770939_2_10_0_0_0,relaxed,final Li endpoint appended to initial NEB image,13.284561849451386,3.328155180325251,-0.24024160286646395,14.592760878982915,0.8038888888888889,12.811375141498049,14.623055118097406,1.8116799765993576,1.0,0.3928360911971378,0.2071169238509949,6.906722685510201,7.790879127757312,0.8841564422471109,1.0,0.3928360911971378,0.1991522079064696,0.821875,0.9305555555555556,0.10868055555555556,0.3928360911971378,1.0,-0.020319080315752303,-1.8896858662179548,-1.3288658323751037,0.5608200338428511,1.0,0.3928360911971378,0.13068107110111493,ok,ok,ok
nebDFT2k:mp-770939_10_1_1_0_1,relaxed,final Li endpoint appended to initial NEB image,13.069722325163163,3.3245212005607123,-0.23739075760326905,15.169151410634687,0.7855555555555555,13.219340455876953,15.170876092102846,1.951535636225893,0.0,0.5283785369112921,-0.39458210540201666,7.133262068756401,8.137592276685973,1.0043302079295726,1.0,0.5283785369112921,0.055069890880700356,0.7822222222222223,0.893157894736842,0.11093567251461978,0.5283785369112921,0.0,0.01442690424107762,-1.803937516169995,-1.4042771129827392,0.39966040318725593,0.0,0.7714195922627645,-0.10454240479840327,ok,ok,ok
nebDFT2k:mp-770939_3_11_1_0_0,relaxed,final Li endpoint appended to initial NEB image,13.289067028012509,3.326803030239765,-0.24016061393512997,14.59386133787115,0.8038888888888889,12.814143369548923,14.6195390218645,1.8053956523155765,1.0,0.3928229703169738,0.20437186285440223,6.908370055479762,7.792433012676403,0.8840629571966412,1.0,0.3928229703169738,0.1973016364701441,0.821875,0.9305555555555556,0.10868055555555556,0.3928229703169738,1.0,-0.020318802299933825,-1.8893730242097568,-1.3289648861129284,0.5604081380968284,1.0,0.3928229703169738,0.13026509900916772,ok,ok,ok
nebDFT2k:mp-770939_11_0_0_0_1,relaxed,final Li endpoint appended to initial NEB image,13.072216937644018,3.325534680530456,-0.2373360689815536,15.161372713806747,0.7855555555555556,13.221037328785075,15.166951330031257,1.945914001246182,0.0,0.5279194937939731,-0.3950585400236415,7.135089334558852,8.135140932351279,1.0000515977924263,1.0,0.5279194937939731,0.053880584599579784,0.7822222222222223,0.893157894736842,0.11093567251461978,0.5279194937939731,0.0,0.014387778353036562,-1.8040059785637867,-1.403709204874969,0.40029677368881766,0.0,0.7715767755238574,-0.10483423510396928,ok,ok,ok
nebDFT2k:mp-770939_2_5_0_0_1,relaxed,final Li endpoint appended to initial NEB image,13.464199439543455,3.3268880317501672,-0.2707296382395229,14.797717027032668,0.78,13.21682464165558,15.155430081945044,1.9386054402894644,1.0,0.4715166180326041,0.39953274379082604,7.135188102171168,8.13219850355641,0.9970104013852419,0.0,0.4715166180326041,-0.05201937416742908,0.7822222222222223,0.893157894736842,0.11093567251461978,0.4715166180326041,1.0,-0.014427777805318787,-1.8039926997081812,-1.402821868951887,0.4011708307562942,1.0,0.22879174843629363,0.10498942318827587,ok,ok,ok
nebDFT2k:mp-770939_8_11_0_0_0,relaxed,final Li endpoint appended to initial NEB image,12.35366032132816,3.2757781779699435,-0.3252520888823969,12.571654032422305,0.7875000000000001,12.571654032422305,13.702021241557366,1.130367209135061,0.0,0.5003362415489219,0.0035752246223799133,6.487165670959345,7.237108934689494,0.7499432637301489,0.5003362415489219,1.0,0.004934150779050128,0.8111111111111111,0.9011111111111111,0.08999999999999997,0.5003362415489219,0.0,0.0021532290775871377,-1.8598023949408258,-1.5705628289098323,0.28923956603099343,0.0,0.5003362415489219,-0.0017600823335863769,ok,ok,ok
nebDFT2k:mp-770939_2_6_0_0_1,relaxed,final Li endpoint appended to initial NEB image,13.458924697599025,3.3901224998342077,-0.2703280109694781,14.762509357917093,0.78,13.226647998082825,15.039371210761724,1.8127232126788986,1.0,0.4681775053004186,0.39875847393129504,7.133427686547568,8.081359622952332,0.947931936404764,0.0,0.4681775053004186,-0.06152632346254938,0.7894117647058824,0.9061111111111111,0.11669934640522872,0.4681775053004186,1.0,-0.008177191658952532,-1.8208545809606351,-1.4103738694530077,0.41048071150762744,1.0,0.4681775053004186,0.10929049092648013,ok,ok,ok
nebDFT2k:mp-770939_2_9_0_0_0,relaxed,final Li endpoint appended to initial NEB image,13.287083686930908,3.078358987905281,-0.2811631921100357,14.278745432645053,0.8243750000000001,13.20183558694682,14.616663220528165,1.4148276335813463,1.0,0.28021347005035546,0.2740894234462914,7.199905540800429,8.037633146642298,0.8377276058418692,0.0,0.5130304746972205,-0.13219406538030487,0.78,0.8557894736842107,0.07578947368421063,0.28021347005035546,1.0,-0.010525078314828296,-1.8463099814627795,-1.4679324073427862,0.3783775741199933,1.0,0.0,0.0880244475083769,ok,ok,ok
nebDFT2k:mp-771011_2_1_1_-1_0,relaxed,final Li endpoint appended to initial NEB image,14.087691224771477,5.281696419181463,-0.11073522233219156,17.961108454452894,0.7728571428571429,14.087691224771483,17.245955570100044,3.1582643453285613,0.0,0.6189202283635237,-0.19235869805392802,6.57507505215557,8.704623397783244,2.1295483456276747,1.0,0.6189202283635237,-0.050817899756289364,0.7505882352941178,0.8109523809523809,0.06036414565826309,0.1558947257084206,0.4678800206777012,-0.005737633085818095,-1.8329299904216398,-1.3421574243673544,0.49077256605428543,1.0,0.31250957607638485,0.03158378471126755,ok,ok,ok
nebDFT2k:mp-771011_3_0_1_-1_0,relaxed,final Li endpoint appended to initial NEB image,14.105991650014554,5.282009648089883,-0.13777406640610323,17.10716007475586,0.7653333333333333,14.085999087712981,17.052579680721806,2.9665805930088247,1.0,0.3927952119506698,0.17927666111290286,6.575819023306097,8.746171914450953,2.170352891144856,0.0,0.5999375010223397,-0.0030566696679938943,0.7463157894736842,0.8257894736842106,0.07947368421052647,0.8019383628917454,0.12581655182893275,0.011227560647685098,-1.8327219017304226,-1.3050923034557391,0.5276295982746835,0.0,0.5999375010223397,-0.040558373034285555,ok,ok,ok
nebDFT2k:mp-771019_2_5_1_1_0,relaxed,final Li endpoint appended to initial NEB image,11.027470841837207,3.342645971846948,-0.3509377705894782,12.353675850640085,0.7933333333333334,12.308833211346247,12.50116410753138,0.19233089618513333,0.5001077067870697,0.7786614725659448,-0.0010430276937229976,6.590002393461088,8.02579550285686,1.4357931093957728,0.0,0.5001077067870697,-0.0006440626800077176,0.7933333333333333,0.8833333333333333,0.08999999999999997,0.5001077067870697,0.0,2.9699821123774228e-05,-1.6185940889680284,-1.3711066424144271,0.24748744655360122,0.0,0.5001077067870697,1.7831276087121317e-05,ok,ok,ok
nebDFT2k:mp-771821_0_2_0_0_0,relaxed,final Li endpoint appended to initial NEB image,11.16181181644668,2.7347064627370377,-0.5765922648478335,12.822675960241815,0.7600000000000001,11.532743912619834,13.467400725756477,1.9346568131366428,0.0,0.500029497418807,-0.00016842783166204356,6.342792180872369,6.622574334729404,0.27978215385703553,1.0,0.24177414776632888,1.2764938715825735e-05,0.79,0.9764705882352942,0.18647058823529417,0.0,0.500029497418807,1.411997726574743e-06,-1.9355348554975487,-1.898554759851128,0.036980095646420574,0.0,0.500029497418807,1.4190691801641009e-06,ok,ok,ok
nebDFT2k:mp-771906_1_0_1_0_0,relaxed,final Li endpoint appended to initial NEB image,12.397136884942187,2.8885416064029403,,14.60079793330393,0.9089473684210528,12.874986291868241,13.813072314836303,0.9380860229680614,1.0,0.7623846164371231,0.0033800260795704418,6.101118926185436,7.446192632402947,1.3450737062175104,1.0,0.5031027466531872,0.037456321203696685,0.9227777777777777,0.9840000000000002,0.06122222222222251,0.5031027466531872,1.0,-0.007281812520139819,,,,,,,partial_oxidation_missing,missing: ValueError: Valences cannot be assigned!,missing: ValueError: Valences cannot be assigned!
nebDFT2k:mp-772502_1_2_0_0_0,relaxed,final Li endpoint appended to initial NEB image,12.212230867683523,4.683464472923691,-0.21568040399682048,12.606663322552944,0.6900000000000001,10.734091953459261,13.049061932989774,2.314969979530513,1.0,0.5585943292261479,0.32401940928233675,6.632265920123334,8.438464595426044,1.80619867530271,1.0,0.18212714137796734,0.35179575487933334,0.69,0.8270588235294118,0.1370588235294119,0.0,0.8785490525162666,-0.017109624786740718,-1.9985313135705474,-1.5322133099108217,0.46631800365972564,0.0,0.5585943292261479,-0.03996108555295996,ok,ok,ok
nebDFT2k:mp-772542_0_2_0_0_0,relaxed,final Li endpoint appended to initial NEB image,10.683990200958842,2.6157074162595864,,13.164668898063107,0.7313333333333334,12.41235623967661,15.22203488913517,2.8096786494585597,0.0,0.5000151412216526,-0.00043155234655767316,5.972506394339741,6.562205866248957,0.5896994719092152,0.5000151412216526,1.0,-0.0001064714346412643,0.7229411764705883,0.7408333333333333,0.017892156862745034,0.5000151412216526,0.0,1.0191699650885511e-07,-1.8283229312896694,-1.7893233774072845,0.03899955388238485,0.0,0.7762376788401892,-0.01035731466497869,partial_oxidation_missing,missing: KeyError: np.int64(3),ok
nebDFT2k:mp-772613_0_1_0_0_0,relaxed,final Li endpoint appended to initial NEB image,10.965102918087974,3.4819993564575644,-0.49383379619270024,11.172705230497815,0.7694117647058824,10.467496599989532,11.762857993554114,1.2953613935645816,0.48962483550406577,1.0,-0.039164159464635695,5.762393595438811,7.284679307620313,1.5222857121815023,0.0,1.0,-0.345124150641535,0.7288888888888889,0.93,0.20111111111111113,0.0,0.20734891791575608,-0.005869260634463136,-1.983186978843413,-1.806755560746021,0.17643141809739205,0.20734891791575608,1.0,-0.048234574090807336,ok,ok,ok
nebDFT2k:mp-772658_3_3_1_0_0,relaxed,final Li endpoint appended to initial NEB image,7.986980030665123,5.023898382073052,-0.18737362167581578,10.45573416876513,0.7220000000000001,10.455734168765124,12.597073701218415,2.1413395324532907,0.0,0.20397559904879117,0.09489386975507763,6.162691544218126,8.735704018230374,2.5730124740122475,1.0,0.42137581460026957,0.21754034362800345,0.7163636363636364,0.9075,0.19113636363636355,0.01007564349237987,0.42137581460026957,-0.018119854275689018,-1.9679412404009926,-1.4428811230793128,0.5250601173216798,0.01007564349237987,0.42137581460026957,0.02321599138887287,ok,ok,ok
nebDFT2k:mp-772851_6_10_0_1_0,relaxed,final Li endpoint appended to initial NEB image,13.522566204725816,4.649538270790952,-0.23268044001474286,14.324782036757457,0.831764705882353,14.324782036757457,14.85292622007868,0.5281441833212241,0.0,0.8273402755444753,-0.03368858075506864,7.812988127715445,9.697206296043058,1.884218168327613,0.6621394509184468,0.4806195986990689,0.2699738409297545,0.79,0.9333333333333331,0.1433333333333331,0.4806195986990689,0.6621394509184468,-0.034283174041766395,-1.4238845071916915,-1.0969736374227563,0.32691086976893513,0.0,0.4806195986990689,0.024820246028046444,ok,ok,ok
nebDFT2k:mp-772981_0_2_0_0_0,relaxed,final Li endpoint appended to initial NEB image,9.999269285497274,3.414204425137833,-0.2539379139325806,11.585102414740263,0.8188235294117646,9.999269285497274,11.982501721093843,1.9832324355965696,0.0,0.7119197750363448,-0.39973796467756006,5.471269826715482,7.508053894362392,2.0367840676469093,1.0,0.4103543499930096,0.29090237323270296,0.772,0.8557142857142858,0.08371428571428574,1.0,0.19971064278379727,0.023994084188830034,-1.976791554893415,-1.5859550782915817,0.3908364766018333,0.0,0.4103543499930096,-0.016851730688276056,ok,ok,ok
nebDFT2k:mp-772981_1_2_0_0_0,relaxed,final Li endpoint appended to initial NEB image,8.975485592924453,5.869780699701077,-0.18999802481666941,11.697434541947311,0.772,9.457677810682624,11.69743454194731,2.239756731264686,0.5292905399901744,0.0,-0.21332202760377594,5.435699021354918,7.9807197559162635,2.545020734561345,1.0,0.3520574658077475,0.03173775798265854,0.772,0.8893333333333334,0.1173333333333334,0.0,0.6873138411525554,-0.01020328824808131,-1.7956298975100775,-1.063510745218797,0.7321191522912804,0.0,0.5292905399901744,-0.019244834776183994,ok,ok,ok
nebDFT2k:mp-774843_2_3_0_0_0,relaxed,final Li endpoint appended to initial NEB image,11.685592209524955,3.6462836041000757,-0.3164433543563913,11.790672781536127,0.8994444444444445,10.948945137173151,12.44340651821233,1.4944613810391782,0.5334871243643949,0.7860737823310675,-0.26254564162897953,5.790330871912275,6.764002357288732,0.9736714853764568,1.0,0.28610221442903666,0.21076044098486468,0.7636842105263157,0.9636842105263159,0.20000000000000018,1.0,0.7860737823310675,0.014663082265870153,-1.9359615423531693,-1.7965910083634065,0.13937053398976285,0.7860737823310675,0.28610221442903666,0.03588241095198086,ok,ok,ok
nebDFT2k:mp-774843_2_3_1_0_0,relaxed,final Li endpoint appended to initial NEB image,11.681398579487372,3.483048771072678,-0.3583971410434734,11.856586414390952,0.8757142857142858,11.121022943964762,12.605034469574903,1.484011525610141,0.44897129874698516,1.0,-0.38966419191319,5.795780777134002,7.012026970544554,1.2162461934105515,1.0,0.16969105903929638,0.27855935676092214,0.7636842105263159,0.896842105263158,0.13315789473684214,1.0,0.16969105903929638,0.011737430942896143,-1.9090402909911819,-1.7756953080954825,0.1333449828956994,0.7239284001364407,0.44897129874698516,0.03439258999484185,ok,ok,ok
nebDFT2k:mp-774843_2_3_0_1_0,relaxed,final Li endpoint appended to initial NEB image,11.583794471815443,3.5449788794653916,-0.3267187834090074,11.824029275229716,0.8755,11.075487026969927,12.71088738400122,1.6354003570312923,0.5015356944736523,1.0,-0.4669281507554217,5.787207178082819,6.8121338225180015,1.0249266444351823,1.0,0.30329728906564235,0.16209609142930237,0.8019999999999999,0.9484999999999999,0.14649999999999996,1.0,0.7665116807784992,0.0012612725758958665,-1.8894119949646684,-1.745429264130877,0.14398273083379132,1.0,0.5015356944736523,0.019796574848697235,ok,ok,ok
nebDFT2k:mp-774843_2_0_0_1_0,relaxed,final Li endpoint appended to initial NEB image,5.16805677220769,5.269499267117189,0.1818201115697819,11.480619852105903,0.8533333333333333,10.168430728794595,12.811905857860536,2.6434751290659406,0.4189192200057937,1.0,-0.5669803924126748,5.841722189680232,7.140240243765171,1.2985180540849388,1.0,0.7431524581345422,-0.2128005050425883,0.7578947368421053,0.9458333333333334,0.18793859649122813,1.0,0.0,0.023421951238566108,-1.8876192645642391,-1.2025842598861516,0.6850350046780875,0.8738026922284408,0.4189192200057937,0.12506441547901748,ok,ok,ok
nebDFT2k:mp-774843_0_1_0_0_0,relaxed,final Li endpoint appended to initial NEB image,11.701607643319056,3.645494481085393,-0.36727839151947983,12.676776897665917,0.7578947368421053,10.746763380111885,12.757502085217352,2.0107387051054673,0.5445687207775572,0.0,0.47581459574520313,5.7307404817393595,7.0207602220779135,1.290019740338554,0.0,0.7683022378933818,-0.23989141730366192,0.7710526315789474,0.9918750000000001,0.22082236842105263,0.0,0.7683022378933818,-0.019632247669210845,-1.8823318372007947,-1.7874103189995842,0.09492151820121042,0.0,0.5445687207775572,-0.02530174324304446,ok,ok,ok
nebDFT2k:mp-774946_0_2_0_0_0,relaxed,final Li endpoint appended to initial NEB image,11.905452373190862,3.6138498733485616,,13.920723368129858,0.86,11.91296514925811,13.2203447994536,1.3073796501954895,0.0,0.8919455239359282,-0.20434725610738802,5.318692662422372,7.682920225070434,2.364227562648062,1.0,0.2262721653492497,0.4591545617926789,0.831764705882353,0.8733333333333334,0.041568627450980444,0.8919455239359282,0.2262721653492497,0.010130075707291464,-1.97159281031786,-1.5755063627067991,0.3960864476110608,0.0,0.5440833228523289,-0.051162307261346074,partial_oxidation_missing,missing: KeyError: np.float64(2.0),ok
nebDFT2k:mp-775195_1_5_0_1_0,relaxed,final Li endpoint appended to initial NEB image,12.238257054261743,2.7159227743512124,-0.3996589339544632,14.227727140649826,0.7941176470588235,12.687469776136572,14.337068480142737,1.6495987040061646,0.0,0.41178858672520846,-0.01678246289336016,6.773097781592077,7.6889568026521475,0.9158590210600703,0.0,0.41178858672520846,-0.022450845666073693,0.7866666666666666,0.8625,0.07583333333333342,0.41178858672520846,0.8341272908218644,-0.01093301414628034,-1.9141285550524763,-1.7652372916841739,0.14889126336830238,1.0,0.41178858672520846,0.006700337669502288,ok,ok,ok
nebDFT2k:mp-776519_1_0_0_1_0,relaxed,final Li endpoint appended to initial NEB image,11.025298750147273,3.5128794544430884,-0.3205318593811528,11.447560131905334,0.8977777777777778,10.342348036786053,12.628150251924348,2.285802215138295,0.3196634738961479,0.8909149680385999,-0.5401780213717746,5.499233533062308,7.076303808458667,1.577070275396359,1.0,0.0011448471588632056,0.30773690497270234,0.7710526315789474,0.9236363636363638,0.15258373205741638,1.0,0.0011448471588632056,0.018388650029522724,-1.9050264196671698,-1.7305139912337253,0.1745124284334445,0.8909149680385999,0.0011448471588632056,0.03397377838189075,ok,ok,ok
nebDFT2k:mp-776806_0_1_0_0_0,relaxed,final Li endpoint appended to initial NEB image,11.300936268103039,3.6198673464298925,-0.4208288796436867,12.320344030335624,0.7895,11.126266721226012,12.523538864945564,1.3972721437195528,0.5135849484377006,0.25521589745075696,0.2233605135255461,5.638902399096274,7.160688453872126,1.521786054775852,0.0,0.7590371444619171,-0.36788040421093715,0.7636842105263157,0.991875,0.2281907894736842,0.0,0.7590371444619171,-0.0390657786619828,-1.9117616334274647,-1.843889947895242,0.06787168553222278,0.25521589745075696,0.7590371444619171,-0.023473482492506026,ok,ok,ok
nebDFT2k:mp-776806_3_2_1_1_0,relaxed,final Li endpoint appended to initial NEB image,12.228244726484899,3.5788349859003277,-0.4148395410052995,12.753992031636542,0.7895000000000001,11.525498395214818,12.928825957739116,1.4033275625242982,0.47799253006208314,0.2400273726289647,0.24818915524189045,5.732808861206386,6.9963376403628565,1.2635287791564709,0.0,1.0,-0.3400829752494494,0.7636842105263159,0.9391304347826087,0.17544622425629286,0.0,1.0,-0.0167033838805023,-1.9107767048437503,-1.762594246301088,0.14818245854266232,0.2400273726289647,0.7099767384783543,-0.03794871422876556,ok,ok,ok
nebDFT2k:mp-777279_19_7_1_0_0,relaxed,final Li endpoint appended to initial NEB image,9.43199936374787,2.797787949354167,-0.20097569421690784,10.187873926209246,0.7885714285714286,9.515121506456028,10.993574468453062,1.478452961997034,0.0,0.5494108129957935,0.02830446153912547,7.1158770235962665,7.6946586258788585,0.578781602282592,1.0,0.5494108129957935,0.044232313232278386,0.8213333333333334,0.9623076923076923,0.14097435897435895,0.5494108129957935,1.0,-0.0008474402562776429,-1.0047310637652362,-0.9133099446084297,0.09142111915680651,0.0,0.5494108129957935,-0.0018290310333172188,ok,ok,ok
nebDFT2k:mp-777670_0_1_0_0_0,relaxed,final Li endpoint appended to initial NEB image,11.77343351557213,3.6099152953437215,-0.29267312469213014,12.994001228040586,0.8038888888888889,10.64950105342463,11.958791115972351,1.3092900625477206,0.5250576732258816,1.0,0.04625760754408237,5.63543449184259,7.004748135306025,1.3693136434634354,0.0,0.7624037931921623,-0.3084425267961306,0.7636842105263159,0.9550000000000001,0.19131578947368422,0.0,0.7624037931921623,-0.024243776406974282,-1.9303133390285279,-1.825826214513196,0.10448712451533182,0.2712356096729962,0.7624037931921623,-0.03377346591849517,ok,ok,ok
nebDFT2k:mp-777670_0_2_0_1_0,relaxed,final Li endpoint appended to initial NEB image,5.313790402029028,5.2347332667601085,-0.009681258212114269,11.932478379472846,0.7895000000000001,9.602957557495344,12.056618197967811,2.4536606404724672,0.5747160452747386,1.0,0.4724463635855596,5.715254515949657,7.442784139508831,1.7275296235591737,0.0,0.2811113318284029,0.08963991608533961,0.7895000000000001,0.9453846153846155,0.1558846153846154,0.0,0.5747160452747386,-0.034047311587677265,-1.8699005388843257,-0.8676752722368818,1.0022252666474438,0.0,0.5747160452747386,-0.11424085295108166,ok,ok,ok
nebDFT2k:mp-777670_1_0_0_1_0,relaxed,final Li endpoint appended to initial NEB image,11.829317582236675,3.5610747559046954,-0.3285720515140974,12.165431715203395,0.8995238095238095,10.673582929884995,11.950445913462627,1.2768629835776313,0.46037361233878304,0.0,-0.04754462117398006,5.67773966118091,7.05358098060553,1.3758413194246204,1.0,0.23017518347588645,0.3106829419373862,0.7636842105263159,0.9558823529411765,0.19219814241486066,1.0,0.23017518347588645,0.03286478804091386,-1.928500867319876,-1.8421267183247556,0.08637414899512041,0.7310465921283799,0.23017518347588645,0.02941982748847294,ok,ok,ok
nebDFT2k:mp-778325_0_1_0_0_0,relaxed,final Li endpoint appended to initial NEB image,11.202402098715462,3.528582420646656,-0.26846520179115246,12.761070158615164,0.8,10.570513519130134,11.94091850598102,1.370404986850886,0.5036132051653971,0.2120676959052098,0.02817331998303274,5.700622669031163,7.140820949363449,1.440198280332286,0.0,0.7823518303614854,-0.35558414173059294,0.7747368421052632,0.965263157894737,0.19052631578947388,0.0,0.2120676959052098,0.0007113081485723427,-1.9475072894135534,-1.8146045536036985,0.1329027358098549,0.2120676959052098,1.0,-0.04284756454071004,ok,ok,ok
nebDFT2k:mp-778830_1_9_1_1_0,relaxed,final Li endpoint appended to initial NEB image,4.9801867436246745,0.25619287175627065,-0.043246932186541714,8.179552261030427,0.9741176470588236,9.210448473885965,9.564335210057255,0.3538867361712903,0.0,1.0,-0.07856974309374731,8.726206406843252,9.13162931798609,0.40542291114283735,0.0,1.0,-0.11234308281794281,0.9738461538461538,1.0386666666666666,0.06482051282051282,0.30889685178975335,0.9915793177009046,-0.016344303668575977,-1.138394983920215,-1.1290213522909793,0.009373631629235657,0.0,0.5660597439607441,-0.0024925446429485687,ok,ok,ok
nebDFT2k:mp-778830_4_0_1_-1_-1,relaxed,final Li endpoint appended to initial NEB image,5.728415148813123,0.28991005492580724,-0.0341460945862837,9.463935227123136,0.9692307692307692,9.686186954019306,9.828960468882823,0.1427735148635172,0.48212622978592146,1.0,-0.028038381366659593,9.129556371354258,9.177754867113206,0.04819849575894786,0.2794176122301354,0.48212622978592146,-0.0022212143136250972,1.0142857142857142,1.04875,0.034464285714285836,0.48212622978592146,0.0,0.009415739999255934,-1.1726447516605567,-1.162791428478582,0.009853323181974627,0.2794176122301354,0.5814347427678058,-0.0027546506520826908,ok,ok,ok
nebDFT2k:mp-779432_2_7_0_1_0,relaxed,final Li endpoint appended to initial NEB image,15.162917469141354,3.1045844005322136,-0.4166368333154986,18.1798922137504,0.74,17.524681564907834,18.39488001929926,0.8701984543914278,0.0,0.8008625113620478,-0.07356973373221365,8.023882148409122,9.009733427611138,0.9858512792020164,0.536054026448146,0.0,0.06970029858237403,0.746842105263158,0.783125,0.036282894736841986,0.2726647754380211,1.0,-0.0011841303621611954,-1.9590503362961247,-1.912009717883176,0.0470406184129486,1.0,0.536054026448146,0.004627705332258647,ok,ok,ok
nebDFT2k:mp-779720_1_4_0_0_0,relaxed,final Li endpoint appended to initial NEB image,9.514482509605468,1.2447322342874996,-0.15934173984335165,12.577293787397037,1.1641176470588235,12.691468152170472,13.146590311760896,0.4551221595904238,1.0,0.6035961361427022,-0.02438599016620291,8.26341064269086,8.825285741232651,0.5618750985417922,0.0,0.6035961361427022,-0.17695479944589376,1.161111111111111,1.1763157894736842,0.01520467836257322,0.0,0.252386117424505,0.0017563916942742175,-1.1088790281137553,-0.9759581916569086,0.1329208364568467,0.252386117424505,0.9658892396476585,-0.033078708736502316,ok,ok,ok
nebDFT2k:mp-779720_0_6_0_0_0,relaxed,final Li endpoint appended to initial NEB image,11.113234433361148,2.697893107819584,-0.23604165428743842,12.03337980691165,1.127142857142857,11.491487281314212,12.827067442108849,1.3355801607946365,0.0,0.7726168288938021,-0.2630254398209173,7.065796031409446,8.596645318624857,1.5308492872154105,0.21111817083291026,0.7726168288938021,-0.41968225144726645,1.1176470588235294,1.28375,0.1661029411764705,0.21111817083291026,1.0,-0.03850575113443555,-1.0293301770672663,-0.9040984938109097,0.12523168325635659,0.21111817083291026,0.7726168288938021,-0.029849496497249772,ok,ok,ok
nebDFT2k:mp-779720_12_22_0_0_0,relaxed,final Li endpoint appended to initial NEB image,10.970952680482561,2.0673181457024383,-0.21368872106312103,11.934034472359157,1.1835714285714285,11.368523497984512,13.025163183078769,1.656639685094257,1.0,0.27164473707498515,0.1749934967711093,7.1695887451986104,8.09862768322316,0.9290389380245498,1.0,0.27164473707498515,0.1344837939886605,1.1835714285714285,1.2144444444444444,0.03087301587301594,0.6211581839968555,0.0,0.005147393904422426,-1.1198213300173525,-1.042184385270375,0.07763694474697758,0.0,1.0,-0.01921648853586,ok,ok,ok
nebDFT2k:mp-779720_4_8_0_1_0,relaxed,final Li endpoint appended to initial NEB image,9.70197410822528,1.581535346699383,-0.1375781757610612,13.559669556872402,1.0846666666666667,12.091134688684814,12.769881098744094,0.6787464100592793,1.0,0.3646324406901039,0.16146506077897094,8.42786536120432,8.984955490983237,0.557090129778917,0.7172964136377239,0.0019175732969694793,0.14691843186449116,1.1176470588235294,1.1763157894736842,0.058668730650154766,0.0,0.3646324406901039,-0.004039715558382118,-1.0053820960230815,-0.8804718728890027,0.12491022313407874,0.3646324406901039,1.0,-0.027736386190136797,ok,ok,ok
nebDFT2k:mp-781596_1_3_0_1_0,relaxed,final Li endpoint appended to initial NEB image,12.741350223600884,2.8528316922825714,-0.2395849811895333,13.784871270626088,0.780625,12.813474943165943,13.559747462473961,0.7462725193080182,1.0,0.2629976588948211,0.07580634099294237,5.835671161823135,6.895190752329992,1.0595195905068566,1.0,0.2629976588948211,0.1755890890200611,0.7233333333333333,0.825,0.10166666666666668,1.0,0.2629976588948211,0.006451673336782315,-1.4498799240002995,-1.1685689972292064,0.28131092677109315,0.2629976588948211,1.0,-0.04746969664045064,ok,ok,ok
nebDFT2k:mp-849351_1_0_1_0_-1,relaxed,final Li endpoint appended to initial NEB image,10.569213577215683,5.793732649468946,-0.34299329805574985,13.19120088471676,0.7208333333333333,10.569213577215683,13.31883358743811,2.7496200102224275,0.0,0.6727056174962226,0.000522552244401453,5.9481800634960065,8.013167944003719,2.0649878805077124,0.0,0.6727056174962226,0.0014313998342196932,0.7161538461538461,0.7642857142857142,0.048131868131868094,0.15692542258893474,0.5022281177735467,-0.00013372913833509248,-1.9909452665983431,-1.5831252188735967,0.40782004772474645,0.0,0.5022281177735467,-0.00011089425994392776,ok,ok,ok
nebDFT2k:mp-849386_8_8_1_0_0,relaxed,final Li endpoint appended to initial NEB image,10.244055801042613,5.188589921263201,,12.305722246861315,0.815,12.185578409379374,13.66249873334557,1.4769203239661959,0.16821269615871942,0.6893271651483106,-0.2622919983972247,7.0927134834288035,8.184289801813781,1.0915763183849778,0.16821269615871942,0.6893271651483106,-0.26684391000815966,0.815,0.9441176470588236,0.12911764705882367,0.0,0.5259447888648674,-0.014453392989543179,,,,,,,partial_oxidation_missing,missing: ValueError: Valences cannot be assigned!,missing: ValueError: Valences cannot be assigned!
nebDFT2k:mp-850532_0_1_0_1_0,relaxed,final Li endpoint appended to initial NEB image,13.046528835262928,4.396289334363978,-0.36612533438528694,15.002643465527061,0.7956249999999999,13.046581986811567,14.476202663007726,1.4296206761961585,1.0,0.5031650870564978,0.001997649865046469,6.920852870490285,9.50114910998875,2.580296239498465,1.0,0.5031650870564978,0.00028469064284220025,0.7511111111111111,0.8322222222222222,0.08111111111111113,0.25071183543780695,0.5031650870564978,-0.0017148539631268167,-1.986046109971203,-1.9275396312909168,0.058506478680286245,0.0,0.7530612312927171,-3.2716602486715374e-05,ok,ok,ok
