source,midpoint_prediction,midpoint_prediction_sd,midpoint_seeds,positional_prediction,positional_prediction_sd,positional_seeds,affine_bvse_prediction,affine_bvse_prediction_sd,affine_bvse_seeds,bvse_delta_prediction,bvse_delta_prediction_sd,bvse_delta_seeds,dft_barrier,midpoint_absolute_error,positional_absolute_error,delta_pos,affine_bvse_absolute_error,bvse_delta_absolute_error,delta_bvse,dft_path_length,dft_endpoint_displacement,dft_tortuosity,dft_bottleneck_mean_k_distance,dft_bottleneck_path_coordinate,dft_coordination_at_bottleneck,dft_smooth_coordination_at_bottleneck,dft_coordination_range,dft_smooth_coordination_range,composition_family,anion_family,em_bvse,bvse_path_length,bvse_endpoint_displacement,bvse_tortuosity,bvse_bottleneck_mean_k_distance,bvse_bottleneck_path_coordinate,bvse_coordination_at_bottleneck,bvse_smooth_coordination_at_bottleneck,bvse_coordination_range,bvse_smooth_coordination_range,litraj_min_volume,litraj_edge_length,litraj_max_weighted_mean_oxidation,litraj_max_volume,litraj_min_mean_covalent_radius,dft_profile_volume_min,dft_profile_volume_max,dft_profile_volume_range,dft_profile_volume_s_min,dft_profile_volume_s_max,dft_profile_volume_asymmetry,dft_profile_effective_cn_min,dft_profile_effective_cn_max,dft_profile_effective_cn_range,dft_profile_effective_cn_s_min,dft_profile_effective_cn_s_max,dft_profile_effective_cn_asymmetry,dft_profile_mean_rc_min,dft_profile_mean_rc_max,dft_profile_mean_rc_range,dft_profile_mean_rc_s_min,dft_profile_mean_rc_s_max,dft_profile_mean_rc_asymmetry,dft_profile_weighted_mean_oxi_min,dft_profile_weighted_mean_oxi_max,dft_profile_weighted_mean_oxi_range,dft_profile_weighted_mean_oxi_s_min,dft_profile_weighted_mean_oxi_s_max,dft_profile_weighted_mean_oxi_asymmetry,bvse_profile_volume_min,bvse_profile_volume_max,bvse_profile_volume_range,bvse_profile_volume_s_min,bvse_profile_volume_s_max,bvse_profile_volume_asymmetry,bvse_profile_effective_cn_min,bvse_profile_effective_cn_max,bvse_profile_effective_cn_range,bvse_profile_effective_cn_s_min,bvse_profile_effective_cn_s_max,bvse_profile_effective_cn_asymmetry,bvse_profile_mean_rc_min,bvse_profile_mean_rc_max,bvse_profile_mean_rc_range,bvse_profile_mean_rc_s_min,bvse_profile_mean_rc_s_max,bvse_profile_mean_rc_asymmetry,bvse_profile_weighted_mean_oxi_min,bvse_profile_weighted_mean_oxi_max,bvse_profile_weighted_mean_oxi_range,bvse_profile_weighted_mean_oxi_s_min,bvse_profile_weighted_mean_oxi_s_max,bvse_profile_weighted_mean_oxi_asymmetry
nebDFT2k:mp-1020056_0_0_1_1_0,1.5991079449653625,0.5701858306239254,10,2.608033847808838,0.3156535926016508,10,1.1513273858942557,0.0,10,2.533695864677429,0.3079659545375945,10,2.06686851521863,0.4677605702532674,0.5411653325902082,-0.0734047623369407,0.9155411293243744,0.4668273494587991,0.4487137798655751,5.779497694726756,5.181886005588375,1.1153270620955171,2.036745745813577,0.3680214525438304,9.0,0.9294845961703652,2.0,0.3908737415661556,Li15N80Si32Ca48,N,2.135842168248376,6.090845403200019,5.1818860013966805,1.1754109221156823,1.9044703818380069,0.3354263966141676,9.0,1.154280241049072,1.0,0.4775265018339739,7.072575595899682,5.181886005588375,-0.0360196652291937,13.705401707112182,1.0379999999999998,10.25702331877866,13.705401707112186,3.4483783883335253,0.5084313905624165,0.0,0.0080069081752434,8.826988750885329,12.780489532825106,3.953500781939777,0.5084313905624165,1.0,0.005081527023238,0.9991666666666664,1.1095000000000002,0.1103333333333336,0.5084313905624165,0.8505470733230361,0.002864944599813,-1.1886043868368872,-0.7985730669254301,0.3900313199114571,1.0,0.5084313905624165,0.0009331330280321,9.111548007445327,13.050527901331384,3.9389798938860565,0.5043981809591958,1.0,-0.008093713241369649,8.732590154776334,12.79474524834544,4.062155093569105,0.5043981809591958,1.0,-0.0016367591520012326,1.0254545454545452,1.0955555555555554,0.07010101010101022,0.5043981809591958,0.0,0.0004161178877490901,-1.1285368897811532,-0.235835536648657,0.8927013531324962,0.0,0.5043981809591958,0.0012421566174496412
nebDFT2k:mp-1020056_0_2_1_0_0,0.5288663506507874,0.1857942240139179,10,0.756853798031807,0.2337116047123186,10,0.5208987937733469,0.0,10,0.8131173014640808,0.4339881174000169,10,0.1300193352041105,0.3988470154466768,0.6268344628276964,-0.2279874473810196,0.3908794585692363,0.6830979662599702,-0.2922185076907339,2.0616527883634954,2.027377400428485,1.0169062691178103,2.1590253967846698,0.2380671398271903,7.0,0.620880669266016,5.0,0.0616000113879113,Li15N80Si32Ca48,N,0.5561819799531005,2.772075621413881,2.6501024403276467,1.0460258362960315,2.1472490791794843,0.5021748725355212,8.0,0.7188915712322952,5.0,0.0862353241760732,12.518979114744988,2.027377400428485,-0.247199049936426,14.632250014611794,1.0472727272727276,13.999096303093486,15.003705015772423,1.0046087126789374,1.0,0.5055661238545174,0.1199414041754867,10.31740930541592,11.817199267005684,1.4997899615897623,0.7717340294251701,0.0,0.332551966398495,1.063888888888889,1.0950000000000002,0.031111111111111,0.0,0.7717340294251701,-0.0010514958798995,-1.3894316173067722,-1.2160048286623766,0.1734267886443956,0.5055661238545174,1.0,0.001038466877543,13.059370256382707,14.307467418257934,1.2480971618752275,1.0,0.25164162524898137,0.23573438221301846,9.627120344942647,11.377099321592587,1.74997897664994,0.7517040354031505,0.0,0.482181142914901,1.0055555555555555,1.0810000000000002,0.07544444444444465,0.7517040354031505,0.25164162524898137,0.01878709340486595,-1.5375905158454934,-1.2750228529221046,0.26256766292338884,0.5021748725355212,1.0,-0.009626991419762199
nebDFT2k:mp-1020056_2_2_1_1_0,1.5922298789024354,0.544522937230159,10,2.2594040513038633,0.3088958221388239,10,1.378566085915626,0.0,10,2.4072279214859007,0.3200497155977646,10,1.4526391147018671,0.1395907642005682,0.8067649366019962,-0.667174172401428,0.0740730287862412,0.9545888067840336,-0.8805157779977923,5.714277095259645,5.181886004443156,1.1027407956022182,2.0514146681868572,0.6026903774600298,10.0,0.9243700106680884,5.0,0.2543929791252475,Li15N80Si32Ca48,N,2.705232472162268,5.537276566797638,5.1818860013966805,1.0685832465834193,1.8489417116981797,0.6618191866650972,10.0,1.2845564637922642,6.0,0.523561010372799,7.863466130575904,5.181886004443156,-0.0418159091422659,13.177035073146584,1.0076923076923074,10.72088240941766,13.221798498012998,2.5009160885953374,0.4822714898089728,0.1648068918851468,0.1005785859833956,8.142237083029423,11.393687298622313,3.2514502155928895,0.4822714898089728,1.0,0.0212421808668317,1.0372222222222225,1.151333333333333,0.1141111111111108,0.1648068918851468,0.4822714898089728,-0.0013561182616337,-1.162276724661319,-0.9942942584881896,0.1679824661731294,1.0,0.4822714898089728,-0.0062933939300091,8.645986568511567,12.404869129045949,3.7588825605343814,0.4942569320351731,0.0,0.0001060404461910025,7.809146919057467,11.26254883532561,3.4534019162681435,0.4942569320351731,1.0,-0.0030258912894822743,0.9991666666666666,1.0955555555555556,0.09638888888888897,0.4942569320351731,1.0,-0.00046753282755762626,-1.0843272261898733,-0.33031964708013917,0.7540075791097341,0.0,0.4942569320351731,0.0009573508434534417
nebDFT2k:mp-1147726_4_6_1_0_0,0.3113276898860931,0.0795579739491518,10,0.2101828157901763,0.0999809090419841,10,0.40790262504814,0.0,10,0.2762701988220214,0.0433486338874778,10,0.1745581483410347,0.1367695415450583,0.0356246674491415,0.1011448740959167,0.2333444767071052,0.1017120504809866,0.1316324262261186,5.173179943834105,3.8883867577467086,1.3304180541011628,2.446675873312599,0.0,4.0,0.2798351625099308,1.0,0.0846895329361682,Li23P12S48Zn6,S,0.2730483286626279,6.910682707482127,3.9513407572415034,1.7489462772394728,2.4194418267936055,0.7665307550735317,4.0,0.3102791324002124,1.0,0.0863034514387616,20.9428012575767,3.8883867577467086,-0.377077556678933,21.923654998122487,1.1046153846153846,21.93174471448951,23.50855465992469,1.5768099454351798,0.0,0.1910300805144107,0.2089230292153345,5.923161807417091,7.198234505363262,1.2750726979461708,0.0,0.4077394263000718,0.2097035840445142,1.0842857142857143,1.114,0.0297142857142858,0.7076594237261393,0.1910300805144107,0.0092219667032263,-1.8756267697829876,-1.7352385592198225,0.140388210563165,0.1910300805144107,0.0,-0.0011315383232838,21.75964290783021,22.379364556035245,0.6197216482050365,0.0,0.46470771630462393,-0.02120244808430094,5.848724180045578,7.477096069500326,1.6283718894547476,0.0,0.46470771630462393,0.1612942739446308,1.086923076923077,1.1300000000000001,0.04307692307692301,0.7665307550735317,0.46470771630462393,0.006367458219450506,-1.8392093994417245,-1.5967578695290325,0.24245152991269192,1.0,0.46470771630462393,0.04110064504938438
nebDFT2k:mp-1174212_5_7_0_0_0,0.3841370910406112,0.074269023460371,10,0.4455973893404007,0.0606905147805303,10,0.7005929840672787,0.0,10,0.4427908658981323,0.0448615454033972,10,0.8727639313134432,0.488626840272832,0.4271665419730425,0.0614602982997894,0.1721709472461645,0.4299730654153109,-0.2578021181691463,2.835333796077017,2.74037553176692,1.0346515516611954,2.039134995429999,0.7557932784516438,12.0,0.9419016823174092,7.0,0.2489400662455068,Li31O56Co24,O,1.0064403629371628,3.2831581660565745,2.875624900572334,1.141719897265853,1.8562593346469356,0.5030924721755888,6.0,1.153070283542772,11.0,0.0819652792685381,9.86045312354783,2.74037553176692,-0.3285958837480501,10.21391363463477,0.8342857142857143,9.353311066441544,11.22351180965074,1.870200743209196,1.0,0.4669449259940536,0.1686096460922179,7.447235855610227,8.424285967258848,0.9770501116486212,1.0,0.4669449259940536,0.1123823806453061,0.8226666666666667,1.02,0.1973333333333333,0.7557932784516438,0.0,0.04473400694631,-1.725866783839341,-1.56795467166215,0.1579121121771907,1.0,0.4669449259940536,0.0304823872161624,8.779886243751884,9.48340156289042,0.7035153191385355,0.5030924721755888,0.0,0.09146885546872596,7.215408538594641,7.632082378446034,0.41667383985139317,1.0,0.2502054868815051,0.0441122240666898,0.7633333333333333,1.0279999999999998,0.2646666666666665,0.5030924721755888,0.0,0.017949589636564345,-1.7621753301805725,-1.2579034813582863,0.5042718488222862,1.0,0.5030924721755888,0.007978866096647552
nebDFT2k:mp-1175313_9_13_0_0_0,0.3805162698030471,0.0336069355641244,10,0.385898694396019,0.0520490463382573,10,0.7304350223958338,0.0,10,0.4852720648050308,0.1022718857821357,10,0.573661385225023,0.1931451154219758,0.187762690829004,0.0053824245929718,0.1567736371708108,0.0883893204199921,0.0683843167508186,2.928593453516623,2.712511450226794,1.0796612317606114,2.1156989900004466,1.0,12.0,0.8417431878814394,3.0,0.0979062434369426,Li55O96Mn40,O,1.081215334241382,3.240481445240284,2.8791344944784716,1.1255054084672995,1.9374220709350525,0.5034095057300491,6.0,1.0175152113207468,7.0,0.1565550960779363,10.696470238227436,2.712511450226794,-0.3375076701059885,11.625631749824318,0.90625,10.777291199647491,12.59476598454537,1.8174747848978772,1.0,0.4820832509962215,-0.0652115990188617,7.689880171332937,8.814189646060042,1.124309474727105,1.0,0.4820832509962215,-0.0187909884424382,0.928235294117647,1.068125,0.1398897058823529,0.4820832509962215,0.0,-0.0063939974986731,-1.618373727398289,-1.4700015942805846,0.1483721331177043,1.0,0.4820832509962215,-0.0104660343887119,9.839801464444266,10.359536748322263,0.5197352838779974,1.0,0.0,0.16660035373464765,6.774986761625584,8.011399821579387,1.2364130599538026,1.0,0.2525426736085331,0.3336523655547179,0.8739999999999999,1.0570588235294116,0.18305882352941172,0.5034095057300491,1.0,-0.015916930792330253,-1.8386332925858848,-1.2843326605463556,0.5543006320395292,1.0,0.5034095057300491,0.05432225980157823
nebDFT2k:mp-1175624_0_3_0_1_0,0.4015165269374847,0.0868236741082918,10,0.4769549399614334,0.1168216470179001,10,0.8194716615756062,0.0,10,0.5181122422218323,0.0794153503736067,10,0.4071036284401258,0.005587101502641,0.0698513115213075,-0.0642642100186665,0.4123680331354804,0.1110086137817064,0.3013594193537739,2.7103461387109,2.5881529952884588,1.0472124884598726,2.094668838319209,0.4998650808045041,9.0,0.8463740964625291,4.0,0.0570296433864422,Li35O64Mn8Co20,O,1.3043137723035363,3.2524414204757313,2.952844309302853,1.1014605173151208,1.8694158633925848,0.4991894415104442,6.0,1.1362573430792533,11.0,0.183720578304274,10.424113152032739,2.5881529952884588,,11.079665968899764,0.8342857142857143,10.481517254622561,11.933303932889794,1.4517866782672328,1.0,0.4998650808045041,0.03932018111336966,7.843439684220111,9.012433046884764,1.1689933626646534,1.0,0.4998650808045041,0.006199709219471217,0.864,1.047777777777778,0.18377777777777793,0.4998650808045041,0.0,0.018559318555467108,,,,,,,9.261652971942876,9.882567231981854,0.6209142600389779,0.49918944151044425,1.0,-0.03795142599217094,7.180139826976254,7.494348054895413,0.3142082279191589,1.0,0.2456674148851086,0.028357098793511337,0.8342857142857143,1.005,0.1707142857142856,0.49918944151044425,0.0,0.006880813145108411,-1.7554144660759647,-1.2792722391193263,0.47614222695663844,1.0,0.49918944151044425,0.005356949382205101
nebDFT2k:mp-1175840_1_1_1_0_0,1.734479260444641,0.1464593956808828,10,1.772915709018707,0.2361410219959343,10,1.7533621918035815,0.0,10,1.6062649488449097,0.1146533484089859,10,2.172025466592572,0.4375462061479311,0.3991097575738649,0.0384364485740662,0.4186632747889907,0.5657605177476626,-0.1470972429586718,5.214802911565228,4.975317221539516,1.048134757918332,1.9745287138374792,0.6742927935337789,7.0,1.0095744642587978,9.0,0.1079253409084115,Li35O64Mn8Co20,O,3.644356259691492,5.288993723928547,4.975261,1.06305854585891,1.5441043493332107,0.49789360207784,10.0,1.709216984418211,10.0,0.653616888795747,7.56987991412868,4.975317221539516,,10.44550356803573,0.9228571428571428,9.692801739733401,10.706405945966818,1.013604206233417,0.495611259271287,0.8449193736462518,-0.055733880448920914,7.507948907588968,8.896214385329577,1.3882654777406085,0.32152709669808616,0.15436819417416553,0.03860415597076905,0.9059999999999999,1.0463157894736843,0.1403157894736844,0.495611259271287,0.0,0.003236413934782467,,,,,,,6.106150356679681,9.584644214694041,3.4784938580143603,0.49789360207784,1.0,0.07260870095137673,6.860981134952349,8.658757257434774,1.797776122482425,0.6639732767783407,0.1659075806518142,0.22940371125794057,0.8459999999999999,1.00625,0.16025000000000023,0.33271417941532677,0.0,-0.013225904781697218,-1.7186190433609954,-0.4901993581091909,1.2284196852518043,1.0,0.49789360207784,0.012018229424734184
nebDFT2k:mp-1176566_0_2_0_0_0,0.5645624369382858,0.1022392973071832,10,0.4164240896701813,0.0837080405272452,10,0.6386552193754514,0.0,10,0.4451653838157653,0.1113799178612391,10,0.1750415249170202,0.3895209120212655,0.241382564753161,0.1481383472681044,0.4636136944584311,0.2701238588987451,0.193489835559686,2.3007980540937836,2.142533422782539,1.0738679871353902,1.9097327376182776,0.5479901373234899,7.0,0.9034125959112574,5.0,0.025934361708456,Li15O64Si16Ti16,O,0.8512433711469878,2.9706499747768618,2.7169952419774206,1.0933585487675834,1.82796464730926,0.5008374464748752,7.0,1.0601023378650358,4.0,0.1043751024925279,9.359845164593755,2.142533422782539,-0.4772237362707707,10.741446279405634,0.8523076923076923,10.062232298139254,10.86793539756288,0.8057030994236278,1.0,0.5479901373234899,0.0068816046379671,6.510842782786658,7.264269767890379,0.7534269851037214,0.5479901373234899,0.0,-0.0044619058426147,0.9011111111111112,0.952,0.0508888888888888,0.2762651526643055,1.0,-0.0052384876989748,-1.7340807622029255,-1.618368925393391,0.1157118368095344,0.2762651526643055,0.0,-0.0053138239579814,9.396245061605978,9.604320657072055,0.20807559546607735,0.0,0.24926476298864758,0.0005309014061571915,6.041170230492448,6.793654173411852,0.7524839429194037,0.5008374464748752,0.0,0.0017398349552575354,0.8753333333333334,0.9337500000000001,0.05841666666666667,0.5008374464748752,0.0,5.004760513427353e-05,-1.8571255784905758,-1.6701065468509952,0.18701903163958056,0.7511913609601921,0.5008374464748752,1.1929304261082407e-05
nebDFT2k:mp-1176566_0_2_0_1_0,1.846409285068512,0.6135344313121965,10,1.7798832535743714,0.2721777763977181,10,1.8908212544357383,0.0,10,2.1287952423095704,0.2176285906989479,10,2.8486144832020557,1.0022051981335438,1.0687312296276843,-0.0665260314941404,0.9577932287663172,0.7198192408924853,0.237973987873832,5.745988549271803,5.03482281695927,1.141249406020217,1.9225401721909945,0.6757449301300812,12.0,1.2472386922315004,5.0,0.5086713115317715,Li15O64Si16Ti16,O,3.9887864005102953,6.105052623708955,5.070292442544626,1.2040829385858884,1.7053346153430369,0.3417774139293153,11.0,1.5426244602827937,2.0,0.6718990142656711,7.683707848167357,5.03482281695927,-0.0983781972004184,9.518123117138616,0.8435294117647059,8.079416159401648,10.044844825323942,1.9654286659222944,0.4867902445530973,0.1227862665400463,0.0251855023318219,6.635712524552505,8.793846528161763,2.1581340036092582,1.0,0.6757449301300812,-0.0904625302416213,0.788235294117647,0.9906666666666666,0.2024313725490195,1.0,0.8705161511366722,-0.003147891305412,-1.8624945098231311,-1.116265128084443,0.7462293817386885,1.0,0.4867902445530973,-0.0247359787822776,7.034823427850242,9.319983488524585,2.285160060674343,0.5098169977975152,0.0,0.03095526390597314,7.0473524716956675,8.193428992857067,1.1460765211613992,0.17134556067787457,0.5098169977975152,-0.12682760450656572,0.8357142857142856,0.9900000000000001,0.15428571428571447,0.6750640168143751,0.17134556067787457,0.010473556741271317,-1.7045386687739645,-0.5439367047801352,1.1606019639938294,1.0,0.5098169977975152,-0.03605907219441595
nebDFT2k:mp-1176649_6_7_0_0_0,0.93427432179451,0.2001051032902941,10,1.311507773399353,0.2402235154800307,10,0.9110472697612776,0.0,10,0.7823225498199463,0.0786695341089366,10,0.9662818259483572,0.0320075041538473,0.3452259474509958,-0.3132184432971484,0.0552345561870796,0.1839592761284109,-0.1287247199413312,4.453796954254539,4.36648039381139,1.0199970119107606,2.043542786847974,1.0,8.0,0.7699412898940268,3.0,0.1681300357489199,Li15O64F16P16Mn16,O+F,1.5337740859342484,4.598582301785365,4.4298694338711515,1.0380852913235368,1.888702193219186,0.4960600917552787,10.0,1.314450397381144,4.0,0.5386526495081541,9.79367557352903,4.36648039381139,-0.3135345949256664,11.231077672708237,0.7787499999999999,11.231077672708237,12.343442564124013,1.112364891415778,0.0,0.2692621501195613,0.1875536743200605,6.2611049068152935,7.365261853335523,1.10415694652023,0.0,0.6104976679840249,0.0662529089496062,0.7653333333333333,0.8634999999999999,0.0981666666666666,0.8700924824656648,0.0,0.0160224105207683,-1.729756492414273,-1.4831063750157207,0.2466501173985522,0.2692621501195613,0.6104976679840249,-0.0716797719974422,8.475607074701035,10.887098455012104,2.4114913803110696,0.4960600917552787,0.0,0.04993419373038144,6.144069361719637,7.804870237155488,1.660800875435851,1.0,0.4960600917552787,0.05788236686012205,0.7957142857142856,0.8742105263157894,0.07849624060150384,1.0,0.0,0.013019883873404525,-1.7156845193118242,-1.079117348719619,0.6365671705922051,0.0,0.4960600917552787,-0.08236833005864941
nebDFT2k:mp-1176994_9_9_1_0_0,1.6881629705429078,0.3058294188279726,10,2.096464467048645,0.2009735150333171,10,2.0390147956401914,0.0,10,2.560882592201233,0.2005114698561921,10,2.2720789882022245,0.5839160176593168,0.1756145211535793,0.4083014965057374,0.2330641925620331,0.2888036039990083,-0.0557394114369751,5.111455607948042,4.9588885335666,1.0307663851181006,1.905392591825044,0.6681830295326535,7.0,1.1296965889253476,10.0,0.1366050748300014,Li55O96Si16V24,O,4.360113843663878,5.179445943661855,4.96028325,1.0441835037670186,1.5347494682816687,0.4977049503004946,11.0,1.826275162244623,10.0,0.7608049732767224,5.717551427403425,4.9588885335666,-0.2034712927771005,9.551672865352533,0.9159999999999998,8.59135244612646,9.695061116326048,1.1037086701995875,0.4939501084684736,0.1478728880149469,0.0572143213174456,7.198029106730102,8.55034613081331,1.3523170240832076,0.4939501084684736,0.1478728880149469,0.0473892601221486,0.8835294117647058,0.975,0.0914705882352943,0.3167103092587759,0.843798990346275,-0.0079656464885559,-1.6612484625210815,-1.1132526380572478,0.5479958244638339,1.0,0.4939501084684736,0.0095530003073902,5.756993390310526,9.554290245704552,3.797296855394026,0.4977049503004946,1.0,-0.07527209662115464,6.7064307093599975,8.88570374086178,2.1792730315017828,0.4977049503004946,0.8346186529390975,-0.09123592592598095,0.87,0.9699999999999999,0.09999999999999987,0.3304688401730311,0.0,-0.011385671722879465,-1.6236537584254696,-0.570929717492515,1.0527240409329546,1.0,0.4977049503004946,8.482583522251286e-05
nebDFT2k:mp-1177804_0_1_0_0_1,1.6483089685440064,0.3650500790889656,10,2.1646708250045776,0.2087480041694076,10,1.788925969929026,0.0,10,2.0314053177833555,0.3022421760805471,10,1.6887457253068874,0.0404367567628809,0.4759250996976902,-0.4354883429348093,0.1001802446221387,0.3426595924764681,-0.2424793478543294,5.083584863143663,4.996194166355374,1.0174914532699275,1.9991569931381612,0.2619111632910431,7.0,0.9309226164908512,7.0,0.1557289240827727,Li47O96V24Co24,O,3.7334681514303054,5.445807564371832,5.096676593547174,1.0685016921157384,1.5545754837428198,0.5043710869031997,10.0,1.6959752775304684,10.0,0.730784798080819,6.149597637958499,4.996194166355374,-0.1585574519401221,10.405173392090704,0.904,9.608720722520356,10.6040465553628,0.995325832842445,0.5158220661283751,0.040584955012356,0.0259345506094827,7.536400996272966,8.51970662955344,0.983305633280474,1.0,0.7869658224128344,-0.0594524815822428,0.9127777777777778,1.0633333333333337,0.1505555555555556,0.2619111632910431,1.0,-0.0179567852196124,-1.6979680726394155,-1.0851051315915536,0.6128629410478621,1.0,0.5158220661283751,0.0081035390254957,6.119093591232934,10.130030405131016,4.010936813898082,0.5043710869031997,0.0,0.040782300545815886,6.9491815127134,8.39800005686666,1.4488185441532604,0.5043710869031997,0.8363628854690781,-4.967119087062599e-05,0.844,1.0711764705882354,0.22717647058823542,0.3359672594469895,0.0,0.005008310948186823,-1.7321337983550837,-0.4440451681398711,1.2880886302152126,1.0,0.5043710869031997,0.00020259035871961206
nebDFT2k:mp-1177804_0_2_0_0_1,0.4208616822957992,0.0554086884891188,10,0.5421376913785935,0.0509495219978409,10,0.7088408772637085,0.0,10,0.4879229366779327,0.0811584566987146,10,0.3489684496910854,0.0718932326047138,0.193169241687508,-0.1212760090827942,0.359872427572623,0.1389544869868473,0.2209179405857757,2.623200514684739,2.558624491152892,1.0252385700813602,2.0918293508623567,0.8190395469418232,11.0,0.8471860772526804,3.0,0.1043282693350096,Li47O96V24Co24,O,1.0271070469717167,3.2604958761269396,2.9372384478725637,1.110054881137931,1.8922175777618184,0.493794432480099,6.0,1.0855947936630077,10.0,0.1684239202402857,10.256116972437,2.558624491152892,-0.3494138971276205,11.179256508049487,0.8342857142857143,10.291289410638704,12.007130563473751,1.715841152835047,1.0,0.5188947513764844,0.0585778764373214,7.164938092477976,8.876374116175482,1.711436023697506,1.0,0.5188947513764844,-0.0176146036143149,0.8342857142857143,1.043888888888889,0.2096031746031748,0.5188947513764844,1.0,-0.0130590566617551,-1.7279249784428783,-1.4871302203024244,0.2407947581404539,1.0,0.5188947513764844,0.0017556803812767,9.579112415445078,10.16024135980856,0.5811289443634831,0.493794432480099,0.24288667576429956,0.08332636606395649,6.961870803683691,7.66433790774896,0.7024671040652688,1.0,0.7480301313157025,0.026671775360602723,0.8342857142857144,1.058125,0.22383928571428557,0.493794432480099,0.0,0.03684627088151554,-1.8051662481729296,-1.2785345549681169,0.5266316932048127,1.0,0.493794432480099,0.016349705200800146
nebDFT2k:mp-1177943_4_7_0_0_0,1.0555197715759277,0.1999589652971413,10,0.8269593298435212,0.1294429153888952,10,0.5350248380913609,0.0,10,0.873631888628006,0.1918462992850371,10,0.9865845381363554,0.0689352334395723,0.1596252082928342,-0.0906899748532619,0.4515597000449944,0.1129526495083493,0.3386070505366451,3.3889419910477896,3.1270460324120997,1.083751871869207,2.069037641235981,0.2466342036182093,10.0,0.8900739758675627,1.0,0.1632066713101154,Li63O64Fe32,O,0.5915775031037729,3.499424431274897,3.137262234529019,1.1154389304024015,1.880548321366935,0.2558541481758972,10.0,1.1999824152831104,2.0,0.1575646219821993,9.571090361994882,3.1270460324120997,-0.07707530195827327,10.593595979078968,0.956470588235294,10.556696611754811,11.49156340779796,0.9348667960431492,1.0,0.5248518335864063,-0.02194346248514023,9.524756465809569,10.206945758618938,0.6821892928093689,0.2466342036182093,0.0,-0.03190644102314977,0.9749999999999999,1.1047058823529412,0.12970588235294134,0.5248518335864063,0.0,0.020047246445749956,-0.6436309427267055,-0.5708932759537868,0.07273766677291871,1.0,0.5248518335864063,-0.003844822368316181,8.806545728268748,9.584282785872922,0.777737057604174,0.5103603702226254,1.0,-0.013545172022767282,8.954033854920988,9.85469316037226,0.9006593054512724,0.25585414817589724,0.5103603702226254,-0.15606839992936195,0.9314285714285714,1.08,0.1485714285714287,0.5103603702226254,1.0,0.005438631502157509,-0.7409939731140255,-0.5020981738900686,0.23889579922395687,1.0,0.5103603702226254,-0.016968541979912655
nebDFT2k:mp-1178166_8_9_0_0_1,0.628833669424057,0.1868855292889134,10,1.3427943646907807,0.5414554994134755,10,0.7735207629326153,0.0,10,1.0579079389572144,0.248614673043628,10,0.8422648307995928,0.2134311613755357,0.5005295338911879,-0.2870983725156522,0.0687440678669775,0.2156431081576215,-0.146899040290644,3.6023073192132795,3.238504355507746,1.1123367220694982,2.0385687353114723,0.0,7.0,0.7600122446346445,1.0,0.1847032871045383,Li7O32K16Nb8,O,1.189174950698816,4.325077910474295,3.3769012293827654,1.2807830660966175,1.9305748701764536,0.4979259120140277,5.0,0.8471721472449272,3.0,0.238502311561919,12.1993776212496,3.238504355507746,-0.20360581497241287,13.988670705868767,1.126923076923077,12.347249766524666,15.927726955512762,3.5804771889880964,0.0,0.5728986792586984,-0.6236989090563512,5.955851305113565,7.647741081669109,1.691889776555544,1.0,0.26769376704292286,0.14193990569032877,1.18625,1.2886666666666668,0.10241666666666682,0.8237406495899813,0.26769376704292286,0.02235279231296472,-1.420048079572303,-1.0723993462339338,0.3476487333383691,1.0,0.5728986792586984,0.008836237840721961,11.364759534914477,13.393439422843473,2.0286798879289965,0.4979259120140277,1.0,-0.31413030255982655,5.471533628086116,6.6195925585445945,1.148058930458478,0.4979259120140277,0.0,0.28545364602821843,1.0190909090909093,1.268181818181818,0.2490909090909088,0.4979259120140277,0.0,-0.006111509405426596,-1.4116637032716117,-0.9331995508231331,0.4784641524484786,1.0,0.4979259120140277,0.04254717758778148
nebDFT2k:mp-1202443_0_6_0_0_1,1.7236428797245025,0.4521653498085847,10,0.9406061708927156,0.1259077299185933,10,0.9472833463384484,0.0,10,1.2075319647789002,0.0782416790457574,10,1.9113331924867791,0.1876903127622768,0.970727021594064,-0.783036708831787,0.9640498461483308,0.7038012277078791,0.2602486184404518,7.5671730988881505,4.977406996456156,1.5203042677192906,1.9846232010593183,0.0,8.0,0.9170842690191944,5.0,0.4080187427491333,Li15O120Ge56,O,1.6245705508540969,7.845822434175089,4.98741565396895,1.573123833769788,1.9874190476662457,0.1681511462171683,10.0,0.959810836927948,3.0,0.5500785561384797,7.362940993724584,4.977406996456156,-0.13297842309708482,9.45069459271414,0.66,9.45069459271414,16.883959017621592,7.433264424907453,0.0,0.47379527660445586,0.2294075325919085,5.949479222034345,8.954897272912216,3.0054180508778714,0.0,0.47379527660445586,-0.10071669196248445,0.66,0.8528571428571429,0.19285714285714284,0.0,1.0,-0.027259427949579584,-2.0,-1.5266146568873058,0.4733853431126942,0.0,0.6263632274039844,-0.05668225939909244,9.57065323944866,18.43913909726054,8.86848585781188,0.0,0.5003606582385242,0.4803548561345412,5.965064021166905,11.69961000888351,5.734545987716606,0.0,0.5003606582385242,0.10687672302158013,0.66,0.8287499999999999,0.16874999999999984,0.0,1.0,-0.01872798385250396,-2.0,-0.9481451595958612,1.0518548404041388,0.0,0.6658369568768318,-0.06721012147013616
nebDFT2k:mp-1222404_0_0_0_1_-1,0.2991756409406662,0.0462596097401382,10,0.6775245606899262,0.7494647041161827,10,0.6905595067286447,0.0,10,0.6087909758090972,0.243764260586448,10,0.4571089459908393,0.1579333050501731,0.2204156146990868,-0.0624823096489137,0.2334505607378054,0.1516820298182579,0.0817685309195475,4.389677301704891,3.943880602353037,1.113035039419266,2.4537713637106515,0.5002623040568027,6.0,0.3361055756365375,3.0,0.1136605144450293,Li26S54Bi27,S,0.981299554128537,4.6588036205982375,3.959233693464763,1.1766932647315582,2.3539339745925907,0.5002439208936069,6.0,0.4723383880791313,3.0,0.2526846881911812,20.23988543399422,3.943880602353037,-0.4250387927906583,20.802578956429084,1.1442857142857144,20.23988543399421,21.66678069293802,1.4268952589438086,0.0,0.24748356593842863,0.0004615353121693033,6.332552869006331,7.030007331684975,0.6974544626786443,0.0,0.24748356593842863,0.00011419079258612186,1.1338461538461542,1.2650000000000003,0.13115384615384618,0.5002623040568027,0.0,3.732970037562122e-05,-1.8972945713981808,-1.4058868698752272,0.49140770152295365,0.0,0.5002623040568027,-4.614563746174749e-05,16.997977125659137,20.358992587518646,3.361015461859509,0.5002439208936069,1.0,0.0005311918273172012,6.059442508544532,6.891314781915348,0.8318722733708164,0.5002439208936069,0.7536127407729437,0.0002451696253329416,1.1050000000000002,1.2342857142857147,0.12928571428571445,0.5002439208936069,0.0,5.0868801359627014e-05,-1.8950154938939112,-1.0752230456847494,0.8197924482091619,0.0,0.5002439208936069,1.4706166932887399e-05
nebDFT2k:mp-1222469_0_0_0_1_0,1.6956098318099977,0.2304459408419544,10,1.0621576309204102,0.2125211201229107,10,0.5411866333048198,0.0,10,0.5758849710226059,0.0928609676119505,10,1.345391506437835,0.3502183253721624,0.2832338755174248,0.0669844498547376,0.8042048731330153,0.7695065354152291,0.0346983377177861,18.02787952567943,14.012373380630857,1.2865685944822995,1.9825226258825224,0.0,6.0,0.7854629790765356,6.0,0.0867584603131241,Li7O48Al8Si16,O,0.6070170670905257,17.94016937574676,14.012373380630464,1.2803091159807198,1.9871773982858072,0.0,6.0,0.7797597957818516,7.0,0.1822325507005382,9.575577535588636,14.012373380630857,-0.07097040672914932,13.467548461375419,0.7979999999999999,12.947064861167645,14.30779259095981,1.3607277297921652,0.47167032901628914,0.16532078993642077,-0.00604666432156975,5.5185253336425015,8.678479465353908,3.159954131711406,0.0,0.16532078993642077,0.2992673261491756,0.7893749999999999,0.8505882352941176,0.06121323529411771,0.650224113940418,0.32489258403629495,0.01114614485495058,-1.9739921715394755,-1.5946565336220024,0.37933563791747305,0.0,0.47167032901628914,0.03188698528457823,13.499153025261222,15.193359544379236,1.6942065191180138,0.0,0.17072493110579648,0.06255714467358242,5.512050162915879,10.5065094761085,4.99445931319262,0.0,0.5078556520999875,0.426363748365719,0.836,0.8671428571428572,0.03114285714285725,0.6731982796839809,0.0,0.0010683109232432764,-1.978296274614415,-1.2088917382426,0.7694045363718149,0.0,0.5078556520999875,0.0670014562611646
nebDFT2k:mp-1222510_2_2_0_1_0,1.7874901175498965,0.1766568988526955,10,1.9164312720298768,0.1938048138361532,10,1.85766701642526,0.0,10,1.8250606775283813,0.1662300776752694,10,1.7380209076837048,0.0494692098661915,0.1784103643461718,-0.1289411544799803,0.1196461087415552,0.0870397698446765,0.0326063388968786,5.280393701284643,5.094115821097572,1.0365672644142858,1.973649037351428,0.3165653636501661,7.0,1.006758541661529,10.0,0.1334158004761028,Li23O48Mn8Co8Ni8,O,3.9057120753401353,5.403558606298949,5.094242812032278,1.060718698672173,1.540380320070715,0.4996592382294506,10.0,1.7041056521044364,11.0,0.6654968771880578,6.2616118066468625,5.094115821097572,-0.16828351238164324,10.455508180813496,0.9019999999999999,9.584268365047716,10.588310950622882,1.0040425855751653,0.56120032869948,0.772370242631933,-0.02781276190327464,7.745975866452462,8.830729850829798,1.0847539843773353,0.56120032869948,0.772370242631933,-0.17744016523182093,0.9013333333333333,1.019047619047619,0.11771428571428566,0.56120032869948,0.0,0.006175855355223969,-1.6349034352948302,-1.0661526369309504,0.5687507983638798,0.0,0.56120032869948,-0.010517282410281603,6.06962994061698,9.764562393141725,3.6949324525247453,0.49965923822945063,0.0,-0.04647805343127054,7.002437752334957,8.553971905928739,1.5515341535937823,0.49965923822945063,0.8334251411923654,-0.08163812538217696,0.844,0.9977777777777777,0.15377777777777768,0.33306008418384386,0.0,0.002270638424918703,-1.725490138528157,-0.4496362245302633,1.2758539139978935,1.0,0.49965923822945063,-0.004126182915875243
nebDFT2k:mp-1222575_0_2_0_0_0,2.213804388046265,0.4346348629981434,10,3.832399916648865,0.5502626503581388,10,3.0899913941953017,0.0,10,4.091467690467835,0.2748677877758738,10,4.53782219991362,2.3240178118673556,0.7054222832647552,1.6185955286026004,1.4478308057183185,0.4463545094457855,1.001476296272533,5.688602402443673,5.144914250596203,1.1056748714100466,1.8873739185337888,0.3249394773857368,9.0,1.0407774185394103,2.0,0.3481813044910326,Li7O48Si16Sc2In6,O,6.993538013056706,5.9691955175788145,5.286391369117924,1.1291626178965295,1.6108869368580585,0.4960794780642836,9.0,1.572540467685481,3.0,0.9260276055245829,7.293593954402186,5.144914250596203,-0.24230553565215476,12.526563808188541,0.7550000000000001,9.914752679764437,12.672969489048716,2.7582168092842796,0.3249394773857368,1.0,-0.11968148610442153,5.92210756498104,7.816030714669999,1.893923149688959,0.3249394773857368,0.5190589152683484,-0.0514006500706472,0.66,0.8528571428571429,0.19285714285714284,1.0,0.3249394773857368,0.008098977410406272,-2.0,-1.07741851974294,0.92258148025706,1.0,0.5190589152683484,-0.007033438890782895,6.3580010751718445,12.770112315803615,6.412111240631771,0.4960794780642836,1.0,-0.04586189566069265,5.885064235639535,7.532142466104669,1.6470782304651337,0.4960794780642836,0.0,-0.04070399855708917,0.7866666666666667,0.93,0.1433333333333333,0.0,0.665928501062258,-0.003891382008618882,-1.9996537672789372,-0.24894498552641378,1.7507087817525233,1.0,0.4960794780642836,0.0009477177306633777
nebDFT2k:mp-1222575_1_2_0_0_0,1.1304511547088625,0.1604178063618696,10,1.398466181755066,0.1727052901869414,10,1.1890966148083604,0.0,10,1.269989788532257,0.1277775395438859,10,1.200072174477924,0.0696210197690618,0.1983940072771417,-0.1287729875080798,0.0109755596695637,0.0699176140543329,-0.0589420543847691,5.185326797869545,4.761063428650795,1.0891110516750624,2.0318778775837893,0.335006318669252,8.0,0.841945840155753,2.0,0.1845196293073361,Li7O48Si16Sc2In6,O,2.230480241463779,5.777518046604137,4.759551711366908,1.2138786165104771,1.8842823422551565,0.4985596758545098,8.0,1.1204377210607186,4.0,0.4672706389735412,11.578421989041086,4.761063428650795,-0.29292390964771986,12.443230657536617,0.7564285714285715,12.44323065753662,13.13182145576158,0.6885907982249595,0.0,0.5046536716423974,-0.058950574408279444,7.4786335664594645,8.217563566098356,0.7389299996388914,0.0,0.8316889645041177,-0.030238171188376572,0.7725,0.809375,0.03687499999999999,0.5046536716423974,0.6739620895583766,-0.003883324547407252,-1.9987003948361115,-1.5123861737287534,0.4863142211073581,1.0,0.5046536716423974,0.0011214964618762036,10.954996182506168,12.902434785942686,1.9474386034365185,0.49855967585450983,0.8305156667994931,-0.03901332081154507,7.452123382775,8.683419479712116,1.2312960969371156,0.0,0.8305156667994931,-0.011190533407749115,0.7725,0.8493333333333334,0.07683333333333342,0.49855967585450983,0.8305156667994931,-0.004881037585433623,-1.9996537672789376,-1.1292647765451012,0.8703889907338365,1.0,0.49855967585450983,0.002872251705410056
nebDFT2k:mp-1222591_0_0_0_1_0,0.5465885072946548,0.1358376576974066,10,0.4575253278017044,0.0537732519743587,10,0.8384837628053685,0.0,10,0.6472332656383515,0.1141646177163728,10,0.4859350342758262,0.0606534730188286,0.0284097064741217,0.0322437665447068,0.3525487285295423,0.1612982313625253,0.191250497167017,2.784203927121344,2.700684731906252,1.0309251924996594,2.0385395200956338,0.5023888126830366,10.0,0.954836429197266,7.0,0.0929651633661278,Li47O96Al32Co16,O,1.351952251560098,3.1106968821102132,2.858329664979995,1.0882918510842885,1.8434024140881984,0.5092431337568187,7.0,1.1903471053211918,10.0,0.1051677809122921,9.749311792473877,2.700684731906252,-0.31900249879207543,10.434215944544553,0.8307142857142857,9.922231855343307,10.974816558245406,1.0525847029020987,1.0,0.5023888126830366,0.0003420065688617413,7.913532371734309,8.869834644138322,0.9563022724040131,1.0,0.5023888126830366,0.0008789756445413133,0.8868750000000001,1.023888888888889,0.137013888888889,0.5023888126830366,1.0,0.00021792412351528956,-1.6176788551277257,-1.4327342245041665,0.18494463062355915,1.0,0.5023888126830366,-0.00015924921907617406,8.981543602607129,9.441053851733912,0.45951024912678307,0.5092431337568187,1.0,0.003534548586419106,7.357946302373026,7.605266425154596,0.24732012278157,1.0,0.25797906866640186,0.004976126120377344,0.8307142857142857,0.9766666666666666,0.14595238095238083,0.5092431337568187,1.0,-0.0008961953607397599,-1.7354018372003137,-1.327739951621524,0.4076618855787897,1.0,0.5092431337568187,-0.0010972074369378637
nebDFT2k:mp-1277038_4_0_0_1_0,0.8366331577301025,0.1931937855898905,10,0.9088929712772368,0.2231717171811833,10,0.9297251457455484,0.0,10,0.8094285249710083,0.0803634807732937,10,0.6852223332818994,0.151410824448203,0.2236706379953374,-0.0722598135471344,0.244502812463649,0.1242061916891088,0.1202966207745401,3.0893221595256732,3.0277853337249128,1.0203240385358017,2.040184307252082,0.7608733056391543,10.0,0.8527073294371781,1.0,0.065518484736066,Li31O64Ti16Fe16,O,1.580575099503459,3.209393713188014,3.0744963738367295,1.0438762395360848,1.9234594252501505,0.5013492680890519,10.0,1.118212432039995,2.0,0.3043948135818226,10.565340488518252,3.0277853337249128,,10.623697342865258,0.8885714285714286,10.401656697234321,11.485264149731833,1.0836074524975121,1.0,0.48212809388547595,0.033395445873505736,7.197934347536512,8.267604669810352,1.06967032227384,1.0,0.48212809388547595,0.009276961653601035,0.9375,1.0517647058823532,0.11426470588235316,0.48212809388547595,1.0,-0.009919784296163525,,,,,,,9.780536769449284,10.731042414120866,0.9505056446715816,0.5013492680890519,0.0,0.21442896152704538,6.746781624771967,8.012761774306531,1.2659801495345642,1.0,0.25124734595069553,0.2616077338497309,0.9146666666666667,1.05875,0.14408333333333334,0.25124734595069553,1.0,-0.02381523977310518,-1.8384756267366524,-1.3139916644882141,0.5244839622484383,1.0,0.5013492680890519,0.06325617620204327
nebDFT2k:mp-1277589_2_0_1_0_0,0.523050743341446,0.0696996770063042,10,0.6402559697628021,0.073695477527103,10,0.4508387065949432,0.0,10,0.5252090007066726,0.0733167991536134,10,0.573304234451399,0.050253491109953,0.066951735311403,-0.01669824420145,0.1224655278564558,0.0480952337447263,0.0743702941117294,3.7737080334725626,3.766724965854385,1.0018538830632655,2.0971950438813365,0.0,4.0,0.5757246759569493,2.0,0.0171501999831271,Li15O64Ti8Fe24,O,0.3806329457129225,3.597979375737562,3.5970550977689686,1.000256954075896,2.019008524248704,0.0,4.0,0.6540548707356943,6.0,0.1144942052919789,13.288693833905354,3.766724965854385,-0.40278860228693186,13.733660697530116,0.784,12.663295153321682,13.886729335369932,1.2234341820482495,0.4943608202946725,1.0,-0.054992618147800876,5.819830913187492,6.6150465706821056,0.7952156574946132,0.0,0.7504842981575619,-0.03531765857317737,0.7578947368421053,0.9957894736842107,0.23789473684210538,0.0,0.2426349846915743,0.013315675595362564,-1.9945377030188718,-1.8409011736975796,0.15363652932129224,0.4943608202946725,1.0,-0.005931922895969666,10.948317493398529,12.65669438926299,1.7083768958644612,0.5000243697001999,0.0,0.0009232730420922763,5.544807549153317,6.188546194058844,0.6437386449055271,0.0,0.5000243697001999,-0.02970476357380436,0.7578947368421053,0.9957894736842107,0.23789473684210538,0.0,0.24993063181462766,0.023945180862076865,-1.9819431898715434,-1.879027203336424,0.10291598653511946,0.24993063181462766,0.0,-0.00015746506631275636
nebDFT2k:mp-1277613_2_0_0_0_1,0.2898479729890823,0.1441995398338442,10,0.325630310177803,0.1014019995067545,10,0.6510278826846706,0.0,10,0.3926430851221084,0.1060403048740651,10,0.5695000915187904,0.2796521185297081,0.2438697813409874,0.0357823371887207,0.0815277911658801,0.176857006396682,-0.0953292152308018,2.9202198449852705,2.690288635716233,1.0854671153929265,2.0206605883785658,0.474063761260488,7.0,0.7922491378604875,6.0,0.250074574570882,Li15O64Mg8Co24,O,0.8822454606731029,3.345038837811104,2.8683997950315376,1.166168971147317,1.9258727046950597,0.5010738972165413,5.0,0.9010358599650437,8.0,0.1481795663881578,9.816856941768233,2.690288635716233,-0.6086373888479383,11.577367127838595,0.7600000000000001,10.091951090573657,12.652085041695004,2.5601339511213475,0.0,0.474063761260488,-0.34401568462859533,6.457266760722995,7.327604392161819,0.8703376314388231,0.0,0.474063761260488,-0.07384785191410259,0.7818750000000001,0.8813333333333334,0.09945833333333332,0.474063761260488,1.0,-0.009029558205106425,-1.9178907820433033,-1.790832635144629,0.12705814689867423,0.0,0.7314077020069981,-0.029794594942295305,9.882884359141293,11.472744986614346,1.589860627473053,0.0,0.5010738972165413,-0.3161763723389326,6.415352815610741,6.871594702020095,0.45624188640935426,0.0,0.5010738972165413,-0.05832883104569797,0.7818750000000001,0.8752380952380954,0.09336309523809527,0.5010738972165413,1.0,-0.012245937723432465,-1.9219291338392621,-1.6625119487101159,0.25941718512914624,0.0,0.5010738972165413,-0.024395671948738817
nebDFT2k:mp-1277613_3_1_1_-1_0,0.2915611296892166,0.1432439467132442,10,0.3348580509424209,0.1024112870614528,10,0.6592293803612304,0.0,10,0.3914730966091156,0.1083689674352922,10,0.5781484184690271,0.2865872887798105,0.2432903675266061,0.0432969212532043,0.0810809618922032,0.1866753218599114,-0.1055943599677082,2.93266439936788,2.7097325283162044,1.0822708030117654,2.01888703359393,0.4854133006331935,7.0,0.7901084535593832,6.0,0.2280865563400913,Li15O64Mg8Co24,O,0.9027958918019832,3.188918574866488,2.876321150394692,1.1086795973491697,1.9191810787977923,0.5073431587733037,5.0,0.9152716679072632,8.0,0.0879562323727458,9.74757970923582,2.7097325283162044,-0.6043336439951685,11.447929694094983,0.7600000000000001,9.99782054243212,12.675838615624867,2.6780180731927477,0.0,0.48541330063319355,-0.3533100300225671,6.453973957084181,7.327884940648978,0.8739109835647971,0.0,0.48541330063319355,-0.07797384264700202,0.7818750000000001,0.8674999999999999,0.08562499999999984,0.48541330063319355,0.7444695667632131,-0.016936363386179543,-1.9158674942260743,-1.7952543910867806,0.12061310313929363,0.0,0.7444695667632131,-0.030100001437105228,9.881702067966456,11.074635836142972,1.1929337681765162,0.0,0.5073431587733037,-0.1858900011076532,6.500882690450694,6.906876562929619,0.40599387247892516,0.0,0.25491911056772604,0.023252156000543422,0.7818750000000001,0.9258823529411764,0.14400735294117628,0.5073431587733037,1.0,-0.013429877109039867,-1.9169114136812653,-1.6807472279475286,0.23616418573373665,0.0,0.5073431587733037,-0.01823017934512583
nebDFT2k:mp-1277814_1_2_0_1_0,0.3924360543489456,0.0837214674151884,10,0.3722427278757095,0.0751973803315896,10,0.4041004536684271,0.0,10,0.3261206090450287,0.0781456944285785,10,0.4587925679398381,0.0663565135908925,0.0865498400641285,-0.020193326473236,0.054692114271411,0.1326719588948094,-0.0779798446233984,3.315540400218297,3.121141742173475,1.0622844696279152,1.9074181680675908,0.0,4.0,0.7964193597741974,4.0,0.0332875584591823,Li79O16F80Ni16,O+F,0.263521256393583,3.470877040653051,3.1729477801044745,1.0938966794274712,1.9121569807661096,0.0,4.0,0.7877180249209456,6.0,0.1405190524337086,10.700638691331712,3.121141742173475,-0.11859782660845729,12.363485311316982,0.8623529411764705,10.856709479715265,12.04732443693745,1.1906149572221842,0.0,0.7515685389634746,-0.00665529146179189,5.3892952730723485,6.512852551524927,1.1235572784525782,0.0,0.2494658430579365,-0.0007302822837234046,0.9013333333333333,1.0038888888888888,0.10255555555555551,0.5000624659988454,0.0,0.00289244530083016,-0.8619353477922956,-0.7978497007672496,0.06408564702504604,0.0,0.5000624659988454,-0.00027455198300924133,10.122398034345595,10.764009210460017,0.6416111761144219,0.5021415252499589,1.0,-0.0004397053978841825,5.22866811603048,7.129711443821984,1.9010433277915038,0.0,0.5021415252499589,-0.0008373828025405317,0.8066666666666668,0.9013333333333333,0.09466666666666657,1.0,0.5021415252499589,0.0019299644779307568,-0.8955770349920623,-0.6484276444373114,0.24714939055475094,0.0,0.5021415252499589,1.6974163282390542e-05
nebDFT2k:mp-1277814_5_7_0_1_0,0.4007098406553268,0.0902935204968977,10,0.3633660405874252,0.0540242807747072,10,0.3967163539289493,0.0,10,0.3017899259924889,0.0556737824092823,10,2.588705310963576,2.187995470308249,2.2253392703761508,-0.0373438000679016,2.1919889570346265,2.286915384971087,-0.0949264279364605,3.354729592750403,3.158966558958083,1.0619705939074229,1.9019859958772265,0.9991459477110376,7.0,0.8620733421788093,2.0,0.0345544049407665,Li79O16F80Ni16,O+F,0.2450189731363896,3.4918348995473725,3.170261047210603,1.1014345025687111,1.913732434531334,1.0,4.0,0.7856137837248491,6.0,0.1438513169477298,10.56771717611535,3.158966558958083,-0.11167714233665282,12.205501006074064,0.8623529411764705,10.686757403290821,11.128233039800724,0.44147563650990307,0.0,0.5931269698770062,-0.02656838141393969,5.339501119182151,6.6732478233388735,1.3337467041567228,0.9991459477110376,0.5931269698770062,-0.052095292649337654,0.9041176470588235,0.9960000000000002,0.09188235294117675,0.5931269698770062,0.08172372439625716,0.01733138789856814,-0.8732550956039926,-0.8067207346681062,0.06653436093588638,0.9991459477110376,0.5931269698770062,-0.004636620006275016,10.0632554090421,10.808617455760338,0.7453620467182382,0.5007132057964565,0.0,0.0010365232942959324,5.227307584268542,7.206751255006025,1.9794436707374832,0.0,0.5007132057964565,-0.0024144278219133675,0.8205882352941177,0.9013333333333333,0.08074509803921559,0.0,0.5007132057964565,-0.0019880544211376416,-0.8942364773645857,-0.6382619254778056,0.2559745518867801,1.0,0.5007132057964565,-0.0005227711459903084
nebDFT2k:mp-1277814_6_10_1_-1_0,1.5939486384391786,0.1715250774328837,10,1.7035032987594605,0.2181369720367066,10,1.0766955242540686,0.0,10,1.2004122495651246,0.1591754726336987,10,2.7002744706011867,1.1063258321620082,0.9967711718417264,0.1095546603202819,1.6235789463471182,1.499862221036062,0.123716725311056,6.501219658884523,5.4061237374527025,1.2025658262028267,1.887609694871984,0.566440419696884,9.0,1.0464601576457109,7.0,0.4010188101765259,Li79O16F80Ni16,O+F,1.948837673076694,6.308805269020602,5.439090895255915,1.159900687543808,1.7436563696752916,0.673752036825085,7.0,1.3794763984446834,7.0,0.7159030297487061,8.152343622502016,5.4061237374527025,-0.055171114802789925,10.68018495976333,0.83625,9.62877731064343,11.664679846306239,2.0359025356628084,0.35198694061747043,0.8445444325664013,-0.4878898236481293,5.308694219285269,8.155464696566868,2.8467704772815994,0.0,0.35198694061747043,-0.20947791816498995,0.8430769230769232,0.9757142857142858,0.1326373626373626,0.35198694061747043,1.0,0.011100971648027258,-0.8919294453804218,-0.5138655930340642,0.37806385234635764,0.0,0.566440419696884,-0.017941766118210856,7.726779455931843,10.772466383732226,3.045686927800383,0.5106670353445949,0.0,0.11472058069226776,5.287938951445006,9.542260497221191,4.254321545776185,0.0,0.3432161671532076,0.4971137575307507,0.8430769230769231,0.880625,0.037548076923076934,0.673752036825085,0.0,-0.003117394084782177,-0.8796574645902616,-0.061203641862968554,0.8184538227272931,0.0,0.5106670353445949,0.01273211952103026
nebDFT2k:mp-1277814_9_2_1_1_0,1.5895432829856873,0.1717250355841308,10,1.6337441086769104,0.2363797013102826,10,1.0714228685911742,0.0,10,1.2022977232933043,0.1583885784088198,10,2.448130595703759,0.8585873127180719,0.8143864870268487,0.0442008256912231,1.376707727112585,1.2458328724104546,0.1308748547021303,6.2799114172941,5.399809711822031,1.1629875407544872,1.871383065928169,0.5725243238863978,7.0,1.0288436918773187,6.0,0.2944340345580541,Li79O16F80Ni16,O+F,1.9356260193836987,6.315030622203561,5.438266983557908,1.1612211466072675,1.7419652740908953,0.67575179090896,7.0,1.391180265503904,7.0,0.7155511493914493,8.261801406223693,5.399809711822031,-0.05473117003478552,10.749306221284268,0.83625,10.749306221284268,11.917551450847405,1.1682452295631371,0.0,0.9217415133069007,-0.3018882504900695,5.2865629526056885,8.103060685216612,2.816497732610923,0.0,0.3084883112128317,-0.18098945694232915,0.8205882352941177,1.0038888888888888,0.1833006535947711,0.5725243238863978,0.07540981038203594,0.026175613836244338,-0.9084391100119407,-0.5151635754257361,0.39327553458620457,0.07540981038203594,0.5725243238863978,-0.030062987900351112,7.7129712014051695,10.769191886493463,3.0562206850882934,0.5124365493271601,0.0,0.09726181672204515,5.287721440977579,9.53466467303795,4.246943232060371,1.0,0.3445965057590785,0.44045012049278354,0.8430769230769232,0.8742857142857143,0.031208791208791165,0.3445965057590785,0.1734975980942189,0.0038958395690190106,-0.8816769400415927,-0.060507773718230295,0.8211691663233625,1.0,0.5124365493271601,0.01099363665449224
nebDFT2k:mp-1282211_3_0_0_0_1,1.7015256524085998,0.4763945718030731,10,2.0091405630111696,0.2876215211454514,10,3.099418681305949,0.0,10,2.3238269329071044,0.262680926695345,10,3.475863467544542,1.7743378151359424,1.4667229045333725,0.3076149106025698,0.3764447862385931,1.1520365346374375,-0.7755917483988446,6.0680294638472425,5.2770366719503885,1.149893366498911,1.933645701902959,0.2586443006117524,7.0,0.980023314350381,6.0,0.2568851248703195,Li23O48V24,O,7.0171598955639976,6.3888427697396235,5.326222732987462,1.1995072474477877,1.5553371670128704,0.499908513572095,11.0,1.8425367420221324,9.0,0.9166130857533976,5.905662737763846,5.2770366719503885,-0.07589275989436718,10.651118853528867,0.8607692307692307,9.686100237788171,10.977317667605192,1.2912174298170207,0.4430937534681015,0.12852286856051137,0.22140920581478962,7.34651549185952,8.993764771861564,1.6472492800020433,0.4430937534681015,0.12852286856051137,-0.08706850847549985,0.9772222222222222,1.0533333333333332,0.07611111111111102,0.2586443006117524,0.4430937534681015,0.007036231286230099,-1.5696599775579287,-0.9374070142829665,0.6322529632749623,0.0,0.4430937534681015,0.03978154059376604,5.619477195229562,10.437132809173567,4.817655613944005,0.499908513572095,1.0,-0.35306494028433955,6.592282927042416,8.616175978631764,2.023893051589348,0.3327787836282707,0.8344719270248155,-0.4216695832528785,0.9561538461538461,1.06,0.10384615384615392,0.6668896217821706,0.0,0.009763037343619496,-1.5624540128350795,0.04183175119561729,1.6042857640306967,0.0,0.499908513572095,0.1252551476711028
nebDFT2k:mp-1282761_2_1_1_1_0,0.6024395585060119,0.1932429588623183,10,0.5539269328117371,0.0803256869114956,10,0.4394866302582522,0.0,10,0.4334046512842178,0.1130653937441788,10,0.2802552859142508,0.3221842725917611,0.2736716468974862,0.0485126256942748,0.1592313443440013,0.1531493653699669,0.0060819789740343,3.555379389105111,3.5478170291681876,1.0021315529732089,2.0027911829019387,0.0,4.0,0.6728110412855,4.0,0.1066965697173474,Li15O64V16Ga16,O,0.3521881332985128,3.561461421277603,3.5586567144330203,1.000788136386746,2.0114448918816463,1.0,4.0,0.6630617169787119,7.0,0.138525029061566,11.107613434395263,3.5478170291681876,-0.41858668384410586,12.267730241739756,0.784,10.672346518694845,12.363195522870855,1.6908490041760107,0.5010060562831474,1.0,-0.014353991160875879,5.630196283768588,6.262505165735776,0.6323088819671883,0.0,0.2486230988642406,-0.005661574190882757,0.66,0.9376470588235294,0.27764705882352936,0.5010060562831474,0.2486230988642406,0.011712890977634838,-2.0,-1.898590458776268,0.10140954122373191,0.5010060562831474,0.0,-6.849768613281793e-05,10.825598735919518,12.473227178796716,1.6476284428771972,0.49952044462802186,0.0,0.0037499033379466695,5.583175154253843,6.18651926717103,0.6033441129171866,1.0,0.49952044462802186,0.0008871939019980957,0.7578947368421053,1.0,0.2421052631578947,1.0,0.24935259027377812,-3.770104921024808e-05,-1.9814890313529046,-1.8813589242922295,0.10013010706067504,0.24935259027377812,0.0,-0.00033334268240226006
nebDFT2k:mp-1282761_3_0_0_0_1,0.5906082510948181,0.2059161784202103,10,0.5553772389888764,0.0780444042139522,10,0.4397010382640821,0.0,10,0.4340672016143799,0.1134286472422023,10,0.2804283798305675,0.3101798712642505,0.2749488591583088,0.0352310121059417,0.1592726584335146,0.1536388217838123,0.0056338366497022,3.533764220906626,3.527127080226102,1.0018817412952694,2.0017281676591505,1.0,4.0,0.6742245047027874,6.0,0.1443842775149959,Li15O64V16Ga16,O,0.3527253738283593,3.5613568048565636,3.558437792375785,1.0008203072952495,2.0114560872762497,0.0,4.0,0.6630479929905368,7.0,0.1383252525553049,11.10449757640209,3.527127080226102,-0.4665130520967635,12.287221924707367,0.7977777777777777,10.676272502281105,12.379820166551841,1.7035476642707366,0.5034428078862915,0.0,0.01687752737273307,5.650112613441608,6.268977151640403,0.6188645381987952,1.0,0.7617422129681916,0.00023819020835924576,0.66,0.8864705882352941,0.2264705882352941,0.5034428078862915,0.23672915127285935,0.0014101216645787673,-2.0,-1.9031525037657544,0.0968474962342456,0.5034428078862915,0.0,0.000671869706814654,10.826128434217857,12.472821999379894,1.6466935651620371,0.5004959293490082,1.0,-0.0036381051792897523,5.583431053511776,6.186259814322084,0.6028287608103078,0.0,0.5004959293490082,-0.001125489869261198,0.7578947368421053,1.0000000000000002,0.24210526315789493,0.0,0.2502547594820091,4.569908460827499e-05,-1.981459805033663,-1.8813933432862058,0.10006646174745715,0.7505889961216141,1.0,0.00030381157574621565
nebDFT2k:mp-1282869_0_3_0_0_0,0.5067044258117676,0.1006350953072095,10,0.4857648104429245,0.0684586315283921,10,0.3853190776359499,0.0,10,0.4034945219755173,0.0575111787076369,10,0.5327412414557386,0.026036815643971,0.0469764310128141,-0.020939615368843,0.1474221638197887,0.1292467194802213,0.0181754443395673,3.7754484305870406,3.7198930582695056,1.0149346692088452,2.100337763226021,1.0,4.0,0.5740993288798355,4.0,0.0482320184985591,Li15O64Fe24Sn8,O,0.216460903530943,3.755273989467842,3.730960149332468,1.0065167782989384,2.0494164772258463,1.0,4.0,0.6228490219095795,2.0,0.0373927330292267,13.364126061791472,3.7198930582695056,-0.3933783837822484,14.35394102435253,0.784,13.411412492130612,14.275894769969181,0.8644822778385688,0.5082405199617845,0.7777074524773415,-0.016235323604922414,5.688700800859704,6.778760318763667,1.0900595179039634,1.0,0.7777074524773415,-0.01333442371337501,0.7578947368421053,0.932941176470588,0.17504643962848276,0.0,0.2508574540624779,0.008885522342012231,-1.8960421852797005,-1.8397620877838268,0.056280097495873704,0.5082405199617845,0.0,-0.0037716934440557015,12.161123201932135,13.238779660513503,1.0776564585813677,0.5004409125059623,0.0,0.0005412308264975962,5.551852617146543,6.390046211881645,0.8381935947351016,1.0,0.5004409125059623,-0.0004436731748329592,0.7578947368421053,0.9566666666666666,0.19877192982456127,0.0,0.2500583149561542,2.392305361681446e-05,-1.943596700271593,-1.879640671581453,0.06395602869013994,0.2500583149561542,0.0,-6.057766557976407e-05
nebDFT2k:mp-1282869_1_2_1_0_0,0.507004764676094,0.1007340909230874,10,0.499523338675499,0.0664658929448107,10,0.3890565349803278,0.0,10,0.4585010051727295,0.056703522272679,10,0.5319701971921234,0.0249654325160293,0.0324468585166243,-0.007481426000595,0.1429136622117955,0.0734691920193938,0.0694444701924017,3.7901102165437033,3.73302846554401,1.0152910034109195,2.099832012120173,1.0,4.0,0.5766486762314297,5.0,0.0838764834491017,Li15O64Fe24Sn8,O,0.225825822327699,3.769391124843831,3.7461499999886225,1.0062040027375516,2.0432587743498525,0.0,4.0,0.6300903889150955,3.0,0.0215951088238812,13.074450373414486,3.73302846554401,-0.3885505187879956,14.413988701746835,0.784,13.392927244540646,14.303284910838608,0.910357666297962,0.5087032888025874,0.7767138179125253,-0.015155879487218193,5.681704855409957,6.805550562606018,1.123845707196061,1.0,0.7767138179125253,-0.008280731387981355,0.7578947368421053,0.932941176470588,0.17504643962848276,0.0,0.2436384609119846,0.009377639550598005,-1.89606891916597,-1.8334381302167262,0.0626307889492439,0.5087032888025874,0.0,-0.0014088607024713706,12.090371333291602,13.140189846712673,1.0498185134210711,0.4995872939106035,1.0,-0.0001980830488301777,5.524872243055381,6.44185391434382,0.9169816712884389,0.0,0.4995872939106035,-9.325279849248247e-05,0.7578947368421053,0.9525,0.19460526315789473,0.0,0.24970824995435958,2.4922938752947044e-05,-1.9342911071215043,-1.8735326239722894,0.06075848314921495,0.24970824995435958,0.4995872939106035,4.200356685246653e-06
nebDFT2k:mp-1282931_3_5_0_0_0,0.4963232696056366,0.0635312027642187,10,0.5074416607618332,0.0906317644311957,10,0.6216377331639082,0.0,10,0.4572357505559921,0.1072129764203532,10,0.6656212282991589,0.1692979586935223,0.1581795675373257,0.0111183911561965,0.0439834951352506,0.2083854777431668,-0.1644019826079161,2.955653360500965,2.6979869058684622,1.0955032265249494,2.067064949214572,0.5016963058785526,9.0,0.8446229153979342,5.0,0.1410121083714234,Li39O80V16Ni24,O,0.808602783760553,3.2234673263931075,2.8604395240449194,1.1269132940223237,1.8826172400549237,0.5074538710048473,6.0,1.107266958618238,9.0,0.1537973925867598,9.62357905397701,2.6979869058684622,-0.43952586637458213,10.943528825039888,0.8371428571428571,9.846402194846831,11.580635233243852,1.7342330383970204,0.0,0.5016963058785526,0.08108407699134368,7.403709847069839,8.563173910902309,1.1594640638324698,0.9639966462207268,0.5016963058785526,0.10474942261882259,0.8371428571428572,1.0084210526315789,0.1712781954887217,0.5016963058785526,0.9639966462207268,-0.0075001693524621715,-1.6988662874400224,-1.512843640710117,0.18602264672990554,0.9639966462207268,0.5016963058785526,0.01603594992546642,9.350498356373235,9.906813248220827,0.5563148918475918,0.5074538710048473,0.0,0.04247089866756504,7.022896547119393,7.794892735291934,0.7719961881725412,1.0,0.2554096318579588,0.060017122326965655,0.8371428571428571,0.9982352941176472,0.16109243697479014,0.5074538710048473,1.0,0.002005435736524397,-1.795267987180583,-1.32861530189589,0.46665268528469306,1.0,0.5074538710048473,0.010064861495260202
nebDFT2k:mp-1284600_2_7_0_0_0,0.4049347668886184,0.0685203588012126,10,0.450968474149704,0.0982252246701571,10,0.7333663683761784,0.0,10,0.3892041712999343,0.1187983379578341,10,0.4119574097186101,0.0070226428299917,0.0390110644310938,-0.0319884216011021,0.3214089586575682,0.0227532384186758,0.2986557202388924,2.700404895667393,2.6422843717756948,1.021996316714631,2.0816147642147507,0.7551269168984619,10.0,0.8522792033235234,5.0,0.068312701015311,Li31O64Co24Ni8,O,1.0885603858477684,3.249350442486135,2.9237487819723587,1.111364445030782,1.8658887093851573,0.5109923598006556,6.0,1.1364924080871788,10.0,0.1653635258547015,10.241206107181961,2.6422843717756948,-0.42838714985996773,10.878363931385469,0.8328571428571427,10.464817934907067,11.662164107422917,1.19734617251585,1.0,0.49428844416301165,0.017680002234954806,7.974560118152146,8.976707919702902,1.0021478015507554,1.0,0.49428844416301165,0.013636185493151487,0.8626666666666668,1.0300000000000002,0.16733333333333344,0.49428844416301165,1.0,-0.002486550839883306,-1.598478318666701,-1.4366166463505812,0.16186167231611992,1.0,0.49428844416301165,0.0034043574253297404,9.443363140364697,10.178798572132656,0.735435431767959,0.5109923598006556,1.0,-0.0344725621030495,7.513075711038217,7.781619224064332,0.26854351302611423,0.5109923598006556,1.0,-0.03807060094034265,0.8328571428571429,0.9485714285714286,0.11571428571428577,0.5109923598006556,0.0,-0.0077580290871843705,-1.6614243927813852,-1.2573268397743627,0.40409755300702255,0.0,0.5109923598006556,-0.007664706400549726
nebDFT2k:mp-1295192_1_1_1_0_0,0.659780564904213,0.1908923282063881,10,1.020235586166382,0.150349954016355,10,1.1386666112774528,0.0,10,0.9703745067119598,0.1078320132517859,10,1.027006256375955,0.367225691471742,0.0067706702095731,0.3604550212621689,0.1116603549014978,0.0566317496639952,0.0550286052375026,5.224454676758527,4.7273663446020295,1.105151218653511,1.9873238314356745,0.3569761329609354,10.0,0.9557802581672834,2.0,0.4231708465701702,Li15C32O96Mn16,O,2.104118160382776,5.655681237496777,4.7273011,1.1963869273097023,1.8165176804519516,0.3365814941299046,11.0,1.343296326580153,4.0,0.6824927509895027,11.24846797707381,4.7273663446020295,-0.24239079997233984,12.458073371283877,0.6933333333333334,11.874067498208781,12.682951587844178,0.8088840896353968,0.5437809310550051,0.8581661683179587,0.03872377636252278,7.319294661031688,8.110317376719225,0.7910227156875367,1.0,0.7069097101064155,0.020385931519764533,0.6753846153846155,0.77,0.09461538461538455,0.17451791595823374,0.5437809310550051,-0.006822821445922389,-1.9500064383557265,-1.2960428395148984,0.6539635988408281,1.0,0.5437809310550051,-0.006628919368717012,8.282693526901715,10.8427111599571,2.5600176330553843,0.507402666679427,0.0,-0.00679036213030404,6.594226551230649,7.707750320608858,1.113523769378209,0.0,0.507402666679427,0.049850591822811374,0.6742857142857144,0.7808333333333334,0.106547619047619,0.0,0.507402666679427,-0.00988527393764066,-1.9998895337268445,-0.7956267348938172,1.2042627988330272,0.0,0.507402666679427,0.009053496520640025
nebDFT2k:mp-1295192_3_3_1_0_0,0.6535224437713623,0.1810200898862031,10,1.0305217504501345,0.1506912447018097,10,1.1426651183133092,0.0,10,0.9757871031761168,0.1081273509268677,10,1.0451579195449765,0.3916354757736142,0.0146361690948422,0.376999306678772,0.0975071987683326,0.0693708163688595,0.0281363823994731,5.2434270213723115,4.727174685056631,1.1092094899618663,1.984179637812425,0.3562176441451878,10.0,0.9618037731110316,2.0,0.4313271010968531,Li15C32O96Mn16,O,2.1141371894307945,5.645754567844828,4.7273011,1.1942870674865258,1.818314555652897,0.3336827237679977,11.0,1.340608500235905,4.0,0.6831733352474321,11.23297420788867,4.727174685056631,-0.2420907682998802,12.447180455111024,0.6933333333333334,11.750199164727245,12.636792910336043,0.8865937456087973,0.5426473604661236,0.17457906052313127,0.04173289014101478,7.315633106688615,8.117588270563267,0.801955163874652,0.0,0.7042181063576753,0.02194828909347768,0.6753846153846154,0.7699999999999999,0.09461538461538455,0.17457906052313127,0.5426473604661236,-0.00016078618774728604,-1.9502788332548207,-1.2933519895346022,0.6569268437202185,0.0,0.5426473604661236,-0.007670910347891358,8.28306846793643,10.836212964640625,2.5531444967041956,0.506086773060877,0.0,-0.00642642780702829,6.592573926061536,7.701339709681845,1.108765783620309,0.0,0.506086773060877,0.050810967619480785,0.6742857142857144,0.7808333333333333,0.10654761904761889,0.0,0.506086773060877,-0.00957300481203932,-1.9999004300744523,-0.7969795136488925,1.2029209164255596,1.0,0.506086773060877,0.009330414338068582
nebDFT2k:mp-1297766_1_5_1_-1_0,1.6019331216812134,0.330281150707464,10,1.913108265399933,0.2829441115716953,10,2.120566819067501,0.0,10,2.1858357548713685,0.2473546018814524,10,2.6966531382527137,1.0947200165715003,0.7835448728527807,0.3111751437187195,0.5760863191852126,0.5108173833813452,0.0652689358038673,5.179175047095147,5.0866873725032535,1.0181822997599277,1.9579829696418072,0.3540816765061865,7.0,1.0319399002542828,11.0,0.1260954480649861,Li31O64Ti8Co24,O,4.564458136250052,5.330531536784828,5.113086636462779,1.042527130045361,1.5260090939439197,0.5029444146813759,10.0,1.7325907100561837,11.0,0.7681942906623318,6.982391593256374,5.0866873725032535,,10.200724597781386,0.91,9.43036505742014,10.65257547945689,1.222210422036751,0.5497729453753695,0.8542203660966021,-0.08579996118778954,7.194205569803042,8.589025256605366,1.3948196868023235,0.3540816765061865,0.8542203660966021,-0.10450466315266915,0.91125,1.0810526315789477,0.1698026315789477,0.3540816765061865,1.0,-0.012122929629385049,,,,,,,5.988031688941268,10.31681153673098,4.328779847789711,0.5029444146813759,0.0,0.25462102005399334,6.9678266397793,8.618695923377274,1.6508692835979737,0.5029444146813759,0.16848643807305452,0.1558029929680469,0.8953846153846153,1.005,0.10961538461538456,0.3366506558634482,1.0,-0.012635817684882089,-1.7598544306484318,-0.49073757820378194,1.26911685244465,1.0,0.5029444146813759,0.006816713244911621
nebDFT2k:mp-1306251_7_5_1_1_0,1.6956409573554994,0.1897085117337769,10,1.0199448823928834,0.1157834231162787,10,0.6322725813562635,0.0,10,1.187491202354431,0.2465141503531806,10,1.5467144388152292,0.1489265185402701,0.5267695564223458,-0.3778430378820756,0.9144418574589656,0.3592232364607981,0.5552186209981675,4.1105392033411,4.108071982072011,1.0006005788797898,2.068282918331473,0.2491920243703554,9.0,0.9065642620038652,3.0,0.1012667851189503,Li71O72Mn12Fe24,O,0.8352504430006114,3.961477645371546,3.956117636354042,1.001354865934281,1.924738101690293,0.7523780624881191,12.0,1.241535762450359,2.0,0.2527662033008468,10.402318677522796,4.108071982072011,-0.18661851263359908,10.734006483878552,1.08,10.406533818517342,10.909641890485085,0.503108071967743,0.4997096557228791,0.7502200937005191,-0.0018316531929807311,10.292839071929308,11.660953996129274,1.3681149241999666,0.24919202437035542,0.4997096557228791,-0.001591774926405165,0.975,1.1144444444444446,0.1394444444444446,0.4997096557228791,0.0,-5.617568324889355e-05,-0.6595664142552741,-0.4692275927990287,0.19033882145624537,0.0,0.4997096557228791,-0.0004211860895834141,8.401445062071376,9.622877592514518,1.221432530443142,0.5011573942677109,0.0,0.0012143014138406016,9.51477163802825,11.277210469159083,1.762438831130833,1.0,0.5011573942677109,0.0034698771793006955,0.9314285714285714,1.1047058823529412,0.17327731092436982,0.5011573942677109,0.0,0.0003120156738397606,-0.7387115722921921,-0.3213676467460777,0.4173439255461144,1.0,0.5011573942677109,0.0005507478827266321
nebDFT2k:mp-1314006_1_0_0_1_-1,0.3563898801803589,0.3293831660835122,10,0.4072967886924744,0.0912822964535419,10,0.3950285102457356,0.0,10,0.5034907042980195,0.1734496755343019,10,0.2759045943889191,0.0804852857914397,0.1313921943035552,-0.0509069085121154,0.1191239158568164,0.2275861099091003,-0.1084621940522838,3.6553220374292184,3.652960887093188,1.0006463661695293,1.998784781086581,1.0,4.0,0.6781357336094289,2.0,0.0115240759794322,Li15O64V16Ga16,O,0.2407897558963077,3.668826635043159,3.6685342300449593,1.000079706220486,2.014118224343159,0.0,4.0,0.6592817087210363,8.0,0.1030946768698488,11.754238000479729,3.652960887093188,-0.40988872186038805,12.197255392135432,0.784,10.979174856484194,12.287368515200349,1.3081936587161547,0.4996120907342132,0.0,-0.0020760513308326622,5.5514357399610645,6.217183737058871,0.6657479970978066,0.0,0.2471365136142584,-0.0004988300911814569,0.66,0.8775,0.21749999999999992,0.4996120907342132,0.2471365136142584,1.9278398961652954e-05,-2.0,-1.8825868292393486,0.11741317076065139,0.4996120907342132,1.0,1.0993073189080604e-05,11.3394453647217,12.51774616184778,1.1783007971260808,0.49980228978082775,1.0,0.00018846593764809683,5.585548084074781,6.484554702238732,0.8990066181639511,0.0,0.49980228978082775,0.0002245579793380692,0.7578947368421053,0.9673684210526315,0.20947368421052626,0.0,0.249200764261089,1.6706082531736666e-05,-1.9618040373038048,-1.8647518065588764,0.09705223074492841,0.249200764261089,0.49980228978082775,-9.507014937404357e-06
nebDFT2k:mp-1320203_8_0_0_1_0,0.5043742269277572,0.0807108896111836,10,0.5283037334680557,0.0686458517980206,10,0.6551110223061976,0.0,10,0.4542964398860931,0.0822463175071439,10,0.795512204551386,0.2911379776236288,0.2672084710833303,0.0239295065402984,0.1404011822451885,0.3412157646652929,-0.2008145824201044,2.7147130662119,2.629077401977261,1.032572515426984,2.0061709185080363,0.7388363494531673,10.0,0.9415502126355664,7.0,0.2100812759947634,Li39O80Co16Ni24,O,0.8924765529553833,3.213148902153946,2.9020612562937207,1.1071954098782606,1.8735043084657437,0.4975009433859,6.0,1.130961802721356,11.0,0.1008377126184338,9.739560941459347,2.629077401977261,,10.145144124033566,0.8328571428571429,9.378598591235836,10.74668047100062,1.3680818797647838,1.0,0.44501009660995017,0.1735304188480633,7.373314232054027,8.366655025734907,0.99334079368088,1.0,0.44501009660995017,0.0748570480115136,0.8328571428571429,0.96375,0.13089285714285714,0.44501009660995017,1.0,0.01767180229313503,,,,,,,8.857594703447283,9.502650138064187,0.6450554346169035,0.49750094338590006,0.0,0.11248651684060462,7.223703387657797,7.76686005735824,0.5431566697004433,1.0,0.25533056499659756,0.0194067816868424,0.8,0.96,0.15999999999999992,0.49750094338590006,0.0,0.018181089317270638,-1.7633332735265599,-1.300277326584899,0.46305594694166086,1.0,0.49750094338590006,0.015150694822324784
nebDFT2k:mp-1641416_3_9_0_0_0,0.3290390640497207,0.0326293183098342,10,0.33854840695858,0.0355127675231122,10,0.5825010483962823,0.0,10,0.346422928571701,0.106582005352533,10,0.3815076089856859,0.0524685449359652,0.0429592020271059,0.0095093429088592,0.2009934394105963,0.0350846804139848,0.1659087589966114,3.0226462990237204,2.4202131800755473,1.2489173779845988,2.1547678729729154,0.0,10.0,0.7132981083997518,4.0,0.1148661067958422,Li23O48Mn20Co4,O,0.7105382866835803,3.06728388077249,2.82430854933135,1.0860300237021423,1.974226496939395,0.4988978813699927,6.0,0.9491530482735788,5.0,0.1777898504224211,11.244699993094981,2.4202131800755473,-0.26464427546029373,13.32366973642145,0.9057894736842104,11.791670674712407,14.220525762572523,2.428855087860116,0.8755809451957648,0.48018176146823954,0.21539766617970724,8.357197936964189,9.320639742507275,0.963441805543086,0.696569829594218,0.8755809451957648,-0.04128514359620805,0.956818181818182,1.006470588235294,0.049652406417111994,0.48018176146823954,1.0,-0.006468482958654709,-1.4125726322910335,-1.265905254736849,0.14666737755418446,0.0,0.8755809451957648,-0.02150887619898756,10.539632406325953,11.241091433373153,0.7014590270471999,0.4988978813699927,1.0,-0.08480992151891886,6.652915299332962,8.480019467261235,1.8271041679282725,0.4988978813699927,1.0,-0.18729881532071557,0.7564285714285716,0.9872222222222222,0.23079365079365066,0.4988978813699927,0.0,-0.0039895937857396535,-1.5316118449682063,-1.337927443065051,0.1936844019031554,0.0,0.4988978813699927,-0.017521278901062254
nebDFT2k:mp-25463_4_10_1_0_0,0.3648567289113998,0.0551205477714936,10,0.6189219534397126,0.0939843196691329,10,0.7906125793083134,0.0,10,0.5067115992307663,0.1424042375270121,10,0.6109093967778279,0.246052667866428,0.0080125566618847,0.2380401112045433,0.1797031825304855,0.1041977975470616,0.0755053849834239,3.7252690382825726,3.3769317472594604,1.1031520081227002,1.958268447681919,0.500154217899232,8.0,0.867667831119662,1.0,0.2087607511768617,Li23C8O56P8V8,O,1.2320017866192996,4.31580360873909,3.5947825200000008,1.2005743281346235,1.811327548341034,0.4981441222848365,9.0,1.1040105830541955,2.0,0.4760158749174972,12.069103874284798,3.3769317472594604,,12.276638298130093,0.7842857142857144,12.069103874284796,13.53241697011656,1.463313095831765,0.0,0.500154217899232,0.0014280117283984595,6.4768515620787355,7.3873275716864475,0.910476009607712,0.500154217899232,0.23905334162555036,0.0007597115263151544,0.8142105263157895,0.9089473684210526,0.09473684210526312,0.500154217899232,0.0,1.1704916763444206e-05,-1.8111113616904255,-1.4957365323093206,0.31537482938110495,0.0,0.500154217899232,-4.4937309144787996e-05,10.49742182207226,12.406456580665271,1.9090347585930107,0.4981441222848365,0.0,-0.00113340639819981,6.768007424735432,7.798293054046909,1.0302856293114777,0.4981441222848365,0.7483750035918615,-0.0034911064251832435,0.7807142857142857,0.9170000000000001,0.13628571428571445,0.4981441222848365,0.0,-0.0002939730554287201,-1.8108363042267739,-1.3696595940507619,0.441176710176012,0.0,0.4981441222848365,-0.0006038835914488061
nebDFT2k:mp-25465_1_0_0_0_1,0.6780717521905899,0.1981128146807425,10,0.9225020587444306,0.1293925353129591,10,0.94784854008281,0.0,10,0.8813276648521423,0.0448955941575355,10,0.857966952107347,0.179895199916757,0.0645351066370836,0.1153600932796734,0.089881587975463,0.0233607127447953,0.0665208752306677,4.487726413255029,4.263292882198065,1.0526432354657396,2.0546196172902693,0.2451414099438847,8.0,0.7871040709105578,1.0,0.2121106238215006,Li15O64F16P16Co16,O+F,1.6259867525743237,4.629568037560646,4.325874821551399,1.070203884425008,1.9490254927260544,0.4987982641803073,8.0,1.1934598702275108,1.0,0.4189387879557498,10.415886344509449,4.263292882198065,-0.4247747071823885,12.059140869939892,0.6773333333333333,12.059140869939892,12.193461038064246,0.1343201681243542,0.0,0.5007074775551652,-0.00017685814263401767,7.121562523159473,8.048900265007683,0.92733774184821,1.0,0.5007074775551652,-0.0007795521999480748,0.6773333333333333,0.7641176470588236,0.08678431372549023,0.0,0.24514140994388472,-2.2201805823129916e-05,-1.787077290261648,-1.5543221902078335,0.2327551000538146,0.0,0.5007074775551652,-0.00020708814166026102,9.788529988217704,11.528502981709295,1.739972993491591,0.49879826418030737,0.0,0.004628480114008404,6.7276688730488505,7.654504592070812,0.9268357190219616,1.0,0.7489853651101581,-0.004875135234188921,0.6785714285714286,0.7057142857142857,0.027142857142857135,0.0,0.24896598739277445,-9.862513463687606e-06,-1.7822642103909045,-1.2270364854186202,0.5552277249722843,0.0,0.49879826418030737,-0.0035737418326953208
nebDFT2k:mp-25465_1_0_1_0_1,0.257586845755577,0.0757500842727406,10,0.1995785981416701,0.0742421923563721,10,0.7033133259011177,0.0,10,0.389769846200943,0.0963232725300112,10,0.2278560561765345,0.0297307895790425,0.0282774580348643,0.0014533315441781,0.4754572697245832,0.1619137900244084,0.3135434797001747,2.875546745847636,2.7523041646697597,1.0447779655896658,2.0118358802834,0.8185084961746997,7.0,0.7597029529756676,2.0,0.1188351384762461,Li15O64F16P16Co16,O+F,1.0132567030384465,3.4382745802970724,2.990197723287815,1.1498485713903168,1.8090558940121744,0.5074460171317042,7.0,1.1403597870480824,3.0,0.3846386128338794,11.034906580599976,2.7523041646697597,-0.5111703529971241,11.717019722395438,0.6849999999999999,11.852178926237539,12.036169920174085,0.18399099393654694,0.0,0.8185084961746997,-3.9895281505053504e-05,6.56925394026667,6.802573471805338,0.23331953153866802,0.8185084961746997,0.5554087703244459,0.033026514280842356,0.6407142857142858,0.77,0.12928571428571423,0.0,0.5554087703244459,-0.0011390586107062894,-1.8082194027839338,-1.6542001450445605,0.1540192577393733,1.0,0.5554087703244459,-0.0024910867059867448,9.191023021168332,11.531715690763406,2.3406926695950734,0.5074460171317042,0.0,0.033751650962861035,5.932092671861605,6.655448909294883,0.7233562374332774,0.5074460171317042,0.0,0.07705259474635273,0.6342857142857143,0.7291666666666666,0.09488095238095229,0.0,0.5074460171317042,0.005422458939175534,-1.7961311278177652,-1.4632500844785081,0.33288104333925705,0.0,0.5074460171317042,-0.018336605209634982
nebDFT2k:mp-26247_6_9_0_0_0,0.3110789537429809,0.0415920231125703,10,0.4479955106973648,0.0560466413186582,10,0.4815857620102827,0.0,10,0.4855156391859054,0.0937702578972539,10,0.6142609686596359,0.3031820149166549,0.166265457962271,0.1369165569543838,0.1326752066493531,0.1287453294737304,0.0039298771756227,3.016800991095532,2.874808762614238,1.0493918866283725,1.9927914903809223,0.0,6.0,0.7282452530560924,4.0,0.0309968845293971,Li39O64P16Cu8,O,0.4576756115341538,3.3898200095320457,3.048409641571754,1.1119962236388483,1.9878867830058753,0.0,6.0,0.728422130970308,4.0,0.1498351254491672,11.375570037318694,2.874808762614238,-0.2829526555580074,12.47718344313696,0.9052941176470588,11.72709612298734,12.653749978350193,0.9266538553628525,0.0,0.49617295196770234,-0.02738082824376864,6.472726252822205,7.881099181621418,1.4083729287992135,1.0,0.49617295196770234,0.017599761647487444,0.881875,0.9773684210526316,0.09549342105263159,0.49617295196770234,0.23939934388182418,0.0035543439054307457,-1.6469726078116378,-1.4369982515607624,0.20997435625087535,1.0,0.49617295196770234,0.004254114391287311,10.826897802900513,11.648190106875912,0.8212923039753992,0.5016757479760431,1.0,-0.010934660577658128,6.197963582712291,7.480074268465761,1.2821106857534694,1.0,0.5016757479760431,0.04518887070483402,0.8823076923076923,0.9336842105263157,0.051376518218623324,0.5016757479760431,1.0,-0.0019218263219741294,-1.6844222297789886,-1.236602416649898,0.4478198131290907,1.0,0.5016757479760431,0.00944363758914557
nebDFT2k:mp-26351_0_2_0_0_0,1.663818085193634,0.269330885119368,10,1.419573140144348,0.2069226589770902,10,1.3432628831253797,0.0,10,1.924154031276703,0.1890256874238731,10,1.579857453953764,0.0839606312398699,0.1602843138094158,-0.0763236825695459,0.2365945708283843,0.3442965773229389,-0.1077020064945546,5.081065123968115,4.923068381986472,1.032093143893705,1.9863378293829503,0.5274727154051682,9.0,1.0266273747674537,4.0,0.3507928517440805,Li11O64P16Mo12,O,2.616773502083748,5.679381046316241,5.012660392881676,1.1330073456365315,1.8459329599258216,0.4865312839521318,9.0,1.226256003825787,5.0,0.4961661578316129,11.062120718200994,4.923068381986472,-0.25102447186916893,11.772726265744318,0.8261111111111111,11.692553175403303,12.700128041070785,1.0075748656674826,1.0,0.3352985492308495,0.1288525600514907,7.226592773263322,9.443719588869126,2.2171268156058037,1.0,0.6947733112280006,-0.26096929252086376,0.8261111111111111,0.951764705882353,0.12565359477124183,0.3352985492308495,0.16281433319504238,0.01014865828509065,-1.9120329108062653,-1.2255273879700594,0.6865055228362058,0.16281433319504238,0.5274727154051682,-0.10527419730231691,9.769082911482565,11.500829067726041,1.7317461562434762,0.4865312839521318,0.15999458165180663,0.09396207753664587,7.082564946869853,9.013694655859618,1.931129708989765,1.0,0.6531398480027977,-0.2454864083085333,0.8584615384615385,0.8876470588235295,0.029185520361990958,0.6531398480027977,0.3229435389149524,0.004372285104184581,-1.8968750007463018,-0.8209026298447665,1.0759723709015354,0.0,0.4865312839521318,-0.054762435044131696
nebDFT2k:mp-26721_0_1_0_0_0,1.415192437171936,0.2186374284912573,10,0.5030007064342499,0.0916057208090453,10,0.4980294186075878,0.0,10,0.3745680510997772,0.1052468075576915,10,1.2890585620700676,0.1261338751018683,0.7860578556358178,-0.6599239805339494,0.7910291434624798,0.9144905109702904,-0.1234613675078106,5.767529559749699,4.943971860280308,1.1665781526965846,2.0018152567465224,0.0962815425615509,7.0,0.8035476750154936,3.0,0.2716706642031019,Li15O64P16Nb8,O,0.4988783583660745,6.227703717146111,4.9238092505207245,1.2648141713628511,2.0342932019652165,0.0,7.0,0.8319187851565389,5.0,0.391280114094622,12.052089335103323,4.943971860280308,-0.24904806490276954,12.507418095100116,0.66,12.236877911372789,15.039112729582683,2.802234818209895,1.0,0.5806857250995764,0.2190152461848962,5.530616683591911,10.641921675573982,5.111304991982071,0.0,0.5806857250995764,-0.2722754624873547,0.66,0.8516666666666667,0.19166666666666665,0.0,0.4173804827744659,-0.0016427656479593433,-2.0,-1.7287193109841241,0.2712806890158759,0.0,0.5806857250995764,-0.014222014990421972,12.073322889746455,16.11387117316807,4.040548283421616,0.0,0.3172663943657876,0.3709317824996461,5.389376272774668,10.923881480563184,5.5345052077885155,0.0,0.48129245815520366,0.045867097531119505,0.6915384615384615,0.8800000000000001,0.18846153846153857,0.0,0.6498471821682638,-0.013667631476307063,-1.9977757733001618,-1.559969395068367,0.4378063782317947,0.0,0.48129245815520366,-0.0033492732970457073
nebDFT2k:mp-26965_0_2_0_1_0,0.2627234727144241,0.0532563190357009,10,0.4223090916872024,0.0639798043083157,10,0.3595650469765206,0.0,10,0.3431255042552948,0.0725221265882605,10,0.2988061008128397,0.0360826280984156,0.1235029908743626,-0.087420362775947,0.0607589461636808,0.044319403442455,0.0164395427212257,3.961530935780663,3.869874506238763,1.0236845999512745,1.9407655108914417,0.0,6.0,0.8242013781847843,2.0,0.2576114353751639,Li31O112P32Cr16,O,0.1519292223393102,4.124741847037073,4.00981602941064,1.028661119807864,1.9305732187208011,1.0,6.0,0.8411340255795025,2.0,0.4034443303451004,13.270363224652105,3.869874506238763,,15.380174637234585,0.8266666666666667,13.54252418359379,15.11306262838585,1.57053844479206,0.0,0.2697037241661076,0.06706548254736777,5.549465239354927,7.387649164641041,1.8381839252861143,0.0,0.5473914696125114,-0.15760111197576876,0.7831250000000001,0.8494444444444444,0.06631944444444438,1.0,0.5473914696125114,0.008732060252613194,-1.8995805507355534,-1.8432584921154247,0.056322058620128734,0.2697037241661076,0.5473914696125114,-0.013436531769756788,13.191221176459875,16.573372537401106,3.382151360941231,0.0,0.49687007392557175,0.10172445500480798,5.376712020321562,8.572306360188794,3.195594339867232,1.0,0.49687007392557175,-0.10908183183775222,0.7999999999999999,0.8605882352941175,0.06058823529411761,0.0,0.49687007392557175,0.010391740453148779,-1.8612311312104195,-1.7092686996986624,0.15196243151175715,1.0,0.49687007392557175,-0.01190923022344692
nebDFT2k:mp-28030_17_16_0_1_-1,0.6065860897302627,0.0869129121488003,10,0.8165136396884918,0.1439705084694023,10,1.0742682026335126,0.0,10,0.8544621765613556,0.0853854447763311,10,0.8980735580292389,0.2914874682989762,0.0815599183407471,0.209927549958229,0.1761946446042737,0.0436113814678833,0.1325832631363903,2.6587587788304305,2.59230845331807,1.0256336492006983,2.01163484328361,0.5050866013881734,10.0,0.9804180670694412,2.0,0.0266086943143658,Li63O72Nb16,O,1.942755551523036,3.026722342732501,2.660588369910749,1.137613911630394,1.78326682919587,0.5027430452712497,6.0,1.2502970715746513,6.0,0.2942656811263745,9.673851081636478,2.59230845331807,-0.3268929875266359,10.822001281178467,0.9266666666666667,10.963258344946597,11.214817421446488,0.2515590764998912,1.0,0.23890580883007476,0.03271498217601909,7.921404151718363,8.239855631464017,0.31845147974565435,0.7633123432374008,0.5050866013881734,0.015446598094524866,1.002857142857143,1.0657142857142858,0.06285714285714294,0.5050866013881734,0.0,0.000595574319382175,-1.4362802451286834,-1.4109431450629584,0.025337100065724982,0.0,0.5050866013881734,0.0006831931333177721,8.615003851736738,11.00880175532377,2.393797903587032,0.5027430452712497,0.0,0.037975913663116145,6.769833771327067,8.307666398450246,1.537832627123179,0.5027430452712497,1.0,0.07081308279726084,0.8618181818181818,1.0657142857142858,0.20389610389610402,0.5027430452712497,0.0,0.004221190125562546,-1.4482115988341224,-1.17654543460243,0.27166616423169243,0.0,0.5027430452712497,0.011324546569162375
nebDFT2k:mp-28030_2_22_0_0_0,0.5260940194129944,0.0670273246106347,10,0.711249777674675,0.1495015396145683,10,0.8541281928252895,0.0,10,0.6502591371536255,0.073052417390305,10,0.8691693608290905,0.3430753414160961,0.1579195831544154,0.1851557582616806,0.0150411680038009,0.2189102236754649,-0.203869055671664,2.9108690623176257,2.7405452972964115,1.062149589422675,1.9438809363696,0.4295993533091762,8.0,1.0191299002633751,9.0,0.0505879844083621,Li63O72Nb16,O,1.3911523823598455,3.1665647599653366,2.8252381487874856,1.120813394553779,1.7657382485884714,0.5046459924671353,6.0,1.3189057701764315,10.0,0.3249962857890355,9.257958943593527,2.7405452972964115,-0.2866624466226491,10.46588258084709,0.8784615384615384,9.729048523023716,10.792556918283472,1.0635083952597562,1.0,0.203546473425475,0.2117074680709745,7.464768539502277,8.32809889174989,0.8633303522476137,0.42959935330917626,0.0,0.05683127040071323,0.9071428571428571,1.0444444444444443,0.13730158730158715,0.42959935330917626,0.0,0.001268400219621324,-1.641177889418629,-1.3910920224999181,0.25008586691871093,1.0,0.0,0.07206305768766796,8.235876579463536,10.626453632941077,2.390577053477541,0.5046459924671353,0.0,0.19437526752830614,6.829995702150557,8.438162323058668,1.6081666209081114,0.5046459924671353,0.0,0.10034001496212452,0.815,1.0699999999999998,0.2549999999999999,0.5046459924671353,1.0,0.0188212765537491,-1.668519759627478,-1.2355004611640659,0.43301929846341203,1.0,0.5046459924671353,0.07665409066093531
nebDFT2k:mp-28030_30_31_0_0_0,0.6175833612680435,0.0998834099706728,10,1.1977262258529664,0.2073981518251727,10,1.140422613292246,0.0,10,0.9025646626949312,0.0906609377804831,10,0.9760967519792983,0.358513390711255,0.2216294738736679,0.136883916837587,0.1643258613129474,0.0735320892843673,0.09079377202858,2.701156552785488,2.654115753360026,1.017723718103067,2.0243692780731815,0.4942925890852223,10.0,0.9775976325346568,3.0,0.0442821932065259,Li63O72Nb16,O,2.108518161442378,3.063175740347088,2.737471477484974,1.1189799658337816,1.7841854218857036,0.506321703083826,7.0,1.272818805446124,5.0,0.331176460668342,10.126414261815368,2.654115753360026,-0.3572849583811723,10.891246965684132,0.9266666666666667,11.025358442206961,11.305211732585212,0.27985329037825046,1.0,0.7611470683787279,-0.03307591245886332,8.019285996295487,8.467997022275435,0.4487110259799483,0.23640679614960847,0.49429258908522233,-0.015308895658888488,0.9538461538461539,1.0657142857142858,0.11186813186813194,0.49429258908522233,0.0,0.007079672918689051,-1.3987500343898056,-1.3300308317086205,0.06871920268118514,0.0,0.49429258908522233,-0.0002243200963454317,8.680704634532184,11.114831650439369,2.434127015907185,0.506321703083826,0.0,-0.05486850458987824,6.900087703171972,8.373304166027982,1.4732164628560094,0.506321703083826,0.0,-0.1021282658999274,0.9266666666666667,1.0644444444444445,0.13777777777777778,0.506321703083826,0.2514887116404402,0.006193219593923716,-1.4166021522754864,-1.1351976376747042,0.2814045146007822,1.0,0.506321703083826,-0.022583282326568477
nebDFT2k:mp-28548_0_8_0_0_0,0.4295894771814346,0.0422392725316497,10,0.4132534235715866,0.0542820564390917,10,0.4261545138433852,0.0,10,0.354676952958107,0.0632732406881931,10,0.1196520402270664,0.3099374369543682,0.2936013833445202,0.016336053609848,0.3065024736163188,0.2350249127310406,0.0714775608852782,1.6816846404404404,1.6201133908924532,1.0380042840791963,2.003344693833425,0.0,10.0,1.0095823156494808,4.0,0.1976137904480646,Li63O48Ge8,O,0.318781949331774,2.6328851458832125,2.173342994154907,1.2114448354282872,1.9365193092061832,0.241992334749452,9.0,1.033398634607551,5.0,0.1341048631821955,8.679337802030169,1.6201133908924532,-0.23593038747676204,11.737486316001622,0.983529411764706,10.938264140541124,11.790721106006485,0.8524569654653611,0.0,0.5299752779190913,-0.06721040284882474,9.150873440671688,10.29798702571784,1.1471135850461511,0.0,0.5299752779190913,-0.07401227936806976,0.9835294117647058,1.0240000000000002,0.04047058823529448,0.5299752779190913,0.7717044850655247,-0.0044138593402363036,-1.0321670976722004,-0.9684975563753653,0.06366954129683511,0.0,1.0,-0.008061928795462747,10.219502221804515,10.825259238082364,0.605757016277849,0.0,0.7471124342674911,-0.1288926714633165,8.032364950693147,9.10868775527572,1.0763228045825741,0.4896526901496853,1.0,-0.2768931130088115,0.9835294117647058,1.0757894736842106,0.09226006191950487,0.7471124342674911,0.0,0.011263864049898542,-1.1482648519093512,-0.9801956737815107,0.1680691781278405,0.24199233474945206,0.0,-0.023871506331410663
nebDFT2k:mp-29040_0_5_0_0_0,0.8285475432872772,0.2398526640816173,10,0.6656596064567566,0.191597908559096,10,0.5975876147499093,0.0,10,0.8150014758110047,0.1825383429192764,10,0.8543699934836582,0.0258224501963809,0.1887103870269015,-0.1628879368305206,0.2567823787337489,0.0393685176726534,0.2174138610610954,6.192247975090628,5.296710612957457,1.1690742476929734,1.9701408597173455,0.499898680599287,9.0,0.8434103600911492,3.0,0.1098654679531433,Li11F76Zr16,F,0.7483405826846616,6.055328296061369,5.290018076588219,1.1446706246355085,2.005579087248313,0.0,6.0,0.912002553442704,3.0,0.2191769436873272,9.245737984222474,5.296710612957457,-0.30408063473607816,12.150097880608316,0.57,9.2455344438558,10.814166978524101,1.5686325346683017,1.0,0.499898680599287,-0.007830088866426443,6.42125164687012,7.343756643534424,0.922504996664304,1.0,0.499898680599287,-0.001762542499214259,0.57,0.6345454545454546,0.06454545454545468,0.0,0.16709597558502112,-0.0007809043101259516,-1.0,-0.9988320257001779,0.0011679742998220721,0.0,0.33834981639985595,3.2343453915395504e-05,9.327591005331644,12.184334116548266,2.8567431112166215,1.0,0.49745922089160216,-0.012328266819208622,6.436656103212441,7.902216963500031,1.4655608602875896,1.0,0.49745922089160216,-0.0019466524649627281,0.57,0.7385714285714287,0.1685714285714287,0.0,0.49745922089160216,0.00026776797924848994,-1.0,-0.9511957564826968,0.04880424351730317,0.0,0.49745922089160216,0.0005817093831455011
nebDFT2k:mp-29040_1_3_0_0_0,0.7624042153358459,0.1971284473900053,10,0.6359447658061981,0.2330868416620519,10,0.5070372253455933,0.0,10,0.6718370318412781,0.2035122830637828,10,0.1771891573098116,0.5852150580260342,0.4587556084963864,0.1264594495296478,0.3298480680357816,0.4946478745314664,-0.1647998064956848,3.949737480028672,3.6688635456801313,1.0765561135897934,1.9077172720100504,0.8344444497689976,7.0,0.9121988174861296,1.0,0.1160376876272079,Li11F76Zr16,F,0.5214491520542451,4.194580281943267,3.695175084216782,1.135150618399544,1.9341941369716071,0.7471287087529221,6.0,0.8786603446209212,2.0,0.164357484184375,8.692510742938387,3.6688635456801313,-0.2528164075808318,10.464385555668862,0.57,8.692510742938387,10.34352466633753,1.6510139233991428,0.0,0.3164901637586042,0.10512370440909269,5.949631619929779,6.427229113354791,0.47759749342501223,0.3164901637586042,1.0,-0.12392992295606575,0.57,0.5700000000000001,1.1102230246251565e-16,0.0,0.3164901637586042,0.0,-1.0,-1.0,0.0,0.0,0.0,0.0,8.875207997268106,10.790752300570349,1.9155443033022426,0.0,0.5011802321212248,0.01646258858516525,5.794760276876522,6.472046722546299,0.6772864456697771,0.2525306674493516,1.0,-0.13844536903094706,0.57,0.5700000000000001,1.1102230246251565e-16,0.0,0.2525306674493516,0.0,-1.0,-1.0,0.0,0.0,0.0,0.0
nebDFT2k:mp-29040_4_3_0_1_1,0.7596485435962677,0.1934597122348452,10,0.8753676056861878,0.3930851607550703,10,0.5878518409796342,0.0,10,0.6970623373985291,0.2182488729332979,10,0.4273566005710449,0.3322919430252227,0.4480110051151428,-0.1157190620899201,0.1604952404085892,0.2697057368274841,-0.1092104964188949,3.795640567938598,3.3185278838870778,1.1437723896695622,1.842281722779572,0.4338303284885611,4.0,0.8889674398606587,3.0,0.1233794498802592,Li11F76Zr16,F,0.7239457274713001,4.29332146235353,3.440880572845471,1.2477391677686518,1.8252301793394357,0.7536168957067467,6.0,1.068340237588415,2.0,0.1899256665660968,8.658549064857944,3.3185278838870778,-0.3187416581631374,8.963601142771122,0.57,8.658549064857944,10.363243897607218,1.704694832749274,0.0,0.676552909181965,-0.06821972458550274,5.29042491595633,6.473974584097267,1.1835496681409365,0.4338303284885611,0.13895430810338333,-0.009076005130358222,0.57,0.5700000000000001,1.1102230246251565e-16,0.0,0.4338303284885611,0.0,-1.0,-1.0,0.0,0.0,0.0,0.0,8.966790642358019,10.501038901214557,1.5342482588565378,1.0,0.5055119706148585,0.16374908093840013,5.613034308905611,6.472046731686032,0.8590124227804212,0.7536168957067467,0.0,0.07193650598915413,0.57,0.5700000000000001,1.1102230246251565e-16,0.0,0.2535897442321988,0.0,-1.0,-1.0,0.0,0.0,0.0,0.0
nebDFT2k:mp-34038_0_0_1_-1_0,0.2777797669172286,0.1056325174354633,10,0.4954836040735245,0.2650392203909471,10,0.7928978984110165,0.0,10,0.8501256465911865,0.300973393691523,10,1.1750401168851423,0.8972603499679139,0.6795565128116181,0.2177038371562958,0.382142218474126,0.324914470293956,0.0572277481801699,4.772423731203397,3.562866906243832,1.3394897583291276,2.148169928220128,0.7597120192368944,9.0,0.8234326685784247,3.0,0.1517197972938612,Li53N9Cl27,N+Cl,1.2377280935305168,4.846942703758956,3.7430979976600223,1.2949013642680467,2.0062484942002436,0.7427318532621512,7.0,0.9425683068000076,4.0,0.1332957000082092,7.061379463549111,3.562866906243832,0.06958135294745678,11.908309017987454,1.1284615384615382,11.808275114726907,12.606177502358364,0.7979023876314564,0.7597120192368944,0.4994135637924773,0.006512754722873382,9.999276680019394,12.102821937842227,2.1035452578228337,0.7597120192368944,0.0,0.006258056583941851,1.1139999999999999,1.152,0.038000000000000034,0.4994135637924773,0.23894263767525123,-3.1962235528926186e-05,-0.5101984755643862,-0.24653980788699512,0.2636586676773911,1.0,0.4994135637924773,0.00036596229140564707,11.035803133951731,11.451282732420635,0.41547959846890414,0.23932164779511264,0.0,-0.0032303667727031637,8.973963096944585,11.819682563228959,2.8457194662843737,0.7427318532621512,1.0,-0.017784277160582285,1.0531249999999999,1.1335294117647061,0.08040441176470625,0.4880474142462786,0.23932164779511264,-0.0015919516193010352,-0.423806001855744,0.09383055106401193,0.517636552919756,1.0,0.4880474142462786,0.0024579849988786706
nebDFT2k:mp-34038_0_1_1_1_0,0.2823085159063339,0.0518231855626494,10,0.2697088569402694,0.0894969811337267,10,0.5836672671363801,0.0,10,0.6721809685230256,0.3046221988679333,10,1.2990351886519562,1.0167266727456223,1.0293263317116867,-0.0125996589660644,0.7153679215155762,0.6268542201289307,0.0885137013866455,2.445121915896304,2.429755159412936,1.0063244053310627,2.2123704323177904,0.0,9.0,0.7780952576564466,1.0,0.2480743629885815,Li53N9Cl27,N+Cl,0.7134604722214837,3.615778969284479,2.758258833310865,1.3108918298810606,2.0743869888419524,0.4982272145766384,6.0,0.7000003221835036,3.0,0.3523431183006043,11.247538593487304,2.429755159412936,-0.1387691733879754,14.990845505863115,1.1139999999999999,12.613950873308614,15.567911612941769,2.953960739633155,0.0,0.7852138459973392,-0.67590883019089,7.016623155780971,9.9638478033027,2.947224647521729,1.0,0.44788758890002944,0.6852039558128409,1.1139999999999999,1.1952631578947368,0.08126315789473693,0.44788758890002944,1.0,-0.019437886479680144,-0.7212218798139405,-0.35777863003272786,0.3634432497812126,1.0,0.44788758890002944,0.07211513383467397,11.858220176247286,16.019929059923175,4.161708883675889,0.0,1.0,-1.129032496731627,6.8503208025256415,10.564527311125968,3.714206508600326,1.0,0.0,0.7870345349465007,1.0966666666666667,1.1952631578947368,0.09859649122807013,0.49822721457663843,1.0,-0.005890298831083163,-0.8411522802644825,-0.5138253490896583,0.32732693117482425,1.0,0.49822721457663843,0.062286878618195984
nebDFT2k:mp-34038_0_2_0_0_1,0.1994170755147933,0.1737630941277203,10,0.857349643111229,0.3585617343231759,10,0.5950732718600882,0.0,10,0.5367037326097488,0.2077358539271248,10,0.751095296214288,0.5516782206994947,0.1062543468969409,0.4454238738025537,0.1560220243541998,0.2143915636045392,-0.0583695392503393,3.4031291571278897,3.2090636168496243,1.06047419541928,2.1095867410200775,0.1858301635985772,9.0,0.8406028204390696,5.0,0.4330952429107677,Li53N9Cl27,N+Cl,0.7420404125902,3.5984272873407113,3.0338701883880885,1.1860847906787255,2.181490405575306,0.0,10.0,0.8479185380314245,3.0,0.4276155123985348,11.315181929807226,3.2090636168496243,-0.12981307106364004,14.089014773570288,1.108125,11.41852278913599,17.802034586444375,6.383511797308385,0.0,0.7173981958196917,-1.8704614269388715,9.402276621274828,11.215416216719785,1.813139595444957,0.39652494959798124,0.18583016359857726,-0.11883646267985704,1.114,1.2089473684210528,0.09494736842105267,0.18583016359857726,1.0,-0.03529330211550652,-0.5575262581671353,-0.41163734102409577,0.14588891714303953,1.0,0.7173981958196917,0.0052037381169797725,11.848753150858483,17.8296630367669,5.9809098859084155,0.0,1.0,-1.7385562399229393,9.510532465598232,11.22301793649607,1.712485470897839,0.742317892400483,0.0,0.40600803063982926,1.0649999999999997,1.2089473684210528,0.14394736842105305,0.49069170559045067,1.0,-0.023100780669249144,-0.5804419636401168,-0.36878611839658265,0.21165584524353415,1.0,0.49069170559045067,0.02801385322408012
nebDFT2k:mp-34038_2_0_0_1_-1,0.2724794715642929,0.106779098369596,10,0.448276937007904,0.2005213017928273,10,0.5950732718600866,0.0,10,0.4479386001825333,0.0749962042411538,10,0.7525688407353925,0.4800893691710996,0.3042919037274885,0.1757974654436111,0.1574955688753059,0.3046302405528592,-0.1471346716775533,3.399360655610481,3.208472652725462,1.0594949758175023,2.1115973644453163,0.8135568152369422,9.0,0.8378629867692446,5.0,0.4320947265264224,Li53N9Cl27,N+Cl,0.7420404125901965,3.621316770301163,3.048835720516082,1.1877703826194272,2.1814904046450345,1.0,10.0,0.847918538033047,3.0,0.4276155116761408,10.050515581490501,3.208472652725462,-0.047002855378187824,17.69091557593005,1.145833333333333,11.417299327126438,17.765751324392333,6.3484519972658955,1.0,0.2827090918956829,1.867089662047821,9.41038406299166,11.224549095629573,1.8141650326379128,0.602885472318205,0.8135568152369422,0.11089054691032008,1.1139999999999997,1.205,0.09100000000000041,0.8135568152369422,0.0,0.034744985930614924,-0.556998131190555,-0.41076720224396274,0.14623092894659223,0.0,0.2827090918956829,-0.004013180900634128,11.830345069448668,17.815995773222127,5.985650703773459,1.0,0.0,1.7444070599628745,9.512605181490844,11.224208833384877,1.7116036518940323,0.25448744730658773,1.0,-0.40084807197369,1.0649999999999997,1.205,0.14000000000000035,0.5079104236580988,0.0,0.022343775690913503,-0.5796986963139894,-0.3650008041580381,0.2146978921559513,0.0,0.5079104236580988,-0.028269211375295533
nebDFT2k:mp-34038_3_4_0_1_0,0.6231138497591019,0.229255977893673,10,0.8032440781593323,0.4128616548182827,10,0.4312617984604115,0.0,10,0.7877632230520248,0.4163956359350274,10,1.127756828022612,0.5046429782635101,0.3245127498632797,0.1801302284002304,0.6964950295622006,0.3399936049705871,0.3565014245916134,4.065525369963646,3.8543653081810194,1.054784651920365,2.370623218385838,0.0,4.0,0.3304239333011429,1.0,0.0835835785356786,Li53N9Cl27,N+Cl,0.3315792340371957,4.51024092210686,3.965912190269433,1.1372518365820012,2.374998568602357,0.0,4.0,0.327403580884531,3.0,0.0577090851845624,20.139284878837937,3.8543653081810194,-0.11282579067283412,20.946612326746717,1.1128571428571425,20.157561184594755,22.426659485724816,2.269098301130061,0.0,0.23328122653138214,0.2565895447912876,5.863399913796313,7.472018189452159,1.6086182756558465,0.0,0.8052876887938439,-0.29333475252084984,1.1175,1.188235294117647,0.07073529411764712,0.5164384817128834,1.0,0.008422142621562934,-0.7348510517719176,-0.6057474155918132,0.12910363618010434,0.0,1.0,-0.026065696739119015,18.105750468949992,20.26693981972219,2.1611893507721973,0.496942718649221,1.0,0.0578186170790147,5.727592766290861,7.1317013969182685,1.404108630627408,0.24843416136997243,0.7485786442655541,-0.4165744515313503,1.094285714285714,1.1788888888888889,0.08460317460317479,0.496942718649221,1.0,-0.0008356961686403208,-0.7351010038319999,-0.5239456799319718,0.2111553239000281,0.0,0.496942718649221,-0.05067276134240323
nebDFT2k:mp-34038_4_4_0_1_0,0.6343129366636276,0.2201104492881383,10,0.3515469640493392,0.1356105098754905,10,0.3496824025390377,0.0,10,0.3937453344464302,0.2412506340121323,10,0.1101469398158626,0.524165996847765,0.2414000242334766,0.2827659726142884,0.239535462723175,0.2835983946305676,-0.0440629319073925,3.976687732967304,3.5898792967346784,1.1077497052852066,2.402926611651147,1.0,4.0,0.3101488292053331,1.0,0.057758308720008,Li53N9Cl27,N+Cl,0.1271663543982326,4.134757542219011,3.739531443442912,1.105688668421042,2.388405371490473,0.0,4.0,0.319043071880199,3.0,0.0278974548450176,20.475617977865735,3.5898792967346784,-0.12882423520394454,21.049662173005775,1.1128571428571425,20.7092990219775,21.737461630184225,1.0281626082067241,0.5036568753743105,0.2524096796317341,0.038720211321983555,6.538578048277659,7.484551175756769,0.9459731274791094,0.0,0.7532914197437872,-0.007874955627881874,1.0999999999999999,1.1705263157894739,0.07052631578947399,0.5036568753743105,1.0,-0.002762200877451937,-0.6960701734558401,-0.6463186925938172,0.04975148086202286,0.7532914197437872,0.0,0.001599389916703553,19.003410946665763,20.472446768338102,1.469035821672339,0.5003489195358723,0.0,0.006493375847600902,6.357577727168152,7.391100010651492,1.0335222834833395,0.0,0.5003489195358723,-0.01472562709957792,1.0999999999999999,1.1705263157894736,0.07052631578947377,0.5003489195358723,1.0,-0.0009234287863333357,-0.6763881257436238,-0.5936913383529696,0.08269678739065423,0.25109865538167053,0.5003489195358723,1.1690078039250373e-05
nebDFT2k:mp-3635_0_3_0_0_0,0.4096712663769722,0.0827856413608754,10,0.5688539922237397,0.1005163452383178,10,0.5599806392977088,0.0,10,0.6736598789691925,0.0874081062257434,10,0.6212753665144817,0.2116041001375094,0.052421374290742,0.1591827258467674,0.0612947272167728,0.0523845124547108,0.0089102147620619,3.479984749063449,3.193879229186359,1.0895793169831207,1.9287454501019416,1.0,13.0,1.1072549728835357,3.0,0.0970161038140409,Li31B32O64,O,0.6541090667501095,3.710188444590289,3.2042363642887928,1.1579009856889246,1.8865348166038405,0.2531172947031964,12.0,1.1505023698943968,1.0,0.1326677733991965,10.213149731312171,3.193879229186359,-0.27675610567871667,10.447366083971215,0.7825,10.17923767924939,11.032043546946603,0.8528058676972137,1.0,0.19421831188470318,0.16490272018511742,6.440512492169377,8.168537515850508,1.7280250236811305,0.0,0.42898846354806386,0.13883469518266311,0.79375,0.8741176470588236,0.0803676470588236,0.42898846354806386,1.0,-2.1128892436772517e-05,-1.6687971564360893,-1.4649607663944457,0.20383639004164356,0.0,0.42898846354806386,0.009618116152399048,10.290362045184459,10.669546130279828,0.3791840850953694,0.25311729470319644,0.7501856396848611,-0.0953078393816531,6.6640370365300186,8.789134118423735,2.125097081893717,0.0,0.5037203251481299,0.002104529496406826,0.7821052631578947,0.8722222222222222,0.09011695906432748,0.5037203251481299,0.0,0.0006213410482660553,-1.6283328990091994,-1.2022166343406318,0.42611626466856767,0.0,0.5037203251481299,-0.0011385968108532651
nebDFT2k:mp-4002_0_1_0_0_0,0.5660780370235443,0.1294496180410302,10,0.578033697605133,0.1667514651376911,10,0.656110572897853,0.0,10,0.7005305409431457,0.1294258848728532,10,0.4607055165418927,0.1053725204816515,0.1173281810632402,-0.0119556605815887,0.1954050563559602,0.2398250244012529,-0.0444199680452926,2.91789053094101,2.6544200689772217,1.0992572596338557,1.835801869136396,0.5056927556244142,5.0,0.9245295030113548,3.0,0.1645083309470775,Li15F48Zr8,F,0.8949811193655349,3.1634242452833536,2.848306717705974,1.1106332845470992,1.7416308464731964,0.5049126693515706,5.0,1.1050356775958334,3.0,0.0247064138042718,7.825901447316774,2.6544200689772217,-0.37367284291506747,8.751400973673498,0.5700000000000001,7.847019350723964,9.528189016106127,1.6811696653821633,1.0,0.5056927556244142,-0.0004961581182794106,5.803518508951264,6.107055282699133,0.3035367737478696,0.5056927556244142,0.2380085894775089,0.0027408575398344404,0.57,0.5700000000000001,1.1102230246251565e-16,0.0,0.5056927556244142,-5.551115123125783e-17,-1.0,-1.0,0.0,0.0,0.0,0.0,7.929213052603435,8.231728366328351,0.3025153137249159,1.0,0.5049126693515706,8.445040933224846e-08,5.342288616493017,5.999999999984498,0.6577113834914812,0.5049126693515706,1.0,0.0017564204228910363,0.57,0.6486666666666667,0.07866666666666677,0.0,0.5049126693515706,-0.0006279940549402396,-1.0,-0.9410241941125187,0.0589758058874813,0.0,0.5049126693515706,-0.0004708024002031963
nebDFT2k:mp-4117_3_0_1_0_1,1.9852880239486697,0.2903759257616305,10,2.3634687542915342,0.592260613357874,10,3.310082671748379,0.0,10,3.951076698303223,0.3349440926971591,10,2.0165598319364904,0.0312718079878209,0.3469089223550439,-0.3156371143672229,1.2935228398118888,1.9345168663667325,-0.6409940265548437,5.978918479335739,5.351175374935787,1.1173093872684905,1.8615270613594923,0.6030053399418609,8.0,1.1999141298743516,4.0,0.2943920885083487,Li31O80Si32,O,7.545019074174192,6.005912798896224,5.349043079718862,1.122801351454415,1.3803889895141157,0.4997774263449639,12.0,2.0761057943894192,4.0,1.1148022025110456,5.827733623053657,5.351175374935787,-0.27406268767751724,11.293510736551415,0.891,9.238127446532676,11.778801094674888,2.540673648142212,0.7596720709466186,0.14114227012531813,0.6457175492352221,5.982113487984102,7.465493977017267,1.4833804890331646,1.0,0.3723756449520324,0.1084255631865707,0.804375,0.9313636363636365,0.12698863636363655,0.8741025921523858,0.0,0.017447406582721814,-1.7426329479274667,-1.30695231031476,0.4356806376127067,1.0,0.6030053399418609,-0.0739491786955423,4.733488317974414,11.442166216066433,6.708677898092018,0.49977742634496397,1.0,-0.05586648325180521,5.86003767260712,7.40283779440731,1.5428001218001892,0.49977742634496397,0.6675142606223915,-0.16938815995406387,0.829090909090909,0.9195652173913045,0.09047430830039549,0.1641210877055943,0.0,-0.005005005068341506,-1.7052928541629704,-0.3561951174787752,1.3490977366841952,1.0,0.49977742634496397,0.0014368542296265274
nebDFT2k:mp-556655_0_7_0_1_-1,0.6255401372909546,0.0848421747260049,10,0.5598855495452881,0.1110197585293827,10,0.5747649003043871,0.0,10,0.637686762213707,0.1084470161946724,10,0.4252172681383682,0.2003228691525863,0.1346682814069199,0.0656545877456664,0.1495476321660188,0.2124694940753387,-0.0629218619093199,3.5839688540831807,3.5057359785208138,1.022315678089191,2.0022358318604754,1.0,9.0,0.8153827563367122,1.0,0.1394264433072694,Li31B16O64Al16,O,0.6911538785138769,3.782581206091384,3.5361692615009095,1.0696833003083923,2.0032840822092814,0.0,9.0,0.8142641285424056,1.0,0.2721144811530867,11.493129118366948,3.5057359785208138,-0.3663562350153141,11.937845036145816,0.82,11.940004447410143,12.101406993909034,0.1614025464988913,0.5026881952662862,0.7532319512660044,-0.0018657037838654134,6.403150602840825,8.423554317018768,2.0204037141779425,1.0,0.5026881952662862,-0.004326317903045052,0.7933333333333334,0.8566666666666668,0.06333333333333335,0.5026881952662862,0.7532319512660044,0.00025865775091366006,-1.6263446756975681,-1.2859521664527824,0.3403925092447857,0.0,0.5026881952662862,-0.00044007975458826287,10.650214817050156,11.892658178657939,1.2424433616077835,0.5049716599017872,1.0,-0.001461008506497663,6.417325058827739,8.67419122451672,2.2568661656889812,0.0,0.5049716599017872,-0.0036792238273504196,0.7933333333333334,0.8552941176470589,0.061960784313725425,0.5049716599017872,1.0,0.0003817940669142983,-1.6259293583487897,-1.1122059869245935,0.5137233714241962,0.0,0.5049716599017872,0.00040763041704383607
nebDFT2k:mp-556655_1_4_0_0_0,0.4667435944080352,0.0415370574466079,10,0.3290589600801467,0.0745035719747271,10,0.4074223962038063,0.0,10,0.4426246911287307,0.0736492279764581,10,0.4567823134008222,0.009961281007213,0.1277233533206754,-0.1177620723134624,0.0493599171970158,0.0141576222720914,0.0352022949249244,3.0977996966042,2.805722127712794,1.104100675546764,2.0134826348639083,0.0,8.0,0.7798077548365001,2.0,0.1210021576651498,Li31B16O64Al16,O,0.2718450228542528,3.5150461649814826,2.9676925042772373,1.1844374576932626,2.0032840825397433,0.0,8.0,0.7943098263864404,2.0,0.1733975635485682,11.906137746960841,2.805722127712794,-0.22419321855018146,14.161973938777269,0.805625,12.403316332822333,13.762855497643864,1.3595391648215305,0.0,0.5934829371502608,-0.26018583675787355,6.208671543873002,8.00905124470221,1.8003797008292084,0.0,0.5934829371502608,-0.341723230593062,0.805625,0.8917647058823529,0.08613970588235287,0.5934829371502608,1.0,-0.003992376105315554,-1.7005228000296904,-1.5014571823656682,0.1990656176640222,0.0,0.5934829371502608,-0.008112403624963793,12.029209788524836,13.030845853865339,1.0016360653405023,0.0,0.7460111733844419,-0.324648850043161,6.229835851280379,8.103863971534254,1.8740281202538753,0.0,0.4907222029145451,-0.36368238063134717,0.8153333333333332,0.8788888888888889,0.0635555555555557,0.2440795839616168,1.0,-0.015319408712019367,-1.7093098797368398,-1.3376884084392464,0.3716214712975934,0.0,0.4907222029145451,-0.03094586430030155
nebDFT2k:mp-559680_0_2_0_0_1,1.2618666648864747,0.2127046480463978,10,1.2468403935432435,0.2209965275808232,10,1.2361101174758875,0.0,10,1.5165866136550905,0.1734228708515233,10,1.6003794527578918,0.3385127878714171,0.3535390592146483,-0.0150262713432312,0.3642693352820043,0.0837928391028015,0.2804764961792028,5.449309498336628,4.895346172102071,1.113161216134524,1.9940847246917088,0.2841472817881181,8.0,0.8236256372693912,4.0,0.1441373899968042,Li7O48V8Ge16,O,2.348281621991843,5.561756012315725,4.915669740649852,1.131434027457764,1.8786943580950837,0.5029106427226364,9.0,1.0788443489953607,5.0,0.3676511301585058,11.205379870622473,4.895346172102071,-0.23505246941579147,11.43344277285049,0.7090909090909091,11.205344928276094,12.442083500189014,1.2367385719129196,1.0,0.7268604739832738,-0.23976191932730373,6.597103067164135,7.920158450117383,1.3230553829532479,1.0,0.4966032564983172,-0.15753648026106948,0.7090909090909091,0.8224999999999999,0.11340909090909079,0.0,0.10888363397176992,0.0114937868283424,-1.9997697753673467,-1.4012131673342807,0.598556608033066,0.939062697764742,0.4966032564983172,0.00532093363115782,10.090886537007888,11.368165242859131,1.2772787058512431,0.5029106427226364,0.0,-0.027960238031321083,6.536854439025465,7.622241325177167,1.085386886151702,1.0,0.17286408567564787,0.10010389092446115,0.7775,0.8675,0.09000000000000008,0.0,0.17286408567564787,-0.0003401025166104854,-1.9995137961597835,-0.8875945592633253,1.1119192368964583,1.0,0.5029106427226364,-0.001162110992395271
nebDFT2k:mp-567474_0_1_0_0_0,0.3139821052551269,0.0772164202763708,10,0.2202347993850708,0.1795674120728184,10,0.4065299018057263,0.0,10,0.3203244358301162,0.3871126654763886,10,0.0677252191243695,0.2462568861307573,0.1525095802607012,0.0937473058700561,0.3388046826813568,0.2525992167057467,0.08620546597561,4.058168108043515,3.50315356671702,1.1584328322342508,2.5037234326930973,0.4862542088955173,4.0,0.2572158695664679,3.0,0.0368501928917026,Li23Cl48Cr12,Cl,0.2696087063442725,4.49833727454536,3.743566993415096,1.2016179441847572,2.3330428788423543,0.5015390791957974,4.0,0.3560362504964514,3.0,0.0669167440006679,17.715360014886596,3.50315356671702,-0.23902385550718797,20.725316156749805,1.0816666666666666,18.84201285273072,23.782040180185945,4.940027327455226,1.0,0.48625420889551735,-0.0143601480042026,5.80064459330097,6.366449216855899,0.5658046235549286,0.48625420889551735,0.2255681147886797,0.013288763262401027,1.0199999999999998,1.1178571428571427,0.09785714285714286,0.48625420889551735,0.2255681147886797,0.010803322826438477,-1.0,-0.9913548413354858,0.008645158664514208,0.48625420889551735,0.2255681147886797,-2.8931708619950314e-05,18.137382406595044,20.399832855372733,2.262450448777688,1.0,0.5015390791957974,-0.0024349649311385946,5.065963659408111,6.074376391183653,1.0084127317755414,0.5015390791957974,1.0,0.0018640214263223598,1.02,1.1178571428571427,0.09785714285714264,0.5015390791957974,0.25530576825594836,0.00023440663140228413,-1.0,-0.9912767924756191,0.008723207524380938,0.5015390791957974,1.0,9.349617239373664e-05
nebDFT2k:mp-6745_0_1_0_0_0,1.316204059123993,0.2618863007007386,10,1.515550434589386,0.2413237042687786,10,1.5845878712492838,0.0,10,1.83027845621109,0.1595255448243124,10,1.87974333572339,0.563539276599397,0.3641929011340039,0.199346375465393,0.2951554644741061,0.0494648795122998,0.2456905849618063,5.186121690905919,5.001574664069773,1.036897785043957,1.932303809800406,0.4924294596502895,9.0,1.0149231490096426,2.0,0.2843936621454447,Li15O96Si32Ga16,O,3.221459712297783,5.312592166385413,4.983067452641932,1.0661288888571585,1.721781764076331,0.494822432783442,9.0,1.3445400362233906,3.0,0.6089939678194329,10.175104555995434,5.001574664069773,-0.34171403622978663,11.882577434484041,0.7030769230769232,11.755676946316292,12.244506892431268,0.48882994611497566,0.6645093351141923,0.32604614740730886,0.09640533759273051,7.482204327874607,8.350056052415207,0.8678517245405999,0.4924294596502895,0.16792584162259547,-0.046860243830204595,0.7030769230769232,0.7723529411764706,0.06927601809954742,0.0,0.4924294596502895,-0.0005591478776756365,-1.9999727495458297,-1.5265752331904923,0.47339751635533744,1.0,0.4924294596502895,-0.0010457495891424973,9.632909379387948,12.054747687763543,2.4218383083755946,0.494822432783442,0.16291059982282355,0.010447601431666342,6.951475233403261,8.687984336585385,1.736509103182125,0.494822432783442,0.8304098546723404,-0.11661031277040035,0.7400000000000001,0.7964285714285715,0.056428571428571384,0.0,0.494822432783442,-0.0021052141104205835,-1.999984378895128,-1.2018643610206434,0.7981200178744845,0.0,0.494822432783442,0.002987148269974149
nebDFT2k:mp-6745_0_1_1_0_0,1.4398727893829346,0.274093325820414,10,1.5396564245223998,0.3258444892450391,10,1.18935291235066,0.0,10,1.4710092186927797,0.1520428284805792,10,1.3544573662905464,0.0854154230923882,0.1851990582318534,-0.0997836351394652,0.1651044539398862,0.116551852402233,0.0485526015376531,4.792818874673189,4.6065107448251394,1.0404445230171977,1.992695325189611,0.6714378636403794,9.0,0.906814052114532,2.0,0.1940382842238197,Li15O96Si32Ga16,O,2.2311224442905364,5.147035148380528,4.649177974130061,1.1070849894370036,1.8702375358183392,0.4970757752608037,8.0,1.1910834715050655,3.0,0.4555374041619915,10.861764326184359,4.6065107448251394,-0.37593624442808565,11.977895813857488,0.7030769230769232,11.977895813857494,12.160849743526915,0.1829539296694218,0.0,0.8361910682084707,-0.00011774373139772365,7.568303097641993,8.285774480189232,0.717471382547239,0.49983315699548403,0.8361910682084707,-0.00036988072798660454,0.7030769230769232,0.7723529411764707,0.06927601809954753,0.0,0.6714378636403794,7.22562153765427e-06,-1.9996680081911584,-1.5003347103394524,0.499333297851706,1.0,0.49983315699548403,-2.3898642507513834e-05,10.00874171049333,12.04045852751932,2.0317168170259894,0.49707577526080376,0.0,-0.0045727770232604215,7.421326484663095,8.764549493757599,1.3432230090945039,0.49707577526080376,0.8295255493674651,-0.008161163205331334,0.7400000000000001,0.7964285714285715,0.056428571428571384,0.0,0.16523086386464644,0.00011618358571874321,-1.999984378864951,-1.1009027979925299,0.8990815808724211,0.0,0.49707577526080376,0.0006674464008612491
nebDFT2k:mp-752552_0_7_0_0_1,0.3906235694885253,0.0640384778837191,10,0.3436112135648727,0.0556038688607861,10,0.3990433550831502,0.0,10,0.2013672545552253,0.0696467900640482,10,0.1127928577434715,0.2778307117450538,0.2308183558214012,0.0470123559236526,0.2862504973396786,0.0885743968117537,0.1976761005279249,3.3474137093406138,3.2121580909767893,1.0421073977472557,2.1856652234432725,0.2353865492857446,10.0,0.6886469201050631,3.0,0.07261606301678,Li15C16O48V8,O,0.2508497224509818,3.4721917256130888,3.2166717922983956,1.0794361221205342,2.1632620000983325,0.5089560275233181,10.0,0.7864279435179975,2.0,0.0919733121449303,13.038588379149619,3.2121580909767893,,14.277418730282584,0.7921052631578946,13.147553710320022,14.19528877393737,1.047735063617349,0.7702807126665346,0.5065787588776527,-0.0028717748656559294,7.124223268471139,7.6855268731051165,0.5613036046339772,0.7702807126665346,0.5065787588776527,-0.0015248478355003314,0.7855,0.8470588235294118,0.06155882352941178,0.0,0.5065787588776527,-0.0004651854954308976,-1.8698618615430096,-1.7140382508549175,0.15582361068809214,0.5065787588776527,0.0,0.00016643568437479939,12.225700875746952,12.51744275587427,0.2917418801273186,1.0,0.5089560275233181,0.0014002324804778254,7.028607914829153,7.601187021823038,0.572579106993885,1.0,0.5089560275233181,0.002730523075235247,0.7958823529411765,0.8306666666666666,0.03478431372549007,0.25582611667686406,0.5089560275233181,-0.0005147307335090501,-1.8940445718641594,-1.7300486072056738,0.16399596465848565,0.5089560275233181,0.0,0.001598796669806668
nebDFT2k:mp-752552_2_7_0_1_1,0.3902045100927352,0.0641374445264923,10,0.3240946680307388,0.0545813188451801,10,0.4053769932086004,0.0,10,0.2053776875138282,0.0707438200351997,10,0.1093218481685198,0.2808826619242154,0.2147728198622189,0.0661098420619965,0.2960551450400805,0.0960558393453084,0.1999993056947721,3.3267855874810732,3.211936981140544,1.0357568056331377,2.183733340422235,0.2526027057687523,9.0,0.6566693301106414,3.0,0.0680935543679339,Li15C16O48V8,O,0.2667198719316448,3.4722363458909467,3.221895565341979,1.077699843297806,2.162406966628303,0.507924935876995,10.0,0.7900276729522593,2.0,0.0945896617758481,13.100790026896092,3.211936981140544,,14.352559490174267,0.7905,13.28363436609247,14.292625483304729,1.0089911172122594,0.7747833215320309,0.5233164586765494,-0.006192276676637576,7.118323088251184,7.693840017346848,0.5755169290956639,0.7747833215320309,0.5233164586765494,-0.0024544658375025286,0.7921052631578946,0.8043750000000001,0.012269736842105416,0.7747833215320309,0.5233164586765494,-0.0004050327410106691,-1.8643752619934408,-1.7105715651843412,0.15380369680909967,0.2526027057687523,1.0,-0.003386385535229186,12.219006075482127,12.512057640279801,0.2930515647976737,1.0,0.507924935876995,0.005712535339056579,7.03408923216182,7.580605821992637,0.5465165898308166,1.0,0.507924935876995,-0.0015402887727966608,0.7958823529411765,0.85875,0.06286764705882353,0.2560023367336045,0.507924935876995,-0.0008580379677288752,-1.8963724570398472,-1.727541241495966,0.16883121554388114,0.507924935876995,0.0,3.835568655341515e-05
nebDFT2k:mp-752707_0_2_0_0_0,0.5326832562685013,0.1908897850928574,10,0.4902116984128952,0.1058967218532682,10,0.5383072213718848,0.0,10,0.3852594316005707,0.0785445061332259,10,0.6314464208597883,0.0987631645912869,0.1412347224468931,-0.0424715578556061,0.0931391994879035,0.2461869892592176,-0.1530477897713141,3.1830778705460943,3.05206161232977,1.042927134133545,1.9535734003455376,0.0,14.0,0.9592451462826258,4.0,0.2065989759364858,Li31B16O64Co16,O,0.5998021462366707,3.3820545295958757,3.134559374288398,1.0789569204965734,1.9620334336001912,0.0,13.0,0.9323967631812128,3.0,0.1125907581897537,10.523786845539291,3.05206161232977,,11.888658060847341,0.85,10.756116558489678,11.99020556843826,1.2340890099485815,0.0,0.27560734485414146,-0.042369900770296454,6.424609540634679,8.468971851013215,2.0443623103785367,0.0,0.8062354116706649,-0.3790188732647577,0.8686956521739132,0.9589473684210525,0.09025171624713935,1.0,0.27560734485414146,0.014056227536624388,,,,,,,10.555306731422109,11.287402857504148,0.7320961260820393,0.5035567743579505,1.0,-0.123854781342283,6.452723444295223,8.297535381989013,1.8448119376937901,0.0,0.7533745335647134,-0.3621876375433759,0.8686956521739131,0.92625,0.05755434782608693,1.0,0.7533745335647134,-0.0022634541430122668,-1.5006710798418286,-1.073160889202919,0.4275101906389096,0.0,0.5035567743579505,-0.04914976055313458
nebDFT2k:mp-753109_2_0_1_0_-1,0.5853983342647553,0.0717053562866022,10,0.6018295586109161,0.0503280777120484,10,0.92200058612906,0.0,10,0.7477185070514679,0.072418328810117,10,0.6892510017371762,0.1038526674724209,0.0874214431262601,0.0164312243461608,0.2327495843918837,0.0584675053142916,0.174282079077592,2.7303676428933152,2.658059695727692,1.0272032818833392,2.0165983762238966,0.2176376287353862,11.0,0.9611023760634606,5.0,0.0881758201790767,Li31O56Si8Fe16,O,1.5612197284895442,3.2338780236834586,2.8304364746675765,1.1425368675915133,1.819192100606714,0.4985570074948005,6.0,1.2183931978139109,9.0,0.1934601839633269,9.686303851740387,2.658059695727692,-0.35498537202387737,9.881377551752019,0.8606666666666667,9.78166036955261,11.011951114273002,1.2302907447203921,1.0,0.5017724812141611,-0.033283111959121925,7.7421362285488176,8.562264153169819,0.8201279246210014,1.0,0.5017724812141611,-0.04075971242918541,0.8866666666666667,0.9922222222222222,0.10555555555555551,0.5017724812141611,0.0,0.0027296434923710367,-1.588634473886698,-1.3663801691526738,0.2222543047340242,1.0,0.5017724812141611,-0.0032330908609552456,8.61674701544223,9.612531016826484,0.9957840013842532,0.49855700749480053,0.0,-0.07366340800585824,7.053202141029634,8.053235734955273,1.0000335939256386,0.49855700749480053,0.0,-0.01876424678668709,0.8400000000000001,0.9986666666666667,0.15866666666666662,0.49855700749480053,0.0,-0.004765191098655697,-1.6059035600808371,-1.0814532254316287,0.5244503346492084,1.0,0.49855700749480053,0.0006141282274604309
nebDFT2k:mp-753126_0_1_1_1_0,2.744223964214325,0.7614692346422162,10,1.0894731819629668,0.0959052209987007,10,1.1377043299945897,0.0,10,1.3974664568901063,0.1269012617286101,10,1.355068565811223,1.3891553984031022,0.2655953838482561,1.123560014554846,0.2173642358166332,0.0423978910788833,0.1749663447377498,9.39886230313241,5.157183661636668,1.82247965552377,2.113650913785139,1.0,10.0,0.7364778111933552,4.0,0.1349778726440963,Li23O80Fe24Sn16,O,2.1017069793997454,8.396641126059501,5.311449661830022,1.580856764284291,1.764032914589949,0.6701127680294594,9.0,1.1703541114155187,3.0,0.5690672432978773,6.778739084684699,5.157183661636668,0.02876549265966431,12.567016215595796,0.8115384615384615,12.469592957277957,14.383982612420025,1.9143896551420685,0.3459228192136926,0.6764983896544596,-0.38022152375689533,7.003688852419015,9.121632267502013,2.1179434150829985,0.0,0.5100057145698754,-0.13503384070770785,0.8326666666666667,0.974,0.1413333333333333,0.6764983896544596,0.0,0.01686858210550829,-1.733574965211181,-1.2184328950386758,0.5151420701725051,0.0,0.6764983896544596,-0.058184057341320594,9.861468417680967,12.86885015428467,3.007381736603703,0.6701127680294594,0.3370728473418079,0.4801991473574905,6.863538049905563,9.373524671136789,2.509986621231225,0.0,0.3370728473418079,0.30417980402957134,0.8557142857142858,0.9522222222222221,0.09650793650793632,0.16782420483729552,1.0,-0.0006804165646811522,-1.8017278779413912,-0.6061636384896102,1.1955642394517811,0.0,0.6701127680294594,-0.11445246357720518
nebDFT2k:mp-753204_0_2_0_0_0,0.4903371483087539,0.1065768979776232,10,0.4800427913665771,0.0370122948967482,10,0.5711723207903854,0.0,10,0.4457151561975479,0.0670331284003449,10,0.528234894283031,0.037897745974277,0.0481921029164539,-0.0102943569421768,0.0429374265073543,0.0825197380854831,-0.0395823115781288,2.9668724031788978,2.825119911911118,1.0501757432207144,1.9700825533776491,1.0,6.0,0.7882999434477791,2.0,0.1276827609169928,Li39O64Si16Ni8,O,0.6821519790085553,3.561067846594564,2.9761526771224216,1.196533993020037,1.95820255197186,0.7556952059722652,9.0,0.9254179874294796,4.0,0.2494932976755939,12.309202120528855,2.825119911911118,-0.26341807487770996,13.28499054167078,0.9010526315789472,11.794941336106389,13.90092495546546,2.105983619359071,1.0,0.5365042492451381,-0.0038226603799627057,5.901444810268154,7.891224376933382,1.989779566665228,1.0,0.5365042492451381,0.02599423021104874,0.8764705882352941,0.9490000000000001,0.07252941176470595,0.5365042492451381,1.0,-0.013868745527989113,-1.6883809694001706,-1.5449790687115055,0.1434019006886651,0.0,0.5365042492451381,-0.011570892877078576,11.193311501960808,12.5820640735209,1.388752571560092,0.5065452456380022,0.0,0.30675900824183255,6.10245153537526,7.612841083477833,1.510389548102573,1.0,0.2523046543365361,0.28694154725649224,0.8526666666666666,0.9354545454545455,0.08278787878787897,0.5065452456380022,0.0,0.0005278978200148332,-1.6763243185977654,-1.1886249729115799,0.48769934568618556,0.0,0.5065452456380022,0.002595648883879198
nebDFT2k:mp-753340_2_3_0_0_0,0.4620285779237747,0.1990451998770064,10,0.3138504117727279,0.0348062495047854,10,0.427849084863424,0.0,10,0.309457442164421,0.0738853883932198,10,0.5125430816779328,0.0505145037541581,0.1986926699052049,-0.1481781661510468,0.0846939968145088,0.2030856395135117,-0.1183916426990029,5.952914958971525,3.41260725,1.7443891203628914,1.9543511765459771,0.776895366312486,5.0,0.7695720724059382,5.0,0.2613851368503452,Li31F64V8,F,0.3230280232092112,6.674389992209749,3.36887796,1.9811907915505935,1.9668304552640916,0.2530051620753722,5.0,0.8586781958341844,5.0,0.3217126306933059,9.451930862789304,3.4126072499999998,-0.28474998972808846,10.7471613730744,0.73,9.451930862789304,11.987980694243046,2.5360498314537416,0.0,0.6507477674463908,-0.27492772572602764,5.2950448014514855,6.331998252264553,1.0369534508130673,0.6507477674463908,0.3416682643427635,0.26885024451107276,0.57,0.7636363636363637,0.19363636363636372,0.6507477674463908,0.0,0.03532553312624909,-1.0,-0.9749647888571944,0.025035211142805602,0.6507477674463908,0.0,0.0053743849757492135,9.439251948045703,13.076909460762469,3.637657512716766,0.0,0.7528863885713296,-0.5459476859594989,6.087164114013838,6.450524564694552,0.3633604506807142,1.0,0.2530051620753722,0.09391382253791569,0.703125,0.7636363636363637,0.06051136363636367,0.2530051620753722,0.0,-0.0005483805084915416,-0.9933204787411942,-0.8203392631267846,0.1729812156144096,0.5042284268130591,0.2530051620753722,0.038975630771712066
nebDFT2k:mp-753477_6_2_0_1_0,0.3076535135507583,0.0394836649599394,10,0.2889502108097076,0.096930165480801,10,0.4073231539988023,0.0,10,0.2315141052007674,0.063359884275508,10,1.713200099236758,1.4055465856859997,1.4242498884270502,-0.0187033027410505,1.3058769452379555,1.4816859940359906,-0.175809048798035,2.228893817020645,2.049739693492023,1.0874033537514256,2.538923982009962,0.7360201220380022,4.0,0.2318261511563954,1.0,0.085364453702766,Li47S48Bi16,S,0.2715963524065561,3.1253886323223203,2.9218917322624733,1.069645599052459,2.4338530895996913,0.4945189481032295,4.0,0.2931379386277742,1.0,0.1122673034099556,17.720986505440237,2.049739693492023,-0.2235995397253041,24.272513648491366,1.1817647058823528,20.829826273648944,22.81839520341467,1.9885689297657265,0.7360201220380022,0.0,0.05624895345107994,8.171974964587445,8.81400571567276,0.6420307510853149,0.0,1.0,-0.08446597215508511,1.207857142857143,1.2293749999999999,0.021517857142856922,0.9958441665308412,0.7360201220380022,0.0008297815659081831,-1.0405812427531367,-0.7599356810963721,0.2806455616567646,0.9958441665308412,0.7360201220380022,-0.033389463590277335,20.14999903332967,22.153499721774097,2.0035006884444257,0.0,1.0,-0.4443716289912327,7.092794423080966,7.86865586592978,0.7758614428488135,0.24624461380434567,1.0,-0.18624359558311898,1.1840000000000002,1.2106666666666668,0.026666666666666616,0.24624461380434567,1.0,-0.005903667467345053,-1.4216608971992197,-1.0386048211271675,0.3830560760720523,0.49451894810322955,0.0,0.060574833257071914
nebDFT2k:mp-753791_0_2_1_1_0,0.9176765978336334,0.2237975746301765,10,0.6199717164039612,0.1528215854809238,10,0.6510946088385503,0.0,10,0.6184600085020066,0.0986489763181809,10,0.5920940031156476,0.3255825947179858,0.0278777132883135,0.2977048814296722,0.0590006057229026,0.0263660053863589,0.0326346003365437,5.381344905288558,4.954778642746825,1.086091890939704,2.042452002933156,0.0,6.0,0.6715459089852561,5.0,0.1089991042820642,Li7O32Si8V8,O,0.882412655895717,5.605806735534534,4.973350462150325,1.127169053980313,2.018356314246639,0.0,5.0,0.6810689332121331,6.0,0.3102242647811083,13.315263577921085,4.954778642746825,-0.36895317753751705,14.439234721428305,0.8164285714285714,13.315263577921083,14.819895313251518,1.5046317353304346,0.0,0.6957633955723733,-0.07711867188018573,5.328800473284823,7.561682017635168,2.232881544350345,1.0,0.6957633955723733,-0.09176728481061858,0.7864285714285714,0.8894444444444444,0.103015873015873,1.0,0.5217313718149925,-0.008708831204660816,-1.9393970354708994,-1.6469149007957453,0.29248213467515405,0.0,0.6957633955723733,-0.05720429651949177,12.877775761402741,15.845111222452571,2.9673354610498297,0.0,0.33036163262869883,0.4959611372459527,5.172003614255605,8.405277554034454,3.233273939778849,1.0,0.49704412921338104,0.08072067019941498,0.8250000000000001,0.9410000000000001,0.11599999999999999,1.0,0.33036163262869883,0.010849808335443523,-1.9451414508213738,-1.3067750603281427,0.6383663904932311,0.0,0.664294948692548,-0.09977180758388704
nebDFT2k:mp-753882_0_1_1_0_-1,0.3557146906852722,0.046873551002255,10,0.3958809822797774,0.0486516114305946,10,0.5650792609661062,0.0,10,0.4567506283521652,0.0470637228604806,10,0.7118020043258753,0.356087313640603,0.3159210220460978,0.0401662915945052,0.1467227433597691,0.25505137597371,-0.1083286326139409,4.427810600913375,4.105262938104632,1.0785693066855446,2.061233582763178,1.0,9.0,0.7597293825996224,1.0,0.0476560570945249,Li23C8O56P8V4Mn4,O,0.6668846447702166,4.773722457745914,4.17787702416552,1.142619189156102,2.034232927319212,0.5019804308915371,8.0,0.9030347473888968,3.0,0.1449927286115676,12.582952465900645,4.105262938104632,,13.11413063134685,0.7870588235294117,12.693986980692218,13.750516883130853,1.0565299024386352,0.7704913450109939,0.522636731957384,0.07847008016031332,7.234277199230019,8.807169558073978,1.5728923588439594,1.0,0.522636731957384,0.04948955512368114,0.75625,0.8568181818181819,0.10056818181818195,0.522636731957384,0.0,-0.0018071254998128783,-1.4386028482941124,-1.231678957887903,0.2069238904062094,0.7704913450109939,0.522636731957384,0.0021057329874681896,12.022690112610858,12.788427355830578,0.7657372432197196,0.5019804308915371,1.0,-0.03049840812245197,7.3092869132493306,8.649354926957988,1.3400680137086578,0.0,0.5019804308915371,0.040756838009501806,0.7949999999999999,0.8765000000000001,0.08150000000000013,0.7490969484758547,0.0,0.010899691358865926,-1.4399132010914915,-0.9371029847184884,0.502810216373003,1.0,0.5019804308915371,-0.008592944100442312
nebDFT2k:mp-753882_0_3_1_0_0,0.3762869030237198,0.0448962714265577,10,0.3104998052120208,0.0383381914727521,10,0.4798522000615842,0.0,10,0.3116153761744499,0.051465228582796,10,0.3007654834285915,0.0755214195951282,0.0097343217834293,0.0657870978116989,0.1790867166329926,0.0108498927458583,0.1682368238871343,3.541042566163809,3.1172258861476982,1.135959566452808,2.055111934919456,0.4952876943809582,7.0,0.7490512482280212,2.0,0.1235323358021416,Li23C8O56P8V4Mn4,O,0.4533318383796243,4.188303714616948,3.275330139898883,1.2787424582323936,2.0500977449388733,0.5109260619129856,9.0,0.8524620125007576,3.0,0.194555002732646,12.844495196775403,3.1172258861476982,,13.899425337772414,0.8,12.731993176382744,13.708706446712629,0.9767132703298849,1.0,0.49528769438095827,0.17714272550117371,7.288667277014368,8.175935208653215,0.8872679316388465,0.0,0.7553329082331757,-0.19114539036448752,0.793888888888889,0.8859999999999999,0.09211111111111092,0.49528769438095827,1.0,-0.0047951887988350594,-1.7886747860265537,-1.4906682595660232,0.2980065264605305,1.0,0.0,0.051094893798429686,12.134321789136523,12.629885178322679,0.49556338918615594,0.7573477745153885,0.0,0.15574282415312357,7.235079351316078,8.132760761022691,0.897681409706613,0.0,0.25819482378856384,0.006242805473100077,0.804375,0.8763157894736842,0.07194078947368421,0.5109260619129856,1.0,0.0021501122331878952,-1.8278820328198355,-1.2432937692431467,0.5845882635766888,1.0,0.5109260619129856,0.08273915115047392
nebDFT2k:mp-753882_3_2_0_1_0,0.3587210446596146,0.0579774976671467,10,0.5398653984069824,0.0814637145454448,10,0.7889156570104545,0.0,10,0.5025802999734879,0.1440897003259969,10,0.6040975985636692,0.2453765539040546,0.0642322001566867,0.1811443537473678,0.1848180584467853,0.1015172985901813,0.083300759856604,3.76442933236896,3.411944556730119,1.1033090572774866,1.964147295244451,0.4999155579213898,6.0,0.8223174902648255,1.0,0.171999133792617,Li23C8O56P8V4Mn4,O,1.2277498211626885,4.289816379255061,3.620169056921922,1.1849768095920117,1.813702408455433,0.4996398423052508,9.0,1.1019420747670423,1.0,0.4440350650307728,12.143573742718345,3.4119445567301194,,12.492154207222692,0.7842857142857144,12.143573742718347,13.918042662464854,1.7744689197465071,0.0,0.4999155579213898,-0.0006400043745706796,6.352463860180053,7.383728323328438,1.0312644631483856,0.4999155579213898,0.2368551880994075,-8.033107613236723e-05,0.8323529411764706,0.917,0.08464705882352941,0.4999155579213898,0.0,-1.3589242579048477e-05,-1.8237096423580186,-1.5620577538144824,0.26165188854353616,0.0,0.4999155579213898,8.566572973001119e-05,10.481896218442548,12.317465789141021,1.835569570698473,0.4996398423052508,0.0,-0.0020634848489837765,6.7689924141332,7.7895837834256625,1.0205913692924629,0.4996398423052508,0.7505009527663394,-0.004276379722510715,0.7726666666666666,0.9089473684210526,0.136280701754386,0.4996398423052508,1.0,-0.001609172777338741,-1.812981630319074,-1.378447569086701,0.4345340612323729,0.0,0.4996398423052508,-0.0006591432733223934
nebDFT2k:mp-753882_4_5_0_0_0,0.3345948278903961,0.0274853513896919,10,0.300827020406723,0.064420409570877,10,0.5938745529184133,0.0,10,0.300947692990303,0.079816692124616,10,0.2689335036149032,0.0656613242754929,0.0318935167918198,0.033767807483673,0.3249410493035101,0.0320141893753997,0.2929268599281103,2.8805890692307368,2.844368760769398,1.0127340410149708,2.0999114828401906,0.4992445802338063,9.0,0.7470650980413283,2.0,0.1216384784745456,Li23C8O56P8V4Mn4,O,0.7390367915413059,3.1239026571748907,2.994039340801093,1.0433739512384133,1.937714622334662,0.4996978183111604,8.0,0.9600198619452012,2.0,0.3517296866696116,12.125822868232644,2.844368760769398,,14.192721029643538,0.7811764705882352,12.49069518255046,14.10087761400436,1.6101824314539002,1.0,0.4992445802338063,0.0018742147159569456,6.696713164908641,6.92050140065088,0.22378823574223894,0.4992445802338063,0.7614753160656513,0.00010337836710050397,0.7811764705882354,0.8778947368421053,0.09671826625386992,0.4992445802338063,0.0,0.0026144583398767796,-1.869917642974828,-1.683139030526106,0.18677861244872207,1.0,0.4992445802338063,0.00034596390733310223,11.407777193625352,12.457771978978506,1.0499947853531548,0.4996978183111604,0.0,-0.00019028023714806608,6.068294111568087,7.135392314538441,1.067098202970354,0.4996978183111604,0.0,-0.0007285191018850945,0.7392307692307691,0.8720000000000001,0.13276923076923097,0.4996978183111604,0.0,-6.552707645701705e-05,-1.860076046799968,-1.596092670846804,0.263983375953164,0.0,0.4996978183111604,-0.00022941283612842867
nebDFT2k:mp-753899_0_3_0_0_0,1.0775448441505433,0.2569721633005319,10,1.8475247025489807,0.3444402656243768,10,2.8912216456326254,0.0,10,2.9360431671142577,0.2333291419101504,10,3.250723844104641,2.173178999954098,1.4031991415556604,0.7699798583984374,0.3595021984720157,0.3146806769903834,0.0448215214816323,5.8683375177861885,5.5976696858000095,1.0483536627166123,1.85294562102348,0.4979229381590541,10.0,1.4865840431946806,6.0,0.7961428107967012,Li15C32O96Fe16,O,6.495482146990113,6.323802014434319,5.599789704945268,1.12929276769977,1.5952485258469895,0.4836010516300557,13.0,1.9679464439833183,5.0,1.087560972321031,6.637871208374591,5.5976696858000095,-0.17528162122955251,10.783067606555095,0.7,8.421036588864895,11.08585807127229,2.664821482407394,0.4979229381590541,0.16135787856313935,0.0018277530242869489,6.840985439163917,9.645739785188693,2.804754346024777,0.0,0.4979229381590541,0.01851572344453567,0.7,0.7866666666666666,0.08666666666666667,0.0,0.4979229381590541,0.0004306750816276961,-1.9961754593856254,-0.742816864424602,1.2533585949610233,0.0,0.4979229381590541,0.0011919000755306053,6.290216049698856,9.937575601495224,3.6473595517963684,0.4836010516300557,0.0,-0.007327465337660044,6.5407189378707615,7.3862984300069625,0.845579492136201,1.0,0.4836010516300557,0.029793165140651556,0.66,0.8053333333333335,0.14533333333333343,0.0,0.3176275692223885,0.0054989271739211976,-2.0,-0.3326557593257305,1.6673442406742696,0.0,0.4836010516300557,0.004790954478062548
nebDFT2k:mp-754292_0_3_0_0_0,1.2519752383232117,0.2528023516758544,10,0.8866232216358185,0.1954169207936828,10,0.9329961351398548,0.0,10,0.85777068734169,0.1583404011473083,10,0.9209744300665648,0.3310008082566469,0.0343512084307462,0.2966495998259006,0.01202170507329,0.0632037427248747,-0.0511820376515846,4.61889133739199,4.559028412862692,1.0131306320356337,2.066659306357044,0.4992841704178726,8.0,0.9534133208041778,3.0,0.2605849383457258,Li23B8O56Cr8As8,O,1.588771193061238,4.87418358578307,4.600003571701523,1.0596043046071222,1.9852547557542843,0.5026823382612117,8.0,1.1708929568163002,4.0,0.4776012415243759,11.350503532425499,4.559028412862692,-0.25131597378460635,12.68238492240386,0.8613333333333332,12.62443078939744,12.992501175591558,0.3680703861941179,0.49928417041787265,0.8469179102289256,-0.0011098461852396824,7.8602087025461485,10.768291527763456,2.908082825217307,1.0,0.49928417041787265,0.002178772841964438,0.7742857142857142,0.9026315789473683,0.1283458646616541,0.49928417041787265,0.0,-9.165816878053956e-05,-1.360984928771169,-0.965574570982483,0.39541035778868605,1.0,0.49928417041787265,0.00016698799641445827,10.73085234285541,12.799327373280011,2.068475030424601,0.5026823382612117,1.0,-0.0021611689868326067,8.006843193072742,11.593163670080616,3.586320477007874,0.0,0.5026823382612117,0.0023135977781558736,0.7742857142857142,0.8995000000000001,0.12521428571428583,0.3348819413922169,1.0,-0.00503916378054714,-1.355127538583332,-0.3002426188500938,1.0548849197332382,0.0,0.5026823382612117,0.0012592227280391333
nebDFT2k:mp-754292_0_3_1_0_0,0.7385608911514282,0.1465980549236533,10,0.5792686760425567,0.1302375263678543,10,0.7151788501599343,0.0,10,0.5117399901151657,0.0798270595802272,10,0.778268638954728,0.0397077478032997,0.1989999629121712,-0.1592922151088714,0.0630897887947936,0.2665286488395623,-0.2034388600447686,4.523220485370951,4.400837276852707,1.0278090737782897,2.0906255539142085,1.0,8.0,0.7030447142302265,2.0,0.1314574792666251,Li23B8O56Cr8As8,O,1.042988058054955,4.5109725999425265,4.293110815520362,1.0507468345877669,2.013353192551903,0.5008768519320899,10.0,1.0165733094925464,4.0,0.3232815942006222,10.99192598863316,4.400837276852707,-0.20890659407281487,12.5726159321651,0.81,12.571695702378483,13.373358412359162,0.801662709980679,1.0,0.4985794987212232,0.004494294964723977,8.024504331907458,9.27992228959511,1.2554179576876514,0.0,0.4985794987212232,0.002172433128716733,0.8079999999999999,0.8995000000000001,0.09150000000000014,0.4985794987212232,0.0,-0.00014663858327157442,-1.3560686940900621,-0.9595707789303568,0.39649791515970534,0.0,0.4985794987212232,0.00016526025906715702,11.448450366419433,12.799327373280008,1.3508770068605749,0.5008768519320899,1.0,-0.0022482833630821375,8.006843193072747,9.257975042759293,1.251131849686546,0.0,0.5008768519320899,0.0013947459021572683,0.7742857142857142,0.8995000000000001,0.12521428571428583,0.5008768519320899,0.0,0.00016012718575358909,-1.355127538583331,-0.6479389046492924,0.7071886339340386,0.0,0.5008768519320899,-0.00013282415946813675
nebDFT2k:mp-754292_1_2_0_0_0,1.2522428154945373,0.2528165318343049,10,0.8855043113231659,0.195336046748461,10,0.9328166711974808,0.0,10,0.8535810768604278,0.1561790581287046,10,0.921554268054848,0.3306885474396892,0.0360499567316822,0.294638590708007,0.0112624031426327,0.0679731911944202,-0.0567107880517875,4.619405184864054,4.559738412598028,1.01308556914168,2.0666060926550265,0.5000176436747087,8.0,0.9535828141956028,3.0,0.2606539480823228,Li23B8O56Cr8As8,O,1.5883215116087377,4.876061784320233,4.599980079865189,1.060018021743941,1.9851483085229056,0.5002414601143742,8.0,1.1710380949937762,4.0,0.47773215677602,11.349517310739701,4.559738412598028,-0.2512799980869657,12.681013552650647,0.8613333333333332,12.623383197927106,12.992595402512945,0.36921220458583903,0.5000176436747087,0.8470084444470044,-0.0007102360743731495,7.85931664699709,10.76908968696151,2.909773039964419,0.0,0.5000176436747087,0.00038706367774299366,0.7742857142857142,0.9026315789473683,0.1283458646616541,0.5000176436747087,0.0,1.718772744130348e-06,-1.3610702973896611,-0.9654031920438607,0.3956671053458004,1.0,0.5000176436747087,9.618362808105907e-05,10.73043904275684,12.799047113393895,2.0686080706370547,0.5002414601143742,1.0,-8.640661035830277e-05,8.005691622691561,11.595173593930173,3.5894819712386123,0.0,0.5002414601143742,-0.0024612887125492477,0.7742857142857142,0.8995000000000001,0.12521428571428583,0.3343315711441459,0.0,0.00027443840842833467,-1.3551440761096973,-0.30044385674886626,1.054700219360831,0.0,0.5002414601143742,-0.0007992852043273158
nebDFT2k:mp-754292_1_7_0_0_0,0.3740011990070343,0.0728004084959852,10,0.3254701793193816,0.0569131416925688,10,0.6417487218766171,0.0,10,0.361505690217018,0.0667788578507202,10,0.2623553008529029,0.1116458981541314,0.0631148784664787,0.0485310196876526,0.3793934210237142,0.0991503893641151,0.2802430316595991,3.264884076430677,3.1537776584339094,1.0352296293619951,2.0838481855320152,0.0,8.0,0.7105660251603332,2.0,0.064076176120387,Li23B8O56Cr8As8,O,0.8589947371296813,3.720909265286379,3.2246838650856415,1.1538834257749973,1.9569605858863648,0.5100525694873844,9.0,0.921593157114878,3.0,0.2483302400426514,12.568117501557223,3.1537776584339094,-0.25184965474334847,14.432737756458106,0.7852941176470588,12.69748543592214,14.202885500967385,1.5054000650452455,0.0,0.3369840226254771,-0.014004268463979841,7.54066915628172,8.221035592010818,0.6803664357290975,1.0,0.3369840226254771,0.019548425053114826,0.8465,0.9421052631578947,0.09560526315789464,0.0,1.0,-0.0148520852807148,-1.7299933178408042,-1.3020510680488913,0.427942249791913,1.0,0.3369840226254771,0.11423521136016812,12.26783164993822,12.800563433466015,0.5327317835277956,0.25811208553539267,0.0,0.01715228303722327,7.3920735276427845,8.06566932498805,0.673595797345266,0.7562332455564272,0.5100525694873844,0.18951950282800256,0.8105263157894737,0.8988888888888891,0.08836257309941542,0.5100525694873844,1.0,0.007436000665023423,-1.7589705635495576,-1.187222095495733,0.5717484680538245,1.0,0.5100525694873844,0.1365948808818297
nebDFT2k:mp-754292_3_9_0_0_0,0.3739699840545654,0.0727170206073566,10,0.3253128439188003,0.0568806810647349,10,0.6421985439322182,0.0,10,0.3544462412595749,0.0669317448342651,10,0.2626491166752203,0.1113208673793451,0.06266372724358,0.0486571401357651,0.3795494272569979,0.0917971245843546,0.2877523026726433,3.2649727346457262,3.1540725881032703,1.035160936676206,2.0837925717067964,0.0,8.0,0.7105828893443807,2.0,0.0641495386399677,Li23B8O56Cr8As8,O,0.8601218528759067,3.7229041457774272,3.2248551149100946,1.1544407463655053,1.9562725533310024,0.5132150051918071,9.0,0.9221778126369242,3.0,0.2490707366190114,12.567704673416968,3.1540725881032703,-0.2518349461594514,14.432471972756765,0.7852941176470589,12.696714313501083,14.203565440858819,1.506851127357736,0.0,0.3369693104662769,-0.013464435051691481,7.538401745583565,8.222246003145735,0.6838442575621695,1.0,0.3369693104662769,0.019675635064135832,0.8465,0.9421052631578949,0.09560526315789486,0.0,1.0,-0.014856570076045683,-1.7302956670914442,-1.3020315402004121,0.4282641268910321,1.0,0.3369693104662769,0.11425799320046626,12.261848007944822,12.803923306761831,0.542075298817009,0.2598638130083303,0.0,0.013002763596098532,7.412836854332776,8.072597169288537,0.6597603149557614,0.7585372573649938,0.5132150051918071,0.1865773672073936,0.8105263157894737,0.8863157894736842,0.07578947368421052,0.5132150051918071,1.0,0.009227263557788079,-1.759013235712564,-1.1866336434913138,0.5723795922212502,1.0,0.5132150051918071,0.1369343430729133
nebDFT2k:mp-754292_7_5_0_1_0,0.3283775359392166,0.0594965444781117,10,0.3789915144443511,0.1079285260987322,10,1.01499786923178,0.0,10,0.5346361815929412,0.1162038218009678,10,0.4781686399203407,0.1497911039811241,0.0991771254759896,0.0506139785051345,0.5368292293114393,0.0564675416726004,0.4803616876388388,2.938031097194266,2.9137917879641946,1.0083188199411486,1.9429170279957768,0.5002653463884057,6.0,0.8931006141987724,2.0,0.1496973156089626,Li23B8O56Cr8As8,O,1.7942423222820818,3.2849877011023847,3.1373723099956123,1.0470506451008292,1.789684469212525,0.5006006646593805,8.0,1.1562145380999769,0.0,0.4832190594720982,11.430329195682702,2.9137917879641946,-0.39604121807174864,11.876195264598032,0.7821428571428573,11.897491887551556,13.268620281575565,1.3711283940240087,0.0,0.5002653463884057,-0.0023128663391593918,6.3006595744016085,7.480553491416478,1.1798939170148692,0.5002653463884057,1.0,0.0010510448683356266,0.7740000000000001,0.857857142857143,0.08385714285714285,0.5002653463884057,0.0,3.6494862945268824e-05,-1.6806188824217347,-1.4980430797774626,0.1825758026442721,0.0,0.5002653463884057,-0.00021509871560698723,10.244221060226462,12.343793789957932,2.09957272973147,0.5006006646593805,1.0,-0.0009268290663113632,6.421429758231999,7.606550984867048,1.185121226635049,0.5006006646593805,1.0,0.0004034024457424401,0.7915384615384615,0.8988888888888888,0.10735042735042732,0.5006006646593805,0.0,0.0016419413418905515,-1.7506535738299864,-1.523054540512189,0.22759903331779752,0.0,0.5006006646593805,-5.5480928030426924e-05
nebDFT2k:mp-754923_0_2_0_0_1,0.4807059675455093,0.0509098334467956,10,0.5022708654403687,0.0843840099994635,10,0.5836624525571723,0.0,10,0.5054494947195053,0.1270013079270057,10,0.4204003236126822,0.0603056439328271,0.0818705418276865,-0.0215648978948593,0.1632621289444901,0.085049171106823,0.078212957837667,3.406684982262277,3.2656480291572314,1.0431880447144952,2.014469130597546,1.0,5.0,0.6792824424608929,2.0,0.1659304456901347,Li31O64Al16V16,O,0.7134484083665238,3.5694041896047075,3.3041651355667243,1.0802741519129582,2.016625448766251,0.0,5.0,0.6770066296947701,4.0,0.100575277566371,12.178301535707703,3.2656480291572314,-0.2427613085694248,13.293837977766877,0.935,12.28401206866346,15.651406986564936,3.3673949179014766,1.0,0.512256376155077,0.02419727071495892,5.9571916655606705,8.24749978242738,2.2903081168667088,0.0,0.512256376155077,-0.09031047949528137,0.935,1.0110526315789476,0.0760526315789476,0.512256376155077,0.8945227327649474,-0.0005698724433539915,-1.6534745808439903,-1.4970476676949975,0.15642691314899282,0.0,0.512256376155077,-0.007567373625612217,11.655523383728688,12.388100650843535,0.7325772671148467,0.5019013089443644,1.0,-0.04899480513136467,5.83334952812146,7.6296078226031465,1.796258294481687,0.0,0.7521219487408644,-0.23477224514189565,0.969375,1.006470588235294,0.03709558823529402,0.5019013089443644,0.24975582544632918,0.006403574192862693,-1.6671795535910479,-1.127925647423596,0.539253906167452,0.0,0.5019013089443644,-0.024368070779122286
nebDFT2k:mp-755369_10_8_1_-1_0,0.6940192639827728,0.200354335800038,10,0.6374885141849518,0.0684201572833122,10,0.9306368129329564,0.0,10,0.699413925409317,0.0618796108919215,10,0.6371054039979924,0.0569138599847803,0.0003831101869593,0.056530749797821,0.2935314089349641,0.0623085214113245,0.2312228875236395,2.848249074716663,2.8260780546605173,1.007845154885083,2.0399756777072264,0.1683772091905637,11.0,0.9608569508802574,3.0,0.0698150375833339,Li23O48V12Ga12,O,1.5828594571276566,3.3169891366307658,3.004613062919277,1.103965491452661,1.855793748729481,0.502170928204793,6.0,1.180492038350867,10.0,0.1649804173418796,9.285856289890502,2.8260780546605173,-0.4137119399344692,9.795761483912036,0.8728571428571428,9.339491696640096,10.725233145651671,1.3857414490115758,1.0,0.5005199419103254,0.0015953495359726233,6.797530333193684,9.030976478488626,2.2334461452949412,1.0,0.5005199419103254,0.001528061869238151,0.8728571428571428,1.013125,0.14026785714285728,0.5005199419103254,0.0,0.00032195392541317647,-1.8170354267767104,-1.4739733359670835,0.3430620908096269,1.0,0.5005199419103254,-0.0004994993735427666,9.007382367150157,9.708381807925502,0.7009994407753446,0.502170928204793,1.0,0.0208273326993762,7.036228802180798,7.378828923596878,0.3426001214160799,1.0,0.25355907913046877,0.006856253555008962,0.8728571428571428,1.065263157894737,0.19240601503759414,0.502170928204793,0.0,0.008137612770413694,-1.7829462004006622,-1.2494611983501416,0.5334850020505206,1.0,0.502170928204793,-0.00519924453301801
nebDFT2k:mp-755369_11_7_0_1_0,1.1811738848686215,0.305853217798187,10,2.2312026262283324,0.2892287954371643,10,2.031324318670104,0.0,10,2.5353341817855837,0.2388807877048682,10,2.6194679777818237,1.438294092913202,0.3882653515534913,1.0500287413597107,0.5881436591117195,0.08413379599624,0.5040098631154795,5.164291227330185,4.982517488548005,1.0364823082307235,1.9026343069311151,0.5015690572655702,10.0,1.1620510476390202,9.0,0.1790723033115756,Li23O48V12Ga12,O,4.340843873281065,5.299433084409127,5.0071479453978665,1.058373577573218,1.5145804352377343,0.4930767361912156,10.0,1.7991878519696227,11.0,0.7834457222211211,6.955472192633534,4.982517488548005,-0.12030498800489099,9.45213115306355,0.9,8.430041396276525,9.776345100245814,1.346303703969289,0.5015690572655702,0.9273047314953011,-0.02266243260887535,6.883493818600342,8.033684393749859,1.1501905751495167,0.0,0.13702918948016035,0.015265914334364528,0.8728571428571429,1.08,0.20714285714285718,0.7123458808207497,0.0,0.01835551047179418,-1.8012062518924847,-0.9630693513283571,0.8381369005641276,0.0,0.5015690572655702,0.008052916756263628,5.702007137759264,9.702906880077895,4.000899742318632,0.49307673619121567,0.0,-0.040587674959234654,6.899624462816699,8.37398332532019,1.4743588625034905,0.49307673619121567,0.8279595402351094,-0.013098628474426555,0.8400000000000001,1.0815789473684212,0.24157894736842112,0.6604167547249036,1.0,0.005362219849137317,-1.7667314860868726,-0.49490242053850386,1.2718290655483688,0.0,0.49307673619121567,0.00588264604141675
nebDFT2k:mp-755369_1_4_0_0_1,1.2142825663089751,0.3025221611375391,10,2.254388189315796,0.2995000610316978,10,2.1205633763417455,0.0,10,2.6598735809326173,0.2455274870767,10,2.7418344290632604,1.5275518627542852,0.4874462397474643,1.0401056230068209,0.6212710527215148,0.081960848130643,0.5393102045908718,5.271129583284101,5.096980557972303,1.0341670962506238,1.908017571867267,0.3205824292443531,7.0,1.1161247963140717,8.0,0.1711653569120469,Li23O48V12Ga12,O,4.564449509837984,5.29697555954229,5.009975157870322,1.0572857933678792,1.5131062446713544,0.4982772029211229,10.0,1.8119102579285933,11.0,0.7625911129869745,6.927319602249093,5.096980557972303,-0.11081238815058589,9.709717634381562,0.9394444444444444,8.576330008830466,9.955521210160025,1.3791912013295597,0.5006107528929865,0.14202758578001984,0.006058177233169815,7.186552861864336,8.037003966899237,0.8504511050349004,0.32058242924435315,0.8625752922752484,-0.02590926997232268,0.88125,1.024090909090909,0.14284090909090896,0.32058242924435315,1.0,0.0025730219347239736,-1.7478724258074867,-1.0165393325604282,0.7313330932470585,1.0,0.5006107528929865,-0.004143183923805305,5.667764443608002,9.683133348759378,4.015368905151377,0.4982772029211229,1.0,0.012143968578240294,6.864007882601431,8.371924460493803,1.507916577892372,0.4982772029211229,0.8331292324086429,0.006975862181843873,0.8799999999999998,1.0815789473684212,0.2015789473684214,0.33220851550091257,1.0,-0.004592728652065503,-1.7715378859816788,-0.488058153323064,1.283479732658615,0.0,0.4982772029211229,-0.0067090120324110325
nebDFT2k:mp-755369_2_0_1_0_1,1.1901556074619293,0.3127913373128086,10,2.3815267086029053,0.2543265315117578,10,2.0216303223942713,0.0,10,2.624806118011475,0.2506297072669435,10,2.91840317648834,1.7282475690264107,0.5368764678854347,1.191371101140976,0.8967728540940687,0.2935970584768652,0.6031757956172035,5.195242161078897,5.046731184969457,1.0294271619918545,1.9195947624346177,0.6831047544471744,7.0,1.10227110538184,8.0,0.1750504992788403,Li23O48V12Ga12,O,4.316553699621748,5.316621386735608,5.0462020859965495,1.0535886784022157,1.519382774187333,0.5043815069857405,10.0,1.7892165200633738,10.0,0.7401396956001629,7.000175343316635,5.046731184969457,-0.14297400748394576,9.529761626434853,0.9128571428571428,8.707511306356384,9.895714627572787,1.1882033212164025,0.49898573173389116,0.865323554548591,0.004262538056544862,6.7965152898339545,8.170034968135612,1.3735196783016574,0.0,0.13531897342732893,0.020558522922821787,0.88125,1.017,0.13574999999999993,0.31737916721525977,0.0,-0.00422725589656775,-1.8306306558309369,-0.9963273301048411,0.8343033257260958,0.0,0.49898573173389116,0.0022648765351016564,5.752169633242727,9.60323475059558,3.851065117352854,0.5043815069857405,1.0,0.002750604926050393,6.969330345368885,8.332768058875184,1.3634377135062987,0.5043815069857405,0.16970542192036542,-0.0016342782852207804,0.8400000000000001,1.065263157894737,0.22526315789473683,0.6682946903001581,0.0,0.007024584455341709,-1.7714401649936677,-0.49065538107155937,1.2807847839221083,1.0,0.5043815069857405,-0.001376895701425962
nebDFT2k:mp-755369_3_5_1_1_0,0.5242447406053543,0.2448468175293068,10,0.8675974845886231,0.2161759767432589,10,0.8771237157877938,0.0,10,0.9122866272926332,0.2054518687014991,10,0.9749377949445376,0.4506930543391831,0.1073403103559144,0.3433527439832687,0.0978140791567436,0.0626511676519043,0.0351629115048393,2.9710788199203706,2.8785693642156382,1.0321373029445615,2.0186475817485787,0.4983361824041962,10.0,0.952199590440712,6.0,0.1100795320727022,Li23O48V12Ga12,O,1.448772091533714,3.1568700660645286,2.8986824577204,1.0890706768023064,1.8476916449183955,0.5070429349987096,6.0,1.1876388278612573,11.0,0.1623922772872561,9.4948321293515,2.8785693642156382,-0.40947953254031244,10.280091663837545,0.8285714285714285,9.571781750752582,10.80020885206023,1.2284271013076484,0.0,0.4983361824041962,-0.04782168451995883,6.87306385619789,8.464571656058226,1.5915077998603362,0.0,0.4983361824041962,-0.0019370253441857166,0.8285714285714286,1.0222222222222224,0.19365079365079374,0.4983361824041962,0.0,0.00891899413642866,-1.8058666732078272,-1.4963000048710076,0.3095666683368197,0.0,0.4983361824041962,-0.013235787021752765,8.980293955146744,9.70385476292505,0.7235608077783056,0.5070429349987096,1.0,-0.021674916481614126,6.976812756288108,7.437818103054317,0.46100534676620875,0.0,0.2524033756668784,-0.002450775674177841,0.8285714285714285,1.0489473684210529,0.22037593984962434,0.5070429349987096,1.0,-0.005745399488547076,-1.8050046126157537,-1.286850222820323,0.5181543897954308,0.0,0.5070429349987096,-0.0034119084514598885
nebDFT2k:mp-755369_6_0_1_0_1,0.5372064501047135,0.2467054117067999,10,0.793328332901001,0.1901282543892586,10,0.8781937577467049,0.0,10,0.92994966506958,0.2067289431103562,10,0.9742417301632712,0.4370352800585578,0.1809133972622703,0.2561218827962875,0.0960479724165663,0.0442920650936912,0.0517559073228751,2.9706918389410566,2.8784110480475578,1.0320596292027484,2.019198838924601,0.4988115140475913,10.0,0.9521203532477868,6.0,0.1086126180049076,Li23O48V12Ga12,O,1.451453287633356,3.1396513992946127,2.8910873887302704,1.0859759589188718,1.8561644841614091,0.499359943217719,6.0,1.17841476975018,11.0,0.1536973204740588,9.591580880328422,2.8784110480475578,-0.3896316677106437,10.31882617225009,0.8285714285714285,9.577373368250623,10.801558657802941,1.2241852895523184,1.0,0.4988115140475913,0.04558017227047095,6.877530972775861,8.465933327755327,1.5884023549794657,1.0,0.4988115140475913,0.00118643197584678,0.8285714285714286,1.0222222222222224,0.19365079365079374,0.4988115140475913,1.0,-0.005782080145738999,-1.8050820164066823,-1.496086377605407,0.30899563880127534,1.0,0.4988115140475913,0.013269575895143548,9.023077630053242,9.70627472296022,0.6831970929069779,0.499359943217719,0.0,0.026127054253351822,6.963515663432092,7.435425988359986,0.47191032492789464,1.0,0.7514747093029015,0.004233135937040888,0.8285714285714285,1.0489473684210529,0.22037593984962434,0.499359943217719,0.0,0.007363206062516114,-1.8075332126120027,-1.298484947792215,0.5090482648197878,1.0,0.499359943217719,0.0022541355072044356
nebDFT2k:mp-755369_6_3_0_0_1,1.190678858757019,0.2968545908006701,10,2.288680601119995,0.2529408992489768,10,2.1413957088918796,0.0,10,2.7357789993286135,0.2439150644860073,10,2.6072857484934957,1.4166068897364767,0.3186051473735007,1.098001742362976,0.4658900396016161,0.1284932508351177,0.3373967887664983,5.260498210043063,5.096976633508874,1.0320820730193572,1.9170099992283849,0.3039292927052143,7.0,1.0933942715349123,8.0,0.189014424797355,Li23O48V12Ga12,O,4.616648929042725,5.29816512334077,5.0033694329052,1.0589194330718044,1.5165611242618562,0.5048929636771381,11.0,1.8307353993581543,11.0,0.7816009243115589,5.99975596580129,5.096976633508874,-0.19961506581924898,9.838455981600303,0.8959999999999999,8.513569514002198,10.051725584096786,1.5381560700945887,0.5024474709272455,0.8879504810243782,-0.05603994356142028,7.209172559727717,7.845919678688385,0.6367471189606677,1.0,0.8879504810243782,0.02015938317450683,0.8586666666666666,1.0240909090909092,0.16542424242424258,0.30392929270521435,0.0,-0.008886703041210198,-1.7473004085909174,-1.0353759938581069,0.7119244147328105,0.0,0.5024474709272455,0.0002059820410037494,5.659292194025046,9.68463865353267,4.025346459507624,0.5048929636771381,0.0,-0.006109919774530681,6.819896144757595,8.37022540996506,1.5503292652074654,0.5048929636771381,0.16697742986961694,-0.010078048995850963,0.88,1.0815789473684212,0.2015789473684212,0.3370049427302293,0.0,0.004814543071140709,-1.7704026659210261,-0.48840010694893643,1.2820025589720898,1.0,0.5048929636771381,0.004779048235457828
nebDFT2k:mp-755839_0_5_0_0_0,1.0953237771987916,0.2640725377832035,10,0.5356349110603332,0.0888377233135005,10,0.6484632984075269,0.0,10,0.602123886346817,0.0848751054605393,10,0.547669942860523,0.5476538343382686,0.0120350318001897,0.5356188025380789,0.1007933555470039,0.054453943486294,0.0463394120607099,5.778074062401069,5.147776695044784,1.122440697158252,2.0470934594904566,0.4374729015191652,10.0,0.8389195339741224,2.0,0.0502866917006773,Li23O64V8Cr24,O,0.8758194011117768,5.938570698302751,5.134165805328627,1.1566768436148382,2.0068786707538586,0.8344897107546244,11.0,0.9721527913131892,7.0,0.2328988106822747,9.093073652269133,5.147776695044784,-0.17303899031374595,10.660707530136605,0.898235294117647,10.651001328332004,11.914619829688109,1.2636185013561043,1.0,0.2532805645994753,-0.01796137699887712,6.889536716115553,8.608066503347072,1.7185297872315184,0.4374729015191652,0.8083220936075147,-0.08009456901207335,0.852857142857143,0.9677777777777778,0.11492063492063487,0.2532805645994753,0.0,0.001059610330478522,-1.797722767142659,-1.5651344867261643,0.2325882804164947,0.4374729015191652,0.8083220936075147,-0.004320357462059943,10.417405174853835,11.239127517321005,0.8217223424671705,1.0,0.5034576204208449,0.036481219576747215,7.053889571745559,8.343103727364051,1.2892141556184917,0.0,0.3367683376908983,0.03609342763486856,0.852857142857143,1.02,0.16714285714285704,0.16824709452946074,1.0,-0.008238586120656866,-1.7855543920484993,-1.4300789652248351,0.3554754268236642,0.0,0.6681045567348329,-0.004094275857408292
nebDFT2k:mp-756174_0_1_0_0_0,0.5428294658660888,0.0600981319218398,10,0.5323712080717087,0.1200107099205659,10,0.5973224511496854,0.0,10,0.4107569187879562,0.0688250036897861,10,0.389545144487954,0.1532843213781348,0.1428260635837546,0.0104582577943801,0.2077773066617314,0.0212117743000022,0.1865655323617291,3.1101720077664017,2.916430300009231,1.0664311119509895,1.9777081153320255,0.4999823771652167,6.0,0.7921050795146709,2.0,0.0453113963021426,Li15O80Si8V16Ge8,O,0.7476761642431544,3.352593650710145,3.0902626399999997,1.0848895518829251,1.905820215832684,0.5000173958154187,6.0,0.9351301359351104,2.0,0.1349389700479464,10.029567283779649,2.916430300009231,-0.45488264597096656,10.941189560559929,0.7542857142857143,10.101591150323854,12.038813483716721,1.9372223333928673,0.0,0.4999823771652167,2.2624413583471892e-05,6.040182552319111,6.498602984940691,0.4584204326215797,1.0,0.23432053164914857,2.7227450092759398e-05,0.7542857142857143,0.78,0.02571428571428569,0.4999823771652167,0.0,-6.827692096145199e-07,-1.9939403514579728,-1.8507830482347256,0.14315730322324716,0.0,0.4999823771652167,2.506144406444477e-07,10.473408507396957,10.546379879440922,0.07297137204396442,0.0,0.7560658827964416,-6.0578982260750536e-05,5.955396088201284,6.4368205998059205,0.4814245116046365,0.5000173958154187,0.7560658827964416,-6.872226765430867e-05,0.6946153846153847,0.869375,0.17475961538461526,0.5000173958154187,0.0,2.644421750774839e-05,-1.9917993096804214,-1.6702997411726952,0.3214995685077262,0.0,0.5000173958154187,2.90470144708177e-05
nebDFT2k:mp-756174_1_0_1_0_0,0.6113239645957946,0.0628742136871971,10,0.6381502270698547,0.1301685715567161,10,0.6378833347774522,0.0,10,0.448224151134491,0.0648271059299917,10,0.6218590105257249,0.0105350459299302,0.0162912165441297,-0.0057561706141995,0.0160243242517272,0.1736348593912339,-0.1576105351395066,3.510967604044808,3.2512051000144973,1.079897298398416,1.956965985234469,0.5037683701501705,5.0,0.7928467586394887,3.0,0.0553271343855192,Li15O80Si8V16Ge8,O,0.8493092657072019,3.6260574180173495,3.2925993599999996,1.1012750175646484,1.9032549853385836,0.5047177699910319,7.0,0.9635007502117924,1.0,0.1633095843246284,9.989825177210452,3.2512051000144973,-0.4101508351335165,10.715329611852544,0.7684615384615385,9.99154632911572,11.740693669884212,1.7491473407684932,1.0,0.5037683701501705,-0.000739483350987058,6.065389383076572,6.454660862571064,0.38927147949449203,0.5037683701501705,0.23204552926202227,0.002366577096759137,0.7015384615384617,0.8099999999999999,0.10846153846153828,0.5037683701501705,0.7717641344301801,-0.0075763469093384495,-1.9826964849709876,-1.84542391889074,0.13727256608024763,1.0,0.5037683701501705,0.00019059479098881837,10.290748065777196,10.511388228875672,0.22064016309847645,0.5047177699910319,0.7560911187275885,-6.18119328761324e-05,5.862661583230073,6.482108730197894,0.6194471469678211,0.5047177699910319,0.25156203555344914,0.004104798561948897,0.6985714285714286,0.869375,0.1708035714285714,0.5047177699910319,0.0,0.001287017626911191,-1.9748630844982131,-1.5923963058661004,0.38246677863211276,1.0,0.5047177699910319,-0.00015379579936514176
nebDFT2k:mp-756912_1_1_1_0_0,1.41227730512619,0.264485197171898,10,1.530867624282837,0.2013737391724806,10,0.9665913192842148,0.0,10,1.4286222100257873,0.1978702774724842,10,0.5701987782533138,0.8420785268728763,0.9606688460295232,-0.1185903191566468,0.3963925410309009,0.8584234317724735,-0.4620308907415725,8.603210922760736,5.063391640919739,1.6991004316620484,1.9927747563086933,0.1149004177891287,11.0,0.9871567372600172,4.0,0.1864746344236378,Li15B16O48Zn16,O,1.672950393647236,8.248950990058045,5.063292000000001,1.629167543577981,1.8780032930807633,0.665506171203449,11.0,1.1844407369316254,4.0,0.3296766811587587,9.63027306901229,5.063391640919739,-0.1115955927210774,11.46225800241813,0.82,10.670952328299812,12.400158875518796,1.7292065472189844,0.8686750399854022,0.6643849251257986,-0.1855521960954576,7.959524246712658,9.480297750778123,1.5207735040654642,1.0,0.29614713630229655,0.28682304601513753,0.8305882352941176,0.8826666666666668,0.052078431372549194,0.47842344953779636,0.29614713630229655,0.0036536305988401074,-1.2648144618192374,-0.9109113722729025,0.35390308954633487,0.0,0.29614713630229655,0.03137083399406104,9.496481307678472,11.185177009990236,1.6886957023117635,0.49822969667102346,0.0,-0.03909176562169847,8.119211775247223,11.41802086546481,3.2988090902175866,1.0,0.3343211902574779,0.5059638750966391,0.8300000000000001,0.8786666666666666,0.048666666666666525,0.665506171203449,0.8324692728299782,0.0042902373910214675,-1.2257763403499566,-0.2512608412852924,0.9745154990646643,1.0,0.3343211902574779,0.025893027109672506
nebDFT2k:mp-757068_0_1_0_0_0,0.3305466711521148,0.0546097376295441,10,0.231807792186737,0.0618724533398192,10,0.4013869155399402,0.0,10,0.1618183776736259,0.1024080747153259,10,0.0497420204999627,0.2808046506521521,0.1820657716867743,0.0987388789653778,0.3516448950399775,0.1120763571736631,0.2395685378663143,3.132132579647564,2.8414912226078513,1.1022847984633115,2.048423144345791,0.476306927164293,7.0,0.7103636383955079,3.0,0.0723691540902928,Li15O64P16Cr4Ni12,O,0.256721964285699,3.6280891593403495,3.04673426,1.190812473202159,2.0646638214010355,0.4971361992663979,7.0,0.7478310680857115,2.0,0.1155490882038319,11.134957493559252,2.8414912226078513,,12.865474008536314,0.7852941176470588,11.397976804410618,12.778276679620667,1.3802998752100493,1.0,0.7110008349172161,-0.012931958282788258,6.685992114001082,7.257942511989886,0.5719503979888039,1.0,0.7110008349172161,0.0009784668040744293,0.77,0.872,0.10199999999999998,0.476306927164293,0.0,-0.0009912097547833398,-1.9215192444228242,-1.8285668592585327,0.0929523851642915,0.0,0.476306927164293,-0.0022997223159562097,10.571650694422,11.723429908660277,1.1517792142382763,1.0,0.49713619926639796,-0.0006655180282750806,6.424505031027109,7.266041501224463,0.8415364701973544,1.0,0.7492930676109198,-0.0023559599730376135,0.7523529411764706,0.8457142857142858,0.0933613445378152,0.49713619926639796,0.0,-0.0003522300247217891,-1.9320400178568662,-1.5670098958132337,0.3650301220436325,1.0,0.49713619926639796,0.0004917953434041555
nebDFT2k:mp-757461_1_2_0_1_0,0.5625219166278839,0.1149537433919516,10,0.4552302449941635,0.0931115309137737,10,1.325786962923469,0.0,10,0.8733309030532836,0.1520210089866206,10,0.1980760831921485,0.3644458334357353,0.257154161802015,0.1072916716337203,1.1277108797313204,0.6752548198611351,0.4524560598701853,2.94726976104242,2.6906275874113357,1.0953837591020914,2.0666708279564845,0.3988433100520736,10.0,0.8268435882350931,3.0,0.0945587846652582,Li31O80Si16Cr16,O,2.5729842200908264,3.0615264729502387,2.880874044850848,1.062707506571584,1.7956372662007043,0.5020521378024326,7.0,1.1989930418857444,2.0,0.4829545870710743,11.357356379278295,2.6906275874113357,,12.325109125932075,0.8452941176470589,11.469750948585217,13.060980628334207,1.5912296797489898,0.0,0.39884331005207363,-0.03309227398682246,7.415433245018393,7.839875668011937,0.4244424229935433,0.0,0.39884331005207363,-0.05762558136343321,0.8347368421052631,0.8823809523809525,0.04764411027568938,0.39884331005207363,0.7389481758130423,-0.007042192615211995,,,,,,,9.638469747646687,11.505992542160644,1.8675227945139579,0.5020521378024326,1.0,-0.21499536208497716,6.305051868048268,7.857452251502228,1.5524003834539606,0.24939450160568652,1.0,-0.09870696318312921,0.8200000000000001,0.885,0.06499999999999995,0.5020521378024326,0.24939450160568652,0.007364954018083236,-1.7831219546556896,-1.5199004015914817,0.2632215530642079,1.0,0.5020521378024326,0.04672845702656958
nebDFT2k:mp-757693_0_2_0_0_0,0.4424304336309433,0.0269993794418807,10,0.4717758119106293,0.0690024457536883,10,0.724530242560091,0.0,10,0.693315851688385,0.0692692487094694,10,0.4071603736564951,0.0352700599744481,0.0646154382541341,-0.0293453782796859,0.3173698689035958,0.2861554780318899,0.0312143908717059,3.4494990124578795,3.27359425637245,1.053734440590189,2.0349025291303,0.418622409954118,7.0,0.9091822612339544,5.0,0.1160997172774488,Li23C12O60Fe12,O,1.0664197717561978,3.670201015443916,3.4410064702413696,1.0666068335484615,1.9469133925759827,0.4965932112601127,7.0,1.1776588970153097,3.0,0.3231041308584066,10.414519226087117,3.27359425637245,-0.24248728201192032,11.997946111059555,0.8010526315789473,10.22366827874349,11.545594463438222,1.3219261846947319,1.0,0.41862240995411804,0.029141439727122354,6.495562361097953,7.8433047303916785,1.3477423692937256,1.0,0.7151960192569252,0.009050524081099187,0.7625,0.8325,0.07000000000000006,1.0,0.20557857284513836,0.021940072100193497,-1.8753488049915055,-1.5686308627441654,0.30671794224734006,1.0,0.41862240995411804,0.001989314917032803,9.496905973435403,9.9569321345935,0.4600261611580958,0.49659321126011274,0.7503989981934385,-0.0343477125354692,6.313094162279748,7.39392795117246,1.0808337888927113,0.49659321126011274,0.24521853532245533,0.046104439600990865,0.6733333333333335,0.8039999999999999,0.1306666666666665,0.49659321126011274,1.0,-0.0007003938276781696,-1.92021574707305,-1.3275885495382085,0.5926271975348416,0.0,0.49659321126011274,-0.0034732072881493714
nebDFT2k:mp-757714_2_3_0_0_0,0.3792729705572128,0.0746383793919102,10,0.2432612031698226,0.0603350535120496,10,0.4099495802386131,0.0,10,0.1194213017821311,0.0710828098472198,10,0.0581406204419465,0.3211323501152663,0.1851205827278761,0.1360117673873901,0.3518089597966666,0.0612806813401846,0.2905282784564819,3.1008914233097347,2.77116986467344,1.1189828031978653,2.1440687734305275,0.5016877797917846,7.0,0.6366938692049353,2.0,0.1049466885472468,Li15O64P16Cr8Ni8,O,0.2781773689092583,3.6569473545824303,3.0718186800265057,1.190482816697656,2.066641536848792,0.5015774609195726,7.0,0.7523427427813447,2.0,0.0745379317734387,11.559986603226525,2.77116986467344,,12.996619913079355,0.7852941176470588,11.875466063987199,13.335764564545878,1.4602985005586788,1.0,0.5016877797917846,0.00022275928594162053,6.82172199536789,7.656743772433719,0.8350217770658297,0.0,0.2509056912709132,0.0008873667368929361,0.7474999999999999,0.8333333333333335,0.08583333333333354,0.5016877797917846,0.0,8.186070472343543e-05,-1.8641739989524677,-1.7110218091189584,0.1531521898335093,1.0,0.5016877797917846,0.0001354734242416944,10.749181969412305,11.809348200093265,1.0601662306809594,0.0,0.5015774609195726,9.460456978516163e-05,6.39390461500509,7.224887984335139,0.8309833693300481,1.0,0.24876674249582678,0.0015784564567002946,0.7523529411764706,0.8457142857142858,0.0933613445378152,0.5015774609195726,0.0,0.0001887035497681322,-1.9375751941781925,-1.5519228220369035,0.385652372141289,1.0,0.5015774609195726,-0.0002585447480429881
nebDFT2k:mp-757800_1_4_0_0_0,1.241645300388336,0.2057944831881899,10,1.5387486696243289,0.440803901420401,10,0.9802565514626362,0.0,10,1.3834935188293458,0.1419638111922439,10,1.252296435815424,0.0106511354270879,0.2864522338089046,-0.2758010983818166,0.2720398843527878,0.1311970830139217,0.140842801338866,4.698077533917007,4.577064012477414,1.0264391149238248,1.9869855378654973,0.3495968542432396,8.0,0.9530358851672344,5.0,0.2582671485596176,Li26C27O81Cu27,O,1.707191263280769,4.85516185054339,4.642101728429502,1.045897340165781,1.779002349451094,0.3292974917842312,8.0,1.313250340479926,7.0,0.5966122558014655,9.955285735539233,4.577064012477414,-0.138007734559254,11.157059075023328,0.8493333333333334,11.157059075023332,12.62879320722905,1.471734132205718,0.0,0.3495968542432396,0.06966154260531177,6.911185713782299,11.083864276753534,4.172678562971235,0.0,0.5717975621605268,-0.727243891635192,0.7976470588235295,0.9233333333333333,0.12568627450980385,0.5717975621605268,0.13629851221580686,0.017824442035415,-1.6315006803151433,-1.0027707510389336,0.6287299292762096,0.0,0.5717975621605268,-0.035554179477064074,8.988422948096746,11.327437307904262,2.339014359807516,0.32929749178423123,0.8339739758753182,-0.4711480493639568,6.872550013768197,10.181106189531905,3.308556175763708,0.0,0.6667986449713655,-0.846713116527877,0.7675000000000001,0.8866666666666667,0.11916666666666664,0.6667986449713655,0.16322258426897535,0.026528556601442654,-1.6626526372944823,-0.5676868596939944,1.094965777600488,0.0,0.4974398082427125,-0.09517535011081224
nebDFT2k:mp-758282_0_2_0_0_0,0.8104578912258148,0.1744730237879475,10,0.3250109791755676,0.0449574126122018,10,0.4600966400610226,0.0,10,0.3501594930887222,0.0550623712516205,10,0.2860638797962166,0.5243940114295982,0.0389470993793509,0.4854469120502472,0.1740327602648059,0.0640956132925055,0.1099371469723003,5.57730876953242,4.440176487547292,1.256100694459843,2.118962533925038,0.1392307226999369,9.0,0.7295980731009575,2.0,0.08378820921999,Li5C8O24Cr4,O,0.4038304800649928,5.414009564486729,4.5481544718814835,1.1903750406804143,2.044535632084769,0.1605176391493998,13.0,0.8918429192189627,4.0,0.2488386746096588,11.910222446690119,4.440176487547292,,13.397137437789917,0.722,11.910222446690117,13.000116299569129,1.0898938528790119,0.0,0.2803773768851439,-0.11371988909925079,7.100288905209564,7.862807945586967,0.7625190403774029,1.0,0.2803773768851439,0.03333511645142151,0.756875,0.795625,0.03875000000000006,0.6342242514130887,0.13923072269993694,0.013109332598219003,-1.8773750579162873,-1.7914694510052789,0.08590560691100846,0.2803773768851439,0.0,0.0026866194998654835,10.878789889096522,12.303205957246035,1.4244160681495135,0.0,0.6633943925652327,-0.24129715882500946,7.032363147573741,7.990939779363307,0.9585766317895663,0.0,0.6633943925652327,-0.09371335919058055,0.7570588235294118,0.8046666666666666,0.04760784313725486,0.6633943925652327,0.0,0.009636415038295432,-1.910128775315502,-1.7743625206964164,0.13576625461908565,0.16051763914939984,0.6633943925652327,-0.016112472082036144
nebDFT2k:mp-758282_1_1_1_0_0,0.7043017089366913,0.1492886787664777,10,0.3148380905389785,0.0432835456925751,10,0.4204425957058132,0.0,10,0.3046766757965088,0.0545091515330325,10,0.1216536309971444,0.5826480779395469,0.193184459541834,0.3894636183977128,0.2987889647086688,0.1830230447993643,0.1157659199093044,5.555787564761436,4.708605747628803,1.1799220114275366,2.1212938882523513,0.6465766413689485,8.0,0.7212066496886329,3.0,0.1182817394399536,Li5C8O24Cr4,O,0.3044696389551635,5.410840208554985,4.708741,1.1491055058146085,2.1131046040902146,0.1582605160584695,13.0,0.8265554102335662,4.0,0.1711735437171984,11.2213276633972,4.708605747628803,,13.192130684570257,0.7146666666666667,12.453154631259695,13.246671111591606,0.7935164803319115,0.4723401593557739,0.8284594269276075,-0.09580319206260057,7.159207356874723,7.8407926529867,0.6815852961119768,0.0,0.2949436055062475,0.05853095108281536,0.7570588235294118,0.7935294117647059,0.036470588235294144,0.6465766413689485,0.2949436055062475,0.006686605428459336,-1.893276332168369,-1.8463379500144919,0.046938382153877134,0.4723401593557739,0.0,-0.0003893914920554131,11.842853037979582,12.352370659528741,0.5095176215491595,0.0,0.66065709246713,-0.030437503947788436,7.1317258499943526,8.027609696471192,0.8958838464768393,0.0,0.321607509750122,0.062280701602121624,0.7570588235294118,0.763125,0.006066176470588269,0.66065709246713,0.321607509750122,0.0009258761538069038,-1.8838687901471878,-1.7764744397825427,0.10739435036464506,0.0,0.321607509750122,0.009325390306906045
nebDFT2k:mp-758380_3_8_0_0_0,1.1354893386363982,0.2513707053084968,10,1.5702775716781616,0.2317681190618784,10,2.702119165908777,0.0,10,3.0012867212295533,0.1927765895053269,10,2.9573986697728003,1.821909331136402,1.387121098094639,0.4347882330417634,0.2552795038640232,0.043888051456753,0.2113914524072702,4.960961972574301,4.8592790855359125,1.0209255087531517,1.8718307267954617,0.4526507806760394,12.0,1.4083246144246229,4.0,0.5748269571312608,Li23C16O80V16,O,6.021649483844676,5.778604936546705,4.856646297246465,1.1898344213007557,1.5953866900704652,0.4870036300555777,9.0,1.8859689388504688,3.0,1.0408557628501458,7.484051915684928,4.8592790855359125,-0.15994526190065994,10.230813519378584,0.7633333333333333,9.143706860710848,10.919748308932391,1.7760414482215428,0.6394727625737301,0.14091598309430808,0.2927725401463501,6.229608843880908,9.445676256906305,3.216067413025397,0.0,0.4526507806760394,0.2852831640468265,0.6753846153846155,0.8926315789473684,0.21724696356275297,0.14091598309430808,0.8324543256006091,-0.04313437913718976,-1.9999812116609939,-0.5753771954993769,1.424604016161617,0.0,0.4526507806760394,-0.04303193732293209,7.072980922637147,10.706435543835847,3.633454621198699,0.6541609316308789,0.16264921322727785,0.6289950287364485,6.1532560529947595,9.067843329305154,2.914587276310394,0.0,0.48700363005557773,-0.010812725192586026,0.6733333333333335,0.8926315789473683,0.21929824561403488,0.3247302139546663,0.8260577032794039,-0.05888333089815884,-1.9972766829774107,-0.11639971808744014,1.8808769648899706,0.0,0.48700363005557773,-0.15768517358796802
nebDFT2k:mp-758486_3_0_1_0_1,0.2572034075856209,0.0521038343970074,10,0.4920744925737381,0.0807476392659872,10,0.3911906088256321,0.0,10,0.2087227180600165,0.0631724019040538,10,0.4439005888809219,0.186697181295301,0.0481739036928162,0.1385232776024847,0.0527099800552897,0.2351778708209053,-0.1824678907656155,3.500154201752366,0.3500700373083856,9.998439822683228,2.0137151192713154,0.0,6.0,0.7066842915603672,3.0,0.0571034442172473,Li15O56P16Cu8,O,0.231173155133415,3.460864819194644,3.1043980770855497,1.1148263635196392,2.051844937500962,0.5006293084963549,6.0,0.6558628079572392,3.0,0.0369023935017169,7.53563550726155,0.35007003730838565,-0.1365311760828278,13.097728305841851,0.77625,12.484040061699968,13.073619180534498,0.5895791188345303,0.5568037580738993,0.0,0.01942764008101605,7.6943624160021535,7.957590613771897,0.2632281977697435,0.0,0.5568037580738993,0.008680919006870624,0.7694117647058824,0.803076923076923,0.03366515837104067,0.0,0.34812881913247445,0.0011522837401065633,-1.94051623457164,-1.8830280224374922,0.05748821213414779,0.0,0.5568037580738993,-0.007460835000679067,12.393561533212672,12.605219318395543,0.21165778518287048,0.2553312424361096,0.5006293084963549,-0.0031582929990667807,7.612046710837179,8.168563907696845,0.5565171968596658,0.5006293084963549,1.0,0.0008519868243630491,0.7957142857142856,0.82,0.024285714285714355,0.2553312424361096,0.5006293084963549,-5.812401516225307e-05,-1.9726201546436608,-1.899384078135077,0.07323607650858377,0.5006293084963549,0.2553312424361096,0.0006708035453391048
nebDFT2k:mp-758720_0_3_1_0_0,0.4232544898986816,0.0698861270960258,10,0.4178128927946091,0.0862793781986125,10,0.606935798275636,0.0,10,0.5260408073663712,0.0462618681510079,10,0.4760017968299479,0.0527473069312662,0.0581889040353388,-0.0054415971040725,0.1309340014456881,0.0500390105364232,0.0808949909092648,2.9144179612287626,2.7677051287509213,1.053008837882977,1.9711965582212303,0.4948146080000747,8.0,0.9154008971900196,4.0,0.0963438858887436,Li39F48Cu8,F,0.7717642559333463,3.276858892400112,2.9418765974610723,1.1138668750511629,1.820059187678977,0.5041673336462468,6.0,1.2179381805787752,11.0,0.1241711815779049,9.02361515013152,2.7677051287509213,-0.20228088441185887,10.047738290060646,0.7757142857142858,9.084928317498182,10.824260219422177,1.739331901923995,0.0,0.4948146080000747,-0.001575289081768183,6.472183323337258,7.576370705543099,1.1041873822058417,1.0,0.4948146080000747,0.0499743526096772,0.7757142857142858,0.9316666666666668,0.15595238095238095,0.4948146080000747,1.0,-0.0029397721845336733,-0.9346421935369983,-0.7720343816575246,0.1626078118794737,1.0,0.4948146080000747,0.003388287348115415,8.359601622489793,9.039897076037667,0.680295453547874,0.5041673336462468,1.0,-0.03691337173159592,6.36799336949591,6.981385738973195,0.6133923694772854,0.0,0.2510733564659078,0.023526991004723996,0.6916666666666668,0.9066666666666666,0.21499999999999986,0.5041673336462468,0.7555933990310544,-0.016910017328626625,-0.9514494259409816,-0.6134234444469754,0.3380259814940062,1.0,0.5041673336462468,0.003673960246978747
nebDFT2k:mp-758793_0_1_0_0_0,0.4831218987703323,0.1660086085798922,10,0.4080335587263107,0.0645495535292365,10,0.4310069910967012,0.0,10,0.3360832810401916,0.0570673209353042,10,0.2286639073412572,0.2544579914290751,0.1793696513850535,0.0750883400440215,0.202343083755444,0.1074193736989344,0.0949237100565096,2.9445972020639974,2.8000102284995805,1.051638016208925,1.9814564974675868,1.0,7.0,0.793532124937309,4.0,0.0950421784067732,Li31O64Si16Cu16,O,0.3309407651397373,3.181773177928657,2.9490326652009293,1.0789209680428786,1.9908027873700849,1.0,6.0,0.7616602414563425,4.0,0.2252179936326359,11.779604781701945,2.8000102284995805,-0.2539444400645137,13.520932912888453,0.8845000000000001,12.109293975755424,12.89092195802605,0.781627982270626,0.45143479764545447,0.7309043241349481,-0.06990918948184177,6.0678262394568625,7.069845762446865,1.0020195229900022,1.0,0.21629777697144764,0.08143446872030236,0.8963157894736843,0.9768421052631578,0.08052631578947356,0.45143479764545447,0.0,0.008109344926637674,-1.70319311568272,-1.606983952949691,0.09620916273302904,1.0,0.45143479764545447,0.012163970616822617,10.45905877813666,12.091412852954894,1.6323540748182346,0.5007237001605584,1.0,-0.03010922206399247,6.122025237249391,6.807532106599042,0.6855068693496511,0.0,0.7472330072736445,-0.06263908776372729,0.8753846153846153,0.9776470588235294,0.10226244343891411,0.5007237001605584,0.0,0.011484790818646395,-1.7013010121824679,-1.46245376286783,0.23884724931463786,1.0,0.5007237001605584,0.009835316856123044
nebDFT2k:mp-759082_0_2_0_0_0,0.8990362763404847,0.1940862607431847,10,0.9500998854637146,0.1717605187202403,10,0.9146101603626328,0.0,10,0.8217932403087616,0.0985488864375401,10,0.8252598085442742,0.0737764677962105,0.1248400769194404,-0.0510636091232299,0.0893503518183586,0.0034665682355126,0.0858837835828459,4.501810194323493,4.215826425898712,1.0678357549703477,2.046037601711906,0.7542582455916143,7.0,0.7862429514276987,2.0,0.2120053445876966,Li23O96F24P24V12Cr12,O+F,1.5427015941541369,4.573866482912351,4.24295889501582,1.0779898170319882,1.948006021954331,0.4988499335642423,8.0,1.1785501625222854,1.0,0.4079783962749491,11.002151070131001,4.215826425898712,-0.39816492439440426,12.080951656580938,0.6849999999999999,11.989416808147812,12.38961701759627,0.40020020944845847,1.0,0.2502225559361292,0.035769187179895745,6.864115865064935,7.8430484905205935,0.9789326254556583,1.0,0.2502225559361292,0.018546295501578047,0.6849999999999999,0.78,0.09500000000000008,0.0,0.2502225559361292,-0.0014123892668431726,-1.781405931270923,-1.5079991981338083,0.2734067331371146,0.0,0.5041506989865386,-0.002723096083683818,9.975262763900698,11.636679149950524,1.6614163860498259,0.49884993356424234,1.0,-0.0028888207287876,6.7411933700753295,7.580104234068153,0.8389108639928233,0.0,0.7477022317425077,-0.02239664971401778,0.6869230769230769,0.7606666666666667,0.07374358974358985,1.0,0.25007185189363557,0.013698381928280878,-1.777508491165225,-1.2610542069587323,0.5164542842064928,0.0,0.49884993356424234,-0.006604423329537812
nebDFT2k:mp-759082_0_2_1_0_0,0.2815322160720825,0.0846353245498428,10,0.3448903441429138,0.0590489323994362,10,0.6930321990938323,0.0,10,0.4088174849748611,0.0626655972407192,10,0.2511012889144126,0.0304309271576698,0.0937890552285011,-0.0633581280708313,0.4419309101794196,0.1577161960604485,0.2842147141189711,2.842784519610193,2.7929544460069025,1.0178413484955091,2.0023330269169417,0.7753847574703884,8.0,0.7889127104853373,1.0,0.0725817811274983,Li23O96F24P24V12Cr12,O+F,0.9874953608162504,3.3785890755910137,3.036890190563174,1.1125160488481387,1.8392622768632196,0.502200176001479,8.0,1.091258191296157,3.0,0.3206864250488207,11.082810882284807,2.7929544460069025,-0.47320129384652515,11.807772875996106,0.6849999999999999,11.881384883263584,11.981504816011007,0.10011993274742359,1.0,0.21876932040839658,0.023272939164428408,6.476208743136494,6.755329923681412,0.27912118054491764,0.0,0.4947370512418523,0.001786675160063922,0.6407142857142858,0.7692307692307693,0.12851648351648348,0.0,0.21876932040839658,-0.00016876774667029526,-1.807072077985645,-1.6501511053428344,0.15692097264281069,0.0,0.4947370512418523,-0.0015470586113724982,9.55665503467992,11.644586709194543,2.087931674514623,0.502200176001479,1.0,-0.012592802724433305,6.1493962352627465,6.663492645524961,0.5140964102622148,0.502200176001479,1.0,-0.06664530884235109,0.6375000000000001,0.7516666666666666,0.11416666666666653,0.0,0.502200176001479,-0.00569269668574518,-1.7981473722294332,-1.501789234590985,0.2963581376384483,0.0,0.502200176001479,0.007483577109663075
nebDFT2k:mp-759082_1_0_0_1_0,0.3300461262464523,0.1119589759435354,10,0.3336865574121475,0.0820896722817467,10,0.4244324335882653,0.0,10,0.2354457050561904,0.0507376402155039,10,0.257667513776198,0.0723786124702542,0.0760190436359494,-0.0036404311656952,0.1667649198120672,0.0222218087200076,0.1445431110920596,5.164040996479877,4.719508271352298,1.0941904748479667,2.0293991839457255,0.3518886283516201,7.0,0.7644368374416315,1.0,0.1306321635341193,Li23O96F24P24V12Cr12,O+F,0.3144669457706084,5.222844543047178,4.792273062150052,1.0898470256834552,2.0399648291166796,0.3364216861920251,7.0,0.8004681102805358,1.0,0.1229958552861335,12.062979988685733,4.719508271352298,-0.4478266769553853,12.690743573129048,0.6849999999999999,11.226917823496027,13.105877831985135,1.8789600084891074,0.5145304627301792,0.19074875424565305,0.017371093771152424,6.209984716845737,7.026704932700349,0.8167202158546116,0.5145304627301792,0.19074875424565305,-0.004042667080923046,0.6693333333333334,0.788,0.11866666666666659,0.19074875424565305,0.5145304627301792,-0.0032566285479655455,-1.788518055619919,-1.5445348226998932,0.24398323292002577,0.0,0.5145304627301792,-0.0008582555376468459,10.488425241473562,12.528156727168174,2.0397314856946114,0.5036534720751878,0.1700449602914501,-0.007580795767389681,6.319563214519445,7.025324711990534,0.7057614974710891,0.5036534720751878,0.8401160599906866,-0.01947675626332801,0.6869230769230769,0.8022222222222222,0.11529914529914531,0.0,0.5036534720751878,-0.0008012460659839182,-1.7806686843189279,-1.4572403625285082,0.3234283217904197,0.0,0.5036534720751878,0.0005791604805250872
nebDFT2k:mp-759132_4_3_0_0_1,0.3986331641674041,0.0741343282125473,10,0.2843337029218673,0.0657556644862591,10,0.4623552881643774,0.0,10,0.3926792442798614,0.0881763941094354,10,0.3419121801389906,0.0567209840284135,0.0575784772171232,-0.0008574931887097,0.1204431080253868,0.0507670641408708,0.0696760438845159,3.2118643226802543,2.9058847661963783,1.1052965210607384,1.979851789922726,0.5177779295448787,5.0,0.7616973340658222,5.0,0.1308850246533848,Li23O40F24V24,O+F,0.4094899576534618,3.4063028353629425,2.9216346109513953,1.1658894040325325,1.9121037938974053,0.5072784650927357,5.0,0.8803895533341668,4.0,0.0474343770350277,9.568020454101658,2.9058847661963783,-0.42615138567409905,11.433634006671653,0.806923076923077,9.680872427177588,11.741982632460068,2.06111020528248,0.0,0.5177779295448787,-0.10708771475361267,6.2572328858949415,6.749427951541169,0.4921950656462277,0.0,0.7630623711687831,-0.07319359435862882,0.8207692307692308,0.9876470588235295,0.16687782805429874,0.0,0.7630623711687831,-0.0420685704515571,-1.6358026514465276,-1.4042423176827132,0.23156033376381435,1.0,0.0,0.06415360425338901,9.328998607901456,10.40338322019939,1.0743846122979335,0.0,0.5072784650927357,-0.08723450972659919,6.055430264054083,6.134790796965578,0.07936053291149481,0.2540956703111732,0.7491057609632853,-0.013967237137590072,0.6950000000000001,0.9876470588235293,0.29264705882352926,1.0,0.7491057609632853,-0.021331168878062523,-1.709808581897028,-1.3848204565943694,0.3249881253026585,0.7491057609632853,0.5072784650927357,0.06245530821572276
nebDFT2k:mp-759139_2_1_1_0_0,0.5282069921493531,0.1214574783481626,10,0.6645393639802932,0.1178111866800718,10,0.6692285654274036,0.0,10,0.7239528656005859,0.1198942764845061,10,0.7007910681933822,0.1725840760440291,0.0362517042130889,0.1363323718309401,0.0315625027659786,0.0231617974072037,0.0084007053587749,2.9610889045108086,2.8661961257540134,1.0331075664725602,1.9622972677885344,0.7001097322417059,12.0,0.986546124182211,5.0,0.1253811070842297,Li63O64F32V32,O+F,0.9278507747210644,3.1580312604997216,3.0131357371796756,1.0480879508785983,1.8430689181677848,0.5071187116081535,6.0,1.1705530832284925,5.0,0.2657407732526603,9.786952990198909,2.8661961257540134,-0.18912779733129076,10.299068529686668,0.822857142857143,9.68813517400246,10.877041492921595,1.1889063189191358,1.0,0.3569998121475037,0.04685038519074691,6.876103396349959,7.719044348720424,0.8429409523704656,0.0,0.7001097322417059,-0.19921948644880638,0.8533333333333333,1.001875,0.1485416666666668,0.3569998121475037,0.0,0.0007258997635118392,-1.3459941511161824,-1.0824249016229535,0.2635692494932289,1.0,0.3569998121475037,0.06373147609218044,9.200600759033481,9.899459103400417,0.6988583443669363,0.5071187116081535,0.0,-0.020268805084429076,7.043084473366815,7.508327383887961,0.4652429105211455,0.25219991710072703,1.0,-0.11265282492835516,0.7876923076923077,1.001875,0.21418269230769238,0.5071187116081535,0.0,-0.0008583189491208065,-1.374514625173906,-0.9703186445446269,0.4041959806292791,1.0,0.5071187116081535,0.08290936660075043
nebDFT2k:mp-759220_0_15_0_0_0,0.3357536122202872,0.0493341609290935,10,0.3571797579526901,0.0358843392204376,10,0.5386128886969228,0.0,10,0.3612557500600815,0.0811759316313873,10,0.2168834505598908,0.1188701616603964,0.1402963073927993,-0.0214261457324028,0.321729438137032,0.1443722995001906,0.1773571386368413,3.21777423002454,3.180685926485038,1.0116604733685506,2.0845612313412194,0.4975499065166421,9.0,0.8165404050656389,2.0,0.1846407329534748,Li31O64F16P16Mn16,O+F,0.6005680545572323,3.482192748085005,3.3403686913355837,1.042457605688046,2.038468518613539,0.497395194295005,9.0,0.93827338420606,3.0,0.1409939629601749,11.14261214803736,3.180685926485038,-0.2273717537150959,12.85742978816671,0.7933333333333332,12.544789911497727,13.15990859607176,0.6151186845740337,1.0,0.49754990651664216,0.0010186947709112104,7.105267347224186,7.54518871414617,0.43992136692198436,1.0,0.22032971817577615,0.0002843709461224364,0.8194736842105262,0.8747058823529412,0.05523219814241498,0.49754990651664216,0.0,-0.00018143778956791756,-1.6241737907682314,-1.5245578860968663,0.09961590467136516,1.0,0.49754990651664216,5.86802476622017e-05,10.923901313372946,11.421678864181917,0.497777550808971,0.0,0.49739519429500506,0.002307591636507844,6.673921047164907,7.632482552040078,0.9585615048751714,0.0,0.49739519429500506,0.0013819167415256572,0.8310526315789474,0.9176470588235295,0.0865944272445821,0.49739519429500506,0.0,-0.00024340764180669217,-1.623968374580619,-1.3915145711007517,0.23245380347986733,0.0,0.49739519429500506,-0.0002864119141829935
nebDFT2k:mp-759229_3_6_0_1_0,0.4014610886573792,0.0809326419542264,10,0.6706706166267395,0.1296193541308165,10,0.9545669005758168,0.0,10,0.6098335653543472,0.135940896466984,10,0.6168773205714331,0.2154162319140539,0.0537932960553064,0.1616229358587474,0.3376895800043836,0.0070437552170858,0.3306458247872977,2.9217071353526043,2.868324501851619,1.0186110858330446,1.9466638214664589,0.4864209975695936,8.0,0.937727599016316,1.0,0.1654031149018088,Li31O64F16P16Fe16,O+F,1.6428208980018253,3.1270342495807575,3.032574743673365,1.0311482861566583,1.7743482846107042,0.4953711255095187,8.0,1.2568286134273794,2.0,0.5124892422349057,10.114326630795636,2.868324501851619,,11.758123397040135,0.8213333333333334,11.245985557565584,12.528672274561654,1.2826867169960696,0.754801410575489,0.4864209975695936,0.14646310969659737,6.698760818803535,7.582689941343676,0.8839291225401409,0.754801410575489,0.4864209975695936,0.10968787269451719,0.81125,0.9313333333333333,0.12008333333333332,0.4864209975695936,0.754801410575489,-0.005876623138379222,,,,,,,8.96627813323707,11.224396262642982,2.2581181294059114,0.4953711255095187,0.0,0.12383699735752796,6.1354819825917115,6.820404336358406,0.6849223537666944,0.4953711255095187,0.0,0.07650929557414399,0.755,0.9089473684210526,0.1539473684210526,0.4953711255095187,0.0,-0.0021306161354992526,-1.6212214680987989,-1.2706659678640142,0.35055550023478466,0.0,0.4953711255095187,-0.007056211563209902
nebDFT2k:mp-759244_0_2_0_0_0,0.9046240031719208,0.1861172408428474,10,1.0901047110557556,0.197828389924946,10,1.0652407550642025,0.0,10,0.935155987739563,0.0990855029898814,10,0.9603694135979596,0.0557454104260386,0.1297352974577961,-0.0739898870317574,0.104871341466243,0.0252134258583964,0.0796579156078465,4.223224908240825,3.864407429315261,1.092851875866811,1.979331627247544,0.4180874080521181,9.0,0.8991595498942964,3.0,0.2031274263720951,Li11O42ZnNb14,O,1.9201355439513816,4.250366891656881,3.8333111898112113,1.1087977680899446,1.9361889324027604,0.5121104304262956,8.0,0.9998433432954084,5.0,0.3355028444904157,11.01752225222881,3.864407429315261,-0.2481388362889255,11.215391314806245,0.8,10.9470185848987,11.843876622384137,0.8968580374854369,1.0,0.4180874080521181,0.09336395656011298,6.8430079995609345,7.624456568887412,0.7814485693264777,1.0,0.7051060041661799,-0.10226855503571386,0.8,0.948235294117647,0.1482352941176469,0.0,0.7051060041661799,-0.025136539931510438,-1.9981369623496634,-1.819366256514483,0.1787707058351804,0.0,0.4180874080521181,-0.0009117938891510802,10.093401790177769,11.428200108564258,1.3347983183864898,0.2588317094799922,0.7583466927377691,-0.30931554807029915,6.615279156739472,7.641891359075602,1.0266122023361302,0.2588317094799922,0.7583466927377691,-0.2452348057635314,0.8,0.905,0.10499999999999998,0.0,0.7583466927377691,-0.01537743903677491,-1.9968265093917066,-1.4876355261730045,0.509190983218702,1.0,0.5121104304262956,0.016496852342872792
nebDFT2k:mp-759244_4_6_0_0_0,0.9175537586212158,0.1766300226950491,10,1.0631022810935975,0.264581162598722,10,1.0205978788726584,0.0,10,0.8858389496803284,0.1075228985022243,10,0.9483169859968829,0.0307632273756669,0.1147852950967147,-0.0840220677210478,0.0722808928757756,0.0624780363165543,0.0098028565592213,4.179973113950743,3.844935475165641,1.0871373891575302,2.0198167073335593,0.5931380661658233,10.0,0.9012508559398285,4.0,0.1936959025108029,Li11O42ZnNb14,O,1.8082742243790424,4.254610879662971,3.8373448309889646,1.1087382205801055,1.9318972180706195,0.4950582913558002,8.0,0.9979703778583244,5.0,0.3341608213891763,10.931685252686194,3.844935475165641,-0.23120018972655204,11.08416561486615,0.7353846153846154,11.013929372669226,11.9172457816968,0.9033164090275729,1.0,0.5931380661658233,-0.029174108027902435,6.794848654377446,7.608816778306882,0.8139681239294365,0.8047472186986567,0.2984344167734246,0.19043806146903686,0.7353846153846154,0.9213333333333334,0.18594871794871803,0.0,0.5931380661658233,-0.016941891209568904,-1.998839277808382,-1.816051547546186,0.18278773026219608,0.0,0.5931380661658233,-0.006617784022051154,10.019031173641089,11.438621623565798,1.4195904499247085,0.7466674028065649,0.24780926366342254,0.3738514395814505,6.5758633502627974,7.707938344197723,1.1320749939349257,0.7466674028065649,0.24780926366342254,0.30220124955762895,0.7353846153846154,0.9049999999999999,0.1696153846153845,0.0,0.24780926366342254,0.0006510254787354675,-1.9980953413552296,-1.5123934202144638,0.4857019211407658,0.0,0.4950582913558002,-0.029138834211743903
nebDFT2k:mp-759244_5_10_1_0_0,0.9388390183448792,0.1691283415675869,10,0.9956544041633606,0.193720861200019,10,1.017793957372497,0.0,10,0.8686987698078156,0.1114846105716009,10,0.9148608434590813,0.0239781748857978,0.0807935607042793,-0.0568153858184814,0.1029331139134157,0.0461620736512656,0.05677104026215,4.131256171469716,3.824023449664794,1.0803427923099829,2.0055223039017633,0.4000738438431201,9.0,0.864812954178452,4.0,0.1627344947615271,Li11O42ZnNb14,O,1.8012484593355993,4.238439178681257,3.82385449345296,1.108420622682723,1.9215035858854543,0.505512625464777,8.0,1.002079524589542,5.0,0.3193075169578919,11.192667588073984,3.824023449664794,-0.24015573206494154,11.668166147302205,0.8,11.0920075384192,12.228863324710217,1.136855786291017,1.0,0.4000738438431201,0.07679424298108284,6.9221706640398395,7.848021303297252,0.9258506392574128,1.0,0.6972497923694293,-0.17955364544481656,0.7353846153846154,0.905,0.1696153846153846,1.0,0.18888749147667513,0.022771125780683965,-1.999920936801824,-1.845059176454905,0.15486176034691912,0.0,0.4000738438431201,-0.0013402469871179878,10.05832435384951,11.487421647294195,1.4290972934446842,0.25244063832680236,0.754394934782202,-0.3619817167066639,6.593533566378488,7.7277792648616375,1.1342456984831495,0.25244063832680236,0.754394934782202,-0.2879361653432264,0.7353846153846154,0.9049999999999999,0.1696153846153845,0.0,0.754394934782202,-0.01681727738280364,-1.9982741117958467,-1.5050228184605612,0.4932512933352855,0.0,0.505512625464777,0.028445606210454777
nebDFT2k:mp-759244_6_10_0_0_1,0.965418541431427,0.1692587417507166,10,1.0927164375782012,0.2596628937454232,10,1.0693268194728298,0.0,10,0.9410548448562622,0.1070194939226681,10,0.931922613430828,0.0334959280005989,0.1607938241473732,-0.1272978961467742,0.1374042060420017,0.0091322314254341,0.1282719746165675,4.172986048702785,3.8287538815688498,1.0899071023580351,2.003435247024092,0.5826752342843969,9.0,0.8875956098057476,4.0,0.1829492447335119,Li11O42ZnNb14,O,1.9303739648507328,4.255782731753376,3.8205127031414503,1.1139297425327288,1.916312996094344,0.4975155515692087,8.0,1.0184806614044086,5.0,0.3262463445082157,10.93842571014251,3.8287538815688493,-0.22980568551986258,11.046214708604813,0.8,10.938425710142512,12.005356966524909,1.0669312563823965,0.0,0.5826752342843969,-0.08729448754674429,6.818844004071739,7.622609441671465,0.8037654375997265,0.0,0.2934805188540357,0.13403489165025606,0.7353846153846154,0.948235294117647,0.21285067873303154,1.0,0.2934805188540357,0.02311553351860912,-1.9983888623878363,-1.8116653613672153,0.18672350102062096,1.0,0.5826752342843969,0.001236009743869948,10.070659091116926,11.342928686613256,1.2722695954963292,0.7473027522111926,0.2505057858795853,0.29604969350639365,6.550111756226883,7.561840240310695,1.0117284840838119,0.7473027522111926,0.2505057858795853,0.24041452234599658,0.8,0.9049999999999999,0.10499999999999987,0.0,0.2505057858795853,0.008689892273377853,-1.9958127269693233,-1.467098789441589,0.5287139375277343,1.0,0.4975155515692087,-0.01337801318716958
nebDFT2k:mp-759244_7_6_1_0_0,0.9261986255645752,0.1787267676851721,10,1.1507803678512574,0.2679955696287377,10,1.1440168334367444,0.0,10,0.985054075717926,0.1170532578121135,10,1.0818796168377671,0.1556809912731921,0.06890075101349,0.0867802402597021,0.062137216598977,0.0968255411198413,-0.0346883245208642,4.216451757535339,3.8562541744425567,1.0934060792672855,1.9782747790595407,0.5904563197059002,9.0,0.896740777794183,4.0,0.1829955948707481,Li11O42ZnNb14,O,2.117524171863212,4.224254884265428,3.835572720510147,1.101336147709275,1.893104497861434,0.4939552393904305,8.0,1.0537741003778316,5.0,0.3569426614392024,10.81346406033115,3.8562541744425567,-0.2300545692495763,10.995545734196938,0.7353846153846154,10.99554573419693,11.96110222542802,0.965556491231089,0.0,0.5904563197059002,-0.055340114024059694,6.866516044027105,7.809402356978705,0.9428863129515994,0.8066714215356992,0.3018591196834714,0.2100022878816339,0.7353846153846154,0.8700000000000001,0.1346153846153847,0.0,0.5904563197059002,-0.008174398908805058,-1.9981369085872855,-1.8195999047589786,0.17853700382830695,1.0,0.5904563197059002,0.002458903646960886,9.791625002208583,11.350287776831447,1.5586627746228636,0.7450236885395153,0.24833936560438089,0.395172663231274,6.4719157720620215,7.752240431964924,1.2803246599029023,0.7450236885395153,0.24833936560438089,0.3370995821753624,0.8,0.905,0.10499999999999998,0.0,0.24833936560438089,0.004549611533181952,-1.9954791045459668,-1.4719356626439617,0.5235434419020051,0.0,0.49395523939043057,-0.02498210768989717
nebDFT2k:mp-759667_2_1_1_1_0,0.4826991826295853,0.0845383247732695,10,0.8123228430747986,0.1439073030677272,10,0.788031946348303,0.0,10,0.8650739431381226,0.1996711743053993,10,0.6992021227280816,0.2165029400984963,0.113120720346717,0.1033822197517792,0.0888298236202214,0.165871820410041,-0.0770419967898196,3.092377333567055,3.058983380946705,1.0109166832446193,2.0053537817121905,1.0,8.0,0.8096087813976129,3.0,0.0791126739499653,Li15B16O48Sn8,O,1.225535513993852,3.398453069947405,3.0840853759470415,1.1019322280933386,1.8588356535138784,0.7508706910906268,8.0,1.0688628688195458,3.0,0.5021008837301686,10.761407039765238,3.058983380946705,-0.4637043442970132,11.939453755513215,0.8391666666666665,11.843286213382568,13.436403485482908,1.59311727210034,1.0,0.45554654000510675,-0.005280573756102136,6.321750395341851,7.732400397805948,1.4106500024640978,1.0,0.45554654000510675,0.1477932556060888,0.7614285714285715,0.8391666666666667,0.07773809523809527,1.0,0.45554654000510675,0.010552089113266327,-1.8301713131577024,-1.629558616205373,0.20061269695232942,1.0,0.45554654000510675,0.017349852113853093,9.088602162923399,12.452480088232782,3.3638779253093833,0.49774457260781685,0.0,0.3629375030166315,5.98084722601413,6.745399599159717,0.7645523731455874,0.49774457260781685,0.0,0.12814677462277224,0.7987500000000001,0.8390909090909091,0.04034090909090904,1.0,0.49774457260781685,0.008042743369379324,-1.757669899048626,-1.3303250331088392,0.4273448659397867,1.0,0.49774457260781685,-0.022809849202940047
nebDFT2k:mp-759667_2_4_0_0_0,1.6195458889007568,0.271031120968029,10,0.5517500281333924,0.0848444318944922,10,0.6278036593551566,0.0,10,0.7186516106128693,0.0972416284666812,10,0.3889327957493549,1.230613093151402,0.1628172323840374,1.0677958607673643,0.2388708636058016,0.3297188148635144,-0.0908479512577127,5.947363576420651,4.7683077177792805,1.2472692469584337,1.9852716223475488,0.8463272727898974,10.0,0.8572753607088283,2.0,0.1483161578287065,Li15B16O48Sn8,O,0.8240526987073264,6.142758362965601,4.776380565856639,1.2860697086987465,1.9681916197090692,0.6762045978420554,9.0,0.9548329448187458,3.0,0.2586680818272695,9.745464976564188,4.7683077177792805,-0.2908820872963792,12.303473601552833,0.7508333333333334,11.339046856302597,13.72747146273721,2.3884246064346133,1.0,0.15274302527951597,0.6740005806799152,6.3846105946596845,7.6223136501556255,1.237703055495941,0.4896933419629796,0.3355092892505221,0.23554585983990295,0.7781250000000001,0.8744444444444445,0.0963194444444444,0.4896933419629796,0.8463272727898974,-0.010231880886475309,-1.780338544113487,-1.531709626860803,0.24862891725268388,0.0,0.3355092892505221,0.013782122209046399,11.044872609415698,13.804654527985576,2.759781918569878,0.8376804082801839,0.3474349676263447,0.8394733948966984,6.393580977598808,8.17037606402368,1.7767950864248716,0.8376804082801839,0.3474349676263447,0.31507612457752465,0.8141176470588235,0.858125,0.044007352941176525,0.6762045978420554,0.5127143789377,0.0016384815679117981,-1.7514842455065591,-1.1462889555767426,0.6051952899298165,0.0,0.6762045978420554,-0.03340973535412051
nebDFT2k:mp-759667_3_4_0_1_0,0.6715979188680649,0.1553216350529088,10,0.4782904118299484,0.08255815654811,10,0.4526778494886364,0.0,10,0.4112082481384277,0.0554636780731387,10,0.4136384694178047,0.2579594494502601,0.0646519424121437,0.1933075070381164,0.0390393800708317,0.0024302212793769,0.0366091587914547,4.077197337275143,3.86654650150314,1.0544803575206223,2.0036807590457117,0.0,9.0,0.8410704157784973,3.0,0.0521718437244117,Li15B16O48Sn8,O,0.3852412722483347,4.41961951969379,3.9599829341616646,1.1160703450428964,1.9997138383378024,0.0,8.0,0.8270476451102253,3.0,0.1883844513644392,11.745335543186995,3.86654650150314,-0.31280453903676253,12.764724876505255,0.7987500000000001,11.493869522962546,13.607572192680028,2.1137026697174814,1.0,0.6052637940110016,-0.05852937724295515,6.557938481844295,8.849778887921905,2.2918404060776103,0.0,0.6052637940110016,-0.23328472817159485,0.7987500000000001,0.871875,0.07312499999999988,0.8146325980004628,0.2932352016550679,0.017053162795347965,-1.7731531317352744,-1.5920456993120344,0.18110743242324,0.0,0.6052637940110016,-0.04791235952069517,11.436268532352365,13.75409063859713,2.3178221062447655,1.0,0.5029777613396296,0.25698786073127167,6.56064800983455,9.27452600878763,2.7138779989530804,0.0,0.5029777613396296,0.020480698669327335,0.7666666666666667,0.8566666666666667,0.08999999999999997,0.7539922359159303,1.0,0.011594203142542059,-1.752800528734131,-1.4491649437314065,0.3036355850027246,0.0,0.7539922359159303,-0.06098444415676618
nebDFT2k:mp-759753_4_0_0_0_1,0.6948547005653382,0.1200662130678535,10,0.4310049563646316,0.0893137603663045,10,0.4371017288379456,0.0,10,0.3130656987428665,0.0473811538231089,10,0.6141039796838754,0.0807507208814627,0.1830990233192437,-0.102348302437781,0.1770022508459298,0.3010382809410089,-0.1240360300950791,5.611861506665301,4.8045057928232975,1.168041365471551,2.014207131603792,1.0,8.0,0.7419420099512253,2.0,0.1752361948696472,Li11O84P24V6Cr6,O,0.3462123037220133,5.7524346097320365,4.873125580198773,1.1804404616836073,2.0328822615644744,0.0,6.0,0.6945331620206587,2.0,0.1974170338275032,10.887741151526104,4.8045057928232975,-0.17072118789615656,14.269948931138446,0.736875,13.355404814027581,15.287953739306724,1.9325489252791428,1.0,0.6667383156982186,-0.3677585342352643,6.887383527423265,8.620460999320594,1.733077471897329,1.0,0.6667383156982186,-0.2797050658476099,0.6941666666666667,0.7625,0.06833333333333325,0.1651599459623086,0.5038654792091236,0.0013923463180426365,-1.994001591728788,-1.7930871312024297,0.20091446052635842,0.1651599459623086,0.6667383156982186,-0.05243231593079101,13.390880530689646,15.488514164983753,2.097633634294107,0.0,0.6592670608989949,-0.14557679594128636,6.946364157449416,9.410942782573692,2.4645786251242754,1.0,0.6592670608989949,-0.3207083128133643,0.6941666666666667,0.7994117647058824,0.10524509803921567,0.1636987759640589,0.32943464479544327,0.001363035105014898,-1.9985912569889168,-1.733013117275362,0.2655781397135548,0.1636987759640589,0.6592670608989949,-0.057360954267940634
nebDFT2k:mp-759783_2_3_1_0_0,0.8066602230072022,0.220133970853865,10,0.9754522144794464,0.1709330410553772,10,0.8991723129484633,0.0,10,0.7560623705387115,0.1027558147412073,10,0.6149086367122436,0.1917515862949586,0.3605435777672028,-0.1687919914722442,0.2842636762362197,0.1411537338264679,0.1431099424097518,4.557949486678447,4.181674398368789,1.0899819193135738,2.0606315149648817,0.2375869390498146,8.0,0.7824724004364096,1.0,0.1872153779943653,Li23O96F24P24V12Cr12,O+F,1.5040190958380335,4.604345710413292,4.236697775940773,1.0867770027308312,1.951675662044776,0.5045544326347245,8.0,1.1778262958844803,1.0,0.4084030132418436,10.638033495014193,4.181674398368789,-0.4111471435382281,12.081311573749351,0.7142857142857144,12.081311573749353,12.530650343762066,0.4493387700127123,0.0,0.49171417153614116,-0.007051585182451525,6.945329778912586,8.000932468235275,1.055602689322689,0.0,0.49171417153614116,0.02063482333415756,0.6869230769230769,0.793125,0.10620192307692311,1.0,0.7500426479244847,-0.0023328202520335184,-1.7950241818429526,-1.5169909273588351,0.27803325448411753,1.0,0.49171417153614116,0.009635998008513003,9.957346859366472,11.650629423110846,1.6932825637443738,0.5045544326347245,1.0,-0.015340515408306388,6.754148185570754,7.573142680883301,0.8189944953125465,1.0,0.2541182607992892,0.018022413298608875,0.6869230769230769,0.78,0.09307692307692317,0.0,0.7500136970533773,-0.01835703151239504,-1.7775285485208994,-1.2748200668650196,0.5027084816558798,1.0,0.5045544326347245,0.008147010302501978
nebDFT2k:mp-759783_4_3_0_1_0,0.323605178296566,0.1062911957065656,10,0.3214763879776,0.0817566961971395,10,0.4108894183075676,0.0,10,0.2249281615018844,0.0527794028217902,10,0.2746150520216588,0.0489901262749071,0.0468613359559412,0.0021287903189659,0.1362743662859088,0.0496868905197744,0.0865874757661344,5.209220669109463,4.685110183659,1.111867269905089,2.0377694711395677,0.6612734256584873,7.0,0.7470792590091218,1.0,0.1299939465112358,Li23O96F24P24V12Cr12,O+F,0.2805323140997633,5.22265461844558,4.788484278499118,1.0906696805701002,2.0402416443313425,0.3429829319251334,7.0,0.8018117603403015,1.0,0.1355056726450834,12.046639152141646,4.685110183659,-0.35961470209428115,12.68825440415741,0.6850000000000002,11.371827251855755,13.077872593851222,1.7060453419954662,0.4940279675278754,0.8219358610738318,-0.023952411744221358,6.207266963345922,7.046001054182155,0.8387340908362333,0.4940279675278754,0.8219358610738318,-0.011128733577322691,0.6693333333333334,0.7763636363636365,0.10703030303030303,0.15535090630103893,0.4940279675278754,0.001595670736342647,-1.7963678928988613,-1.5498131162846644,0.2465547766141969,1.0,0.4940279675278754,0.0017958973959445457,10.512904986744612,12.544743589779934,2.0318386030353217,0.5121254659965853,0.1727500434301298,-0.004585783309642544,6.307373087244098,7.024630777132479,0.7172576898883811,0.5121254659965853,0.8441284347099627,-0.022795322066304635,0.6869230769230769,0.8022222222222222,0.11529914529914531,1.0,0.5121254659965853,-0.0019145298470742422,-1.7777167011375776,-1.4604645688889317,0.3172521322486459,0.0,0.5121254659965853,6.775387505131292e-05
nebDFT2k:mp-760344_10_4_0_1_0,0.3009142726659774,0.02779262403982,10,0.3211540311574935,0.0376047887793285,10,0.4604093010056599,0.0,10,0.2891216456890105,0.0515512216309852,10,0.5244383236928201,0.2235240510268426,0.2032842925353265,0.0202397584915161,0.0640290226871601,0.2353166780038095,-0.1712876553166493,3.7352169751090982,3.641889053033588,1.0256262397663574,2.070334076623216,1.0,8.0,0.7091227118458479,2.0,0.0832627882340696,Li7C4O28Na4P4Co4,O,0.4046139122456571,3.990718959653225,3.713775548678622,1.0745719301946346,2.0636688422384895,1.0,8.0,0.7369570883469119,4.0,0.1127078726929375,12.35948584423242,3.6418890530335877,-0.2618313895563875,15.175155689362075,0.871578947368421,12.383189961230519,14.12971188940801,1.7465219281774917,0.0,0.7938498622652642,-0.46063073217873907,7.125742559762168,7.591649419050236,0.46590685928806774,1.0,0.5832452157378932,-0.012152583066666445,0.87375,0.905,0.03125,0.28940501155275855,0.5832452157378932,-0.006462375159960676,-1.865629916523762,-1.4331478563404738,0.43248206018328816,0.0,0.7938498622652642,-0.12973016489817513,11.81867987825174,12.911284997516184,1.0926051192644444,0.0,1.0,-0.349876204320263,6.88010811801235,7.809095970852373,0.9289878528400228,0.0,0.4936648495000329,-0.04056678301118666,0.8213333333333334,0.9152631578947369,0.09392982456140353,0.24571845236462891,1.0,-0.02058770563205764,-1.8654365127777432,-1.3275458695576507,0.5378906432200925,0.0,0.744470017798383,-0.12540483251933987
nebDFT2k:mp-760344_10_9_0_0_1,1.937875843048096,0.2353983100744203,10,2.8817732095718385,0.3668284733584549,10,1.265184225330535,0.0,10,2.042762541770935,0.2779532221059586,10,1.8200701331357576,0.1178057099123379,1.0617030764360806,-0.9438973665237428,0.5548859078052228,0.2226924086351771,0.3321934991700457,6.2687649937701675,5.404150968804928,1.159990723789206,1.9898510618022651,0.7019960572220975,11.0,1.0663982966281644,4.0,0.501940484081691,Li7C4O28Na4P4Co4,O,2.421132395675313,6.592542532138372,5.587874354422952,1.1797943393126225,1.8653143532312093,0.3239164992927507,9.0,1.2255376571595604,5.0,0.5812260720415018,7.035073348591253,5.404150968804928,-0.09063938365418824,12.27551070056388,0.8275,9.663871677392676,12.663607770864855,2.9997360934721797,0.5521095693153931,0.8546971998831222,0.30730782513999433,7.2586207841891355,8.419858691980021,1.1612379077908859,1.0,0.8546971998831222,0.048498587629635104,0.85,0.928,0.07800000000000007,0.4008120623887745,0.7019960572220975,-0.020035482193844822,-1.8590551217503766,-1.2117393824147227,0.6473157393356539,1.0,0.4008120623887745,0.010071252644430095,8.85287750077947,11.815239666791426,2.962362166011955,0.4901987836958154,0.0,-0.12106220068566387,6.874278813370441,8.492245354578165,1.617966541207724,1.0,0.6550620169497797,-0.21031277587655106,0.847857142857143,0.9345454545454547,0.0866883116883117,0.1603876285235596,0.6550620169497797,-0.017489945101743787,-1.8637873207185651,-0.6432176370480633,1.2205696836705018,1.0,0.4901987836958154,0.062133274481218526
nebDFT2k:mp-760344_4_6_1_-1_0,0.818312281370163,0.1826943026865587,10,0.8443753719329834,0.1397114895143328,10,0.9321129174116396,0.0,10,1.1553172826766969,0.1618768835878412,10,1.054784295957333,0.23647201458717,0.2104089240243496,0.0260630905628204,0.1226713785456933,0.1005329867193638,0.0221383918263294,5.016918982614413,4.840188931774129,1.0365130480093687,2.0229456713871845,0.5322844566466159,8.0,0.9475640800603944,2.0,0.3123885034943658,Li7C4O28Na4P4Co4,O,1.586558121033264,5.335110213078266,4.828959665401061,1.104815650315681,1.9750712610475056,0.4951659663640519,11.0,1.178141798945309,3.0,0.4658431806210753,11.717128164820668,4.840188931774129,-0.2761985019522845,13.110194965178028,0.8342857142857142,13.06422029994035,13.827925036157493,0.763704736217143,0.33981925439087807,0.8653318439674245,-0.17207273681781743,7.236845480486816,9.867368599931112,2.6305231194442955,0.0,0.5322844566466159,-0.18509422004713993,0.8,0.9334999999999999,0.13349999999999984,0.5322844566466159,1.0,0.012425576002863259,-1.412385437460348,-1.0517381873012572,0.3606472501590907,1.0,0.5322844566466159,-0.008886540905262308,11.088239954460311,12.931911308963242,1.8436713545029306,0.4951659663640519,1.0,-0.01186874104030089,7.380053987965873,10.643156707547165,3.2631027195812923,1.0,0.4951659663640519,0.16557766908749105,0.79,0.9335000000000001,0.14350000000000007,0.4951659663640519,0.0,0.013294802239348147,-1.423619456481503,-0.331414554796455,1.0922049016850481,1.0,0.4951659663640519,-0.006258191201347629
nebDFT2k:mp-760344_4_8_0_0_0,0.3544654905796051,0.0519224357239523,10,0.2795035302639007,0.0379733900574417,10,0.4873789817034198,0.0,10,0.3451006054878235,0.047581466342638,10,0.282248587312182,0.072216903267423,0.0027450570482813,0.0694718462191417,0.2051303943912377,0.0628520181756414,0.1422783762155963,3.470393484954781,3.0905066322835744,1.1229205751260622,2.09068800519203,0.5001050030597668,7.0,0.711063525753577,2.0,0.0929171374973972,Li7C4O28Na4P4Co4,O,0.4721916386079097,4.0705354297568475,3.2973312253430316,1.2344939442149545,2.038865706069844,0.5090806643888304,8.0,0.8273623922403457,3.0,0.1896999561892823,13.486793266747574,3.0905066322835744,-0.26069511963413167,14.405204981367351,0.8264705882352941,12.62075708529196,14.100606811842626,1.4798497265506665,1.0,0.5001050030597668,0.3282109175882244,7.095871622324067,8.01500438799969,0.9191327656756236,1.0,0.5001050030597668,0.008860784276936595,0.8257142857142857,0.8826315789473684,0.0569172932330827,0.7556750466534596,0.0,0.006842036047500388,-1.844239795064653,-1.4815042093738229,0.3627355856908301,1.0,0.0,0.08083133760698391,11.869430535236411,12.920366175376108,1.0509356401396968,0.7548243713197731,0.0,0.3104166168872986,6.827427107484141,7.820777071109686,0.993349963625545,1.0,0.5090806643888304,0.1137412367431061,0.8388235294117647,0.9152631578947369,0.07643962848297214,0.25679501158388063,0.0,-0.012585144383731817,-1.8786499132669192,-1.337385122827227,0.5412647904396921,1.0,0.5090806643888304,0.12142209430886541
nebDFT2k:mp-760344_6_4_0_1_0,0.3918589234352111,0.0748365429794148,10,0.4436733454465866,0.0693546718412228,10,0.5807505961863176,0.0,10,0.5430359154939651,0.0840592197200062,10,0.6860505928897567,0.2941916694545455,0.24237724744317,0.0518144220113754,0.105299996703439,0.1430146773957915,-0.0377146806923525,4.552870098113914,4.242883163064571,1.0730604457242334,2.065928067777672,1.0,7.0,0.6989600257548667,2.0,0.107312216024914,Li7C4O28Na4P4Co4,O,0.7061521917282547,4.83066692552826,4.2549364981994,1.1353088177867043,2.0141933669006535,0.4951451226952236,8.0,0.9450152296505604,3.0,0.2091719164478012,12.992959747506035,4.242883163064571,-0.2799885468721598,13.347466670218477,0.848,13.109612239683358,13.927123178169996,0.8175109384866381,1.0,0.45849748062874385,0.12787287335769015,7.235964529325943,8.68444324552552,1.4484787161995767,1.0,0.45849748062874385,0.0309194674337383,0.8425,0.9335000000000001,0.09100000000000008,0.45849748062874385,0.0,0.005578039169072291,-1.412450336979617,-1.2386846450075888,0.1737656919720283,0.0,0.45849748062874385,-0.014907724352081098,11.652795801395074,12.931911304264922,1.279115502869848,0.49514512269522365,0.0,0.021248609752025693,7.380053970257009,8.424353079202739,1.0442991089457294,0.0,0.49514512269522365,-0.09208674298672603,0.84,0.9335000000000001,0.09350000000000014,0.49514512269522365,1.0,-0.0008191431996292242,-1.4236194552590795,-0.9704155976138685,0.453203857645211,0.0,0.49514512269522365,-0.0026537774687758198
nebDFT2k:mp-760344_6_8_0_1_0,0.3049126923084259,0.0258550142978795,10,0.3299789071083068,0.0372484741503545,10,0.4544952790827714,0.0,10,0.3030835509300231,0.0475058486436665,10,0.5260669566781928,0.2211542643697669,0.1960880495698859,0.0250662147998809,0.0715716775954214,0.2229834057481696,-0.1514117281527482,3.738752814908019,3.644504981553104,1.0258602564221908,2.0697143251169057,0.0,8.0,0.7106145989704256,2.0,0.0854713327550907,Li7C4O28Na4P4Co4,O,0.3897951919321269,3.994826914703065,3.716210897979196,1.074973144520774,2.063069879867421,0.0,8.0,0.735843311067798,3.0,0.1118011059855997,13.40157903571958,3.644504981553104,-0.267217251820579,14.40743809800264,0.8555555555555556,12.377292988808925,14.124601628844552,1.7473086400356266,1.0,0.2068747646870803,0.4610321739739849,7.120647537044716,7.582991854726043,0.46234431768132644,0.0,0.41740352894551314,0.009459890439919239,0.87375,0.905,0.03125,0.7111668530196958,0.41740352894551314,0.009091356199169565,-1.8656708589466602,-1.4329124780465559,0.4327583809001043,1.0,0.2068747646870803,0.12956355096883532,11.884938632849146,12.934983084092574,1.0500444512434282,1.0,0.0,0.3417182660695879,6.883882574897997,7.803903564752301,0.9200209898543044,1.0,0.507349432968065,0.02974211724433662,0.8213333333333334,0.9152631578947369,0.09392982456140353,0.7551641387760842,0.0,0.019168915543366416,-1.8678014533942964,-1.3360851584595173,0.5317162949347791,1.0,0.2543534525362547,0.1237167075238862
nebDFT2k:mp-760344_7_4_0_1_0,0.3945792257785797,0.0755941156002566,10,0.498646593093872,0.0796752669576845,10,0.5842507345449006,0.0,10,0.5319433599710465,0.0753811796494831,10,0.6875642528552959,0.2929850270767161,0.1889176597614238,0.1040673673152923,0.1033135183103952,0.1556208928842494,-0.0523073745738541,4.55654307715063,4.24398907076914,1.073646279754638,2.0661085072792766,0.0,7.0,0.6989544781238368,2.0,0.1068900365623655,Li7C4O28Na4P4Co4,O,0.7149224621247443,4.840891017747405,4.262696351167465,1.1356405943439027,2.0062303685302147,0.4945232103697918,8.0,0.9593159503795302,3.0,0.2261368849156145,11.621032482399533,4.24398907076914,-0.28270695080140684,13.110285084763868,0.8480000000000001,13.11028508476387,13.906988637813992,0.7967035530501221,0.0,0.5407947041539506,-0.12796735856273056,7.239222329301944,8.675522147813215,1.4362998185112712,0.0,0.5407947041539506,-0.029175804954451934,0.8425,0.9335000000000001,0.09100000000000008,0.5407947041539506,1.0,-0.005627305965462792,-1.4132587612850418,-1.2412004931768594,0.17205826810818237,1.0,0.5407947041539506,0.01511322818730787,11.615725536131784,12.93473488676057,1.3190093506287859,0.49452321036979185,0.0,-0.020626244340706812,7.415353639208551,8.429184808709373,1.013831169500822,1.0,0.49452321036979185,0.07393583271941173,0.84,0.9335000000000001,0.09350000000000014,0.49452321036979185,0.0,0.0015080247766389165,-1.4199407120546776,-0.95509985710535,0.4648408549493277,1.0,0.49452321036979185,0.0005599371021896005
nebDFT2k:mp-760344_7_5_0_1_1,0.7904152750968934,0.1725038454785291,10,0.8265767514705658,0.1407871034279036,10,0.936158660079344,0.0,10,1.177863448858261,0.1781380315204319,10,1.0488270440873038,0.2584117689904104,0.222250292616738,0.0361614763736724,0.1126683840079596,0.1290364047709573,-0.0163680207629977,5.006000628453029,4.836628096872834,1.0350187213463249,2.026067552609157,0.4674171864354722,8.0,0.944087277305894,2.0,0.3086981856360828,Li7C4O28Na4P4Co4,O,1.5966955080492298,5.343131040662764,4.8355550333694985,1.1049674760788686,1.975288486251586,0.5063509721377368,11.0,1.181005351100336,3.0,0.4764930144078625,11.986891266394956,4.836628096872834,-0.206669225336188,13.341880749798896,0.7813333333333333,13.086307573243646,13.840477909018974,0.7541703357753278,0.6587562070333888,0.1336495520393462,0.17504071717919611,7.241103687833834,9.872352389142103,2.6312487013082686,1.0,0.4674171864354722,0.19455529665499505,0.8,0.9334999999999999,0.13349999999999984,0.4674171864354722,0.0,-0.012608769461014191,-1.4133945253816584,-1.0559919210431508,0.3574026043385077,0.0,0.4674171864354722,0.009012058931178069,11.079156932410115,12.982024694268315,1.9028677618582002,0.5063509721377368,1.0,-0.03473117294171413,7.437328960785995,10.617743388195358,3.180414427409363,1.0,0.5063509721377368,-0.16285008484104058,0.79,0.9335000000000001,0.14350000000000007,0.5063509721377368,0.0,-0.01095204473384348,-1.4188487300736037,-0.328887516010982,1.0899612140626216,1.0,0.5063509721377368,0.007942368132366373
nebDFT2k:mp-760344_7_9_0_1_1,0.30477756857872,0.0259260234605954,10,0.3261608570814132,0.0365100159301213,10,0.4613721054087322,0.0,10,0.3121326625347137,0.0477139697785921,10,0.5207509995880173,0.2159734310092972,0.194590142506604,0.0213832885026931,0.0593788941792851,0.2086183370533035,-0.1492394428740184,3.7333739714653023,3.6476694116284873,1.0234957037399266,2.0705186113643546,0.0,8.0,0.7091767385322671,1.0,0.0894783799362519,Li7C4O28Na4P4Co4,O,0.4070264040070666,4.003009648907078,3.736679306432763,1.071274605239958,2.06619596894192,0.0,8.0,0.7331790647201628,4.0,0.1061187025795612,13.411095621027712,3.6476694116284873,-0.26736612396491477,14.417708139062219,0.8555555555555556,12.369882545099985,14.206325021444608,1.8364424763446223,1.0,0.2034808508966532,0.47741662987558353,7.136482969015721,7.597341668681635,0.46085869966591364,0.0,0.40771529102704945,0.030848579035049895,0.87375,0.905,0.03125,0.7041955595881679,0.40771529102704945,0.004269978747678205,-1.86537119659493,-1.4289739231530145,0.4363972734419155,1.0,0.2034808508966532,0.13273384320377457,11.77629953780904,12.936878120583163,1.1605785827741233,1.0,0.0,0.37682662581849424,6.8524800886482184,7.832058779686657,0.979578691038439,1.0,0.5041392895412803,0.04746878857817194,0.8213333333333334,0.9152631578947369,0.09392982456140353,0.7506488320413146,0.0,0.022385968571383086,-1.8679878488243438,-1.3279030696350547,0.5400847791892891,1.0,0.2554796007375849,0.12669990227935368
nebDFT2k:mp-760344_9_5_1_0_0,0.3410929560661316,0.0459374951135001,10,0.2921677947044372,0.0527400333087253,10,0.4900267731765605,0.0,10,0.3260422497987747,0.0505844369060482,10,0.2818312658718866,0.0592616901942449,0.0103365288325505,0.0489251613616943,0.2081955073046738,0.044210983926888,0.1639845233777858,3.4662345404554356,3.0905716188931125,1.1215512752611332,2.089860184858327,0.4983049077249574,7.0,0.7124981175247067,2.0,0.094830869460902,Li7C4O28Na4P4Co4,O,0.4788261898152983,4.0455931946762504,3.272651068831967,1.2361822600660424,2.0383375203970604,0.4936638654902857,8.0,0.8278198731570647,4.0,0.1781211510760063,12.499897801624073,3.0905716188931125,-0.33111981669596724,14.005642016592708,0.8213333333333334,12.613189589477116,14.083191223702608,1.4700016342254916,0.0,0.4983049077249574,-0.3272451402819616,7.090213098967863,8.011770096946389,0.9215569979785263,0.0,0.4983049077249574,-0.00424699213642965,0.8257142857142857,0.8826315789473684,0.0569172932330827,0.24356523520515666,1.0,-0.006914698061781133,-1.8455357482865242,-1.480124536474841,0.36541121181168323,0.0,1.0,-0.08092384179640133,11.787289918571108,12.99526745612285,1.2079775375517414,0.0,1.0,-0.35877317374598405,6.781663692650335,7.833723096887937,1.0520594042376015,0.0,0.49366386549028574,-0.12327652821193746,0.8388235294117647,0.9152631578947369,0.07643962848297214,0.7431323029080793,1.0,0.009434018157196966,-1.8815373435516753,-1.3401862532161046,0.5413510903355707,0.0,0.49366386549028574,-0.12234172633647744
nebDFT2k:mp-761094_0_2_0_0_1,3.915807867050171,0.8501072477662666,10,4.3910709619522095,0.6942311745666313,10,3.860474265403451,0.0,10,4.0755229711532595,0.3821305249527535,10,4.479324795743111,0.5635169286929398,0.0882538337909011,0.4752630949020386,0.6188505303396594,0.4038018245898511,0.2150487057498082,5.308903970132678,5.109310206024497,1.039064718339637,1.883883158855339,0.4794085619144279,13.0,1.3212546948417638,10.0,0.3528019556207497,Li39O80Fe4Co36,O,8.924131156550306,5.4154408467977815,5.10764004105517,1.0602628226085846,1.4641603080611378,0.4947871294148774,12.0,1.99702921946752,11.0,0.9764836954179772,4.835572808248512,5.109310206024497,,10.365991568191419,0.9,8.531889567140805,10.365991568191417,1.8341020010506117,0.4794085619144279,0.0,-0.04171609843572899,7.697492265315802,10.285639870679109,2.5881476053633072,0.4794085619144279,0.16237140119045115,0.05498790371740192,0.8771428571428571,1.0290000000000001,0.15185714285714302,0.6849905780087879,0.0,0.010133202076029246,,,,,,,5.217577860834643,9.923484451262116,4.705906590427473,0.49478712941487746,1.0,-0.0123496584772953,6.6904254618213415,8.526803117907017,1.8363776560856753,0.49478712941487746,0.16017139026326832,0.041744394186808975,0.8400000000000001,1.0114285714285716,0.17142857142857149,0.66683065922638,1.0,0.002764444279200917,-1.7155431172996911,0.08610932000844487,1.801652437308136,1.0,0.49478712941487746,0.01386919128038977
nebDFT2k:mp-761094_1_5_0_1_0,1.8447599053382873,0.1383629273159558,10,2.0320327401161196,0.2984199989067122,10,1.8894680394182717,0.0,10,1.9084383606910704,0.205814897830511,10,2.0980730017572284,0.2533130964189412,0.0660402616411088,0.1872728347778323,0.2086049623389567,0.1896346410661578,0.0189703212727989,5.180747917620758,5.035807866502224,1.0287818866328606,1.980979919947695,0.3234977166031303,7.0,1.003949208700405,11.0,0.0820017172403813,Li39O80Fe4Co36,O,3.985395659804668,5.329006253950762,5.051701320998002,1.054893374594438,1.551229916010202,0.5115493829561603,10.0,1.7187298111299434,11.0,0.6787041411557027,6.297278923754631,5.035807866502224,,10.471124313196558,0.9039999999999999,9.609362647024463,10.648625518086678,1.0392628710622152,0.49807301434783463,0.8427856569464868,-0.00145790470004048,7.552390703682033,8.975354477138849,1.4229637734568161,0.49807301434783463,0.8427856569464868,-0.0029654464610162634,0.8977777777777776,1.07,0.1722222222222225,0.32349771660313037,0.0,-0.001550843948524172,,,,,,,6.018378638033317,9.789313258759396,3.770934620726079,0.5115493829561603,0.0,0.11106458138278352,6.976657432787685,8.550746373549682,1.574088940761997,0.5115493829561603,0.17109916756491386,0.09929090153694187,0.8836363636363636,1.0333333333333334,0.14969696969696988,0.34279407547787577,1.0,-0.004212830309608007,-1.7734347421912917,-0.49272161058828967,1.280713131603002,1.0,0.5115493829561603,0.018919505139793513
nebDFT2k:mp-761269_2_1_1_-1_0,1.479506778717041,0.3693464218956658,10,2.004548442363739,0.3817538725201411,10,1.5331341735098114,0.0,10,1.7770058393478394,0.1679858887118767,10,1.578548204733437,0.0990414260163958,0.4260002376303022,-0.3269588116139064,0.0454140312236255,0.1984576346144024,-0.1530436033907769,5.3726156269446115,5.236895367277378,1.0259161679103384,1.836675377003642,0.3410861025969735,7.0,1.1335520736233156,5.0,0.1313419574643004,Li31F64Ag16,F,3.0925325683270746,5.668750415482585,5.255075928023864,1.0787190314896709,1.4870873635487187,0.50188176920942,8.0,1.7476181949077594,6.0,0.6584676063703698,6.309821937164011,5.236895367277378,-0.13080286185124473,8.44323119626693,0.7790909090909092,7.990306960918742,9.308725802990931,1.3184188420721892,0.5010305433069181,0.1316135296846121,0.0019199994448797497,6.296139972578849,7.29695297438736,1.0008130018085115,1.0,0.5010305433069181,-0.0003400592400004676,0.7616666666666667,0.8880000000000001,0.1263333333333334,0.3410861025969735,0.5010305433069181,-0.0001321021109652598,-0.9371879507216472,-0.6078871375353799,0.32930081318626725,0.0,0.6593033731844457,4.391434569905872e-05,5.587512522960109,8.540483181404493,2.952970658444384,0.50188176920942,1.0,0.000445680696541384,6.286883281187627,7.452556351585395,1.1656730703977676,0.0,0.16734030692532553,0.0010155879144098101,0.7790909090909092,0.8880000000000001,0.10890909090909096,0.16734030692532553,0.50188176920942,-0.007223431143859149,-0.9376280076904133,-0.22274117145649922,0.7148868362339141,0.0,0.50188176920942,0.00034856111941267143
nebDFT2k:mp-761849_5_7_0_0_1,0.5071504175662994,0.0640007209685718,10,0.7655091166496277,0.0905138624117046,10,0.3955178452951522,0.0,10,0.5257622122764587,0.1092119723714888,10,0.3020456997006988,0.2051047178656006,0.4634634169489289,-0.2583586990833283,0.0934721455944534,0.2237165125757599,-0.1302443669813064,2.95333348656503,2.4518512052380688,1.2045321022155044,2.10782655479315,0.2539856464698455,6.0,0.6564000272190287,4.0,0.0940499238909216,Li11O56Na20Ti20,O,0.2420158790543649,3.422331682791324,2.902129184381664,1.179248567296461,2.0462788563757326,0.5001014118483897,5.0,0.731058866336614,3.0,0.1016820733924782,11.266126550201404,2.4518512052380688,-0.4186533151122485,12.931139087496081,0.8861538461538463,11.863128583290605,13.498535867874466,1.6354072845838612,1.0,0.5397582857727673,-0.07753548413398548,7.147828491142958,7.6251003721932555,0.4772718810502976,0.5397582857727673,0.0,-0.03447025914457047,0.9025,1.105,0.2025,0.5397582857727673,0.0,0.0022475600902041593,-1.688171476821135,-1.6150726038095977,0.07309887301153739,0.5397582857727673,0.0,0.0037009049272198613,11.696780121015491,12.473014405367842,0.7762342843523502,0.0,0.5001014118483897,-0.017040081714783994,6.777773580391198,7.814442508221639,1.0366689278304406,0.5001014118483897,0.0,0.013799260432603155,0.7933333333333333,1.1014285714285712,0.30809523809523787,0.5001014118483897,0.0,0.010877086997316432,-1.6509397089353304,-1.5484768601648906,0.10246284877043976,0.24803988996389445,0.5001014118483897,-0.009200818320183046
nebDFT2k:mp-761849_6_5_1_0_0,0.561309152841568,0.0701626981918328,10,0.6058146923780441,0.0754770711215808,10,0.5205588877727011,0.0,10,0.6401569247245789,0.1331770106026769,10,0.6407798596503369,0.0794707068087688,0.0349651672722928,0.044505539536476,0.1202209718776358,0.000622934925758,0.1195980369518777,3.250060683621876,3.126427918897393,1.0395444155220073,2.013936185760942,0.7527283092691552,9.0,0.7978095688498543,2.0,0.0487158661799237,Li11O56Na20Ti20,O,0.5553302800402262,3.5434892704856735,3.151581216730247,1.1243528333253712,1.9516381480237377,0.5052641505192061,6.0,0.9489591445148338,3.0,0.2584531499849892,10.44723140438898,3.126427918897393,-0.3607174233740418,11.59110942686086,0.91,10.495682571503725,11.992248802269664,1.4965662307659393,0.0,0.4633846114430084,-0.09594221332501451,6.925519600201668,8.044358948774061,1.1188393485723926,0.0,1.0,-0.0684105445954537,0.8933333333333333,1.105,0.21166666666666667,0.4633846114430084,0.7527283092691552,-0.053949142670205064,-1.8267372582666297,-1.5798798883261451,0.24685736994048457,0.0,0.4633846114430084,-0.043821180460231646,10.132850975303889,11.571068690209868,1.4382177149059796,0.5052641505192061,1.0,-0.33784283855526454,6.8244706587007045,8.251537883459223,1.4270672247585185,0.0,1.0,-0.15924520587279645,0.7949999999999999,1.1014285714285712,0.3064285714285713,0.5052641505192061,1.0,-0.03750438204341844,-1.8554007315745895,-1.217927848303249,0.6374728832713406,0.0,0.5052641505192061,-0.047373628524538525
nebDFT2k:mp-762319_14_26_0_0_0,0.3899585485458373,0.033337136412496,10,0.4249835699796677,0.0435746940624822,10,0.4447738509185425,0.0,10,0.2753008693456649,0.0883958509615243,10,0.2808161383430131,0.1091424102028241,0.1441674316366545,-0.0350250214338303,0.1639577125755293,0.0055152689973482,0.1584424435781811,2.6775086307571954,1.8746860061507236,1.428243781610607,2.0072899942401814,0.462260561737539,7.0,0.7569980409377272,1.0,0.1228421320007816,Li31O32Ti8,O,0.3654362823960893,2.6762383240983563,2.4386869266123266,1.0974095505633523,1.931055718610974,0.4795643119406181,7.0,0.9089115912820244,3.0,0.1900058571039455,12.107950527041792,1.8746860061507236,-0.22475575561538602,12.982329001038151,0.9706666666666666,12.13706094455289,13.428144828688062,1.2910838841351726,1.0,0.46226056173753904,0.411236835072998,6.5299623141470375,7.563066972163502,1.0331046580164642,1.0,0.0,0.3603966033919135,1.0070588235294118,1.0600000000000003,0.05294117647058849,0.46226056173753904,0.0,-0.00019006354483386279,-1.398930154609065,-1.3270191848751305,0.0719109697339344,0.46226056173753904,0.7936722469695479,-0.022533254054239893,11.21675042754218,12.388132041409797,1.1713816138676165,0.7378836219282678,0.0,0.24411009025600094,6.9755575494166076,8.061642199064991,1.0860846496483836,0.7378836219282678,0.0,0.1031787753784994,0.9125,1.0490000000000002,0.13650000000000018,0.2327862996716635,0.0,-0.010318911258386465,-1.4551425962989857,-1.199991907817152,0.25515068848183375,0.4795643119406181,1.0,-0.033155155297003525
nebDFT2k:mp-763177_1_3_0_1_-1,0.5448391795158386,0.1430505665662658,10,1.003964638710022,0.2474995355032473,10,0.6471002417036935,0.0,10,0.7579331338405609,0.2055914772374038,10,0.459736825526761,0.0851023539890776,0.5442278131832611,-0.4591254591941834,0.1873634161769325,0.2981963083137999,-0.1108328921368674,2.6316245822025044,2.5082501557883936,1.049187448919078,1.966802793813932,0.4753757359992597,8.0,0.9770901505492272,5.0,0.0817144871773096,Li63O64F32V32,O+F,0.8724040001665392,3.0190916432002513,2.874600156675127,1.0502648989945955,1.8328251849003143,0.4938621921713977,7.0,1.1758498686603829,4.0,0.301354388493728,9.540190087125913,2.5082501557883936,-0.21403999928898632,10.240761667207266,0.8178571428571428,9.793588566850506,10.896605744370508,1.1030171775200017,0.0,0.7147424940792646,-0.09569693431452375,6.947976177631299,8.158852498939654,1.2108763213083549,1.0,0.2202101482578672,0.17529590127136574,0.8178571428571428,1.02875,0.21089285714285722,0.7147424940792646,0.0,0.028889831195035076,-1.2653554061125167,-1.0629922922804953,0.20236311383202144,0.0,0.7147424940792646,-0.01625130710437528,9.27407618666372,9.936569883327756,0.6624936966640362,0.4938621921713977,0.0,0.019898028329350836,6.736713859028288,7.502318254272607,0.7656043952443197,1.0,0.0,0.1785599096629107,0.8178571428571428,1.0605555555555555,0.24269841269841264,0.4938621921713977,1.0,0.007709354613097241,-1.3696930707029797,-0.9175101128724651,0.45218295783051465,0.0,0.4938621921713977,-0.019164553984432953
nebDFT2k:mp-764867_1_8_0_1_1,0.6826113134622573,0.2552002749093724,10,0.981294322013855,0.1195759649561567,10,1.5166885105456065,0.0,10,1.374962532520294,0.086873787496383,10,1.5194946445611208,0.8368833310988635,0.5382003225472658,0.2986830085515977,0.0028061340155143,0.1445321120408267,-0.1417259780253124,6.468159418651844,5.757545086688716,1.123423146716827,2.0041403275148815,0.4681934455905279,7.0,0.8166029334270205,2.0,0.1545635734517304,Li23O96P24Mn8Fe8Co8,O,3.051324794156683,6.740900744290791,5.765287384979082,1.1692219822126435,1.7763644027719212,0.4915467923677213,8.0,1.305768077631157,5.0,0.4984591575119577,7.136017250774863,5.757545086688716,-0.09336947447449417,11.623481270768124,0.8166666666666667,11.452416553604294,12.79850316272606,1.346086609121766,0.6657440280764216,0.4681934455905279,0.26485130219074904,6.679064661010565,8.572422732989615,1.8933580719790504,0.6657440280764216,0.3062471798622227,0.33407358635461293,0.8411764705882353,0.8859999999999999,0.044823529411764595,0.3062471798622227,0.1631658755632112,-0.002023964885121743,-1.894085301592214,-1.2501222408834611,0.643963060708753,1.0,0.4681934455905279,0.02038708907670639,8.91475544973848,11.51623652367427,2.6014810739357888,0.6602157992175708,0.1598446086837284,0.35551603010975086,6.471052771005474,9.32110155579778,2.850048784792306,0.0,0.3244599342213612,0.49065117545798564,0.8525,0.8971428571428571,0.044642857142857095,0.1598446086837284,0.0,-3.508276056907178e-05,-1.9365496414117167,-0.6650226409044917,1.271527000507225,0.0,0.49154679236772136,0.01804899754413647
nebDFT2k:mp-765411_1_6_0_0_0,0.4809034466743469,0.062000120647469,10,0.4957495182752609,0.0650724690912133,10,0.6140127611486852,0.0,10,0.4863177120685577,0.0620114633228811,10,0.4672595893930519,0.013643857281295,0.028489928882209,-0.014846071600914,0.1467531717556333,0.0190581226755058,0.1276950490801274,2.7556792726643797,2.5933822413009766,1.0625812226129792,2.0685917962445415,0.4849192007835544,8.0,0.8604865453380774,8.0,0.1286865968720003,Li47O80Si16Cr16,O,0.7894969486511527,3.1187798885204523,2.8374521584105925,1.099148008284815,1.8845598332280105,0.5029480492439001,6.0,1.0643458230028753,11.0,0.0764805269833229,9.909294856972647,2.5933822413009766,-0.4012239330838014,10.760399912365623,0.845,9.94258130435196,11.218073654837948,1.2754923504859885,1.0,0.4849192007835544,0.10436022973279346,8.140510868798536,9.113709910330705,0.973199041532169,1.0,0.4849192007835544,0.07428975527356396,0.874,1.029375,0.15537499999999993,0.4849192007835544,1.0,-0.007810780859186239,-1.566817465453571,-1.4460036341926177,0.12081383126095324,1.0,0.4849192007835544,0.002174308395673119,9.880630776773346,10.159588174779325,0.2789573980059785,0.5029480492439001,0.25287224215168536,0.035353336210475206,8.03339542856336,8.530437926797228,0.4970424982338688,1.0,0.0,0.07014100188608197,0.845,1.0225,0.1775,0.5029480492439001,0.0,-0.008409790621893731,-1.6001803642437573,-1.3021839336350023,0.297996430608755,1.0,0.5029480492439001,0.008591459662734113
nebDFT2k:mp-765501_2_0_1_0_0,2.2193456888198853,0.4614399942610696,10,1.94164582490921,0.1933723783004215,10,2.360910664016412,0.0,10,2.213884341716766,0.1158289385505501,10,2.5844087550531043,0.365063066233219,0.6427629301438942,-0.2776998639106751,0.2234980910366921,0.3705244133363381,-0.1470263222996459,5.237488426479695,4.909483871899768,1.066810394562515,1.8355295660233084,0.6916090366090936,7.0,1.231133368856567,9.0,0.1418067376540284,Li31O32F16Ni16,O+F,5.166685903379613,5.334792763964439,4.972665590492419,1.0728235524553262,1.4888090654889468,0.4966257117487574,12.0,1.9672090275398304,11.0,0.8161298146527611,5.6544627495650746,4.909483871899768,,8.814716775700493,0.85,8.483253776653832,9.345621658618358,0.8623678819645253,0.48854884107779034,0.8942074624914453,0.015371074039782329,6.751888622757267,8.28835634329548,1.5364677205382122,1.0,0.24714866329322166,0.157668431871834,0.9166666666666666,1.015,0.09833333333333327,0.24714866329322166,1.0,0.00047438106444330774,,,,,,,5.154964287159872,9.091752695754064,3.9367884085941913,0.49662571174875747,1.0,-0.1473686695046137,6.420298088291837,8.219461827619206,1.7991637393273692,0.49662571174875747,0.8360566628159924,-0.05360754363558229,0.8408333333333333,0.9925,0.15166666666666673,0.6662474015174924,1.0,0.0031135002409125034,-1.4439399256568552,-0.05816011416023444,1.3857798114966209,1.0,0.49662571174875747,0.09196621830259794
nebDFT2k:mp-765964_0_6_1_0_0,1.1868966221809387,0.1743113829331364,10,1.6805315017700195,0.2406832688332559,10,1.0243783869852263,0.0,10,1.3561726927757265,0.2403826579658889,10,1.0074282938448391,0.1794683283360996,0.6731032079251804,-0.4936348795890808,0.0169500931403872,0.3487443989308871,-0.3317943057904999,4.530037698165633,4.256614499459573,1.0642348981193326,2.0522411169169583,0.0,8.0,0.7428131465853557,3.0,0.1086950157673646,Li31O112Si32V16,O,1.8177470151623096,4.732139462225401,4.269139463825761,1.1084527695388815,1.8395872951500296,0.5131765779577369,10.0,1.20591259851492,2.0,0.4887264826901557,10.015611468735475,4.256614499459573,-0.1538037814506553,12.20367863049136,0.809375,11.789356420068662,12.674343271416905,0.8849868513482431,1.0,0.1847387341030253,0.1350148273837215,7.332926067308325,8.521052048514905,1.1881259812065803,0.0,0.1847387341030253,0.03648495953743147,0.8374999999999999,0.8772222222222221,0.039722222222222214,0.41750252626180673,1.0,-0.007994901175109481,-1.803033737752613,-1.4918241574389248,0.3112095803136883,1.0,0.41750252626180673,-0.016268698931846015,9.50661355962085,12.076058677355231,2.5694451177343804,0.5131765779577369,0.0,0.1913774102601069,7.086883368408871,7.995349335212185,0.9084659668033144,0.5131765779577369,1.0,-0.06815274979992436,0.8270588235294117,0.8635294117647059,0.036470588235294144,0.5131765779577369,1.0,0.000641769643125012,-1.815697803320864,-1.0567926129528833,0.7589051903679807,1.0,0.5131765779577369,-0.009955261653900926
nebDFT2k:mp-766130_4_2_1_0_0,0.7567420929670334,0.2404618623743075,10,1.1026691317558288,0.142040778059334,10,1.5687787418789445,0.0,10,1.4217920303344729,0.0602486200808412,10,1.5168014673589312,0.7600593743918977,0.4141323356031023,0.3459270387887954,0.0519772745200133,0.0950094370244585,-0.0430321625044451,6.385150756938662,5.693228034330339,1.1215343419297468,1.9668700789265157,0.5258345477944024,6.0,0.8656162878680601,3.0,0.1859589153171329,Li15O64P16Mn4Fe12,O,3.181846895572704,6.679409354725051,5.749963366464705,1.1616438104077529,1.782299549134451,0.4893195860111312,8.0,1.3333861235023834,4.0,0.5244510725971081,7.754321895335903,5.693228034330339,,11.726046332517743,0.806875,11.329750812626864,12.558011108415487,1.2282602957886226,0.3337246516208288,0.6930025941940876,-0.2513770535805602,6.658430738605818,8.574613227813641,1.9161824892078227,0.3337246516208288,0.6930025941940876,-0.3339698103737172,0.8370588235294117,0.8942105263157893,0.0571517027863776,0.6930025941940876,0.186434369990754,0.007179919790385791,,,,,,,8.957010220344147,11.479826091088492,2.5228158707443455,0.48931958601113124,0.8318661535259755,-0.3372445840057843,6.457816076515224,9.265519904623574,2.80770382810835,1.0,0.6590612768440222,-0.5007605035231011,0.8466666666666668,0.9064285714285715,0.05976190476190468,0.3240448595991387,1.0,-0.002833488904979309,-1.9373825802440354,-0.6550543626048353,1.2823282176392001,1.0,0.48931958601113124,-0.01755305826855158
nebDFT2k:mp-766612_6_10_0_0_0,0.3522301077842712,0.0342950165570239,10,0.2608196198940277,0.1030491816341769,10,0.5881678307921665,0.0,10,0.3417459368705749,0.0799369569919822,10,0.1816573157254026,0.1705727920588685,0.079162304168625,0.0914104878902435,0.4065105150667638,0.1600886211451722,0.2464218939215915,5.198326765151778,2.5519415350097088,2.037008565375304,2.045226214125869,1.0,8.0,0.7903843448998378,1.0,0.1404606487589187,Li23C8O56P8V8,O,0.7247375007712467,3.8023562875907406,3.2177970203336037,1.1816644317721858,1.970924255533962,0.506337530083511,11.0,0.9550382032039164,4.0,0.3281207035413269,12.265199815158809,2.5519415350097088,,13.21648805697648,0.8027777777777777,12.653050342371376,12.925844370451241,0.27279402807986486,0.47810386667333454,0.23933211281549122,-0.012416206527810836,6.504198712148848,7.441569790509358,0.9373710783605098,0.7479058699027772,0.23933211281549122,0.16866062447996333,0.8111764705882353,0.8916666666666667,0.08049019607843144,0.7479058699027772,0.23933211281549122,0.02314475810053296,-1.834098765812534,-1.4093986714764117,0.4247000943361223,0.23933211281549122,1.0,-0.10987990461688413,12.16568139914469,12.88488267623572,0.7192012770910292,0.25335418965361256,1.0,-0.20777924027162697,7.230747390865793,8.173946966520932,0.9431995756551386,0.0,0.7555979290138107,-0.2811533508469575,0.7833333333333334,0.8744444444444445,0.09111111111111103,0.25335418965361256,0.0,-0.007328604644750714,-1.8608284507767183,-1.1911787045464053,0.669649746230313,0.0,0.506337530083511,-0.13879630221796369
nebDFT2k:mp-768421_3_7_0_0_0,0.5365106463432312,0.0724098488276144,10,0.5707964032888413,0.0890707051286552,10,0.6576052791781648,0.0,10,0.5434298872947693,0.0392089860413954,10,0.7170935229877955,0.1805828766445643,0.1462971196989542,0.03428575694561,0.0594882438096306,0.1736636356930262,-0.1141753918833955,3.130981446024046,2.923105716516852,1.0711146806400478,2.0038594813773547,0.4340001455643492,8.0,0.9108774088440736,8.0,0.1542572371564653,Li47O72Ti10Cr14,O,0.8987263936657695,3.265158836755371,2.92756946921342,1.1153138708037746,1.87190294034904,0.4991964620624894,6.0,1.135308976473559,11.0,0.0885551206730246,9.482376588099585,2.923105716516852,,9.957581011586349,0.8400000000000001,9.472201799879691,10.417170631326494,0.9449688314468023,1.0,0.4340001455643492,0.054546736084534864,7.229490928579297,7.984224608187436,0.7547336796081385,1.0,0.23788777249107526,0.11741809988167207,0.82875,1.0053333333333332,0.1765833333333332,0.4340001455643492,1.0,-0.02093377459764212,,,,,,,8.905055826919758,9.604461149939258,0.6994053230194996,0.4991964620624894,1.0,-0.03348899623240076,7.059277613838937,7.6217848978606675,0.5625072840217307,0.0,0.24699797843213211,0.01089025638631469,0.7633333333333333,0.9493333333333333,0.18599999999999994,0.4991964620624894,1.0,-0.011694137269648186,-1.8071057921544038,-1.2919241492312528,0.515181642923151,0.0,0.4991964620624894,-0.006421099941394615
nebDFT2k:mp-768433_7_19_0_0_0,0.4434947580099105,0.0222939051533295,10,0.4926564276218414,0.0446051616568978,10,1.011358597602542,0.0,10,0.778091311454773,0.1070946880838272,10,0.516245903688457,0.0727511456785464,0.0235894760666156,0.0491616696119308,0.4951126939140851,0.2618454077663159,0.2332672861477691,2.6229498488267353,2.53803604873647,1.033456498828115,1.9871922376916655,0.2234644314767152,13.0,0.9671885279631212,5.0,0.0708134351702439,Li47O72Ti10Cr14,O,1.7851234266943043,3.227010571195984,2.918479983369306,1.105716191162801,1.817084658366686,0.4898514639169009,6.0,1.217949054758502,11.0,0.2071162164153515,9.681289084916518,2.53803604873647,,10.201316590006257,0.8528571428571429,9.882762036918594,11.110859404515471,1.2280973675968774,0.0,0.5038407087017897,-0.030109860579224268,7.3991936180150795,8.028524219751116,0.6293306017360365,0.0,0.5038407087017897,-0.013296629663329007,0.8528571428571429,1.0011764705882353,0.14831932773109247,0.5038407087017897,0.0,-0.00597181946803671,,,,,,,8.820567037382176,9.73483409233062,0.9142670549484446,0.48985146391690093,1.0,-0.03163586819449993,7.022568207106415,7.429259817028243,0.40669160992182807,0.48985146391690093,1.0,-0.004080505094275377,0.8528571428571429,0.9699999999999998,0.11714285714285688,0.48985146391690093,0.0,-0.005561782800294401,-1.7491479021173169,-1.3025133936867568,0.4466345084305601,0.0,0.48985146391690093,0.0006433130144611887
nebDFT2k:mp-768508_3_7_0_0_0,0.3543169945478439,0.0320270123905836,10,0.4638931810855865,0.067063387216128,10,0.625015614417649,0.0,10,0.5121699571609497,0.042849200535603,10,0.7297331046056286,0.3754161100577847,0.265839923520042,0.1095761865377426,0.1047174901879796,0.2175631474446788,-0.1128456572566992,3.674715946980547,3.503055403532611,1.0490030912085566,2.0833758584553213,1.0,6.0,0.6302324251277771,2.0,0.1403938664176806,Li15C8O56P8Fe8,O,0.8170667154476803,4.206144374107272,3.5479664016881687,1.1855085133010093,2.0001938285390413,0.7469721187661998,9.0,0.9323555629394392,5.0,0.3143114423544979,13.576455565505288,3.503055403532611,-0.24371445090997243,13.905411129438335,0.7627777777777778,12.74358405892561,14.52619646819244,1.7826124092668305,1.0,0.20253817287489706,0.36230149571103176,6.001050204738231,7.7806300617542785,1.7795798570160475,1.0,0.20253817287489706,0.5601886206759836,0.7627777777777777,0.7952631578947368,0.03248538011695912,0.42289183030978494,0.0,0.008635066774895617,-1.9231793694407642,-1.3396738834067383,0.5835054860340259,1.0,0.20253817287489706,0.15730611100905567,11.701656432278892,13.521841490064684,1.8201850577857925,0.7469721187661998,0.24536504772158663,0.4921003710052947,6.224819076003842,8.57184241161405,2.3470233356102073,1.0,0.24536504772158663,0.7329400997982383,0.7435714285714285,0.7870588235294117,0.04348739495798315,0.7469721187661998,0.0,0.010279503400683787,-1.9073515454570655,-1.1352954195697667,0.7720561258872989,1.0,0.49460505387356984,0.10545950223779854
nebDFT2k:mp-768738_3_2_1_1_0,1.2914284348487854,0.3994758538798972,10,1.1641837239265442,0.2441028228136811,10,1.8844858271347744,0.0,10,1.975594091415405,0.2639531734257963,10,1.1438137169646438,0.1476147178841416,0.0203700069619003,0.1272447109222412,0.7406721101701303,0.8317803744507615,-0.0911082642806311,5.088264340128785,4.72576946025589,1.0767060016197376,1.9745976233546123,0.507672574460317,8.0,1.0790967513936065,2.0,0.3831762202951773,Li47B32O96Bi16,O,3.972911767905985,5.816531668632365,4.694878314143601,1.2389099949853262,1.6770517651343892,0.5142699207582733,10.0,1.7500628632783763,4.0,0.9566981034670214,9.006192343029676,4.72576946025589,-0.1304858636885761,11.994109932158832,0.8626666666666666,11.994109932158826,13.892160410669671,1.8980504785108447,0.0,0.507672574460317,-0.004648108254447614,6.153458751976065,9.728374644939304,3.574915892963239,0.0,0.507672574460317,-0.0177162716967052,0.8628571428571428,0.9339999999999999,0.07114285714285717,0.507672574460317,0.0,-0.0009108599963205677,-1.6327474752960667,-1.0605676947930076,0.5721797805030591,0.0,0.507672574460317,-0.00242329844101985,8.252524311359728,12.086229967586224,3.8337056562264955,0.5142699207582733,1.0,-0.0020643202479071476,6.221085845678223,9.525677862516085,3.304592016837862,0.0,0.5142699207582733,-0.015251067145643837,0.7933333333333333,0.9650000000000002,0.17166666666666686,0.5142699207582733,1.0,0.003066384180850368,-1.5888787210389492,-0.017939946372627923,1.5709387746663213,0.0,0.5142699207582733,0.004222497094690358
nebDFT2k:mp-768843_14_11_0_1_1,0.4331910490989685,0.0436888132215739,10,0.4635201662778854,0.0611152982934075,10,0.6406511544729265,0.0,10,0.4793808251619339,0.0773348788518029,10,0.3818668742329976,0.0513241748659709,0.0816532920448878,-0.0303291171789169,0.2587842802399289,0.0975139509289363,0.1612703293109926,2.9150319575286887,2.626165234827143,1.109995638838985,2.059461317314461,0.4624404252348955,7.0,0.8084801121498634,8.0,0.1332666139958903,Li47O72Cr14Mn10,O,0.8562445707297917,3.147208771296291,2.7783435068693385,1.132764456056261,1.8729385208502731,0.4959645518455998,6.0,1.1054332514883487,11.0,0.0908366387563395,9.854571280940378,2.626165234827143,,11.04634369528867,0.8371428571428571,10.169512780053996,11.401511931774921,1.2319991517209257,0.0,0.4624404252348955,0.007518143858487036,7.7113361454492,8.826659501542146,1.1153233560929454,0.0,0.4624404252348955,0.011620440184270109,0.85375,0.938125,0.08437499999999998,0.7707340136370181,0.0,0.010429145239172322,,,,,,,9.412834215494602,9.774763502809574,0.36192928731497176,0.49596455184559984,0.7506124901150737,-0.00795495048495276,7.356508805475666,7.829316454565853,0.47280764909018647,0.0,0.7506124901150737,-0.001279455171152133,0.8371428571428571,0.9699999999999999,0.13285714285714278,0.49596455184559984,1.0,-0.006169412698546706,-1.7425704485175917,-1.3101923317203419,0.4323781167972498,0.0,0.49596455184559984,0.001451966615846012
nebDFT2k:mp-769036_28_3_0_1_1,0.3266912639141082,0.0483905820431352,10,0.5980545401573181,0.3889935480064905,10,0.8729869223112001,0.0,10,0.7142786264419556,0.0983430469533897,10,0.4352325822810882,0.1085413183669799,0.1628219578762298,-0.0542806395092499,0.4377543400301119,0.2790460441608674,0.1587082958692445,3.277594828118831,3.1180056153039875,1.0511831062880508,2.418667473793353,0.5150773513710025,6.0,0.357902236902718,1.0,0.0683289195689237,Li63S72Nb16,S,1.4384065591897728,3.659638196008837,3.1805623372506804,1.1506261497054249,2.167365190682449,0.4974458365976056,6.0,0.5996852451897894,2.0,0.3223014188598234,17.59838309982784,3.1180056153039875,-0.3835858988531815,19.619763570120195,1.1866666666666668,19.339514634085965,20.202097111494655,0.8625824774086901,0.5150773513710025,0.18560747973695435,0.1061481981743686,8.207053741641499,8.508043563693409,0.3009898220519105,0.0,0.5150773513710025,0.027501067476313423,1.1866666666666668,1.2521052631578948,0.06543859649122807,0.5150773513710025,0.0,-0.005267503623011094,-1.3148969850005927,-1.1801499305949743,0.1347470544056184,1.0,0.5150773513710025,0.010103911071036586,15.98318714993119,20.202994369899855,4.219807219968665,0.4974458365976056,0.0,0.25922722606627424,6.977986247416558,8.124810092979208,1.1468238455626505,0.4974458365976056,0.0,0.11130353472989096,1.1454545454545455,1.2505555555555556,0.10510101010101014,0.4974458365976056,0.0,-0.008177349905045705,-1.363687085909366,-1.020288213783291,0.343398872126075,1.0,0.4974458365976056,0.011205899667253272
nebDFT2k:mp-769036_8_10_0_0_0,0.3136175334453582,0.0525957343714087,10,0.3893573552370071,0.1978887054724306,10,0.6238904341161086,0.0,10,0.5002187013626098,0.0883673806768303,10,0.4263352763798876,0.1127177429345294,0.0369779211428805,0.0757398217916489,0.1975551577362209,0.0738834249827221,0.1236717327534987,3.277424723955826,3.255447440571245,1.0067509255749878,2.5277731087410804,0.1514560600272602,4.0,0.2509342042882007,2.0,0.038734187545357,Li63S72Nb16,S,0.8142473596170416,4.506093214786574,3.3782178861749994,1.3338669578499616,2.3345727997193686,0.755922890251535,5.0,0.4074902911670927,1.0,0.2273070672912222,19.06598162459817,3.2554474405712446,-0.25517422656388555,20.95329377480078,1.1742857142857146,20.513851809323278,23.203392920875142,2.689541111551865,0.0,0.526770880625201,-0.01700919307626414,7.851994393938678,9.406094215862833,1.5540998219241553,0.8567366036238864,0.526770880625201,0.11245096452011527,1.1660000000000001,1.2210526315789476,0.055052631578947464,0.526770880625201,1.0,-0.004846822986442234,-1.4168304397558102,-1.2518426588689484,0.16498778088686183,0.0,0.526770880625201,0.0015333923941172056,20.101482107409726,22.75407178226554,2.6525896748558146,0.755922890251535,0.25734118128216155,0.6128906522270476,7.163532390877028,9.456309557127582,2.2927771662505547,0.755922890251535,0.25734118128216155,0.5811000504712847,1.1266666666666667,1.2305555555555556,0.10388888888888892,0.5097791845462839,1.0,-0.013311023950464462,-1.4373246922854181,-0.7859066654289407,0.6514180268564774,1.0,0.5097791845462839,0.06217331120082714
nebDFT2k:mp-769036_8_9_1_0_0,0.3160578340291976,0.0512346556327082,10,0.4079878538846969,0.225031181054914,10,0.7672623460779562,0.0,10,0.6011462867259979,0.1197751831090457,10,0.4277599440444531,0.1117021100152555,0.0197720901597562,0.0919300198554993,0.339502402033503,0.1733863426815447,0.1661160593519582,3.43920591678596,3.261417451447093,1.0545126369088331,2.44696975236713,0.4996675082821722,5.0,0.3269941756583066,1.0,0.0698380175801218,Li63S72Nb16,S,1.1734932825914075,3.7365867313387,3.287114679350195,1.1367375634358328,2.181533825450773,0.5019223057959546,6.0,0.5816638818465356,2.0,0.3002169140346605,17.452394137209403,3.261417451447093,-0.3703900882397344,20.366952533080724,1.2064705882352942,20.221423844882718,21.03032840303833,0.8089045581556107,1.0,0.1751963810409086,0.025340995195337612,7.493825694369339,8.405768923689777,0.9119432293204381,0.49966750828217227,0.0,0.06813354080421785,1.201875,1.27,0.06812499999999999,0.0,0.8316182024753241,-0.010323919846128238,-1.543731587077751,-1.4199068131578945,0.12382477391985658,0.8316182024753241,0.0,0.017021500363501474,15.816782982583577,20.513383584726242,4.696600602142665,0.5019223057959546,0.0,0.04052536722473832,6.665529342184206,8.268981582856465,1.6034522406722598,0.5019223057959546,0.0,0.015243665980109178,1.1781818181818182,1.2352941176470589,0.05711229946524066,0.5019223057959546,0.753186586723306,-0.008384568311331275,-1.4860758598331687,-1.173654864659845,0.31242099517332367,1.0,0.5019223057959546,-0.003227838712762221
nebDFT2k:mp-770232_3_11_0_0_1,0.490723106265068,0.0664103954543286,10,0.4715508788824081,0.0446907256077152,10,0.6812104969383217,0.0,10,0.5106300055980683,0.0485811651360133,10,0.5057204299297666,0.0149973236646985,0.0341695510473584,-0.0191722273826598,0.175490067008555,0.0049095756683016,0.1705804913402534,2.9550012394346177,2.806513021143094,1.052908437328769,1.996516786384688,0.1940919809384765,14.0,1.0405828961501562,6.0,0.1522537345059637,Li47O72Cr10Mn14,O,0.9578738105148596,3.2788024399648497,2.8907128676990643,1.1342539332087642,1.855742809095306,0.4946875477691367,6.0,1.157753870771571,11.0,0.1021096452050185,9.361577936041577,2.806513021143094,-0.3253509907255648,10.066998116009048,0.8400000000000001,9.491467296198637,10.454089057816823,0.9626217616181858,0.0,0.755043370380744,-0.1789664466589116,7.375548200350041,8.092911809436806,0.7173636090867657,0.0,0.755043370380744,-0.17013343102457323,0.852857142857143,0.9837499999999999,0.13089285714285692,0.49018003913580377,0.755043370380744,-0.012397966659755622,-1.7507482056689503,-1.612347715339073,0.13840049032987722,0.0,0.49018003913580377,-0.03391403647605906,8.804958904537806,9.546446253202882,0.7414873486650766,0.4946875477691367,1.0,-0.0877220092871589,7.03048754531953,7.737876928783998,0.7073893834644682,0.0,0.7519441302502674,-0.12143374106431448,0.7633333333333333,0.9699999999999999,0.20666666666666655,0.4946875477691367,1.0,-0.03087000460069761,-1.8128072155879376,-1.2642286683513515,0.5485785472365861,0.0,0.4946875477691367,-0.029258335691257797
nebDFT2k:mp-770551_3_4_0_0_1,0.437615743279457,0.050354887459592,10,0.3448339194059372,0.0656086114126949,10,0.7544459417704159,0.0,10,0.611051344871521,0.103339714078015,10,0.3994290523011443,0.0381866909783127,0.0545951328952071,-0.0164084419168943,0.3550168894692715,0.2116222925703766,0.1433945968988949,2.56564203952812,2.5384048254936653,1.0107300513144737,2.064548073957238,0.0,10.0,0.8165712867108749,4.0,0.2369966451859753,Li31O64Al16Mn16,O,1.1413793145786202,3.5247524804138033,2.7975925274459583,1.2599234684229372,1.9763002101064695,0.24934501939092,9.0,0.8979991427081433,1.0,0.0557859165753928,11.979900016642565,2.5384048254936653,-0.2513151223329626,14.31444795014579,0.9542105263157894,12.443755983064229,15.684294562808338,3.2405385797441095,0.0,0.5107912075455632,-0.04326596822997075,7.052733996086545,9.954327345355,2.901593349268456,0.0,0.5107912075455632,-0.03889827231137577,0.9085000000000001,0.9824999999999999,0.07399999999999984,0.0,0.5107912075455632,-0.000681888093868821,-1.6439508271674141,-1.5033141478656702,0.14063667930174395,0.0,0.5107912075455632,-0.0015314852718038008,11.00717999683244,11.288202392241537,0.28102239540909757,1.0,0.7516571798298713,-0.02773495134410009,6.246078771415287,8.20420795382117,1.9581291824058829,1.0,0.5013115065290503,-0.07771282664436541,0.881,0.9305882352941176,0.0495882352941176,0.5013115065290503,0.7516571798298713,-0.002570692346975545,-1.6512457195448134,-0.9383928216778848,0.7128528978669285,1.0,0.5013115065290503,-0.014192673803471223
nebDFT2k:mp-770649_0_3_0_1_0,0.4738606512546539,0.0500981215391324,10,0.4959538578987121,0.0846533629702421,10,0.6374255430304954,0.0,10,0.5030947148799896,0.0485268319590761,10,0.4358738670609341,0.0379867841937198,0.060079990837778,-0.0220932066440582,0.2015516759695612,0.0672208478190554,0.1343308281505058,2.536876969761818,2.499798076047067,1.0148327555213514,2.060067279377334,0.0,10.0,0.8983123613189412,3.0,0.0901630173668404,Li89O90Nb18,O,0.8481621803652044,3.4263725646932777,2.6763751557587723,1.2802288039928675,1.873276962466205,0.243199323067936,8.0,1.0417729887132232,5.0,0.2690825237152001,10.750343929316454,2.499798076047067,-0.32864970821446304,11.86968077771547,0.9514285714285714,11.173228383296522,12.944135562007919,1.770907178711397,0.0,0.5480080640815348,-0.015230840443337001,8.6381630303206,9.68999999260735,1.0518369622867496,0.0,0.5480080640815348,-0.18472794113976398,0.9924999999999999,1.097333333333333,0.10483333333333311,0.5480080640815348,0.0,0.005922370494129581,-1.3199373932987175,-1.239006768035363,0.0809306252633546,0.0,0.8301374030101873,-0.024153107841,10.75708184132796,11.888850038486604,1.1317681971586442,0.24319932306793604,0.7423573821771502,-0.2918334351511751,7.322828490045332,9.141016610678882,1.8181881206335504,0.24319932306793604,0.7423573821771502,-0.45841613089519084,0.9152941176470587,1.0585714285714285,0.1432773109243698,0.4905799260575332,0.0,0.010018763926555818,-1.3416160066289593,-0.9069606428350848,0.4346553637938745,0.0,0.4905799260575332,-0.07752056756619807
nebDFT2k:mp-770749_2_4_0_0_0,0.4747525721788406,0.0782914672181444,10,0.4997358828783035,0.0774581503828665,10,0.6092085840546686,0.0,10,0.45108283162117,0.0814247641249209,10,0.3400055202544365,0.1347470519244041,0.1597303626238669,-0.0249833106994628,0.269203063800232,0.1110773113667334,0.1581257524334985,2.6147452474396378,2.58781308368644,1.0104073064329793,2.036246982163486,1.0,9.0,0.851151105159673,2.0,0.0976250826539607,Li15B16O48Ti8,O,0.7774591581895764,3.0229469487047513,2.9609886350611325,1.0209248738444887,1.9934618921683045,0.7509199400454095,11.0,0.942430778017053,2.0,0.2037774934872361,11.35911278293885,2.58781308368644,-0.3614434662636148,11.751237282836485,0.8117647058823528,11.16602202699509,12.24033152149059,1.0743094944955,1.0,0.3390234725233315,0.185330256600591,6.119108209666006,8.793311787223226,2.67420357755722,1.0,0.3390234725233315,0.46068179580113267,0.7825,0.911764705882353,0.12926470588235306,0.0,0.3390234725233315,0.027335604906666144,-1.843836334108733,-1.5317858690768396,0.3120504650318934,1.0,0.5322746152978313,0.059663315053106736,11.075000549664455,11.786441920252116,0.7114413705876608,0.5023487457532599,0.0,0.10200533839056725,6.4367738109898145,7.553724094707608,1.1169502837177934,0.7509199400454095,0.5023487457532599,0.2506047549141046,0.77125,0.8775,0.10624999999999996,0.7509199400454095,1.0,0.014999033236064163,-1.8076760339410483,-1.5477072802428118,0.25996875369823647,1.0,0.2519933430690356,0.06979580059604162
nebDFT2k:mp-770861_11_9_0_1_0,0.4391287326812744,0.044000783126963,10,0.7336400926113129,0.1106961599653541,10,1.0491012243992084,0.0,10,0.7963108003139496,0.0636533089796675,10,0.8088666797513042,0.3697379470700298,0.0752265871399913,0.2945113599300385,0.2402345446479041,0.0125558794373545,0.2276786652105495,2.440630711362621,2.370546789080663,1.0295644543296012,1.9688242581575703,0.7532755244147281,11.0,1.0408882492356126,2.0,0.0728726079909689,Li63O72Cr16,O,1.879694843183844,2.7225517630204576,2.589116150268002,1.0515371288918975,1.803364841291494,0.4985334906098697,10.0,1.313391483716179,2.0,0.3013004127553824,8.843063967005667,2.370546789080663,,9.854019729063028,0.8849999999999999,10.089829002336796,10.611038919112167,0.521209916775371,0.0,0.7532755244147281,-0.004238257187188843,7.8010649787873145,8.235890359580628,0.43482538079331334,0.042448730254252366,0.7532755244147281,-0.13420920550473925,0.964,1.0011764705882353,0.037176470588235366,0.4518647703993894,0.7532755244147281,-0.0031904713242004723,,,,,,,8.534884115469023,10.319422315401024,1.7845381999320011,0.4985334906098697,0.0,0.028543895966589794,7.337499384232991,8.142411389634356,0.8049120054013645,0.25220129197749425,0.0,-0.0011446523512481654,0.8850000000000001,1.0166666666666666,0.1316666666666665,0.4985334906098697,0.25220129197749425,0.008645972029926785,-1.5165309206387152,-1.3485514527306328,0.16797946790808238,0.25220129197749425,0.4985334906098697,0.0013436209057767767
nebDFT2k:mp-770876_2_3_0_1_0,0.9109643816947935,0.2091472438381871,10,1.0835572123527526,0.3036733567069953,10,0.7295244924122029,0.0,10,0.9591969966888428,0.1716154050170693,10,1.0284104210421674,0.1174460393473737,0.0551467913105852,0.0622992480367885,0.2988859286299645,0.0692134243533246,0.2296725042766398,3.621047569272135,3.582821794275749,1.010669181218407,1.9582382703371597,0.4998154583185056,10.0,1.1982654396260313,1.0,0.2975374015358933,Li47B32O96Ni16,O,1.078933826100147,3.9058879452972097,3.6983780446477894,1.056108352943995,1.9327112196299572,0.5042763439137948,10.0,1.3753588431378594,2.0,0.5048564708509445,9.114366876148695,3.582821794275749,,11.370651235259793,0.7969230769230768,10.266656840798206,11.373677092922017,1.107020252123812,0.49981545831850566,1.0,-2.71727242457942e-05,6.539053718196358,8.524516755554599,1.9854630373582403,0.0,0.49981545831850566,0.0007833699917907389,0.7933333333333333,0.9161904761904763,0.122857142857143,0.49981545831850566,0.016808097827182632,-3.53155983549569e-05,,,,,,,8.654281039531641,11.322862986999565,2.668581947467924,0.5042763439137948,0.0,-0.0010632124141221055,6.016936760736331,8.785893798916613,2.7689570381802815,1.0,0.5042763439137948,-0.016439648825937958,0.7933333333333333,0.89,0.09666666666666668,0.5042763439137948,0.0,0.0004360368237801282,-1.682862662136695,-0.9774806254466522,0.705382036690043,1.0,0.5042763439137948,-0.00022001164869844825
nebDFT2k:mp-770921_0_4_0_1_0,0.4454155772924423,0.0653749915831252,10,0.5573411822319031,0.0621897399731389,10,0.5062516547566216,0.0,10,0.4439700603485107,0.0467404140445553,10,0.372565446213116,0.0728501310793262,0.184775736018787,-0.1119256049394608,0.1336862085435055,0.0714046141353946,0.0622815944081108,3.304002609193759,2.9973538006388503,1.1023065106593524,2.0055272622883766,1.0,9.0,0.8010728231316901,2.0,0.1347172675242334,Li31B16O64Ni16,O,0.5194807537296713,3.770156433356418,3.09151370031003,1.2195179445519944,1.9584802598267856,0.7537119394119668,10.0,0.911894444160786,3.0,0.2758610901053808,12.08325968350626,2.9973538006388503,,13.717078882279905,0.85,12.161440804577229,14.735427558820806,2.5739867542435775,0.20960020828551537,0.621059035167828,-0.40928811221798345,6.036283901547677,7.840764797963239,1.804480896415562,1.0,0.621059035167828,-0.13914198978044334,0.8504761904761905,0.908235294117647,0.05775910364145653,0.621059035167828,0.0,0.008384513879581501,,,,,,,11.750406513442435,12.865318901953856,1.1149123885114207,1.0,0.25084004384187814,0.282569219110532,5.9483193612557175,8.108851180446626,2.1605318191909086,1.0,0.25084004384187814,0.44735162534149797,0.8378947368421052,0.869,0.031105263157894747,0.5061288950581334,0.25084004384187814,0.0015693460192710562,-1.6810430699419237,-1.2597457148096236,0.42129735513230004,1.0,0.5061288950581334,0.03685553097778893
nebDFT2k:mp-770939_10_1_1_0_1,0.3406109273433685,0.0421850155031644,10,0.3606626719236374,0.0468241250127206,10,0.4042443477754133,0.0,10,0.2517538130283355,0.0450555084390215,10,0.3347178424672137,0.0058930848761548,0.0259448294564236,-0.0200517445802688,0.0695265053081996,0.0829640294388781,-0.0134375241306785,3.3920639449982586,3.3245212005607123,1.0203165329269537,2.1040369043151927,1.0,8.0,0.6661375787612323,2.0,0.0794000139728331,Li11C4O28Fe4As4,O,0.2638818107767076,3.913098550067093,3.6430484541421166,1.0741275059402329,2.0814865370151043,1.0,8.0,0.7376586563765513,3.0,0.108426475256666,13.069722325163163,3.3245212005607123,-0.23739075760326905,15.169151410634687,0.7855555555555555,13.219340455876953,15.170876092102846,1.951535636225893,0.0,0.5283785369112921,-0.39458210540201666,7.133262068756401,8.137592276685973,1.0043302079295726,1.0,0.5283785369112921,0.055069890880700356,0.7822222222222223,0.893157894736842,0.11093567251461978,0.5283785369112921,0.0,0.01442690424107762,-1.803937516169995,-1.4042771129827392,0.39966040318725593,0.0,0.7714195922627645,-0.10454240479840327,12.395008719846128,12.910432417366946,0.5154236975208182,0.24497205107100412,0.744158432259143,-0.1586811318084438,7.121727036567813,8.233548235069227,1.1118211985014144,1.0,0.4912474067911107,0.06142924114543602,0.7586666666666667,0.8716666666666666,0.11299999999999988,0.4912474067911107,0.0,0.009580184789184099,-1.8246396029213239,-1.3059076561822587,0.5187319467390652,0.0,0.4912474067911107,-0.08966175231745366
nebDFT2k:mp-770939_10_9_1_0_0,0.3671183168888091,0.0419374896535629,10,0.3277351111173629,0.0618705812041544,10,0.6553563356924234,0.0,10,0.3242905646562576,0.0929399255540687,10,0.400687633708685,0.0335693168198758,0.072952522591322,-0.0393832057714462,0.2546687019837383,0.0763970690524273,0.1782716329313109,3.5738786467966692,3.2604976565487034,1.0961144657222923,1.9482425065860896,0.4954387426684264,8.0,0.8857440080601728,1.0,0.2529843119422151,Li11C4O28Fe4As4,O,0.8930912328647655,4.243789856627867,3.570054503791644,1.1887185061518444,1.850062080111623,0.4998358088101287,9.0,1.0699590930303309,2.0,0.4416922399649348,12.515067013856028,3.2604976565487034,-0.3030508430356362,12.605348592812287,0.7893333333333333,12.544589078621069,13.710021151663561,1.165432073042492,0.0,0.49543874266842647,0.00036597756598411024,6.479989953960968,7.219348223891807,0.7393582699308396,0.49543874266842647,0.0,-0.016775363410673982,0.8111111111111111,0.9163157894736844,0.1052046783625733,0.49543874266842647,1.0,-0.0044284522484178135,-1.8604153209084828,-1.5726503236401037,0.2877649972683791,1.0,0.49543874266842647,0.003359400874483165,10.675643155830631,12.551279210574835,1.875636054744204,0.4998358088101287,1.0,-0.03825467578806041,7.113975374504405,7.854784036389596,0.7408086618851906,0.4998358088101287,0.7463945292169293,-0.014970037827963356,0.7586666666666667,0.8961904761904762,0.1375238095238095,0.4998358088101287,1.0,-0.0004893195167725017,-1.8302043325160615,-1.3695101110768129,0.46069422143924865,1.0,0.4998358088101287,0.003330235279063176
nebDFT2k:mp-770939_11_0_0_0_1,0.3407078832387924,0.0421990448955687,10,0.3608538895845413,0.0468153096832336,10,0.4068381938193591,0.0,10,0.2566025227308273,0.0448108447601051,10,0.3360641026991402,0.0046437805396521,0.0247897868854011,-0.0201460063457489,0.0707740911202188,0.0794615799683128,-0.008687488848094,3.3928728431483437,3.325534680530456,1.0202488228470816,2.10397730909995,1.0,8.0,0.6661023478847579,2.0,0.0979163043974167,Li11C4O28Fe4As4,O,0.2703811913273324,3.9088232430957057,3.6440351809941345,1.0726634208919283,2.081182814690127,1.0,8.0,0.7377557404491304,3.0,0.1083941728802436,13.072216937644018,3.325534680530456,-0.2373360689815536,15.161372713806747,0.7855555555555556,13.221037328785075,15.166951330031257,1.945914001246182,0.0,0.5279194937939731,-0.3950585400236415,7.135089334558852,8.135140932351279,1.0000515977924263,1.0,0.5279194937939731,0.053880584599579784,0.7822222222222223,0.893157894736842,0.11093567251461978,0.5279194937939731,0.0,0.014387778353036562,-1.8040059785637867,-1.403709204874969,0.40029677368881766,0.0,0.7715767755238574,-0.10483423510396928,12.403060748593758,12.910753905020115,0.5076931564263578,0.24432937865701032,0.7510129195359162,-0.1567790373773006,7.123883289185779,8.23034544347116,1.1064621542853814,1.0,0.49703070714722897,0.06328027053281104,0.7586666666666667,0.8716666666666666,0.11299999999999988,0.49703070714722897,0.0,0.012202206746180166,-1.8242046276607051,-1.3021483811631824,0.5220562464975227,0.0,0.49703070714722897,-0.0892422802074897
nebDFT2k:mp-770939_2_10_0_0_0,0.399482324719429,0.0466164355913221,10,0.3918932497501373,0.0637658112653118,10,0.630751654918706,0.0,10,0.3992564737796783,0.0674042506243117,10,0.4796693343782009,0.0801870096587719,0.0877760846280636,-0.0075890749692917,0.151082320540505,0.0804128605985226,0.0706694599419824,3.5479535655202774,3.328155180325251,1.0660421084011913,2.081008992012591,0.0,7.0,0.6760316796858675,2.0,0.0979666379121726,Li11C4O28Fe4As4,O,0.8314394690492988,3.948528414102992,3.3457539951092254,1.18016101000698,1.9570986364711571,0.5076581429234466,11.0,0.9824436076403544,4.0,0.3532114270450808,13.284561849451386,3.328155180325251,-0.24024160286646395,14.592760878982915,0.8038888888888889,12.811375141498049,14.623055118097406,1.8116799765993576,1.0,0.3928360911971378,0.2071169238509949,6.906722685510201,7.790879127757312,0.8841564422471109,1.0,0.3928360911971378,0.1991522079064696,0.821875,0.9305555555555556,0.10868055555555556,0.3928360911971378,1.0,-0.020319080315752303,-1.8896858662179548,-1.3288658323751037,0.5608200338428511,1.0,0.3928360911971378,0.13068107110111493,12.217668265264116,12.749380455759944,0.5317121904958277,0.7553508307977324,0.0,0.054230477302605884,7.1702921497437515,8.097980077315063,0.927687927571311,1.0,0.5076581429234466,0.060418655445708236,0.8078571428571427,0.8727777777777778,0.06492063492063505,0.2538496823304877,0.0,-0.002329309031658955,-1.817219550874413,-1.1259113018699956,0.6913082490044173,1.0,0.5076581429234466,0.0920128671136059
nebDFT2k:mp-770939_2_5_0_0_1,0.3407687067985535,0.041479736482359,10,0.3567233800888061,0.0451280763699284,10,0.4029560906477153,0.0,10,0.3428630083799362,0.0593799948794369,10,0.3350597291490373,0.0057089776495161,0.0216636509397687,-0.0159546732902526,0.0678963614986779,0.0078032792308988,0.0600930822677791,3.3937942793499705,3.3268880317501672,1.0201107602544128,2.1039978219650184,0.0,8.0,0.6660900048845593,2.0,0.0985406279108023,Li11C4O28Fe4As4,O,0.2606538345675928,3.895280648342205,3.645270759385553,1.0685847240051911,2.0812931356323876,0.0,8.0,0.7376406852541024,3.0,0.1082217242581401,13.464199439543455,3.3268880317501672,-0.2707296382395229,14.797717027032668,0.78,13.21682464165558,15.155430081945044,1.9386054402894644,1.0,0.4715166180326041,0.39953274379082604,7.135188102171168,8.13219850355641,0.9970104013852419,0.0,0.4715166180326041,-0.05201937416742908,0.7822222222222223,0.893157894736842,0.11093567251461978,0.4715166180326041,1.0,-0.014427777805318787,-1.8039926997081812,-1.402821868951887,0.4011708307562942,1.0,0.22879174843629363,0.10498942318827587,12.414353356144808,12.915677933490226,0.501324577345418,0.756833977112,0.26046015429475267,0.15406119586105405,7.124178974143065,8.226802922282632,1.1026239481395672,0.0,0.5120303635133512,-0.0674196113445249,0.79125,0.8716666666666666,0.08041666666666658,0.5120303635133512,1.0,-0.009724830477539359,-1.8244930710836267,-1.309264424409984,0.5152286466736427,1.0,0.5120303635133512,0.09011704545878962
nebDFT2k:mp-770939_2_6_0_0_1,0.3395513296127319,0.0413133012523339,10,0.3561345547437667,0.0451125924250537,10,0.4061283743772818,0.0,10,0.3453326493501663,0.05964046031427,10,0.3225223416537943,0.0170289879589375,0.0336122130899724,-0.0165832251310348,0.0836060327234874,0.0228103076963719,0.0607957250271155,3.4628564818186116,3.3901224998342077,1.0214546766342398,2.101876068016093,0.0,8.0,0.6680341134933316,2.0,0.1078717908354304,Li11C4O28Fe4As4,O,0.2686026020825851,3.928380835725728,3.679528784749176,1.067631499992061,2.0812931378505604,0.0,8.0,0.737640682363176,3.0,0.1090438473665154,13.458924697599025,3.3901224998342077,-0.2703280109694781,14.762509357917093,0.78,13.226647998082825,15.039371210761724,1.8127232126788986,1.0,0.4681775053004186,0.39875847393129504,7.133427686547568,8.081359622952332,0.947931936404764,0.0,0.4681775053004186,-0.06152632346254938,0.7894117647058824,0.9061111111111111,0.11669934640522872,0.4681775053004186,1.0,-0.008177191658952532,-1.8208545809606351,-1.4103738694530077,0.41048071150762744,1.0,0.4681775053004186,0.10929049092648013,12.478807830374267,12.93138822023314,0.4525803898588734,0.7546035892322146,0.2575015714398864,0.1367064679131289,7.114749179549834,8.274706106664746,1.1599569271149122,1.0,0.508350976392901,-0.08232962053584059,0.79125,0.8770000000000001,0.0857500000000001,0.508350976392901,1.0,-0.008369532152337378,-1.8368550363770753,-1.30604049984862,0.5308145365284553,1.0,0.508350976392901,0.09322012252352707
nebDFT2k:mp-770939_2_9_0_0_0,0.3880297541618347,0.0424360844778643,10,0.3169924587011337,0.0406565250030729,10,0.475197103325133,0.0,10,0.3401855587959289,0.0427364544008543,10,0.1330378203438157,0.254991933818019,0.1839546383573179,0.071037295460701,0.3421592829813172,0.2071477384521131,0.135011544529204,3.3536073366337513,3.078358987905281,1.0894139864161092,2.06948142815084,0.5130304746972205,8.0,0.7508068754194696,1.0,0.1561753109807998,Li11C4O28Fe4As4,O,0.4416675974502966,4.298071413782686,3.310944783865044,1.298140468765328,2.031218224962931,0.5004456192491291,8.0,0.8527271719570428,2.0,0.2244603159630935,13.287083686930908,3.078358987905281,-0.2811631921100357,14.278745432645053,0.8243750000000001,13.20183558694682,14.616663220528165,1.4148276335813463,1.0,0.28021347005035546,0.2740894234462914,7.199905540800429,8.037633146642298,0.8377276058418692,0.0,0.5130304746972205,-0.13219406538030487,0.78,0.8557894736842107,0.07578947368421063,0.28021347005035546,1.0,-0.010525078314828296,-1.8463099814627795,-1.4679324073427862,0.3783775741199933,1.0,0.0,0.0880244475083769,12.0651939567855,12.753355955881322,0.6881619990958221,0.7516407422588994,0.0,0.17742665099059973,7.091916985294533,8.096462035205711,1.0045450499111777,1.0,0.7516407422588994,-0.017524125381415345,0.7870588235294118,0.8770000000000001,0.0899411764705883,0.24918342118355868,1.0,-0.006222764840858763,-1.8396352487192082,-1.238543610077372,0.6010916386418363,1.0,0.5004456192491291,0.0767893507750973
nebDFT2k:mp-770939_3_11_1_0_0,0.3996138989925384,0.0466525159860133,10,0.3918834000825882,0.0637629845939921,10,0.6299092689825471,0.0,10,0.3977546095848083,0.0686885874977895,10,0.4799911683378042,0.0803772693452657,0.0881077682552159,-0.0077304989099502,0.1499181006447428,0.0822365587529958,0.067681541891747,3.5466940900718154,3.326803030239765,1.06609680760577,2.0813171182251815,0.0,7.0,0.6756994115042967,2.0,0.0981197974327057,Li11C4O28Fe4As4,O,0.8293287089360029,3.949079254807312,3.3470159143806404,1.1798806327271625,1.958548952167656,0.501137259312952,11.0,0.9811436153522524,4.0,0.3517820475034003,13.289067028012509,3.326803030239765,-0.24016061393512997,14.59386133787115,0.8038888888888889,12.814143369548923,14.6195390218645,1.8053956523155765,1.0,0.3928229703169738,0.20437186285440223,6.908370055479762,7.792433012676403,0.8840629571966412,1.0,0.3928229703169738,0.1973016364701441,0.821875,0.9305555555555556,0.10868055555555556,0.3928229703169738,1.0,-0.020318802299933825,-1.8893730242097568,-1.3289648861129284,0.5604081380968284,1.0,0.3928229703169738,0.13026509900916772,12.210735091541553,12.7503628839082,0.5396277923666482,0.7522055952709272,0.0,0.05829449272924769,7.171556421031732,8.100512458730474,0.9289560376987422,1.0,0.501137259312952,0.06782339722068986,0.7979999999999999,0.8727777777777778,0.07477777777777783,0.24997673452447725,0.0,-0.004993584255453487,-1.8168295995640023,-1.1225205208281268,0.6943090787358754,1.0,0.501137259312952,0.0918509874465876
nebDFT2k:mp-770939_8_11_0_0_0,0.3680748045444488,0.0425110278925856,10,0.3402157127857207,0.0623606946727866,10,0.6548256965210121,0.0,10,0.3228358328342437,0.0940760174894702,10,0.3915768896327876,0.0235020850883387,0.0513611768470668,-0.027859091758728,0.2632488068882245,0.0687410567985438,0.1945077500896806,3.5931980576570326,3.2757781779699435,1.096899076323843,1.9483607473120097,0.5003362415489219,8.0,0.8857054058825301,1.0,0.2541919987399772,Li11C4O28Fe4As4,O,0.8917616142784506,4.244597725180067,3.5684780458294574,1.1894700403553842,1.849755776869959,0.5014850789343821,9.0,1.0697855078516176,2.0,0.4412434714445611,12.35366032132816,3.2757781779699435,-0.3252520888823969,12.571654032422305,0.7875000000000001,12.571654032422305,13.702021241557366,1.130367209135061,0.0,0.5003362415489219,0.0035752246223799133,6.487165670959345,7.237108934689494,0.7499432637301489,0.5003362415489219,1.0,0.004934150779050128,0.8111111111111111,0.9011111111111111,0.08999999999999997,0.5003362415489219,0.0,0.0021532290775871377,-1.8598023949408258,-1.5705628289098323,0.28923956603099343,0.0,0.5003362415489219,-0.0017600823335863769,10.675109073297264,12.54766185111,1.8725527778127358,0.5014850789343821,0.0,0.03709412955590263,7.109625046840562,7.874342221039289,0.7647171741987266,0.5014850789343821,0.2494265497611124,0.016916299720740824,0.7586666666666667,0.8961904761904762,0.1375238095238095,0.5014850789343821,0.0,0.0006843136306782793,-1.8302021480729174,-1.3706981805251082,0.4595039675478092,0.0,0.5014850789343821,-0.0027124725932119453
nebDFT2k:mp-771011_2_1_1_-1_0,0.7045374572277069,0.1389250148546694,10,0.4635541826486588,0.0660680541790518,10,0.55197358208589,0.0,10,0.5783895045518875,0.071577630251571,10,0.6420322120438584,0.0625052451838484,0.1784780293951996,-0.1159727842113511,0.0900586299579684,0.0636427074919708,0.0264159224659975,6.38919179993546,5.281696419181463,1.2096855428365632,2.0890933292212424,0.1558947257084206,7.0,0.7127668655390915,2.0,0.206264653123562,Li15C8O56S8Fe8,O+S,0.6340458436333398,6.42205878400557,5.160514050014817,1.2444610598409531,2.087236037099544,0.0,7.0,0.6517762989114537,5.0,0.2299862900582452,14.087691224771477,5.281696419181463,-0.11073522233219156,17.961108454452894,0.7728571428571429,14.087691224771483,17.245955570100044,3.1582643453285613,0.0,0.6189202283635237,-0.19235869805392802,6.57507505215557,8.704623397783244,2.1295483456276747,1.0,0.6189202283635237,-0.050817899756289364,0.7505882352941178,0.8109523809523809,0.06036414565826309,0.1558947257084206,0.4678800206777012,-0.005737633085818095,-1.8329299904216398,-1.3421574243673544,0.49077256605428543,1.0,0.31250957607638485,0.03158378471126755,13.703639290492823,15.709501693529424,2.0058624030366,1.0,0.4842723742521996,-0.02457386275584028,6.753789921234423,11.055360347437281,4.301570426202858,1.0,0.4842723742521996,0.5056512161415094,0.7736842105263159,0.8157142857142856,0.04203007518796975,0.1605855589111859,0.3211325799765901,-0.00398518171422052,-1.8040485462598068,-0.9415474095083037,0.8625011367515031,1.0,0.4842723742521996,0.10792690575967834
nebDFT2k:mp-771011_3_0_1_-1_0,0.7191946387290955,0.1480028151608521,10,0.5223037123680114,0.0746638833483244,10,0.5459431959777739,0.0,10,0.5479029566049576,0.0599321100951403,10,0.6453012271009015,0.0738934116281939,0.1229975147328901,-0.0491041031046961,0.0993580311231276,0.0973982704959439,0.0019597606271837,6.213961421519809,5.282009648089883,1.176438862387717,2.107890891555959,0.8019383628917454,8.0,0.7297683170361428,2.0,0.2196516653337983,Li15C8O56S8Fe8,O+S,0.6189355504548653,6.45388584756691,5.162170227729301,1.2502272421972802,2.087357176356781,1.0,7.0,0.6514918343454718,5.0,0.2462798396397022,14.105991650014554,5.282009648089883,-0.13777406640610323,17.10716007475586,0.7653333333333333,14.085999087712981,17.052579680721806,2.9665805930088247,1.0,0.3927952119506698,0.17927666111290286,6.575819023306097,8.746171914450953,2.170352891144856,0.0,0.5999375010223397,-0.0030566696679938943,0.7463157894736842,0.8257894736842106,0.07947368421052647,0.8019383628917454,0.12581655182893275,0.011227560647685098,-1.8327219017304226,-1.3050923034557391,0.5276295982746835,0.0,0.5999375010223397,-0.040558373034285555,13.701678614232511,15.676895213907843,1.9752165996753313,0.0,0.49796711404872934,0.02615860231860001,6.751186360500983,10.92680157188041,4.175615211379427,1.0,0.49796711404872934,-0.49805954822975185,0.7736842105263158,0.8157142857142856,0.04203007518796986,0.8324257750291135,0.6644997972154147,0.004373995280177678,-1.8044140577720165,-0.9410329577337585,0.863381100038258,0.0,0.49796711404872934,-0.10697777192978453
nebDFT2k:mp-771019_2_5_1_1_0,0.476364916563034,0.0843243214323897,10,0.6372968345880509,0.1713914562063657,10,0.5286717592002321,0.0,10,0.4639106571674347,0.1202683287454068,10,0.0958504222337807,0.3805144943292533,0.5414464123542702,-0.1609319180250168,0.4328213369664514,0.3680602349336539,0.0647611020327975,3.469438236865102,3.342645971846948,1.037931706224963,2.039358513546421,1.0,10.0,0.8021622003852951,1.0,0.1186227290901894,Li31B16O64Co16,O,0.5756586410425635,3.7213710443087527,3.523492622731292,1.0561597377275256,1.9835406896787096,0.0,8.0,0.8140637150403379,2.0,0.2660457536029293,11.027470841837207,3.342645971846948,-0.3509377705894782,12.353675850640085,0.7933333333333334,12.308833211346247,12.50116410753138,0.19233089618513333,0.5001077067870697,0.7786614725659448,-0.0010430276937229976,6.590002393461088,8.02579550285686,1.4357931093957728,0.0,0.5001077067870697,-0.0006440626800077176,0.7933333333333333,0.8833333333333333,0.08999999999999997,0.5001077067870697,0.0,2.9699821123774228e-05,-1.6185940889680284,-1.3711066424144271,0.24748744655360122,0.0,0.5001077067870697,1.7831276087121317e-05,10.468925689303147,11.813673169625648,1.3447474803225017,0.5021473625842151,1.0,-0.0005681547372233808,6.090205602322443,8.720347521625177,2.6301419193027344,0.0,0.5021473625842151,0.0002725388126001427,0.7933333333333333,0.8715789473684211,0.07824561403508778,0.5021473625842151,0.0,0.0034883085932501667,-1.6657792822457058,-1.1175889298314055,0.5481903524143004,0.0,0.5021473625842151,0.00010709926893004429
nebDFT2k:mp-771821_0_2_0_0_0,0.4858312457799911,0.0735633905615847,10,0.2876532852649688,0.1084882449932884,10,0.8045486935367225,0.0,10,0.5794676870107651,0.1784778889144749,10,0.1138739290889816,0.3719573166910095,0.1737793561759872,0.1981779605150223,0.6906747644477409,0.4655937579217835,0.2250810065259574,2.8497697791689864,2.7347064627370377,1.042075198197611,2.1013844150413084,0.500029497418807,5.0,0.6115639420698019,2.0,0.0259801052101936,Li15O64Co16Nb16,O,1.2669214033709637,3.385428133986939,2.9834472548887105,1.1347370490426931,1.8825702115515952,0.4976047169617654,6.0,1.1429985568342549,3.0,0.401094256456263,11.16181181644668,2.7347064627370377,-0.5765922648478335,12.822675960241815,0.7600000000000001,11.532743912619834,13.467400725756477,1.9346568131366428,0.0,0.500029497418807,-0.00016842783166204356,6.342792180872369,6.622574334729404,0.27978215385703553,1.0,0.24177414776632888,1.2764938715825735e-05,0.79,0.9764705882352942,0.18647058823529417,0.0,0.500029497418807,1.411997726574743e-06,-1.9355348554975487,-1.898554759851128,0.036980095646420574,0.0,0.500029497418807,1.4190691801641009e-06,9.341202371517628,10.401451480595243,1.0602491090776152,0.4976047169617654,1.0,-0.001991537385072739,6.135984513814732,6.878936895220394,0.7429523814056624,1.0,0.7514152365949861,-0.0004242865059804757,0.7076923076923077,0.7600000000000001,0.05230769230769239,0.0,0.24564145417927058,7.697885667329318e-05,-1.9720839739322078,-1.301219290562526,0.6708646833696819,1.0,0.4976047169617654,0.0007266654638720116
nebDFT2k:mp-771906_1_0_1_0_0,0.4120748251676559,0.046668581902515,10,0.4064711540937423,0.0692738762937831,10,0.4181872782326013,0.0,10,0.4335219740867614,0.1399274041363562,10,0.4369984251856635,0.0249236000180076,0.0305272710919212,-0.0056036710739135,0.0188111469530622,0.0034764510989021,0.0153346958541601,3.0082181251570965,2.8885416064029403,1.0414314678690704,2.007695146533781,0.0,6.0,0.7420499889568914,4.0,0.1220916925618232,Li47O96Al24Co24,O,0.298818506901628,3.2980621350849195,3.0342799548027273,1.086934028570657,1.997645612951238,1.0,5.0,0.7146181514471105,4.0,0.1248185136567966,12.397136884942187,2.8885416064029403,,14.60079793330393,0.9089473684210528,12.874986291868241,13.813072314836303,0.9380860229680614,1.0,0.7623846164371231,0.0033800260795704418,6.101118926185436,7.446192632402947,1.3450737062175104,1.0,0.5031027466531872,0.037456321203696685,0.9227777777777777,0.9840000000000002,0.06122222222222251,0.5031027466531872,1.0,-0.007281812520139819,,,,,,,11.353662685795568,12.503101126315958,1.14943844052039,0.4982635252101197,0.0,0.08035749606751974,5.859294538361758,7.145599452335864,1.2863049139741056,1.0,0.25028936627793363,0.08736220617102042,0.879375,0.9590000000000002,0.07962500000000017,0.4982635252101197,1.0,-0.0006591956270372568,-1.738704520110442,-1.2854416343134614,0.4532628857969807,0.0,0.4982635252101197,-0.0011595163097768424
nebDFT2k:mp-772502_1_2_0_0_0,1.3857452511787414,0.1814323471168751,10,1.0408777177333832,0.1400654199614318,10,1.1696124219404949,0.0,10,1.2886842489242554,0.1036566925666901,10,1.4095782031162116,0.0238329519374702,0.3687004853828284,-0.3448675334453581,0.2399657811757167,0.1208939541919562,0.1190718269837605,4.866945962483257,4.683464472923691,1.0391764452619037,2.019589686105276,0.7208401144973425,7.0,0.8112688469664813,3.0,0.1679272167764308,Li15O96Si32Fe16,O,2.181658845735378,5.191131288866593,4.836316333264197,1.0733647121388603,1.8571506339048856,0.6692538453490995,8.0,1.1194622257337985,2.0,0.3850179378844273,12.212230867683523,4.683464472923691,-0.21568040399682048,12.606663322552944,0.6900000000000001,10.734091953459261,13.049061932989774,2.314969979530513,1.0,0.5585943292261479,0.32401940928233675,6.632265920123334,8.438464595426044,1.80619867530271,1.0,0.18212714137796734,0.35179575487933334,0.69,0.8270588235294118,0.1370588235294119,0.0,0.8785490525162666,-0.017109624786740718,-1.9985313135705474,-1.5322133099108217,0.46631800365972564,0.0,0.5585943292261479,-0.03996108555295996,10.357693033254598,12.280547300317846,1.9228542670632471,0.8345374152759638,0.17305691672412468,0.656580783852899,6.408304584250824,8.588642100767968,2.1803375165171444,1.0,0.17305691672412468,0.6085157375059036,0.7107692307692308,0.8157142857142857,0.1049450549450549,0.0,0.8345374152759638,-0.005183226060703483,-1.9931544809279471,-1.0623719495134163,0.9307825314145308,1.0,0.5048977061331549,-0.020568497170245448
nebDFT2k:mp-772542_0_2_0_0_0,0.4282382667064667,0.0644272844396775,10,0.3217108517885208,0.0462269998646402,10,1.1206995309941332,0.0,10,0.6359015345573426,0.1792102647540008,10,0.2468707869637113,0.1813674797427553,0.0748400648248094,0.1065274149179458,0.8738287440304219,0.3890307475936312,0.4847979964367906,2.6290493668172203,2.6157074162595864,1.0051007044880855,2.0146134511748226,0.5000151412216526,5.0,0.7828773575441581,2.0,0.0558273992695833,Li15C8O56Si8V8,O,2.059098182262841,3.1131658548292145,3.0330488202749226,1.0264146867728392,1.8340565249729963,0.500340379574995,6.0,1.0505766731430994,2.0,0.365588492308163,10.683990200958842,2.6157074162595864,,13.164668898063107,0.7313333333333334,12.41235623967661,15.22203488913517,2.8096786494585597,0.0,0.5000151412216526,-0.00043155234655767316,5.972506394339741,6.562205866248957,0.5896994719092152,0.5000151412216526,1.0,-0.0001064714346412643,0.7229411764705883,0.7408333333333333,0.017892156862745034,0.5000151412216526,0.0,1.0191699650885511e-07,-1.8283229312896694,-1.7893233774072845,0.03899955388238485,0.0,0.7762376788401892,-0.01035731466497869,11.397838494120736,12.299612076624985,0.9017735825042497,0.500340379574995,0.0,0.00013989439905248702,5.384466888238313,6.728773957056069,1.3443070688177565,0.500340379574995,0.0,-0.00038527469832017047,0.7313333333333334,0.8492307692307691,0.11789743589743573,0.500340379574995,1.0,-0.0016717070246455856,-1.8872023578607695,-1.7893631971734203,0.09783916068734921,1.0,0.7477039012469131,-0.0001137793604255588
nebDFT2k:mp-772613_0_1_0_0_0,0.6833179354667663,0.0919624390821162,10,0.5504837542772293,0.0718027833476838,10,0.6764005884465241,0.0,10,0.8177599221467972,0.1736969777679808,10,0.4315532160913164,0.2517647193754498,0.1189305381859128,0.132834181189537,0.2448473723552076,0.3862067060554807,-0.1413593337002731,3.4841432670415946,3.4819993564575644,1.0006157125158723,1.9507561755724372,0.0,4.0,0.7372749749553955,5.0,0.1066451000377348,Li15O64Cr24Ni8,O,0.9458216589329104,3.5149419435190588,3.511679195011275,1.0009291134886178,1.896132211512395,1.0,7.0,0.9350803822542229,7.0,0.2458652200739655,10.965102918087974,3.4819993564575644,-0.49383379619270024,11.172705230497815,0.7694117647058824,10.467496599989532,11.762857993554114,1.2953613935645816,0.48962483550406577,1.0,-0.039164159464635695,5.762393595438811,7.284679307620313,1.5222857121815023,0.0,1.0,-0.345124150641535,0.7288888888888889,0.93,0.20111111111111113,0.0,0.20734891791575608,-0.005869260634463136,-1.983186978843413,-1.806755560746021,0.17643141809739205,0.20734891791575608,1.0,-0.048234574090807336,10.53260585584799,11.908468322821802,1.3758624669738122,0.4999224463206199,0.0,0.31698560351486993,5.712207606068197,7.014173274012534,1.3019656679443372,0.0,0.7499036140562908,-0.28083305209752174,0.7288888888888889,0.9468749999999999,0.217986111111111,0.0,0.7499036140562908,-0.03203846215730777,-1.8924111344704588,-1.636841599806148,0.25556953466431076,0.0,0.4999224463206199,-0.05643497724679003
nebDFT2k:mp-772658_3_3_1_0_0,1.41910617351532,0.5212036383882392,10,0.8545012414455414,0.1351586459116086,10,1.005878738334525,0.0,10,1.1527736902236938,0.1349567259682819,10,1.7210608815584578,0.3019547080431379,0.8665596401129164,-0.5646049320697785,0.7151821432239329,0.568287191334764,0.1468949518891689,6.815861019375834,5.023898382073052,1.3566876757892046,2.05157092941915,0.6977113117852671,10.0,0.8380158013051269,4.0,0.1291337578660805,Li17O96V24Mn14,O,1.7713925844842044,7.162810056860545,5.024009,1.425716008243724,1.9509939911685188,0.1706935719834948,8.0,0.8860880133162445,6.0,0.1896354561273008,7.986980030665123,5.023898382073052,-0.18737362167581578,10.45573416876513,0.7220000000000001,10.455734168765124,12.597073701218415,2.1413395324532907,0.0,0.20397559904879117,0.09489386975507763,6.162691544218126,8.735704018230374,2.5730124740122475,1.0,0.42137581460026957,0.21754034362800345,0.7163636363636364,0.9075,0.19113636363636355,0.01007564349237987,0.42137581460026957,-0.018119854275689018,-1.9679412404009926,-1.4428811230793128,0.5250601173216798,0.01007564349237987,0.42137581460026957,0.02321599138887287,9.773207171118921,11.963599731788905,2.1903925606699843,0.0,0.5043705601151787,0.15041235248913232,5.984940080264526,10.93459474729606,4.949654667031535,0.0,0.5043705601151787,0.1345602111891484,0.7163636363636364,0.94625,0.2298863636363636,0.0,0.6698307875606561,-0.021626888791409726,-1.9807726380162156,-0.9519212956330448,1.0288513423831707,1.0,0.5043705601151787,0.052590994332070484
nebDFT2k:mp-772851_6_10_0_1_0,0.8542919337749482,0.1692545880849586,10,0.7855708181858063,0.1797020718559821,10,0.7267635387794902,0.0,10,0.7559578120708466,0.126552405142514,10,0.6534039358624568,0.2008879979124913,0.1321668823233495,0.0687211155891418,0.0733596029170333,0.1025538762083897,-0.0291942732913563,5.0207828352734225,4.649538270790952,1.0798454691328558,2.030278091475182,0.4806195986990689,6.0,0.8315086021151881,3.0,0.2381317009325966,Li11C8O56Na12P8Fe8,O,1.0720157253194502,4.8226492204069755,4.55943240822525,1.057730170910502,2.0618395071513893,0.5088796012248092,9.0,0.9687485996022988,2.0,0.3246003075853201,13.522566204725816,4.649538270790952,-0.23268044001474286,14.324782036757457,0.831764705882353,14.324782036757457,14.85292622007868,0.5281441833212241,0.0,0.8273402755444753,-0.03368858075506864,7.812988127715445,9.697206296043058,1.884218168327613,0.6621394509184468,0.4806195986990689,0.2699738409297545,0.79,0.9333333333333331,0.1433333333333331,0.4806195986990689,0.6621394509184468,-0.034283174041766395,-1.4238845071916915,-1.0969736374227563,0.32691086976893513,0.0,0.4806195986990689,0.024820246028046444,12.423479422677293,14.091604444788837,1.6681250221115445,0.5088796012248092,0.0,0.09028648930689265,8.174865871781641,11.392719287803233,3.217853416021592,1.0,0.5088796012248092,0.31759159073076315,0.79,0.9385714285714286,0.14857142857142858,0.5088796012248092,0.0,-0.006506838008136229,-1.3928614874729026,-0.5372812432916358,0.8555802441812668,0.0,0.5088796012248092,0.007863617027098257
nebDFT2k:mp-772981_0_2_0_0_0,0.8778712570667266,0.2003525606162143,10,0.8577181816101074,1.1210670159661396,10,0.7618172939930248,0.0,10,0.7839942812919617,0.1613630328393441,10,1.1388688040597543,0.2609975469930277,0.2811506224496469,-0.0201530754566192,0.3770515100667295,0.3548745227677926,0.0221769872989369,3.602632876390733,3.414204425137833,1.055189563303695,1.9747905576516391,0.4103543499930096,8.0,0.8568911342057013,7.0,0.2106758937213846,Li3O32Zn6Ge12,O,1.159849656478538,4.033081993487983,3.4348228955947264,1.174174656475169,1.9227126185304528,0.4924066423444141,8.0,0.962370183358238,8.0,0.2839615255695024,9.999269285497274,3.414204425137833,-0.2539379139325806,11.585102414740263,0.8188235294117646,9.999269285497274,11.982501721093843,1.9832324355965696,0.0,0.7119197750363448,-0.39973796467756006,5.471269826715482,7.508053894362392,2.0367840676469093,1.0,0.4103543499930096,0.29090237323270296,0.772,0.8557142857142858,0.08371428571428574,1.0,0.19971064278379727,0.023994084188830034,-1.976791554893415,-1.5859550782915817,0.3908364766018333,0.0,0.4103543499930096,-0.016851730688276056,9.955231502194009,11.83691086568405,1.8816793634900417,0.0,1.0,-0.4888332902270527,5.4890035423063726,7.324893172850042,1.8358896305436696,1.0,0.2465768537268063,0.3591277827337338,0.772,0.8426666666666666,0.07066666666666654,1.0,0.2465768537268063,0.010146465125581872,-1.9662700019193953,-1.3573101850370481,0.6089598168823471,0.0,0.4924066423444141,-0.0065058052733129035
nebDFT2k:mp-772981_1_2_0_0_0,1.7140601217746734,0.3965879624381947,10,1.164497148990631,1.137847669402328,10,1.3535220541769883,0.0,10,1.369044643640518,0.4438656628931549,10,3.0772073401667797,1.3631472183921065,1.9127101911761488,-0.5495629727840423,1.723685285989791,1.7081626965262615,0.0155225894635298,6.172118219856882,5.869780699701077,1.0515074643540263,1.9228876812975324,0.5292905399901744,7.0,1.107099687625525,7.0,0.3917391753102639,Li3O32Zn6Ge12,O,2.642479829933849,6.371111389683551,5.891148418927562,1.0814718857216234,1.8188314649169364,0.4970159104833898,7.0,1.4251902617780836,7.0,0.7233294836012616,8.975485592924453,5.869780699701077,-0.18999802481666941,11.697434541947311,0.772,9.457677810682624,11.69743454194731,2.239756731264686,0.5292905399901744,0.0,-0.21332202760377594,5.435699021354918,7.9807197559162635,2.545020734561345,1.0,0.3520574658077475,0.03173775798265854,0.772,0.8893333333333334,0.1173333333333334,0.0,0.6873138411525554,-0.01020328824808131,-1.7956298975100775,-1.063510745218797,0.7321191522912804,0.0,0.5292905399901744,-0.019244834776183994,7.967217620286238,11.836910841552122,3.8696932212658837,0.4970159104833898,0.0,-0.19232311431448768,5.4890035312426475,8.302589523048917,2.81358599180627,1.0,0.6604406431568286,-0.037997210659027836,0.772,0.8815384615384615,0.10953846153846147,0.0,0.6604406431568286,-0.019155013522933195,-1.7866922108170311,-0.5138819210581941,1.2728102897588371,1.0,0.4970159104833898,-0.02183781763864412
nebDFT2k:mp-774843_0_1_0_0_0,0.6450924515724182,0.105589831377031,10,0.5372163832187653,0.0764786277175591,10,0.6128603570163641,0.0,10,0.5102292656898498,0.0346988860755251,10,0.8201401275254625,0.1750476759530442,0.2829237443066972,-0.1078760683536529,0.2072797705090984,0.3099108618356126,-0.1026310913265142,3.661654866602426,3.645494481085393,1.0044329748956913,1.918670789567548,1.0,8.0,0.9049412929770312,5.0,0.2719496395662409,Li15O64V12Co12Sn8,O,0.7866093782721979,3.5470243781878907,3.5434926544850125,1.0009966787142646,1.9299987404676595,1.0,7.0,0.8653847984530388,6.0,0.2224408116652257,11.701607643319056,3.645494481085393,-0.36727839151947983,12.676776897665917,0.7578947368421053,10.746763380111885,12.757502085217352,2.0107387051054673,0.5445687207775572,0.0,0.47581459574520313,5.7307404817393595,7.0207602220779135,1.290019740338554,0.0,0.7683022378933818,-0.23989141730366192,0.7710526315789474,0.9918750000000001,0.22082236842105263,0.0,0.7683022378933818,-0.019632247669210845,-1.8823318372007947,-1.7874103189995842,0.09492151820121042,0.0,0.5445687207775572,-0.02530174324304446,9.916555308877701,12.093761408379628,2.1772060995019267,0.5003431679040328,0.0,0.23823657622656746,5.541074992741107,6.882293608665287,1.3412186159241797,0.0,0.7497506162885184,-0.390754530474819,0.7636842105263159,0.991875,0.2281907894736841,0.0,0.7497506162885184,-0.029119277247644182,-1.9711338577595554,-1.7963759909644483,0.17475786679510708,0.25027561971927487,1.0,-0.05520603428636739
nebDFT2k:mp-774843_2_0_0_1_0,2.884331560134888,0.4540235397607384,10,3.3858558177947997,0.4924339567731893,10,4.880530168672959,0.0,10,4.3876912832260135,0.4286109781363421,10,3.67574452515413,0.7914129650192421,0.2898887073593301,0.5015242576599119,1.2047856435188296,0.7119467580718837,0.4928388854469459,5.683157486856144,5.269499267117189,1.0785004796034932,1.8761021829757492,0.4189192200057937,7.0,1.088668567689405,4.0,0.4703658471781742,Li15O64V12Co12Sn8,O,11.480077572003148,5.788599849940695,5.188555749430123,1.1156476155385775,1.4727037667819625,0.3360933307805004,10.0,1.943278704205017,6.0,1.2514282581067997,5.16805677220769,5.269499267117189,0.1818201115697819,11.480619852105903,0.8533333333333333,10.168430728794595,12.811905857860536,2.6434751290659406,0.4189192200057937,1.0,-0.5669803924126748,5.841722189680232,7.140240243765171,1.2985180540849388,1.0,0.7431524581345422,-0.2128005050425883,0.7578947368421053,0.9458333333333334,0.18793859649122813,1.0,0.0,0.023421951238566108,-1.8876192645642391,-1.2025842598861516,0.6850350046780875,0.8738026922284408,0.4189192200057937,0.12506441547901748,5.289804566978268,12.036776103468249,6.746971536489981,0.3360933307805004,1.0,-1.17290331181501,5.465890629165145,7.285655274385274,1.819764645220129,0.5029140308000353,0.6691300853941705,-0.25791797339105527,0.7895000000000001,0.9599999999999999,0.17049999999999976,1.0,0.1678038133850519,0.015353346318755456,-1.8661676888299785,-0.03645719198336547,1.8297104968466131,1.0,0.3360933307805004,0.3147765766644084
nebDFT2k:mp-774843_2_3_0_0_0,0.6154512912034988,0.0922197378239449,10,0.6853534281253815,0.0815244929554119,10,0.6247052060030958,0.0,10,0.6544515073299408,0.0915447477671526,10,1.0624137018557749,0.4469624106522758,0.3770602737303932,0.0699021369218826,0.4377084958526789,0.4079621945258338,0.029746301326845,3.660194421603132,3.646283604100076,1.0038150673434767,1.9486644408482825,0.0,7.0,0.8316624813044413,5.0,0.1848017858002554,Li15O64V12Co12Sn8,O,0.8162889274147298,3.514272616572191,3.5097863670969853,1.0012782115507834,1.9323761660352112,0.0,7.0,0.8592305726502717,6.0,0.2277977578036019,11.685592209524955,3.6462836041000757,-0.3164433543563913,11.790672781536127,0.8994444444444445,10.948945137173151,12.44340651821233,1.4944613810391782,0.5334871243643949,0.7860737823310675,-0.26254564162897953,5.790330871912275,6.764002357288732,0.9736714853764568,1.0,0.28610221442903666,0.21076044098486468,0.7636842105263157,0.9636842105263159,0.20000000000000018,1.0,0.7860737823310675,0.014663082265870153,-1.9359615423531693,-1.7965910083634065,0.13937053398976285,0.7860737823310675,0.28610221442903666,0.03588241095198086,10.150830904265801,12.325472188823415,2.174641284557614,0.4999274876641262,1.0,-0.2971325032482035,5.694513328500776,6.805041523418454,1.110528194917678,1.0,0.24996689316769985,0.30509212412317943,0.7636842105263159,0.9235714285714286,0.15988721804511274,1.0,0.24996689316769985,0.018017487120052467,-1.9519685978230858,-1.7647475625609699,0.18722103526211598,0.7496866358835554,0.4999274876641262,0.04871924895911195
nebDFT2k:mp-774843_2_3_0_1_0,0.6423289477825165,0.0977552882723983,10,0.7472542941570282,0.1006972486258449,10,0.663669445481805,0.0,10,0.6952794194221497,0.0901160420726317,10,0.8414992617564678,0.1991703139739513,0.0942449675994396,0.1049253463745116,0.1778298162746628,0.1462198423343181,0.0316099739403447,3.56864923864707,3.5449788794653916,1.0066771509750851,1.9434063137657136,0.0,7.0,0.8406611135315664,6.0,0.2045611910516974,Li15O64V12Co12Sn8,O,0.9139213296264546,3.605502309437232,3.595024085054084,1.0029146465045142,1.932376163703357,0.0,7.0,0.8592305754598525,6.0,0.205836193433643,11.583794471815443,3.5449788794653916,-0.3267187834090074,11.824029275229716,0.8755,11.075487026969927,12.71088738400122,1.6354003570312923,0.5015356944736523,1.0,-0.4669281507554217,5.787207178082819,6.8121338225180015,1.0249266444351823,1.0,0.30329728906564235,0.16209609142930237,0.8019999999999999,0.9484999999999999,0.14649999999999996,1.0,0.7665116807784992,0.0012612725758958665,-1.8894119949646684,-1.745429264130877,0.14398273083379132,1.0,0.5015356944736523,0.019796574848697235,10.77110356059142,12.316382245358374,1.545278684766954,0.4995841698093362,1.0,-0.2790775497410163,5.734507433743176,7.049058786189679,1.314551352446503,1.0,0.25033263669416655,0.2587986665405868,0.7636842105263157,0.9293750000000001,0.16569078947368432,1.0,0.25033263669416655,0.017842645398466583,-1.921667016254526,-1.7269166776679483,0.19475033858657764,0.7497014705977344,0.4995841698093362,0.04637507395463658
nebDFT2k:mp-774843_2_3_1_0_0,0.4755576938390732,0.0471442768775687,10,0.5934615135192871,0.0550105655713552,10,0.5890793057344067,0.0,10,0.5972452044487,0.0647314038279414,10,0.8142358670523606,0.3386781732132874,0.2207743535330735,0.1179038196802139,0.2251565613179539,0.2169906626036606,0.0081658987142932,3.505492530459242,3.483048771072678,1.00644371091584,1.9541494886333788,0.0,7.0,0.8255641995176544,5.0,0.1845717745689379,Li15O64V12Co12Sn8,O,0.7270213766881712,3.6691762436158823,3.646506616585063,1.0062168067727375,1.932376166035211,0.0,7.0,0.8592305726502719,5.0,0.1922751848396604,11.681398579487372,3.483048771072678,-0.3583971410434734,11.856586414390952,0.8757142857142858,11.121022943964762,12.605034469574903,1.484011525610141,0.44897129874698516,1.0,-0.38966419191319,5.795780777134002,7.012026970544554,1.2162461934105515,1.0,0.16969105903929638,0.27855935676092214,0.7636842105263159,0.896842105263158,0.13315789473684214,1.0,0.16969105903929638,0.011737430942896143,-1.9090402909911819,-1.7756953080954825,0.1333449828956994,0.7239284001364407,0.44897129874698516,0.03439258999484185,11.371113800602249,12.35112398635272,0.980010185750471,0.0,1.0,-0.32248119020353183,5.705792716892043,7.423217778280534,1.7174250613884912,1.0,0.5009547680592871,0.30567476764468804,0.7885,0.9186666666666666,0.13016666666666665,1.0,0.2510180834838934,0.020047541307291084,-1.912577786789181,-1.5644497131507782,0.3481280736384027,1.0,0.5009547680592871,0.05348220490467559
nebDFT2k:mp-774946_0_2_0_0_0,0.6011281698942185,0.103567963554069,10,0.5936241626739502,0.1543033043186384,10,0.7246222665330836,0.0,10,0.6144254088401795,0.0938406157914573,10,0.6453417529697418,0.0442135830755233,0.0517175902957915,-0.0075040072202682,0.0792805135633417,0.0309163441295623,0.0483641694337794,3.744122174339702,3.6138498733485616,1.0360480666205516,1.9861348589313832,1.0,4.0,0.6945911809879046,4.0,0.0837987706113786,Li7O32V12Sn4,O,1.0666503555341575,3.986247400365377,3.5668287847265496,1.117588659549573,1.9631864880064336,0.2513082231604787,10.0,0.9229025714192663,6.0,0.2714186141261328,11.905452373190862,3.6138498733485616,,13.920723368129858,0.86,11.91296514925811,13.2203447994536,1.3073796501954895,0.0,0.8919455239359282,-0.20434725610738802,5.318692662422372,7.682920225070434,2.364227562648062,1.0,0.2262721653492497,0.4591545617926789,0.831764705882353,0.8733333333333334,0.041568627450980444,0.8919455239359282,0.2262721653492497,0.010130075707291464,-1.97159281031786,-1.5755063627067991,0.3960864476110608,0.0,0.5440833228523289,-0.051162307261346074,10.275546296036632,12.713991597897827,2.4384453018611953,0.0,1.0,-0.6604918698679381,5.441547821470256,6.644363950254421,1.202816128784165,1.0,0.25130822316047874,0.11443461124794796,0.806,0.9507142857142857,0.14471428571428568,1.0,0.25130822316047874,0.025436814553570553,-1.9466101654723282,-1.3045215282054192,0.642088637266909,0.0,0.5064499088787454,-0.044351976614000144
nebDFT2k:mp-775195_1_5_0_1_0,0.2733035445213317,0.0617726162161227,10,0.2653475075960159,0.0621707129899387,10,0.4378906619829593,0.0,10,0.2207962274551391,0.0787225048994887,10,0.1135242125749299,0.1597793319464018,0.1518232950210859,0.0079560369253158,0.3243664494080293,0.1072720148802091,0.2170944345278201,3.000884202886188,2.7159227743512124,1.1049225078216915,2.19777642978677,0.8341272908218644,8.0,0.6410247994725347,1.0,0.0894453862598734,Li23O96P24Mn22Fe2,O,0.3481891275780064,3.651172511140534,3.090881169967243,1.181272365504504,2.0829406193654036,0.4963628622471744,7.0,0.7285532220431739,2.0,0.0771483672598888,12.238257054261743,2.7159227743512124,-0.3996589339544632,14.227727140649826,0.7941176470588235,12.687469776136572,14.337068480142737,1.6495987040061646,0.0,0.41178858672520846,-0.01678246289336016,6.773097781592077,7.6889568026521475,0.9158590210600703,0.0,0.41178858672520846,-0.022450845666073693,0.7866666666666666,0.8625,0.07583333333333342,0.41178858672520846,0.8341272908218644,-0.01093301414628034,-1.9141285550524763,-1.7652372916841739,0.14889126336830238,1.0,0.41178858672520846,0.006700337669502288,10.999827275357852,12.21943030752992,1.2196030321720688,0.0,0.4963628622471744,-0.00544502390618451,6.307477077445362,7.130724268133845,0.8232471906884831,0.0,0.7492555804019283,-0.00848897199804366,0.77,0.8671428571428572,0.0971428571428572,0.4963628622471744,0.0,0.009422912215880319,-1.953746606957099,-1.566527971407927,0.387218635549172,0.0,0.4963628622471744,-6.482152918330097e-05
nebDFT2k:mp-776519_1_0_0_1_0,0.7144528806209565,0.1076517202198453,10,0.8331630170345307,0.0886877905856103,10,0.628359677750506,0.0,10,0.7983831524848938,0.07989381241875,10,1.0567388450909334,0.3422859644699769,0.2235758280564027,0.1187101364135742,0.4283791673404273,0.2583556926060396,0.1700234747343877,3.5283817910215145,3.5128794544430884,1.0044129998707525,1.9630046917219923,1.0,4.0,0.7219019480867431,6.0,0.2505387200665319,Li15O64Ti12V8Ni12,O,0.8254459098244469,3.538160839925472,3.536432448149815,1.0004887388069752,1.9549378923428151,1.0,4.0,0.7322855727122486,7.0,0.180234197260831,11.025298750147273,3.5128794544430884,-0.3205318593811528,11.447560131905334,0.8977777777777778,10.342348036786053,12.628150251924348,2.285802215138295,0.3196634738961479,0.8909149680385999,-0.5401780213717746,5.499233533062308,7.076303808458667,1.577070275396359,1.0,0.0011448471588632056,0.30773690497270234,0.7710526315789474,0.9236363636363638,0.15258373205741638,1.0,0.0011448471588632056,0.018388650029522724,-1.9050264196671698,-1.7305139912337253,0.1745124284334445,0.8909149680385999,0.0011448471588632056,0.03397377838189075,10.122397872501926,11.558588906731037,1.436191034229111,0.4999542089592729,1.0,-0.028486011889029328,5.497533681850042,7.2119296698730615,1.7143959880230195,1.0,0.0,0.46776545110402745,0.7945,0.9361904761904762,0.14169047619047626,1.0,0.0,0.023173126016249435,-1.9396470072146188,-1.7051975616579333,0.23444944555668545,0.7505219598444435,0.4999542089592729,0.07412317441348126
nebDFT2k:mp-776806_0_1_0_0_0,0.7562951922416687,0.1571467186540465,10,0.6446615695953369,0.0567751124875867,10,0.5981865521142532,0.0,10,0.6635986566543579,0.0542884604403652,10,0.8505998887401631,0.0943046964984943,0.2059383191448262,-0.1116336226463318,0.2524133366259099,0.1870012320858052,0.0654121045401047,3.624418991957128,3.619867346429893,1.00125740672009,1.9663009693499307,1.0,8.0,0.8198317264347252,6.0,0.1634081795822338,Li15O64V12Fe12Sn8,O,0.7498413355400386,3.5190758958348445,3.5119985423944264,1.0020151925904823,1.9371501818225292,1.0,7.0,0.8489851634650114,6.0,0.1929516331658048,11.300936268103039,3.6198673464298925,-0.4208288796436867,12.320344030335624,0.7895,11.126266721226012,12.523538864945564,1.3972721437195528,0.5135849484377006,0.25521589745075696,0.2233605135255461,5.638902399096274,7.160688453872126,1.521786054775852,0.0,0.7590371444619171,-0.36788040421093715,0.7636842105263157,0.991875,0.2281907894736842,0.0,0.7590371444619171,-0.0390657786619828,-1.9117616334274647,-1.843889947895242,0.06787168553222278,0.25521589745075696,0.7590371444619171,-0.023473482492506026,10.653956554854117,12.475909329352731,1.8219527744986141,0.5000467714862378,0.0,0.31481190579577856,5.600987624771461,6.881460677556687,1.2804730527852257,0.0,0.7494074452184318,-0.32115008036243253,0.7636842105263159,0.9918750000000001,0.2281907894736842,0.0,0.7494074452184318,-0.03787940321923433,-1.9426391445535323,-1.8040282565648014,0.1386108879887309,0.25027946683036084,0.5000467714862378,-0.044742605795672574
nebDFT2k:mp-776806_3_2_1_1_0,0.5650051325559616,0.0851484846044101,10,0.5663134425878524,0.0746718675829871,10,0.5491221467784674,0.0,10,0.557526969909668,0.0376910360260641,10,0.6594776508394204,0.0944725182834588,0.093164208251568,0.0013083100318908,0.110355504060953,0.1019506809297524,0.0084048231312006,3.6249728170728064,3.5788349859003277,1.012891857644806,2.0020371123086735,1.0,7.0,0.7541837996451587,5.0,0.1430401210067711,Li15O64V12Fe12Sn8,O,0.626901023599906,3.684828874694491,3.6768738247706185,1.0021635362819037,1.9327753116794104,1.0,7.0,0.8555261737057972,6.0,0.1943644004731021,12.228244726484899,3.5788349859003277,-0.4148395410052995,12.753992031636542,0.7895000000000001,11.525498395214818,12.928825957739116,1.4033275625242982,0.47799253006208314,0.2400273726289647,0.24818915524189045,5.732808861206386,6.9963376403628565,1.2635287791564709,0.0,1.0,-0.3400829752494494,0.7636842105263159,0.9391304347826087,0.17544622425629286,0.0,1.0,-0.0167033838805023,-1.9107767048437503,-1.762594246301088,0.14818245854266232,0.2400273726289647,0.7099767384783543,-0.03794871422876556,11.199524878931054,12.44914438690053,1.2496195079694754,0.5004594855623825,0.0,0.3242590016569693,5.618173867117788,7.058004609527974,1.4398307424101864,0.0,0.7496441394467641,-0.322364930877006,0.7636842105263159,0.9525,0.18881578947368416,0.0,0.7496441394467641,-0.0280858716086837,-1.905631810251154,-1.637178179333985,0.268453630917169,0.0,0.5004594855623825,-0.0501810443795212
nebDFT2k:mp-777279_19_7_1_0_0,0.4543312758207321,0.0721019237540723,10,0.4783234924077987,0.0705830007574137,10,0.6629768717078586,0.0,10,0.5768061935901642,0.0657298306726922,10,0.3893500276344497,0.0649812481862824,0.088973464773349,-0.0239922165870666,0.2736268440734088,0.1874561659557144,0.0861706781176944,2.9479191535461906,2.797787949354167,1.053660680119335,2.0046796056040055,0.7967807677196986,11.0,0.9217222752077688,3.0,0.0747859400763579,Li39O8F40Fe8,O+F,0.9121859527228152,3.1611358430094274,2.9670623885320375,1.065409293457226,1.8148420433802284,0.5020613805054276,9.0,1.274131466933022,2.0,0.3210492659960383,9.43199936374787,2.797787949354167,-0.20097569421690784,10.187873926209246,0.7885714285714286,9.515121506456028,10.993574468453062,1.478452961997034,0.0,0.5494108129957935,0.02830446153912547,7.1158770235962665,7.6946586258788585,0.578781602282592,1.0,0.5494108129957935,0.044232313232278386,0.8213333333333334,0.9623076923076923,0.14097435897435895,0.5494108129957935,1.0,-0.0008474402562776429,-1.0047310637652362,-0.9133099446084297,0.09142111915680651,0.0,0.5494108129957935,-0.0018290310333172188,8.651834796774773,9.359345101837407,0.7075103050626339,0.5020613805054276,0.0,0.05863322833757323,6.707609449377745,7.301835310992578,0.5942258616148326,1.0,0.2537664656038282,0.09806293061973648,0.7885714285714286,0.9878571428571429,0.1992857142857143,0.5020613805054276,0.0,0.023852382190168886,-1.0548746350306202,-0.7943196027106619,0.26055503231995825,1.0,0.5020613805054276,0.00538894842486598
nebDFT2k:mp-777670_0_1_0_0_0,0.6229230105876923,0.1069614239941976,10,0.5672656893730164,0.0502686454569401,10,0.611860943301295,0.0,10,0.6549413144588471,0.078710670603238,10,0.7413540511890915,0.1184310406013992,0.1740883618160751,-0.0556573212146759,0.1294931078877964,0.0864127367302444,0.043080371157552,3.612903614509827,3.6099152953437215,1.0008278086663032,1.9701645713053544,1.0,8.0,0.808816549952392,6.0,0.1277709605517208,Li15O64V12Cr12Sn8,O,0.784105154832681,3.5246122162700484,3.516266415613441,1.0023734835959952,1.919262149469189,1.0,7.0,0.8734090153533801,6.0,0.2020349093321455,11.77343351557213,3.6099152953437215,-0.29267312469213014,12.994001228040586,0.8038888888888889,10.64950105342463,11.958791115972351,1.3092900625477206,0.5250576732258816,1.0,0.04625760754408237,5.63543449184259,7.004748135306025,1.3693136434634354,0.0,0.7624037931921623,-0.3084425267961306,0.7636842105263159,0.9550000000000001,0.19131578947368422,0.0,0.7624037931921623,-0.024243776406974282,-1.9303133390285279,-1.825826214513196,0.10448712451533182,0.2712356096729962,0.7624037931921623,-0.03377346591849517,10.613623668366547,12.331897032474355,1.7182733641078087,0.5005411937497707,0.0,0.33194297850692944,5.595002674902617,6.864719639289546,1.2697169643869284,0.0,0.74972163885284,-0.29128001554311744,0.7636842105263157,0.9918750000000001,0.22819078947368432,0.0,0.74972163885284,-0.03094176023910933,-1.9363455250913857,-1.7793539441474735,0.1569915809439122,0.250756790297412,0.5005411937497707,-0.04121152121540228
nebDFT2k:mp-777670_0_2_0_1_0,2.3184669494628904,0.4554466280732205,10,2.8979679346084595,0.3792841469361857,10,4.08206817928771,0.0,10,3.4790032148361205,0.289808479045772,10,4.522794747633043,2.2043277981701523,1.624826813024583,0.579500985145569,0.4407265683453332,1.0437915327969225,-0.6030649644515891,5.747544177890779,5.2347332667601085,1.0979631406220742,1.8797251365616503,0.8187439019334253,8.0,1.0935052489517645,5.0,0.4517381922656491,Li15O64V12Cr12Sn8,O,9.47937736223693,5.89232303492962,5.192091491629482,1.1348650239366984,1.459809493565599,0.6658986776252144,10.0,1.9087897684773043,6.0,1.2374156677810308,5.313790402029028,5.2347332667601085,-0.009681258212114269,11.932478379472846,0.7895000000000001,9.602957557495344,12.056618197967811,2.4536606404724672,0.5747160452747386,1.0,0.4724463635855596,5.715254515949657,7.442784139508831,1.7275296235591737,0.0,0.2811113318284029,0.08963991608533961,0.7895000000000001,0.9453846153846155,0.1558846153846154,0.0,0.5747160452747386,-0.034047311587677265,-1.8699005388843257,-0.8676752722368818,1.0022252666474438,0.0,0.5747160452747386,-0.11424085295108166,5.176352282331125,12.242278836640306,7.065926554309181,0.6658986776252144,0.0,1.32329481650524,5.244247937489681,7.1507087529313536,1.9064608154416725,0.6658986776252144,0.3392631206624193,0.39276101697540966,0.7895000000000001,0.9692857142857142,0.1797857142857141,0.0,0.8321825298339903,-0.02628874472655962,-1.8626034224119887,-0.23075046340527042,1.6318529590067183,0.0,0.6658986776252144,-0.25603367773237395
nebDFT2k:mp-777670_1_0_0_1_0,0.5308654189109803,0.0607777348077886,10,0.7622268497943878,0.0810688319709287,10,0.5704118952621307,0.0,10,0.6237159907817841,0.0722270965111329,10,0.6251729198058911,0.0943075008949108,0.1370539299884967,-0.0427464290935859,0.0547610245437604,0.0014569290241069,0.0533040955196534,3.563059610842184,3.5610747559046954,1.0005573752514454,1.969129421524076,0.0,8.0,0.8115875074007056,6.0,0.1326150098451598,Li15O64V12Cr12Sn8,O,0.6802465864737621,3.6314229349827216,3.609887368461071,1.005965717022033,1.9192621515810715,0.0,7.0,0.8734090126467122,6.0,0.2106791198129169,11.829317582236675,3.5610747559046954,-0.3285720515140974,12.165431715203395,0.8995238095238095,10.673582929884995,11.950445913462627,1.2768629835776313,0.46037361233878304,0.0,-0.04754462117398006,5.67773966118091,7.05358098060553,1.3758413194246204,1.0,0.23017518347588645,0.3106829419373862,0.7636842105263159,0.9558823529411765,0.19219814241486066,1.0,0.23017518347588645,0.03286478804091386,-1.928500867319876,-1.8421267183247556,0.08637414899512041,0.7310465921283799,0.23017518347588645,0.02941982748847294,10.583995051675073,12.305886850932499,1.7218917992574259,0.4973940482486544,1.0,-0.35477734905082947,5.584703021694239,6.839468311912829,1.2547652902185904,1.0,0.2489357020157107,0.27883317050815837,0.7636842105263159,0.974375,0.21069078947368414,1.0,0.2489357020157107,0.035080012834022845,-1.9019658295064636,-1.7153919632832189,0.1865738662232448,1.0,0.4973940482486544,0.03207149985221103
nebDFT2k:mp-778325_0_1_0_0_0,0.5822252213954926,0.0653049396241097,10,0.6351916193962097,0.0914241326336055,10,0.6552506134789544,0.0,10,0.692330515384674,0.0879249701404472,10,0.6744814561335488,0.0922562347380562,0.0392898367373391,0.0529663980007171,0.0192308426545944,0.0178490592511252,0.0013817834034691,3.552368414173416,3.528582420646656,1.006740948826243,1.95020230555893,0.0,4.0,0.7394830759289651,6.0,0.1193419464913042,Li15O64Ti8V24,O,0.8928263255085278,3.501488818405191,3.4996326753360365,1.0005303822547538,1.935233707565212,1.0,8.0,0.8826160987636364,6.0,0.1969879026271656,11.202402098715462,3.528582420646656,-0.26846520179115246,12.761070158615164,0.8,10.570513519130134,11.94091850598102,1.370404986850886,0.5036132051653971,0.2120676959052098,0.02817331998303274,5.700622669031163,7.140820949363449,1.440198280332286,0.0,0.7823518303614854,-0.35558414173059294,0.7747368421052632,0.965263157894737,0.19052631578947388,0.0,0.2120676959052098,0.0007113081485723427,-1.9475072894135534,-1.8146045536036985,0.1329027358098549,0.2120676959052098,1.0,-0.04284756454071004,10.076593156264547,11.813285011001948,1.7366918547374013,0.5000365297044786,0.0,0.24534307537775568,5.672259849878464,6.849852391598983,1.1775925417205189,0.0,0.7496704045338336,-0.3017551729269652,0.7747368421052632,0.9417647058823528,0.16702786377708967,0.0,0.2501210355507107,-0.00618062884838444,-1.9504340875578239,-1.6945166996386756,0.2559173879191483,0.2501210355507107,1.0,-0.07758463704611973
nebDFT2k:mp-778830_1_9_1_1_0,0.4603027284145355,0.0539292068118908,10,0.5397267460823059,0.0656458515800791,10,0.5681159584956568,0.0,10,0.4303549915552139,0.0461561203482487,10,0.2590475683832948,0.2012551600312406,0.280679177699011,-0.0794240176677703,0.3090683901123619,0.1713074231719191,0.1377609669404428,0.2584604363353948,0.2561928717562706,1.0088510057425852,2.0038157896607,0.0,12.0,1.086306827065607,0.0,0.0593544971100836,Li39O64Ti8Fe12Co12,O,0.6744936749621813,2.14240472215724,2.1299574002200767,1.0058439299940352,1.9061909234787568,0.0,9.0,1.188607138972234,4.0,0.2088960080509163,4.9801867436246745,0.25619287175627065,-0.043246932186541714,8.179552261030427,0.9741176470588236,9.210448473885965,9.564335210057255,0.3538867361712903,0.0,1.0,-0.07856974309374731,8.726206406843252,9.13162931798609,0.40542291114283735,0.0,1.0,-0.11234308281794281,0.9738461538461538,1.0386666666666666,0.06482051282051282,0.30889685178975335,0.9915793177009046,-0.016344303668575977,-1.138394983920215,-1.1290213522909793,0.009373631629235657,0.0,0.5660597439607441,-0.0024925446429485687,8.382047456717997,9.650104750288383,1.2680572935703864,0.0,0.7490883251356724,-0.19364593593898416,7.1659064931097936,7.959515111180553,0.7936086180707598,0.7490883251356724,0.24964193238586538,0.14080562152552822,0.9030769230769231,1.0373333333333332,0.1342564102564101,0.0,1.0,-0.025651616181191328,-1.6848866826127686,-1.0474163109845551,0.6374703716282135,0.7490883251356724,0.0,0.14310761093349011
nebDFT2k:mp-778830_4_0_1_-1_-1,0.5055786311626435,0.0668787447490056,10,0.5789747148752212,0.0747884605388845,10,0.5881279999220559,0.0,10,0.4732156097888946,0.0473317683738415,10,0.2582642725538164,0.247314358608827,0.3207104423214048,-0.0733960837125777,0.3298637273682394,0.2149513372350782,0.1149123901331612,0.3127687961182891,0.2899100549258072,1.0788477005336423,2.0772757160329363,1.0,12.0,1.0018181614221089,1.0,0.0258658953092845,Li39O64Ti8Fe12Co12,O,0.7246376968591697,2.114481085087104,2.111722885288491,1.0013061371914982,1.9061688352993895,1.0,9.0,1.1902947232546464,4.0,0.2529506400858524,5.728415148813123,0.28991005492580724,-0.0341460945862837,9.463935227123136,0.9692307692307692,9.686186954019306,9.828960468882823,0.1427735148635172,0.48212622978592146,1.0,-0.028038381366659593,9.129556371354258,9.177754867113206,0.04819849575894786,0.2794176122301354,0.48212622978592146,-0.0022212143136250972,1.0142857142857142,1.04875,0.034464285714285836,0.48212622978592146,0.0,0.009415739999255934,-1.1726447516605567,-1.162791428478582,0.009853323181974627,0.2794176122301354,0.5814347427678058,-0.0027546506520826908,8.370071257174375,9.633059328424544,1.2629880712501684,1.0,0.2504238990669569,0.21878145990609887,7.0876047136760985,8.000491990239322,0.9128872765632234,0.2504238990669569,0.7488627725030953,-0.17383671900966746,0.8814285714285715,0.9928571428571429,0.11142857142857143,0.7488627725030953,0.0,0.029138938495160638,-1.6788345227171995,-1.0213694918579597,0.6574650308592398,0.2504238990669569,1.0,-0.14867670330671234
nebDFT2k:mp-779432_2_7_0_1_0,0.2812683492898941,0.0720709435318854,10,0.2863067060708999,0.0494290543227861,10,0.3363079130414274,0.0,10,0.1402260035276412,0.0644067421919723,10,0.1715531635403947,0.1097151857494993,0.1147535425305051,-0.0050383567810058,0.1647547495010326,0.0313271600127535,0.133427589488279,3.301650367993696,3.1045844005322136,1.0634757964472474,2.182154067815642,0.0,6.0,0.5562165019147138,2.0,0.1666663817225566,Li7O40P8Cr8,O,0.0936539965163167,4.8125699172204515,4.3637620285080505,1.1028488459683137,2.2814322581017223,1.0,4.0,0.4420808951273081,4.0,0.1999805902511609,15.162917469141354,3.1045844005322136,-0.4166368333154986,18.1798922137504,0.74,17.524681564907834,18.39488001929926,0.8701984543914278,0.0,0.8008625113620478,-0.07356973373221365,8.023882148409122,9.009733427611138,0.9858512792020164,0.536054026448146,0.0,0.06970029858237403,0.746842105263158,0.783125,0.036282894736841986,0.2726647754380211,1.0,-0.0011841303621611954,-1.9590503362961247,-1.912009717883176,0.0470406184129486,1.0,0.536054026448146,0.004627705332258647,16.88513119543588,19.437461621867982,2.5523304264321034,1.0,0.2562199567256691,0.2564631521828922,7.2848743993317635,9.856376770690755,2.5715023713589913,1.0,0.2562199567256691,0.49392993443856703,0.6856249999999999,0.8,0.11437500000000012,1.0,0.0,0.012673059594872471,-1.9960429416499452,-1.9270406620953382,0.06900227955460703,1.0,0.2562199567256691,0.013494461504771627
nebDFT2k:mp-779720_0_6_0_0_0,0.4096004426479339,0.1052302020533722,10,0.5294660836458206,0.0951169903372038,10,0.5299814031195529,0.0,10,0.5076196283102036,0.0973467559332176,10,0.8766572481574997,0.4670568055095657,0.3471911645116791,0.1198656409978866,0.3466758450379468,0.3690376198472961,-0.0223617748093493,2.769811563131463,2.697893107819584,1.026657266406675,2.010510749153141,0.2111181708329102,7.0,0.8153925405493696,3.0,0.09156775313161,Li39O32La8,O,0.5789402059748172,3.1061792601174343,2.6755384738915233,1.1609548098179847,1.955732350037212,0.2386961420515895,7.0,0.8641716959743152,2.0,0.1174817002846172,11.113234433361148,2.697893107819584,-0.23604165428743842,12.03337980691165,1.127142857142857,11.491487281314212,12.827067442108849,1.3355801607946365,0.0,0.7726168288938021,-0.2630254398209173,7.065796031409446,8.596645318624857,1.5308492872154105,0.21111817083291026,0.7726168288938021,-0.41968225144726645,1.1176470588235294,1.28375,0.1661029411764705,0.21111817083291026,1.0,-0.03850575113443555,-1.0293301770672663,-0.9040984938109097,0.12523168325635659,0.21111817083291026,0.7726168288938021,-0.029849496497249772,11.282086854781095,11.955860340182044,0.6737734854009485,0.48372946818477963,0.7365481770438662,-0.2081306877236644,6.862006079278233,8.164188233090908,1.3021821538126748,0.23869614205158954,1.0,-0.3081013093389702,1.0385714285714285,1.2470588235294118,0.2084873949579833,0.48372946818477963,1.0,-0.011870964997431233,-1.0565683169873767,-0.8545515209258081,0.20201679606156864,1.0,0.48372946818477963,-0.018667715591699663
nebDFT2k:mp-779720_12_22_0_0_0,0.4209371954202652,0.1121994248666057,10,0.4993515163660049,0.1420227957884202,10,0.4920428791270431,0.0,10,0.431661781668663,0.0890824972704628,10,0.6643123072996815,0.2433751118794163,0.1649607909336765,0.0784143209457397,0.1722694281726384,0.2326505256310184,-0.06038109745838,2.107976433956273,2.0673181457024383,1.0196671655682776,2.023178705863028,1.0,8.0,0.8523462745408636,2.0,0.165165492740076,Li39O32La8,O,0.483877931352985,2.843163903901996,2.3883129513718906,1.1904486396009497,2.0066883216471005,1.0,7.0,0.8604692777823632,3.0,0.1195441651501624,10.970952680482561,2.0673181457024383,-0.21368872106312103,11.934034472359157,1.1835714285714285,11.368523497984512,13.025163183078769,1.656639685094257,1.0,0.27164473707498515,0.1749934967711093,7.1695887451986104,8.09862768322316,0.9290389380245498,1.0,0.27164473707498515,0.1344837939886605,1.1835714285714285,1.2144444444444444,0.03087301587301594,0.6211581839968555,0.0,0.005147393904422426,-1.1198213300173525,-1.042184385270375,0.07763694474697758,0.0,1.0,-0.01921648853586,10.86738453369272,12.041432699016418,1.1740481653236987,1.0,0.25158991348667836,0.26691422365800843,6.638742027097148,7.83739832302204,1.1986562959248914,0.49597357144418974,0.0,0.031113909480071644,1.1153846153846152,1.2144444444444444,0.09905982905982924,0.49597357144418974,0.0,0.013240819656895164,-1.2379084825851678,-1.0547380235690196,0.18317045901614826,0.25158991348667836,1.0,-0.03256568797891268
nebDFT2k:mp-779720_1_4_0_0_0,0.3467146426439285,0.0528330349245464,10,0.3682101041078567,0.0841750598369768,10,0.3739168514505668,0.0,10,0.2219741344451903,0.0465812931434858,10,0.3813576101692462,0.0346429675253177,0.0131475060613894,0.0214954614639282,0.0074407587186793,0.1593834757240558,-0.1519427170053764,1.3732745193560676,1.2447322342874996,1.103269025680971,2.095042087718487,0.252386117424505,7.0,0.6825279883003195,3.0,0.0580779984934596,Li39O32La8,O,0.1878904310173277,2.76567310359337,2.3164705316364844,1.1939168082745018,1.9841984663580532,0.7533395982526454,9.0,0.8613398695978808,2.0,0.1576283479712202,9.514482509605468,1.2447322342874996,-0.15934173984335165,12.577293787397037,1.1641176470588235,12.691468152170472,13.146590311760896,0.4551221595904238,1.0,0.6035961361427022,-0.02438599016620291,8.26341064269086,8.825285741232651,0.5618750985417922,0.0,0.6035961361427022,-0.17695479944589376,1.161111111111111,1.1763157894736842,0.01520467836257322,0.0,0.252386117424505,0.0017563916942742175,-1.1088790281137553,-0.9759581916569086,0.1329208364568467,0.252386117424505,0.9658892396476585,-0.033078708736502316,10.529913588393132,11.822930031520535,1.293016443127403,1.0,0.0,0.30893202315286317,7.563164889237637,7.742798851823118,0.17963396258548148,0.5077378815265348,1.0,-0.026717925923061436,0.9906666666666665,1.1266666666666667,0.13600000000000023,0.5077378815265348,0.0,0.01518683353579764,-1.1722511031007286,-0.9035380747317912,0.2687130283689374,0.25723603540126394,1.0,-0.06264490089939223
nebDFT2k:mp-779720_4_8_0_1_0,0.3608539760112762,0.0693939252238547,10,0.4962512135505676,0.0668280177488505,10,0.385752335705498,0.0,10,0.3974508315324783,0.0917845317420071,10,0.4980355475881168,0.1371815715768406,0.0017843340375492,0.1353972375392914,0.1122832118826188,0.1005847160556385,0.0116984958269803,1.6200422822285157,1.581535346699383,1.0243478184724075,2.097623845726527,1.0,10.0,0.8068338731919099,3.0,0.089054024306216,Li39O32La8,O,0.217546515021723,2.69388909953498,2.4222153880746604,1.1121591881538924,2.008477540488865,0.2538925573857917,9.0,0.8749852116221053,1.0,0.1921962266314475,9.70197410822528,1.581535346699383,-0.1375781757610612,13.559669556872402,1.0846666666666667,12.091134688684814,12.769881098744094,0.6787464100592793,1.0,0.3646324406901039,0.16146506077897094,8.42786536120432,8.984955490983237,0.557090129778917,0.7172964136377239,0.0019175732969694793,0.14691843186449116,1.1176470588235294,1.1763157894736842,0.058668730650154766,0.0,0.3646324406901039,-0.004039715558382118,-1.0053820960230815,-0.8804718728890027,0.12491022313407874,0.3646324406901039,1.0,-0.027736386190136797,10.835578244730037,12.351480640117996,1.5159023953879593,0.0,1.0,-0.4044339426540322,8.281900664378288,8.684589310114735,0.4026886457364469,0.7437843282332265,0.25389255738579175,0.09186486980770958,1.058125,1.1705555555555556,0.11243055555555559,0.5013638403640429,1.0,-0.00037546593460158206,-1.0870941304291564,-0.9343990952591917,0.15269503516996463,0.25389255738579175,0.0,-0.009820297434945502
nebDFT2k:mp-781596_1_3_0_1_0,0.380279877781868,0.0338365036403386,10,0.3393398016691207,0.0816793137130922,10,0.4140505957922046,0.0,10,0.3729630053043365,0.0486469316528348,10,0.1298293913778394,0.2504504864040286,0.2095104102912813,0.0409400761127472,0.2842212044143652,0.2431336139264971,0.0410875904878681,3.17561312214521,2.8528316922825714,1.113144224643824,2.0365631173106804,1.0,4.0,0.6517525982261996,4.0,0.1422829490589947,Li15O16F32Fe16,O+F,0.2884532527802519,3.4751328791961815,3.1265181440982053,1.1115025466127684,1.9467369794366547,0.0,4.0,0.7441960770652973,5.0,0.0492089433457787,12.741350223600884,2.8528316922825714,-0.2395849811895333,13.784871270626088,0.780625,12.813474943165943,13.559747462473961,0.7462725193080182,1.0,0.2629976588948211,0.07580634099294237,5.835671161823135,6.895190752329992,1.0595195905068566,1.0,0.2629976588948211,0.1755890890200611,0.7233333333333333,0.825,0.10166666666666668,1.0,0.2629976588948211,0.006451673336782315,-1.4498799240002995,-1.1685689972292064,0.28131092677109315,0.2629976588948211,1.0,-0.04746969664045064,10.872235124341874,11.804801848192277,0.9325667238504032,0.5036393106785717,1.0,-0.06867218525468655,5.446368086224863,6.396992070356643,0.9506239841317798,0.0,0.5036393106785717,0.055884693263465124,0.765,0.8607142857142858,0.09571428571428575,0.0,0.5036393106785717,0.004589483841280384,-1.485135997005737,-1.2082193952004088,0.2769166018053282,0.2518170789817365,1.0,-0.06808481340925066
nebDFT2k:mp-849351_1_0_1_0_-1,0.3280767738819122,0.0909272388866461,10,0.4567585855722427,0.0810111247040551,10,0.860580195636292,0.0,10,0.7436871230602264,0.1138079046700996,10,1.5915505914558707,1.2634738175739586,1.134792005883628,0.1286818116903305,0.7309703958195788,0.8478634683956443,-0.1168930725760655,6.211395370502619,5.793732649468946,1.0720887114237063,1.9287247193216253,0.0,6.0,0.9035981092739668,2.0,0.2360872335714774,Li15O112P32Mn16,O,1.407319117344091,6.863309167894679,5.907352668889632,1.1618248566806375,1.9571107161715608,0.0,6.0,0.8789117741741722,2.0,0.2886310927133317,10.569213577215683,5.793732649468946,-0.34299329805574985,13.19120088471676,0.7208333333333333,10.569213577215683,13.31883358743811,2.7496200102224275,0.0,0.6727056174962226,0.000522552244401453,5.9481800634960065,8.013167944003719,2.0649878805077124,0.0,0.6727056174962226,0.0014313998342196932,0.7161538461538461,0.7642857142857142,0.048131868131868094,0.15692542258893474,0.5022281177735467,-0.00013372913833509248,-1.9909452665983431,-1.5831252188735967,0.40782004772474645,0.0,0.5022281177735467,-0.00011089425994392776,10.53863344550091,12.889767805109573,2.351134359608663,0.0,0.6682803175854344,0.001311600302642546,6.0825039324525205,8.475892408038094,2.3933884755855734,1.0,0.6682803175854344,0.00021875189129438866,0.7161538461538461,0.7642857142857143,0.048131868131868205,0.17194726818548464,0.3388375836112496,-0.0001231406478184316,-1.9544397257805066,-1.0116058907815706,0.942833834998936,0.0,0.5036232516598468,0.0002853911042134394
nebDFT2k:mp-849386_8_8_1_0_0,1.2275972604751586,0.2818663426416691,10,0.6467200517654419,0.0799339620675424,10,0.958593314000043,0.0,10,0.9920342624187468,0.1707691282618555,10,1.0149714935060388,0.2126257669691198,0.3682514417405969,-0.155625674771477,0.0563781795059957,0.0229372310872918,0.0334409484187039,6.090714018466468,5.188589921263201,1.173866910064775,2.0523659571138655,0.346550963871433,7.0,0.8008909175647421,3.0,0.2381840646715241,Li17O96V24Nb14,O,1.6529098518775849,6.135949081537969,5.18864,1.18257367663549,1.989316321827164,0.3318713354892981,9.0,1.0108744249231263,2.0,0.4488844925474988,10.244055801042613,5.188589921263201,,12.305722246861315,0.815,12.185578409379374,13.66249873334557,1.4769203239661959,0.16821269615871942,0.6893271651483106,-0.2622919983972247,7.0927134834288035,8.184289801813781,1.0915763183849778,0.16821269615871942,0.6893271651483106,-0.26684391000815966,0.815,0.9441176470588236,0.12911764705882367,0.0,0.5259447888648674,-0.014453392989543179,,,,,,,10.861858519581814,13.722653383475617,2.860794863893803,0.1658246512586806,0.6671815727860702,-0.8434305845573862,7.237098241190831,9.417744597840137,2.180646356649306,0.1658246512586806,0.6671815727860702,-0.40375940289709966,0.8364285714285715,0.9142105263157894,0.07778195488721784,0.8334342193735825,0.6671815727860702,-0.0031333091265746127,-1.8675725148736977,-1.1757511854873013,0.6918213293863964,0.0,0.4988711584301351,0.03458054525201815
nebDFT2k:mp-850532_0_1_0_1_0,0.705246502161026,0.1919649329352158,10,0.4969415813684463,0.0670714229813202,10,0.4091926186877116,0.0,10,0.486439773440361,0.152984607226538,10,0.5237549557535601,0.1814915464074659,0.0268133743851137,0.1546781720223521,0.1145623370658485,0.037315182313199,0.0772471547526494,4.68520553415894,4.396289334363978,1.065718195009738,1.9878837073153024,1.0,5.0,0.7105731091171413,3.0,0.0921027364106149,Li3O48P12Sn8,O,0.2762806560365021,4.95326737162438,4.417007802194258,1.1214078836726804,1.987859952386428,0.0,5.0,0.7104953788479913,4.0,0.243530879170958,13.046528835262928,4.396289334363978,-0.36612533438528694,15.002643465527061,0.7956249999999999,13.046581986811567,14.476202663007726,1.4296206761961585,1.0,0.5031650870564978,0.001997649865046469,6.920852870490285,9.50114910998875,2.580296239498465,1.0,0.5031650870564978,0.00028469064284220025,0.7511111111111111,0.8322222222222222,0.08111111111111113,0.25071183543780695,0.5031650870564978,-0.0017148539631268167,-1.986046109971203,-1.9275396312909168,0.058506478680286245,0.0,0.7530612312927171,-3.2716602486715374e-05,13.022948441475542,15.406544905734997,2.3835964642594547,1.0,0.5070562212438139,-0.008457129938774344,6.920168584585133,10.917945201517648,3.9977766169325157,1.0,0.5070562212438139,-0.013509738283900674,0.7633333333333334,0.8150000000000001,0.05166666666666664,0.0,0.5070562212438139,-0.002229571663089347,-1.9853976524521173,-1.8301463038962247,0.15525134855589262,1.0,0.5070562212438139,0.00023165842506978063
