seed,source,orientation,target,prediction,absolute_error,forward_reverse_abs_difference
7,nebDFT2k:mp-1020056_0_0_1_1_0,forward,2.066868543624878,2.7640087604522705,0.6971402168273926,0.3118875026702881
7,nebDFT2k:mp-1020056_0_0_1_1_0,reverse,2.066868543624878,2.4521212577819824,0.3852527141571045,0.3118875026702881
7,nebDFT2k:mp-1020056_0_0_1_1_0,inference_symmetrised,2.066868543624878,2.6080650091171265,0.5411964654922485,0.3118875026702881
7,nebDFT2k:mp-1020056_0_2_1_0_0,forward,0.13001933693885803,0.7007555961608887,0.5707362592220306,0.02708899974822998
7,nebDFT2k:mp-1020056_0_2_1_0_0,reverse,0.13001933693885803,0.7278445959091187,0.5978252589702606,0.02708899974822998
7,nebDFT2k:mp-1020056_0_2_1_0_0,inference_symmetrised,0.13001933693885803,0.7143000960350037,0.5842807590961456,0.02708899974822998
7,nebDFT2k:mp-1020056_2_2_1_1_0,forward,1.452639102935791,2.5513038635253906,1.0986647605895996,0.33588075637817383
7,nebDFT2k:mp-1020056_2_2_1_1_0,reverse,1.452639102935791,2.215423107147217,0.7627840042114258,0.33588075637817383
7,nebDFT2k:mp-1020056_2_2_1_1_0,inference_symmetrised,1.452639102935791,2.3833634853363037,0.9307243824005127,0.33588075637817383
7,nebDFT2k:mp-1147726_4_6_1_0_0,forward,0.1745581477880478,0.26539117097854614,0.09083302319049835,0.0028277337551116943
7,nebDFT2k:mp-1147726_4_6_1_0_0,reverse,0.1745581477880478,0.26821890473365784,0.09366075694561005,0.0028277337551116943
7,nebDFT2k:mp-1147726_4_6_1_0_0,inference_symmetrised,0.1745581477880478,0.266805037856102,0.0922468900680542,0.0028277337551116943
7,nebDFT2k:mp-1174212_5_7_0_0_0,forward,0.8727639317512512,0.36565691232681274,0.5071070194244385,0.018951237201690674
7,nebDFT2k:mp-1174212_5_7_0_0_0,reverse,0.8727639317512512,0.3846081495285034,0.4881557822227478,0.018951237201690674
7,nebDFT2k:mp-1174212_5_7_0_0_0,inference_symmetrised,0.8727639317512512,0.3751325309276581,0.49763140082359314,0.018951237201690674
7,nebDFT2k:mp-1175313_9_13_0_0_0,forward,0.5736613869667053,0.2471141219139099,0.3265472650527954,0.01270836591720581
7,nebDFT2k:mp-1175313_9_13_0_0_0,reverse,0.5736613869667053,0.2598224878311157,0.3138388991355896,0.01270836591720581
7,nebDFT2k:mp-1175313_9_13_0_0_0,inference_symmetrised,0.5736613869667053,0.2534683048725128,0.3201930820941925,0.01270836591720581
7,nebDFT2k:mp-1175624_0_3_0_1_0,forward,0.40710362792015076,0.42751532793045044,0.020411700010299683,0.028138458728790283
7,nebDFT2k:mp-1175624_0_3_0_1_0,reverse,0.40710362792015076,0.39937686920166016,0.007726758718490601,0.028138458728790283
7,nebDFT2k:mp-1175624_0_3_0_1_0,inference_symmetrised,0.40710362792015076,0.4134460985660553,0.006342470645904541,0.028138458728790283
7,nebDFT2k:mp-1175840_1_1_1_0_0,forward,2.172025442123413,2.108826160430908,0.06319928169250488,0.08404731750488281
7,nebDFT2k:mp-1175840_1_1_1_0_0,reverse,2.172025442123413,2.0247788429260254,0.1472465991973877,0.08404731750488281
7,nebDFT2k:mp-1175840_1_1_1_0_0,inference_symmetrised,2.172025442123413,2.066802501678467,0.10522294044494629,0.08404731750488281
7,nebDFT2k:mp-1176566_0_2_0_0_0,forward,0.17504152655601501,0.28034254908561707,0.10530102252960205,0.030963867902755737
7,nebDFT2k:mp-1176566_0_2_0_0_0,reverse,0.17504152655601501,0.3113064169883728,0.1362648904323578,0.030963867902755737
7,nebDFT2k:mp-1176566_0_2_0_0_0,inference_symmetrised,0.17504152655601501,0.29582448303699493,0.12078295648097992,0.030963867902755737
7,nebDFT2k:mp-1176566_0_2_0_1_0,forward,2.848614454269409,1.4991168975830078,1.3494975566864014,0.033876657485961914
7,nebDFT2k:mp-1176566_0_2_0_1_0,reverse,2.848614454269409,1.465240240097046,1.3833742141723633,0.033876657485961914
7,nebDFT2k:mp-1176566_0_2_0_1_0,inference_symmetrised,2.848614454269409,1.4821785688400269,1.3664358854293823,0.033876657485961914
7,nebDFT2k:mp-1176649_6_7_0_0_0,forward,0.9662818312644958,1.3565278053283691,0.3902459740638733,0.04546546936035156
7,nebDFT2k:mp-1176649_6_7_0_0_0,reverse,0.9662818312644958,1.3110623359680176,0.34478050470352173,0.04546546936035156
7,nebDFT2k:mp-1176649_6_7_0_0_0,inference_symmetrised,0.9662818312644958,1.3337950706481934,0.3675132393836975,0.04546546936035156
7,nebDFT2k:mp-1176994_9_9_1_0_0,forward,2.2720789909362793,2.306828022003174,0.03474903106689453,0.04133892059326172
7,nebDFT2k:mp-1176994_9_9_1_0_0,reverse,2.2720789909362793,2.265489101409912,0.0065898895263671875,0.04133892059326172
7,nebDFT2k:mp-1176994_9_9_1_0_0,inference_symmetrised,2.2720789909362793,2.286158561706543,0.014079570770263672,0.04133892059326172
7,nebDFT2k:mp-1177804_0_1_0_0_1,forward,1.6887457370758057,2.381025552749634,0.6922798156738281,0.006505489349365234
7,nebDFT2k:mp-1177804_0_1_0_0_1,reverse,1.6887457370758057,2.3745200634002686,0.6857743263244629,0.006505489349365234
7,nebDFT2k:mp-1177804_0_1_0_0_1,inference_symmetrised,1.6887457370758057,2.377772808074951,0.6890270709991455,0.006505489349365234
7,nebDFT2k:mp-1177804_0_2_0_0_1,forward,0.3489684462547302,0.5127830505371094,0.16381460428237915,0.05651193857192993
7,nebDFT2k:mp-1177804_0_2_0_0_1,reverse,0.3489684462547302,0.5692949891090393,0.22032654285430908,0.05651193857192993
7,nebDFT2k:mp-1177804_0_2_0_0_1,inference_symmetrised,0.3489684462547302,0.5410390198230743,0.19207057356834412,0.05651193857192993
7,nebDFT2k:mp-1177943_4_7_0_0_0,forward,0.9865845441818237,0.9370240569114685,0.049560487270355225,0.03130990266799927
7,nebDFT2k:mp-1177943_4_7_0_0_0,reverse,0.9865845441818237,0.9057141542434692,0.08087038993835449,0.03130990266799927
7,nebDFT2k:mp-1177943_4_7_0_0_0,inference_symmetrised,0.9865845441818237,0.9213691055774689,0.06521543860435486,0.03130990266799927
7,nebDFT2k:mp-1178166_8_9_0_0_1,forward,0.8422648310661316,0.8543535470962524,0.01208871603012085,0.04687833786010742
7,nebDFT2k:mp-1178166_8_9_0_0_1,reverse,0.8422648310661316,0.807475209236145,0.03478962182998657,0.04687833786010742
7,nebDFT2k:mp-1178166_8_9_0_0_1,inference_symmetrised,0.8422648310661316,0.8309143781661987,0.011350452899932861,0.04687833786010742
7,nebDFT2k:mp-1202443_0_6_0_0_1,forward,1.9113332033157349,0.9965267777442932,0.9148064255714417,0.0021452903747558594
7,nebDFT2k:mp-1202443_0_6_0_0_1,reverse,1.9113332033157349,0.9943814873695374,0.9169517159461975,0.0021452903747558594
7,nebDFT2k:mp-1202443_0_6_0_0_1,inference_symmetrised,1.9113332033157349,0.9954541325569153,0.9158790707588196,0.0021452903747558594
7,nebDFT2k:mp-1222404_0_0_0_1_-1,forward,0.4571089446544647,0.6470779180526733,0.18996897339820862,0.10992610454559326
7,nebDFT2k:mp-1222404_0_0_0_1_-1,reverse,0.4571089446544647,0.7570040225982666,0.2998950779438019,0.10992610454559326
7,nebDFT2k:mp-1222404_0_0_0_1_-1,inference_symmetrised,0.4571089446544647,0.70204097032547,0.24493202567100525,0.10992610454559326
7,nebDFT2k:mp-1222469_0_0_0_1_0,forward,1.3453915119171143,0.7457882761955261,0.5996032357215881,0.00611269474029541
7,nebDFT2k:mp-1222469_0_0_0_1_0,reverse,1.3453915119171143,0.7519009709358215,0.5934905409812927,0.00611269474029541
7,nebDFT2k:mp-1222469_0_0_0_1_0,inference_symmetrised,1.3453915119171143,0.7488446235656738,0.5965468883514404,0.00611269474029541
7,nebDFT2k:mp-1222510_2_2_0_1_0,forward,1.738020896911621,2.1478209495544434,0.40980005264282227,0.03522372245788574
7,nebDFT2k:mp-1222510_2_2_0_1_0,reverse,1.738020896911621,2.1125972270965576,0.3745763301849365,0.03522372245788574
7,nebDFT2k:mp-1222510_2_2_0_1_0,inference_symmetrised,1.738020896911621,2.1302090883255005,0.3921881914138794,0.03522372245788574
7,nebDFT2k:mp-1222575_1_2_0_0_0,forward,1.200072169303894,1.3076188564300537,0.10754668712615967,0.10579943656921387
7,nebDFT2k:mp-1222575_1_2_0_0_0,reverse,1.200072169303894,1.4134182929992676,0.21334612369537354,0.10579943656921387
7,nebDFT2k:mp-1222575_1_2_0_0_0,inference_symmetrised,1.200072169303894,1.3605185747146606,0.1604464054107666,0.10579943656921387
7,nebDFT2k:mp-1222575_0_2_0_0_0,forward,4.537822246551514,2.992053747177124,1.5457684993743896,0.07306480407714844
7,nebDFT2k:mp-1222575_0_2_0_0_0,reverse,4.537822246551514,2.9189889430999756,1.618833303451538,0.07306480407714844
7,nebDFT2k:mp-1222575_0_2_0_0_0,inference_symmetrised,4.537822246551514,2.95552134513855,1.5823009014129639,0.07306480407714844
7,nebDFT2k:mp-1222591_0_0_0_1_0,forward,0.4859350323677063,0.4702285826206207,0.01570644974708557,0.0035610198974609375
7,nebDFT2k:mp-1222591_0_0_0_1_0,reverse,0.4859350323677063,0.4666675627231598,0.01926746964454651,0.0035610198974609375
7,nebDFT2k:mp-1222591_0_0_0_1_0,inference_symmetrised,0.4859350323677063,0.46844807267189026,0.01748695969581604,0.0035610198974609375
7,nebDFT2k:mp-1277038_4_0_0_1_0,forward,0.685222327709198,0.8914515972137451,0.20622926950454712,0.028142929077148438
7,nebDFT2k:mp-1277038_4_0_0_1_0,reverse,0.685222327709198,0.8633086681365967,0.17808634042739868,0.028142929077148438
7,nebDFT2k:mp-1277038_4_0_0_1_0,inference_symmetrised,0.685222327709198,0.8773801326751709,0.1921578049659729,0.028142929077148438
7,nebDFT2k:mp-1277589_2_0_1_0_0,forward,0.5733042359352112,0.6701701879501343,0.0968659520149231,0.01247262954711914
7,nebDFT2k:mp-1277589_2_0_1_0_0,reverse,0.5733042359352112,0.6576975584030151,0.08439332246780396,0.01247262954711914
7,nebDFT2k:mp-1277589_2_0_1_0_0,inference_symmetrised,0.5733042359352112,0.6639338731765747,0.09062963724136353,0.01247262954711914
7,nebDFT2k:mp-1277613_3_1_1_-1_0,forward,0.5781484246253967,0.5277641415596008,0.0503842830657959,0.011633157730102539
7,nebDFT2k:mp-1277613_3_1_1_-1_0,reverse,0.5781484246253967,0.5393972992897034,0.03875112533569336,0.011633157730102539
7,nebDFT2k:mp-1277613_3_1_1_-1_0,inference_symmetrised,0.5781484246253967,0.5335807204246521,0.04456770420074463,0.011633157730102539
7,nebDFT2k:mp-1277613_2_0_0_0_1,forward,0.5695000886917114,0.5125577449798584,0.05694234371185303,0.017603039741516113
7,nebDFT2k:mp-1277613_2_0_0_0_1,reverse,0.5695000886917114,0.5301607847213745,0.039339303970336914,0.017603039741516113
7,nebDFT2k:mp-1277613_2_0_0_0_1,inference_symmetrised,0.5695000886917114,0.5213592648506165,0.04814082384109497,0.017603039741516113
7,nebDFT2k:mp-1277814_5_7_0_1_0,forward,2.58870530128479,0.34479063749313354,2.2439146637916565,0.08958473801612854
7,nebDFT2k:mp-1277814_5_7_0_1_0,reverse,2.58870530128479,0.255205899477005,2.333499401807785,0.08958473801612854
7,nebDFT2k:mp-1277814_5_7_0_1_0,inference_symmetrised,2.58870530128479,0.2999982684850693,2.2887070327997208,0.08958473801612854
7,nebDFT2k:mp-1277814_6_10_1_-1_0,forward,2.7002744674682617,1.8075640201568604,0.8927104473114014,0.18470430374145508
7,nebDFT2k:mp-1277814_6_10_1_-1_0,reverse,2.7002744674682617,1.6228597164154053,1.0774147510528564,0.18470430374145508
7,nebDFT2k:mp-1277814_6_10_1_-1_0,inference_symmetrised,2.7002744674682617,1.7152118682861328,0.9850625991821289,0.18470430374145508
7,nebDFT2k:mp-1277814_1_2_0_1_0,forward,0.4587925672531128,0.4229457974433899,0.0358467698097229,0.09328538179397583
7,nebDFT2k:mp-1277814_1_2_0_1_0,reverse,0.4587925672531128,0.32966041564941406,0.12913215160369873,0.09328538179397583
7,nebDFT2k:mp-1277814_1_2_0_1_0,inference_symmetrised,0.4587925672531128,0.376303106546402,0.08248946070671082,0.09328538179397583
7,nebDFT2k:mp-1277814_9_2_1_1_0,forward,2.4481306076049805,1.7621843814849854,0.6859462261199951,0.19931268692016602
7,nebDFT2k:mp-1277814_9_2_1_1_0,reverse,2.4481306076049805,1.5628716945648193,0.8852589130401611,0.19931268692016602
7,nebDFT2k:mp-1277814_9_2_1_1_0,inference_symmetrised,2.4481306076049805,1.6625280380249023,0.7856025695800781,0.19931268692016602
7,nebDFT2k:mp-1282211_3_0_0_0_1,forward,3.475863456726074,1.8347361087799072,1.641127347946167,0.1734921932220459
7,nebDFT2k:mp-1282211_3_0_0_0_1,reverse,3.475863456726074,2.008228302001953,1.467635154724121,0.1734921932220459
7,nebDFT2k:mp-1282211_3_0_0_0_1,inference_symmetrised,3.475863456726074,1.9214822053909302,1.554381251335144,0.1734921932220459
7,nebDFT2k:mp-1282761_2_1_1_1_0,forward,0.2802552878856659,0.5653499960899353,0.2850947082042694,0.02332836389541626
7,nebDFT2k:mp-1282761_2_1_1_1_0,reverse,0.2802552878856659,0.542021632194519,0.26176634430885315,0.02332836389541626
7,nebDFT2k:mp-1282761_2_1_1_1_0,inference_symmetrised,0.2802552878856659,0.5536858141422272,0.2734305262565613,0.02332836389541626
7,nebDFT2k:mp-1282761_3_0_0_0_1,forward,0.28042837977409363,0.5614837408065796,0.28105536103248596,0.018956363201141357
7,nebDFT2k:mp-1282761_3_0_0_0_1,reverse,0.28042837977409363,0.5425273776054382,0.2620989978313446,0.018956363201141357
7,nebDFT2k:mp-1282761_3_0_0_0_1,inference_symmetrised,0.28042837977409363,0.5520055592060089,0.2715771794319153,0.018956363201141357
7,nebDFT2k:mp-1282869_0_3_0_0_0,forward,0.5327412486076355,0.5479801893234253,0.015238940715789795,0.0233573317527771
7,nebDFT2k:mp-1282869_0_3_0_0_0,reverse,0.5327412486076355,0.5713375210762024,0.038596272468566895,0.0233573317527771
7,nebDFT2k:mp-1282869_0_3_0_0_0,inference_symmetrised,0.5327412486076355,0.5596588551998138,0.026917606592178345,0.0233573317527771
7,nebDFT2k:mp-1282869_1_2_1_0_0,forward,0.531970202922821,0.5591948628425598,0.02722465991973877,0.006754934787750244
7,nebDFT2k:mp-1282869_1_2_1_0_0,reverse,0.531970202922821,0.5659497976303101,0.033979594707489014,0.006754934787750244
7,nebDFT2k:mp-1282869_1_2_1_0_0,inference_symmetrised,0.531970202922821,0.5625723302364349,0.03060212731361389,0.006754934787750244
7,nebDFT2k:mp-1282931_3_5_0_0_0,forward,0.6656212210655212,0.4513758718967438,0.21424534916877747,0.024648308753967285
7,nebDFT2k:mp-1282931_3_5_0_0_0,reverse,0.6656212210655212,0.47602418065071106,0.18959704041481018,0.024648308753967285
7,nebDFT2k:mp-1282931_3_5_0_0_0,inference_symmetrised,0.6656212210655212,0.4637000262737274,0.20192119479179382,0.024648308753967285
7,nebDFT2k:mp-1284600_2_7_0_0_0,forward,0.41195741295814514,0.5040935277938843,0.09213611483573914,0.007313907146453857
7,nebDFT2k:mp-1284600_2_7_0_0_0,reverse,0.41195741295814514,0.5114074349403381,0.099450021982193,0.007313907146453857
7,nebDFT2k:mp-1284600_2_7_0_0_0,inference_symmetrised,0.41195741295814514,0.5077504813671112,0.09579306840896606,0.007313907146453857
7,nebDFT2k:mp-1295192_1_1_1_0_0,forward,1.0270062685012817,0.9510493278503418,0.07595694065093994,0.04731786251068115
7,nebDFT2k:mp-1295192_1_1_1_0_0,reverse,1.0270062685012817,0.9037314653396606,0.1232748031616211,0.04731786251068115
7,nebDFT2k:mp-1295192_1_1_1_0_0,inference_symmetrised,1.0270062685012817,0.9273903965950012,0.09961587190628052,0.04731786251068115
7,nebDFT2k:mp-1295192_3_3_1_0_0,forward,1.0451579093933105,0.9552728533744812,0.08988505601882935,0.044432640075683594
7,nebDFT2k:mp-1295192_3_3_1_0_0,reverse,1.0451579093933105,0.9108402132987976,0.13431769609451294,0.044432640075683594
7,nebDFT2k:mp-1295192_3_3_1_0_0,inference_symmetrised,1.0451579093933105,0.9330565333366394,0.11210137605667114,0.044432640075683594
7,nebDFT2k:mp-1297766_1_5_1_-1_0,forward,2.696653127670288,2.0436956882476807,0.6529574394226074,0.005673408508300781
7,nebDFT2k:mp-1297766_1_5_1_-1_0,reverse,2.696653127670288,2.03802227973938,0.6586308479309082,0.005673408508300781
7,nebDFT2k:mp-1297766_1_5_1_-1_0,inference_symmetrised,2.696653127670288,2.0408589839935303,0.6557941436767578,0.005673408508300781
7,nebDFT2k:mp-1306251_7_5_1_1_0,forward,1.546714425086975,1.0265198945999146,0.5201945304870605,0.02716696262359619
7,nebDFT2k:mp-1306251_7_5_1_1_0,reverse,1.546714425086975,0.9993529319763184,0.5473614931106567,0.02716696262359619
7,nebDFT2k:mp-1306251_7_5_1_1_0,inference_symmetrised,1.546714425086975,1.0129364132881165,0.5337780117988586,0.02716696262359619
7,nebDFT2k:mp-1314006_1_0_0_1_-1,forward,0.2759045958518982,0.49993574619293213,0.22403115034103394,0.0009697675704956055
7,nebDFT2k:mp-1314006_1_0_0_1_-1,reverse,0.2759045958518982,0.5009055137634277,0.22500091791152954,0.0009697675704956055
7,nebDFT2k:mp-1314006_1_0_0_1_-1,inference_symmetrised,0.2759045958518982,0.5004206299781799,0.22451603412628174,0.0009697675704956055
7,nebDFT2k:mp-1320203_8_0_0_1_0,forward,0.7955121994018555,0.5352581143379211,0.2602540850639343,0.012026309967041016
7,nebDFT2k:mp-1320203_8_0_0_1_0,reverse,0.7955121994018555,0.5232318043708801,0.27228039503097534,0.012026309967041016
7,nebDFT2k:mp-1320203_8_0_0_1_0,inference_symmetrised,0.7955121994018555,0.5292449593544006,0.26626724004745483,0.012026309967041016
7,nebDFT2k:mp-1641416_3_9_0_0_0,forward,0.38150760531425476,0.1949751377105713,0.18653246760368347,0.036978721618652344
7,nebDFT2k:mp-1641416_3_9_0_0_0,reverse,0.38150760531425476,0.23195385932922363,0.14955374598503113,0.036978721618652344
7,nebDFT2k:mp-1641416_3_9_0_0_0,inference_symmetrised,0.38150760531425476,0.21346449851989746,0.1680431067943573,0.036978721618652344
7,nebDFT2k:mp-25463_4_10_1_0_0,forward,0.6109094023704529,0.4203571677207947,0.1905522346496582,0.08949297666549683
7,nebDFT2k:mp-25463_4_10_1_0_0,reverse,0.6109094023704529,0.5098501443862915,0.10105925798416138,0.08949297666549683
7,nebDFT2k:mp-25463_4_10_1_0_0,inference_symmetrised,0.6109094023704529,0.4651036560535431,0.1458057463169098,0.08949297666549683
7,nebDFT2k:mp-25465_1_0_0_0_1,forward,0.857966959476471,0.9326488375663757,0.07468187808990479,0.009522020816802979
7,nebDFT2k:mp-25465_1_0_0_0_1,reverse,0.857966959476471,0.9421708583831787,0.08420389890670776,0.009522020816802979
7,nebDFT2k:mp-25465_1_0_0_0_1,inference_symmetrised,0.857966959476471,0.9374098479747772,0.07944288849830627,0.009522020816802979
7,nebDFT2k:mp-25465_1_0_1_0_1,forward,0.22785605490207672,0.12179505825042725,0.10606099665164948,0.0059986114501953125
7,nebDFT2k:mp-25465_1_0_1_0_1,reverse,0.22785605490207672,0.11579644680023193,0.11205960810184479,0.0059986114501953125
7,nebDFT2k:mp-25465_1_0_1_0_1,inference_symmetrised,0.22785605490207672,0.11879575252532959,0.10906030237674713,0.0059986114501953125
7,nebDFT2k:mp-26247_6_9_0_0_0,forward,0.6142609715461731,0.5419432520866394,0.07231771945953369,0.017198681831359863
7,nebDFT2k:mp-26247_6_9_0_0_0,reverse,0.6142609715461731,0.5591419339179993,0.05511903762817383,0.017198681831359863
7,nebDFT2k:mp-26247_6_9_0_0_0,inference_symmetrised,0.6142609715461731,0.5505425930023193,0.06371837854385376,0.017198681831359863
7,nebDFT2k:mp-26351_0_2_0_0_0,forward,1.5798574686050415,1.5018854141235352,0.07797205448150635,0.08014392852783203
7,nebDFT2k:mp-26351_0_2_0_0_0,reverse,1.5798574686050415,1.5820293426513672,0.0021718740463256836,0.08014392852783203
7,nebDFT2k:mp-26351_0_2_0_0_0,inference_symmetrised,1.5798574686050415,1.5419573783874512,0.03790009021759033,0.08014392852783203
7,nebDFT2k:mp-26721_0_1_0_0_0,forward,1.2890585660934448,0.5833218693733215,0.7057366967201233,0.016279637813568115
7,nebDFT2k:mp-26721_0_1_0_0_0,reverse,1.2890585660934448,0.5670422315597534,0.7220163345336914,0.016279637813568115
7,nebDFT2k:mp-26721_0_1_0_0_0,inference_symmetrised,1.2890585660934448,0.5751820504665375,0.7138765156269073,0.016279637813568115
7,nebDFT2k:mp-26965_0_2_0_1_0,forward,0.2988061010837555,0.39261919260025024,0.09381309151649475,0.003282994031906128
7,nebDFT2k:mp-26965_0_2_0_1_0,reverse,0.2988061010837555,0.3893361985683441,0.09053009748458862,0.003282994031906128
7,nebDFT2k:mp-26965_0_2_0_1_0,inference_symmetrised,0.2988061010837555,0.3909776955842972,0.09217159450054169,0.003282994031906128
7,nebDFT2k:mp-28030_17_16_0_1_-1,forward,0.8980735540390015,1.0342469215393066,0.13617336750030518,0.04412412643432617
7,nebDFT2k:mp-28030_17_16_0_1_-1,reverse,0.8980735540390015,1.0783710479736328,0.18029749393463135,0.04412412643432617
7,nebDFT2k:mp-28030_17_16_0_1_-1,inference_symmetrised,0.8980735540390015,1.0563089847564697,0.15823543071746826,0.04412412643432617
7,nebDFT2k:mp-28030_30_31_0_0_0,forward,0.9760967493057251,1.1530427932739258,0.17694604396820068,0.0962529182434082
7,nebDFT2k:mp-28030_30_31_0_0_0,reverse,0.9760967493057251,1.249295711517334,0.2731989622116089,0.0962529182434082
7,nebDFT2k:mp-28030_30_31_0_0_0,inference_symmetrised,0.9760967493057251,1.2011692523956299,0.22507250308990479,0.0962529182434082
7,nebDFT2k:mp-28030_2_22_0_0_0,forward,0.8691693544387817,0.6303870677947998,0.23878228664398193,0.03653693199157715
7,nebDFT2k:mp-28030_2_22_0_0_0,reverse,0.8691693544387817,0.666923999786377,0.20224535465240479,0.03653693199157715
7,nebDFT2k:mp-28030_2_22_0_0_0,inference_symmetrised,0.8691693544387817,0.6486555337905884,0.22051382064819336,0.03653693199157715
7,nebDFT2k:mp-28548_0_8_0_0_0,forward,0.11965204030275345,0.20838958024978638,0.08873753994703293,0.04437771439552307
7,nebDFT2k:mp-28548_0_8_0_0_0,reverse,0.11965204030275345,0.25276729464530945,0.133115254342556,0.04437771439552307
7,nebDFT2k:mp-28548_0_8_0_0_0,inference_symmetrised,0.11965204030275345,0.2305784374475479,0.11092639714479446,0.04437771439552307
7,nebDFT2k:mp-29040_4_3_0_1_1,forward,0.4273566007614136,0.48009392619132996,0.05273732542991638,0.03926780819892883
7,nebDFT2k:mp-29040_4_3_0_1_1,reverse,0.4273566007614136,0.5193617343902588,0.09200513362884521,0.03926780819892883
7,nebDFT2k:mp-29040_4_3_0_1_1,inference_symmetrised,0.4273566007614136,0.4997278302907944,0.0723712295293808,0.03926780819892883
7,nebDFT2k:mp-29040_0_5_0_0_0,forward,0.8543699979782104,0.722572386264801,0.13179761171340942,0.015397906303405762
7,nebDFT2k:mp-29040_0_5_0_0_0,reverse,0.8543699979782104,0.7071744799613953,0.14719551801681519,0.015397906303405762
7,nebDFT2k:mp-29040_0_5_0_0_0,inference_symmetrised,0.8543699979782104,0.7148734331130981,0.1394965648651123,0.015397906303405762
7,nebDFT2k:mp-29040_1_3_0_0_0,forward,0.1771891564130783,0.3790867328643799,0.20189757645130157,0.0008273124694824219
7,nebDFT2k:mp-29040_1_3_0_0_0,reverse,0.1771891564130783,0.3799140453338623,0.202724888920784,0.0008273124694824219
7,nebDFT2k:mp-29040_1_3_0_0_0,inference_symmetrised,0.1771891564130783,0.3795003890991211,0.20231123268604279,0.0008273124694824219
7,nebDFT2k:mp-34038_3_4_0_1_0,forward,1.1277568340301514,0.07971823215484619,1.0480386018753052,0.1702200472354889
7,nebDFT2k:mp-34038_3_4_0_1_0,reverse,1.1277568340301514,0.24993827939033508,0.8778185546398163,0.1702200472354889
7,nebDFT2k:mp-34038_3_4_0_1_0,inference_symmetrised,1.1277568340301514,0.16482825577259064,0.9629285782575607,0.1702200472354889
7,nebDFT2k:mp-34038_0_2_0_0_1,forward,0.7510952949523926,0.8335220813751221,0.08242678642272949,0.02884984016418457
7,nebDFT2k:mp-34038_0_2_0_0_1,reverse,0.7510952949523926,0.8046722412109375,0.05357694625854492,0.02884984016418457
7,nebDFT2k:mp-34038_0_2_0_0_1,inference_symmetrised,0.7510952949523926,0.8190971612930298,0.06800186634063721,0.02884984016418457
7,nebDFT2k:mp-34038_2_0_0_1_-1,forward,0.7525688409805298,0.6263351440429688,0.12623369693756104,0.04121667146682739
7,nebDFT2k:mp-34038_2_0_0_1_-1,reverse,0.7525688409805298,0.6675518155097961,0.08501702547073364,0.04121667146682739
7,nebDFT2k:mp-34038_2_0_0_1_-1,inference_symmetrised,0.7525688409805298,0.6469434797763824,0.10562536120414734,0.04121667146682739
7,nebDFT2k:mp-34038_0_1_1_1_0,forward,1.2990351915359497,0.11331933736801147,1.1857158541679382,0.040410637855529785
7,nebDFT2k:mp-34038_0_1_1_1_0,reverse,1.2990351915359497,0.07290869951248169,1.226126492023468,0.040410637855529785
7,nebDFT2k:mp-34038_0_1_1_1_0,inference_symmetrised,1.2990351915359497,0.09311401844024658,1.2059211730957031,0.040410637855529785
7,nebDFT2k:mp-34038_4_4_0_1_0,forward,0.11014693975448608,-0.4839019179344177,0.5940488576889038,0.10017704963684082
7,nebDFT2k:mp-34038_4_4_0_1_0,reverse,0.11014693975448608,-0.3837248682975769,0.493871808052063,0.10017704963684082
7,nebDFT2k:mp-34038_4_4_0_1_0,inference_symmetrised,0.11014693975448608,-0.4338133931159973,0.5439603328704834,0.10017704963684082
7,nebDFT2k:mp-34038_0_0_1_-1_0,forward,1.1750401258468628,0.8638661503791809,0.3111739754676819,0.1700642704963684
7,nebDFT2k:mp-34038_0_0_1_-1_0,reverse,1.1750401258468628,0.6938018798828125,0.4812382459640503,0.1700642704963684
7,nebDFT2k:mp-34038_0_0_1_-1_0,inference_symmetrised,1.1750401258468628,0.7788340151309967,0.3962061107158661,0.1700642704963684
7,nebDFT2k:mp-3635_0_3_0_0_0,forward,0.6212753653526306,0.570876955986023,0.050398409366607666,0.0033364295959472656
7,nebDFT2k:mp-3635_0_3_0_0_0,reverse,0.6212753653526306,0.5742133855819702,0.0470619797706604,0.0033364295959472656
7,nebDFT2k:mp-3635_0_3_0_0_0,inference_symmetrised,0.6212753653526306,0.5725451707839966,0.04873019456863403,0.0033364295959472656
7,nebDFT2k:mp-4002_0_1_0_0_0,forward,0.4607055187225342,0.7015741467475891,0.24086862802505493,0.052007198333740234
7,nebDFT2k:mp-4002_0_1_0_0_0,reverse,0.4607055187225342,0.6495669484138489,0.1888614296913147,0.052007198333740234
7,nebDFT2k:mp-4002_0_1_0_0_0,inference_symmetrised,0.4607055187225342,0.675570547580719,0.21486502885818481,0.052007198333740234
7,nebDFT2k:mp-4117_3_0_1_0_1,forward,2.0165598392486572,3.0537655353546143,1.037205696105957,0.01761484146118164
7,nebDFT2k:mp-4117_3_0_1_0_1,reverse,2.0165598392486572,3.071380376815796,1.0548205375671387,0.01761484146118164
7,nebDFT2k:mp-4117_3_0_1_0_1,inference_symmetrised,2.0165598392486572,3.062572956085205,1.0460131168365479,0.01761484146118164
7,nebDFT2k:mp-556655_0_7_0_1_-1,forward,0.42521727085113525,0.5467958450317383,0.12157857418060303,0.007086038589477539
7,nebDFT2k:mp-556655_0_7_0_1_-1,reverse,0.42521727085113525,0.5397098064422607,0.11449253559112549,0.007086038589477539
7,nebDFT2k:mp-556655_0_7_0_1_-1,inference_symmetrised,0.42521727085113525,0.5432528257369995,0.11803555488586426,0.007086038589477539
7,nebDFT2k:mp-556655_1_4_0_0_0,forward,0.4567823112010956,0.40388980507850647,0.05289250612258911,0.05725899338722229
7,nebDFT2k:mp-556655_1_4_0_0_0,reverse,0.4567823112010956,0.3466308116912842,0.1101514995098114,0.05725899338722229
7,nebDFT2k:mp-556655_1_4_0_0_0,inference_symmetrised,0.4567823112010956,0.3752603083848953,0.08152200281620026,0.05725899338722229
7,nebDFT2k:mp-559680_0_2_0_0_1,forward,1.600379467010498,1.2226214408874512,0.3777580261230469,0.010285615921020508
7,nebDFT2k:mp-559680_0_2_0_0_1,reverse,1.600379467010498,1.2123358249664307,0.3880436420440674,0.010285615921020508
7,nebDFT2k:mp-559680_0_2_0_0_1,inference_symmetrised,1.600379467010498,1.217478632926941,0.38290083408355713,0.010285615921020508
7,nebDFT2k:mp-567474_0_1_0_0_0,forward,0.06772521883249283,-0.24309730529785156,0.3108225241303444,0.1844138503074646
7,nebDFT2k:mp-567474_0_1_0_0_0,reverse,0.06772521883249283,-0.05868345499038696,0.1264086738228798,0.1844138503074646
7,nebDFT2k:mp-567474_0_1_0_0_0,inference_symmetrised,0.06772521883249283,-0.15089038014411926,0.2186155989766121,0.1844138503074646
7,nebDFT2k:mp-6745_0_1_1_0_0,forward,1.3544573783874512,1.6343584060668945,0.27990102767944336,0.02683258056640625
7,nebDFT2k:mp-6745_0_1_1_0_0,reverse,1.3544573783874512,1.6611909866333008,0.3067336082458496,0.02683258056640625
7,nebDFT2k:mp-6745_0_1_1_0_0,inference_symmetrised,1.3544573783874512,1.6477746963500977,0.2933173179626465,0.02683258056640625
7,nebDFT2k:mp-6745_0_1_0_0_0,forward,1.8797433376312256,1.440366268157959,0.4393770694732666,0.07004451751708984
7,nebDFT2k:mp-6745_0_1_0_0_0,reverse,1.8797433376312256,1.5104107856750488,0.36933255195617676,0.07004451751708984
7,nebDFT2k:mp-6745_0_1_0_0_0,inference_symmetrised,1.8797433376312256,1.475388526916504,0.4043548107147217,0.07004451751708984
7,nebDFT2k:mp-752552_2_7_0_1_1,forward,0.10932184755802155,0.3598487675189972,0.25052691996097565,0.05549141764640808
7,nebDFT2k:mp-752552_2_7_0_1_1,reverse,0.10932184755802155,0.3043573498725891,0.19503550231456757,0.05549141764640808
7,nebDFT2k:mp-752552_2_7_0_1_1,inference_symmetrised,0.10932184755802155,0.33210305869579315,0.2227812111377716,0.05549141764640808
7,nebDFT2k:mp-752552_0_7_0_0_1,forward,0.11279285699129105,0.39323800802230835,0.2804451510310173,0.05892178416252136
7,nebDFT2k:mp-752552_0_7_0_0_1,reverse,0.11279285699129105,0.334316223859787,0.22152336686849594,0.05892178416252136
7,nebDFT2k:mp-752552_0_7_0_0_1,inference_symmetrised,0.11279285699129105,0.36377711594104767,0.2509842589497566,0.05892178416252136
7,nebDFT2k:mp-752707_0_2_0_0_0,forward,0.6314464211463928,0.5228323936462402,0.10861402750015259,0.030063658952713013
7,nebDFT2k:mp-752707_0_2_0_0_0,reverse,0.6314464211463928,0.4927687346935272,0.1386776864528656,0.030063658952713013
7,nebDFT2k:mp-752707_0_2_0_0_0,inference_symmetrised,0.6314464211463928,0.5078005641698837,0.1236458569765091,0.030063658952713013
7,nebDFT2k:mp-753109_2_0_1_0_-1,forward,0.6892510056495667,0.6151430606842041,0.07410794496536255,0.018158793449401855
7,nebDFT2k:mp-753109_2_0_1_0_-1,reverse,0.6892510056495667,0.633301854133606,0.05594915151596069,0.018158793449401855
7,nebDFT2k:mp-753109_2_0_1_0_-1,inference_symmetrised,0.6892510056495667,0.624222457408905,0.06502854824066162,0.018158793449401855
7,nebDFT2k:mp-753126_0_1_1_1_0,forward,1.355068564414978,1.181371808052063,0.17369675636291504,0.08049905300140381
7,nebDFT2k:mp-753126_0_1_1_1_0,reverse,1.355068564414978,1.1008727550506592,0.25419580936431885,0.08049905300140381
7,nebDFT2k:mp-753126_0_1_1_1_0,inference_symmetrised,1.355068564414978,1.141122281551361,0.21394628286361694,0.08049905300140381
7,nebDFT2k:mp-753204_0_2_0_0_0,forward,0.5282348990440369,0.4872792363166809,0.04095566272735596,0.03245049715042114
7,nebDFT2k:mp-753204_0_2_0_0_0,reverse,0.5282348990440369,0.45482873916625977,0.0734061598777771,0.03245049715042114
7,nebDFT2k:mp-753204_0_2_0_0_0,inference_symmetrised,0.5282348990440369,0.47105398774147034,0.05718091130256653,0.03245049715042114
7,nebDFT2k:mp-753340_2_3_0_0_0,forward,0.5125430822372437,0.2601717710494995,0.25237131118774414,0.039605915546417236
7,nebDFT2k:mp-753340_2_3_0_0_0,reverse,0.5125430822372437,0.22056585550308228,0.2919772267341614,0.039605915546417236
7,nebDFT2k:mp-753340_2_3_0_0_0,inference_symmetrised,0.5125430822372437,0.2403688132762909,0.27217426896095276,0.039605915546417236
7,nebDFT2k:mp-753477_6_2_0_1_0,forward,1.7132000923156738,0.3537342846393585,1.3594658076763153,0.013450652360916138
7,nebDFT2k:mp-753477_6_2_0_1_0,reverse,1.7132000923156738,0.36718493700027466,1.3460151553153992,0.013450652360916138
7,nebDFT2k:mp-753477_6_2_0_1_0,inference_symmetrised,1.7132000923156738,0.3604596108198166,1.3527404814958572,0.013450652360916138
7,nebDFT2k:mp-753791_0_2_1_1_0,forward,0.5920940041542053,0.6092311143875122,0.017137110233306885,0.04736250638961792
7,nebDFT2k:mp-753791_0_2_1_1_0,reverse,0.5920940041542053,0.5618686079978943,0.030225396156311035,0.04736250638961792
7,nebDFT2k:mp-753791_0_2_1_1_0,inference_symmetrised,0.5920940041542053,0.5855498611927032,0.006544142961502075,0.04736250638961792
7,nebDFT2k:mp-753882_0_1_1_0_-1,forward,0.7118020057678223,0.5580596923828125,0.15374231338500977,0.03711634874343872
7,nebDFT2k:mp-753882_0_1_1_0_-1,reverse,0.7118020057678223,0.5209433436393738,0.1908586621284485,0.03711634874343872
7,nebDFT2k:mp-753882_0_1_1_0_-1,inference_symmetrised,0.7118020057678223,0.5395015180110931,0.17230048775672913,0.03711634874343872
7,nebDFT2k:mp-753882_0_3_1_0_0,forward,0.3007654845714569,0.4133133888244629,0.11254790425300598,0.04857444763183594
7,nebDFT2k:mp-753882_0_3_1_0_0,reverse,0.3007654845714569,0.36473894119262695,0.06397345662117004,0.04857444763183594
7,nebDFT2k:mp-753882_0_3_1_0_0,inference_symmetrised,0.3007654845714569,0.3890261650085449,0.08826068043708801,0.04857444763183594
7,nebDFT2k:mp-753882_4_5_0_0_0,forward,0.26893350481987,0.3564291000366211,0.0874955952167511,0.015037864446640015
7,nebDFT2k:mp-753882_4_5_0_0_0,reverse,0.26893350481987,0.3714669644832611,0.10253345966339111,0.015037864446640015
7,nebDFT2k:mp-753882_4_5_0_0_0,inference_symmetrised,0.26893350481987,0.3639480322599411,0.0950145274400711,0.015037864446640015
7,nebDFT2k:mp-753882_3_2_0_1_0,forward,0.6040976047515869,0.3511183261871338,0.2529792785644531,0.0764971375465393
7,nebDFT2k:mp-753882_3_2_0_1_0,reverse,0.6040976047515869,0.4276154637336731,0.17648214101791382,0.0764971375465393
7,nebDFT2k:mp-753882_3_2_0_1_0,inference_symmetrised,0.6040976047515869,0.38936689496040344,0.21473070979118347,0.0764971375465393
7,nebDFT2k:mp-753899_0_3_0_0_0,forward,3.2507238388061523,1.7218151092529297,1.5289087295532227,0.003571033477783203
7,nebDFT2k:mp-753899_0_3_0_0_0,reverse,3.2507238388061523,1.725386142730713,1.5253376960754395,0.003571033477783203
7,nebDFT2k:mp-753899_0_3_0_0_0,inference_symmetrised,3.2507238388061523,1.7236006259918213,1.527123212814331,0.003571033477783203
7,nebDFT2k:mp-754292_1_2_0_0_0,forward,0.9215542674064636,1.1186987161636353,0.19714444875717163,0.06486225128173828
7,nebDFT2k:mp-754292_1_2_0_0_0,reverse,0.9215542674064636,1.053836464881897,0.13228219747543335,0.06486225128173828
7,nebDFT2k:mp-754292_1_2_0_0_0,inference_symmetrised,0.9215542674064636,1.0862675905227661,0.1647133231163025,0.06486225128173828
7,nebDFT2k:mp-754292_7_5_0_1_0,forward,0.47816863656044006,0.2873818576335907,0.19078677892684937,0.07055255770683289
7,nebDFT2k:mp-754292_7_5_0_1_0,reverse,0.47816863656044006,0.3579344153404236,0.12023422122001648,0.07055255770683289
7,nebDFT2k:mp-754292_7_5_0_1_0,inference_symmetrised,0.47816863656044006,0.32265813648700714,0.15551050007343292,0.07055255770683289
7,nebDFT2k:mp-754292_1_7_0_0_0,forward,0.2623552978038788,0.31933826208114624,0.056982964277267456,0.005982786417007446
7,nebDFT2k:mp-754292_1_7_0_0_0,reverse,0.2623552978038788,0.3253210484981537,0.0629657506942749,0.005982786417007446
7,nebDFT2k:mp-754292_1_7_0_0_0,inference_symmetrised,0.2623552978038788,0.32232965528964996,0.05997435748577118,0.005982786417007446
7,nebDFT2k:mp-754292_0_3_0_0_0,forward,0.9209744334220886,1.1194565296173096,0.19848209619522095,0.0649862289428711
7,nebDFT2k:mp-754292_0_3_0_0_0,reverse,0.9209744334220886,1.0544703006744385,0.13349586725234985,0.0649862289428711
7,nebDFT2k:mp-754292_0_3_0_0_0,inference_symmetrised,0.9209744334220886,1.086963415145874,0.1659889817237854,0.0649862289428711
7,nebDFT2k:mp-754292_0_3_1_0_0,forward,0.7782686352729797,0.7178465723991394,0.06042206287384033,0.024324655532836914
7,nebDFT2k:mp-754292_0_3_1_0_0,reverse,0.7782686352729797,0.6935219168663025,0.08474671840667725,0.024324655532836914
7,nebDFT2k:mp-754292_0_3_1_0_0,inference_symmetrised,0.7782686352729797,0.705684244632721,0.07258439064025879,0.024324655532836914
7,nebDFT2k:mp-754292_3_9_0_0_0,forward,0.2626491189002991,0.3192139267921448,0.0565648078918457,0.005986630916595459
7,nebDFT2k:mp-754292_3_9_0_0_0,reverse,0.2626491189002991,0.32520055770874023,0.06255143880844116,0.005986630916595459
7,nebDFT2k:mp-754292_3_9_0_0_0,inference_symmetrised,0.2626491189002991,0.3222072422504425,0.05955812335014343,0.005986630916595459
7,nebDFT2k:mp-754923_0_2_0_0_1,forward,0.42040032148361206,0.5085935592651367,0.08819323778152466,0.0023769736289978027
7,nebDFT2k:mp-754923_0_2_0_0_1,reverse,0.42040032148361206,0.5062165856361389,0.08581626415252686,0.0023769736289978027
7,nebDFT2k:mp-754923_0_2_0_0_1,inference_symmetrised,0.42040032148361206,0.5074050724506378,0.08700475096702576,0.0023769736289978027
7,nebDFT2k:mp-755369_6_3_0_0_1,forward,2.607285737991333,2.3761236667633057,0.23116207122802734,0.022266626358032227
7,nebDFT2k:mp-755369_6_3_0_0_1,reverse,2.607285737991333,2.3538570404052734,0.25342869758605957,0.022266626358032227
7,nebDFT2k:mp-755369_6_3_0_0_1,inference_symmetrised,2.607285737991333,2.3649903535842896,0.24229538440704346,0.022266626358032227
7,nebDFT2k:mp-755369_6_0_1_0_1,forward,0.9742417335510254,0.9802267551422119,0.0059850215911865234,0.0018816590309143066
7,nebDFT2k:mp-755369_6_0_1_0_1,reverse,0.9742417335510254,0.9821084141731262,0.00786668062210083,0.0018816590309143066
7,nebDFT2k:mp-755369_6_0_1_0_1,inference_symmetrised,0.9742417335510254,0.9811675846576691,0.006925851106643677,0.0018816590309143066
7,nebDFT2k:mp-755369_11_7_0_1_0,forward,2.6194679737091064,2.235410690307617,0.38405728340148926,0.06700968742370605
7,nebDFT2k:mp-755369_11_7_0_1_0,reverse,2.6194679737091064,2.168401002883911,0.4510669708251953,0.06700968742370605
7,nebDFT2k:mp-755369_11_7_0_1_0,inference_symmetrised,2.6194679737091064,2.201905846595764,0.4175621271133423,0.06700968742370605
7,nebDFT2k:mp-755369_2_0_1_0_1,forward,2.918403148651123,2.465111494064331,0.453291654586792,0.0236513614654541
7,nebDFT2k:mp-755369_2_0_1_0_1,reverse,2.918403148651123,2.441460132598877,0.4769430160522461,0.0236513614654541
7,nebDFT2k:mp-755369_2_0_1_0_1,inference_symmetrised,2.918403148651123,2.453285813331604,0.46511733531951904,0.0236513614654541
7,nebDFT2k:mp-755369_10_8_1_-1_0,forward,0.637105405330658,0.581384539604187,0.05572086572647095,0.032064199447631836
7,nebDFT2k:mp-755369_10_8_1_-1_0,reverse,0.637105405330658,0.6134487390518188,0.02365666627883911,0.032064199447631836
7,nebDFT2k:mp-755369_10_8_1_-1_0,inference_symmetrised,0.637105405330658,0.5974166393280029,0.03968876600265503,0.032064199447631836
7,nebDFT2k:mp-755369_1_4_0_0_1,forward,2.7418344020843506,2.2974958419799805,0.4443385601043701,0.030042648315429688
7,nebDFT2k:mp-755369_1_4_0_0_1,reverse,2.7418344020843506,2.267453193664551,0.4743812084197998,0.030042648315429688
7,nebDFT2k:mp-755369_1_4_0_0_1,inference_symmetrised,2.7418344020843506,2.2824745178222656,0.45935988426208496,0.030042648315429688
7,nebDFT2k:mp-755369_3_5_1_1_0,forward,0.9749377965927124,0.8695554733276367,0.10538232326507568,0.03367030620574951
7,nebDFT2k:mp-755369_3_5_1_1_0,reverse,0.9749377965927124,0.9032257795333862,0.07171201705932617,0.03367030620574951
7,nebDFT2k:mp-755369_3_5_1_1_0,inference_symmetrised,0.9749377965927124,0.8863906264305115,0.08854717016220093,0.03367030620574951
7,nebDFT2k:mp-755839_0_5_0_0_0,forward,0.5476699471473694,0.4256119728088379,0.1220579743385315,0.013258397579193115
7,nebDFT2k:mp-755839_0_5_0_0_0,reverse,0.5476699471473694,0.438870370388031,0.10879957675933838,0.013258397579193115
7,nebDFT2k:mp-755839_0_5_0_0_0,inference_symmetrised,0.5476699471473694,0.43224117159843445,0.11542877554893494,0.013258397579193115
7,nebDFT2k:mp-756174_1_0_1_0_0,forward,0.6218590140342712,0.6841049790382385,0.062245965003967285,0.05017358064651489
7,nebDFT2k:mp-756174_1_0_1_0_0,reverse,0.6218590140342712,0.7342785596847534,0.11241954565048218,0.05017358064651489
7,nebDFT2k:mp-756174_1_0_1_0_0,inference_symmetrised,0.6218590140342712,0.709191769361496,0.08733275532722473,0.05017358064651489
7,nebDFT2k:mp-756174_0_1_0_0_0,forward,0.38954514265060425,0.5673800706863403,0.17783492803573608,0.06809520721435547
7,nebDFT2k:mp-756174_0_1_0_0_0,reverse,0.38954514265060425,0.6354752779006958,0.24593013525009155,0.06809520721435547
7,nebDFT2k:mp-756174_0_1_0_0_0,inference_symmetrised,0.38954514265060425,0.6014276742935181,0.21188253164291382,0.06809520721435547
7,nebDFT2k:mp-756912_1_1_1_0_0,forward,0.5701987743377686,1.6764678955078125,1.106269121170044,0.03268241882324219
7,nebDFT2k:mp-756912_1_1_1_0_0,reverse,0.5701987743377686,1.7091503143310547,1.1389515399932861,0.03268241882324219
7,nebDFT2k:mp-756912_1_1_1_0_0,inference_symmetrised,0.5701987743377686,1.6928091049194336,1.122610330581665,0.03268241882324219
7,nebDFT2k:mp-757068_0_1_0_0_0,forward,0.049742020666599274,0.2769549489021301,0.22721292823553085,0.010861754417419434
7,nebDFT2k:mp-757068_0_1_0_0_0,reverse,0.049742020666599274,0.28781670331954956,0.2380746826529503,0.010861754417419434
7,nebDFT2k:mp-757068_0_1_0_0_0,inference_symmetrised,0.049742020666599274,0.28238582611083984,0.23264380544424057,0.010861754417419434
7,nebDFT2k:mp-757461_1_2_0_1_0,forward,0.19807608425617218,0.3295579254627228,0.1314818412065506,0.047427475452423096
7,nebDFT2k:mp-757461_1_2_0_1_0,reverse,0.19807608425617218,0.3769854009151459,0.1789093166589737,0.047427475452423096
7,nebDFT2k:mp-757461_1_2_0_1_0,inference_symmetrised,0.19807608425617218,0.3532716631889343,0.15519557893276215,0.047427475452423096
7,nebDFT2k:mp-757693_0_2_0_0_0,forward,0.40716037154197693,0.5674175024032593,0.16025713086128235,0.009712815284729004
7,nebDFT2k:mp-757693_0_2_0_0_0,reverse,0.40716037154197693,0.5577046871185303,0.15054431557655334,0.009712815284729004
7,nebDFT2k:mp-757693_0_2_0_0_0,inference_symmetrised,0.40716037154197693,0.5625610947608948,0.15540072321891785,0.009712815284729004
7,nebDFT2k:mp-757714_2_3_0_0_0,forward,0.05814062058925629,0.28220653533935547,0.22406591475009918,0.014215528964996338
7,nebDFT2k:mp-757714_2_3_0_0_0,reverse,0.05814062058925629,0.2964220643043518,0.23828144371509552,0.014215528964996338
7,nebDFT2k:mp-757714_2_3_0_0_0,inference_symmetrised,0.05814062058925629,0.28931429982185364,0.23117367923259735,0.014215528964996338
7,nebDFT2k:mp-757800_1_4_0_0_0,forward,1.2522964477539062,1.6231133937835693,0.3708169460296631,0.03459572792053223
7,nebDFT2k:mp-757800_1_4_0_0_0,reverse,1.2522964477539062,1.6577091217041016,0.4054126739501953,0.03459572792053223
7,nebDFT2k:mp-757800_1_4_0_0_0,inference_symmetrised,1.2522964477539062,1.6404112577438354,0.3881148099899292,0.03459572792053223
7,nebDFT2k:mp-758282_1_1_1_0_0,forward,0.12165363132953644,0.30879488587379456,0.18714125454425812,0.016562432050704956
7,nebDFT2k:mp-758282_1_1_1_0_0,reverse,0.12165363132953644,0.2922324538230896,0.17057882249355316,0.016562432050704956
7,nebDFT2k:mp-758282_1_1_1_0_0,inference_symmetrised,0.12165363132953644,0.3005136698484421,0.17886003851890564,0.016562432050704956
7,nebDFT2k:mp-758282_0_2_0_0_0,forward,0.28606387972831726,0.3059883713722229,0.01992449164390564,0.009102165699005127
7,nebDFT2k:mp-758282_0_2_0_0_0,reverse,0.28606387972831726,0.2968862056732178,0.010822325944900513,0.009102165699005127
7,nebDFT2k:mp-758282_0_2_0_0_0,inference_symmetrised,0.28606387972831726,0.30143728852272034,0.015373408794403076,0.009102165699005127
7,nebDFT2k:mp-758380_3_8_0_0_0,forward,2.9573986530303955,1.612938404083252,1.3444602489471436,0.08928108215332031
7,nebDFT2k:mp-758380_3_8_0_0_0,reverse,2.9573986530303955,1.7022194862365723,1.2551791667938232,0.08928108215332031
7,nebDFT2k:mp-758380_3_8_0_0_0,inference_symmetrised,2.9573986530303955,1.657578945159912,1.2998197078704834,0.08928108215332031
7,nebDFT2k:mp-758486_3_0_1_0_1,forward,0.44390058517456055,0.38751158118247986,0.05638900399208069,0.03693148493766785
7,nebDFT2k:mp-758486_3_0_1_0_1,reverse,0.44390058517456055,0.350580096244812,0.09332048892974854,0.03693148493766785
7,nebDFT2k:mp-758486_3_0_1_0_1,inference_symmetrised,0.44390058517456055,0.36904583871364594,0.07485474646091461,0.03693148493766785
7,nebDFT2k:mp-758720_0_3_1_0_0,forward,0.4760017991065979,0.40008091926574707,0.07592087984085083,0.01205146312713623
7,nebDFT2k:mp-758720_0_3_1_0_0,reverse,0.4760017991065979,0.4121323823928833,0.0638694167137146,0.01205146312713623
7,nebDFT2k:mp-758720_0_3_1_0_0,inference_symmetrised,0.4760017991065979,0.4061066508293152,0.06989514827728271,0.01205146312713623
7,nebDFT2k:mp-758793_0_1_0_0_0,forward,0.22866390645503998,0.4626803696155548,0.23401646316051483,0.021858304738998413
7,nebDFT2k:mp-758793_0_1_0_0_0,reverse,0.22866390645503998,0.4408220648765564,0.21215815842151642,0.021858304738998413
7,nebDFT2k:mp-758793_0_1_0_0_0,inference_symmetrised,0.22866390645503998,0.4517512172460556,0.22308731079101562,0.021858304738998413
7,nebDFT2k:mp-759082_0_2_0_0_0,forward,0.825259804725647,1.0472990274429321,0.22203922271728516,0.007911324501037598
7,nebDFT2k:mp-759082_0_2_0_0_0,reverse,0.825259804725647,1.0552103519439697,0.22995054721832275,0.007911324501037598
7,nebDFT2k:mp-759082_0_2_0_0_0,inference_symmetrised,0.825259804725647,1.051254689693451,0.22599488496780396,0.007911324501037598
7,nebDFT2k:mp-759082_0_2_1_0_0,forward,0.2511012852191925,0.1483367383480072,0.1027645468711853,0.0045593976974487305
7,nebDFT2k:mp-759082_0_2_1_0_0,reverse,0.2511012852191925,0.15289613604545593,0.09820514917373657,0.0045593976974487305
7,nebDFT2k:mp-759082_0_2_1_0_0,inference_symmetrised,0.2511012852191925,0.15061643719673157,0.10048484802246094,0.0045593976974487305
7,nebDFT2k:mp-759082_1_0_0_1_0,forward,0.25766751170158386,0.3749047517776489,0.11723724007606506,0.016309529542922974
7,nebDFT2k:mp-759082_1_0_0_1_0,reverse,0.25766751170158386,0.35859522223472595,0.10092771053314209,0.016309529542922974
7,nebDFT2k:mp-759082_1_0_0_1_0,inference_symmetrised,0.25766751170158386,0.36674998700618744,0.10908247530460358,0.016309529542922974
7,nebDFT2k:mp-759132_4_3_0_0_1,forward,0.341912180185318,0.20434552431106567,0.13756665587425232,0.022338807582855225
7,nebDFT2k:mp-759132_4_3_0_0_1,reverse,0.341912180185318,0.18200671672821045,0.15990546345710754,0.022338807582855225
7,nebDFT2k:mp-759132_4_3_0_0_1,inference_symmetrised,0.341912180185318,0.19317612051963806,0.14873605966567993,0.022338807582855225
7,nebDFT2k:mp-759139_2_1_1_0_0,forward,0.70079106092453,0.8396425843238831,0.13885152339935303,0.0036684274673461914
7,nebDFT2k:mp-759139_2_1_1_0_0,reverse,0.70079106092453,0.8359741568565369,0.13518309593200684,0.0036684274673461914
7,nebDFT2k:mp-759139_2_1_1_0_0,inference_symmetrised,0.70079106092453,0.83780837059021,0.13701730966567993,0.0036684274673461914
7,nebDFT2k:mp-759220_0_15_0_0_0,forward,0.21688345074653625,0.5482821464538574,0.33139869570732117,0.030426979064941406
7,nebDFT2k:mp-759220_0_15_0_0_0,reverse,0.21688345074653625,0.5787091255187988,0.3618256747722626,0.030426979064941406
7,nebDFT2k:mp-759220_0_15_0_0_0,inference_symmetrised,0.21688345074653625,0.5634956359863281,0.34661218523979187,0.030426979064941406
7,nebDFT2k:mp-759229_3_6_0_1_0,forward,0.6168773174285889,1.1212143898010254,0.5043370723724365,0.2534571886062622
7,nebDFT2k:mp-759229_3_6_0_1_0,reverse,0.6168773174285889,1.3746715784072876,0.7577942609786987,0.2534571886062622
7,nebDFT2k:mp-759229_3_6_0_1_0,inference_symmetrised,0.6168773174285889,1.2479429841041565,0.6310656666755676,0.2534571886062622
7,nebDFT2k:mp-759244_7_6_1_0_0,forward,1.0818796157836914,1.1993179321289062,0.11743831634521484,0.10072708129882812
7,nebDFT2k:mp-759244_7_6_1_0_0,reverse,1.0818796157836914,1.0985908508300781,0.01671123504638672,0.10072708129882812
7,nebDFT2k:mp-759244_7_6_1_0_0,inference_symmetrised,1.0818796157836914,1.1489543914794922,0.06707477569580078,0.10072708129882812
7,nebDFT2k:mp-759244_6_10_0_0_1,forward,0.9319226145744324,1.1529994010925293,0.22107678651809692,0.08000302314758301
7,nebDFT2k:mp-759244_6_10_0_0_1,reverse,0.9319226145744324,1.0729963779449463,0.14107376337051392,0.08000302314758301
7,nebDFT2k:mp-759244_6_10_0_0_1,inference_symmetrised,0.9319226145744324,1.1129978895187378,0.18107527494430542,0.08000302314758301
7,nebDFT2k:mp-759244_0_2_0_0_0,forward,0.9603694081306458,1.015263557434082,0.05489414930343628,0.1144113540649414
7,nebDFT2k:mp-759244_0_2_0_0_0,reverse,0.9603694081306458,1.1296749114990234,0.16930550336837769,0.1144113540649414
7,nebDFT2k:mp-759244_0_2_0_0_0,inference_symmetrised,0.9603694081306458,1.0724692344665527,0.11209982633590698,0.1144113540649414
7,nebDFT2k:mp-759244_4_6_0_0_0,forward,0.9483169913291931,1.1223376989364624,0.1740207076072693,0.08029544353485107
7,nebDFT2k:mp-759244_4_6_0_0_0,reverse,0.9483169913291931,1.0420422554016113,0.09372526407241821,0.08029544353485107
7,nebDFT2k:mp-759244_4_6_0_0_0,inference_symmetrised,0.9483169913291931,1.0821899771690369,0.13387298583984375,0.08029544353485107
7,nebDFT2k:mp-759244_5_10_1_0_0,forward,0.9148608446121216,0.9370197057723999,0.02215886116027832,0.09073710441589355
7,nebDFT2k:mp-759244_5_10_1_0_0,reverse,0.9148608446121216,1.0277568101882935,0.11289596557617188,0.09073710441589355
7,nebDFT2k:mp-759244_5_10_1_0_0,inference_symmetrised,0.9148608446121216,0.9823882579803467,0.0675274133682251,0.09073710441589355
7,nebDFT2k:mp-759667_2_4_0_0_0,forward,0.3889327943325043,0.6170364022254944,0.2281036078929901,0.05448251962661743
7,nebDFT2k:mp-759667_2_4_0_0_0,reverse,0.3889327943325043,0.562553882598877,0.17362108826637268,0.05448251962661743
7,nebDFT2k:mp-759667_2_4_0_0_0,inference_symmetrised,0.3889327943325043,0.5897951424121857,0.2008623480796814,0.05448251962661743
7,nebDFT2k:mp-759667_3_4_0_1_0,forward,0.41363847255706787,0.4778074622154236,0.06416898965835571,0.009185969829559326
7,nebDFT2k:mp-759667_3_4_0_1_0,reverse,0.41363847255706787,0.46862149238586426,0.05498301982879639,0.009185969829559326
7,nebDFT2k:mp-759667_3_4_0_1_0,inference_symmetrised,0.41363847255706787,0.4732144773006439,0.05957600474357605,0.009185969829559326
7,nebDFT2k:mp-759667_2_1_1_1_0,forward,0.6992021203041077,0.978925347328186,0.27972322702407837,0.04814553260803223
7,nebDFT2k:mp-759667_2_1_1_1_0,reverse,0.6992021203041077,0.9307798147201538,0.23157769441604614,0.04814553260803223
7,nebDFT2k:mp-759667_2_1_1_1_0,inference_symmetrised,0.6992021203041077,0.9548525810241699,0.25565046072006226,0.04814553260803223
7,nebDFT2k:mp-759753_4_0_0_0_1,forward,0.6141039729118347,0.4638073146343231,0.1502966582775116,0.014393001794815063
7,nebDFT2k:mp-759753_4_0_0_0_1,reverse,0.6141039729118347,0.44941431283950806,0.16468966007232666,0.014393001794815063
7,nebDFT2k:mp-759753_4_0_0_0_1,inference_symmetrised,0.6141039729118347,0.4566108137369156,0.15749315917491913,0.014393001794815063
7,nebDFT2k:mp-759783_2_3_1_0_0,forward,0.6149086356163025,1.0499464273452759,0.4350377917289734,0.052268385887145996
7,nebDFT2k:mp-759783_2_3_1_0_0,reverse,0.6149086356163025,1.1022148132324219,0.4873061776161194,0.052268385887145996
7,nebDFT2k:mp-759783_2_3_1_0_0,inference_symmetrised,0.6149086356163025,1.0760806202888489,0.4611719846725464,0.052268385887145996
7,nebDFT2k:mp-759783_4_3_0_1_0,forward,0.2746150493621826,0.34829047322273254,0.07367542386054993,0.015473395586013794
7,nebDFT2k:mp-759783_4_3_0_1_0,reverse,0.2746150493621826,0.33281707763671875,0.05820202827453613,0.015473395586013794
7,nebDFT2k:mp-759783_4_3_0_1_0,inference_symmetrised,0.2746150493621826,0.34055377542972565,0.06593872606754303,0.015473395586013794
7,nebDFT2k:mp-760344_7_5_0_1_1,forward,1.048827052116394,0.9391381740570068,0.10968887805938721,0.04716014862060547
7,nebDFT2k:mp-760344_7_5_0_1_1,reverse,1.048827052116394,0.9862983226776123,0.06252872943878174,0.04716014862060547
7,nebDFT2k:mp-760344_7_5_0_1_1,inference_symmetrised,1.048827052116394,0.9627182483673096,0.08610880374908447,0.04716014862060547
7,nebDFT2k:mp-760344_4_8_0_0_0,forward,0.2822485864162445,0.43002694845199585,0.14777836203575134,0.07947832345962524
7,nebDFT2k:mp-760344_4_8_0_0_0,reverse,0.2822485864162445,0.3505486249923706,0.0683000385761261,0.07947832345962524
7,nebDFT2k:mp-760344_4_8_0_0_0,inference_symmetrised,0.2822485864162445,0.3902877867221832,0.10803920030593872,0.07947832345962524
7,nebDFT2k:mp-760344_6_8_0_1_0,forward,0.5260669589042664,0.5028347373008728,0.023232221603393555,0.06034025549888611
7,nebDFT2k:mp-760344_6_8_0_1_0,reverse,0.5260669589042664,0.4424944818019867,0.08357247710227966,0.06034025549888611
7,nebDFT2k:mp-760344_6_8_0_1_0,inference_symmetrised,0.5260669589042664,0.47266460955142975,0.05340234935283661,0.06034025549888611
7,nebDFT2k:mp-760344_4_6_1_-1_0,forward,1.0547842979431152,1.1018610000610352,0.04707670211791992,0.05702853202819824
7,nebDFT2k:mp-760344_4_6_1_-1_0,reverse,1.0547842979431152,1.044832468032837,0.00995182991027832,0.05702853202819824
7,nebDFT2k:mp-760344_4_6_1_-1_0,inference_symmetrised,1.0547842979431152,1.073346734046936,0.0185624361038208,0.05702853202819824
7,nebDFT2k:mp-760344_7_4_0_1_0,forward,0.6875642538070679,0.6976368427276611,0.010072588920593262,0.05706518888473511
7,nebDFT2k:mp-760344_7_4_0_1_0,reverse,0.6875642538070679,0.640571653842926,0.046992599964141846,0.05706518888473511
7,nebDFT2k:mp-760344_7_4_0_1_0,inference_symmetrised,0.6875642538070679,0.6691042482852936,0.018460005521774292,0.05706518888473511
7,nebDFT2k:mp-760344_7_9_0_1_1,forward,0.5207509994506836,0.4981868863105774,0.0225641131401062,0.05882862210273743
7,nebDFT2k:mp-760344_7_9_0_1_1,reverse,0.5207509994506836,0.43935826420783997,0.08139273524284363,0.05882862210273743
7,nebDFT2k:mp-760344_7_9_0_1_1,inference_symmetrised,0.5207509994506836,0.4687725752592087,0.051978424191474915,0.05882862210273743
7,nebDFT2k:mp-760344_10_9_0_0_1,forward,1.8200701475143433,2.416705369949341,0.5966352224349976,0.08390331268310547
7,nebDFT2k:mp-760344_10_9_0_0_1,reverse,1.8200701475143433,2.5006086826324463,0.680538535118103,0.08390331268310547
7,nebDFT2k:mp-760344_10_9_0_0_1,inference_symmetrised,1.8200701475143433,2.4586570262908936,0.6385868787765503,0.08390331268310547
7,nebDFT2k:mp-760344_6_4_0_1_0,forward,0.6860505938529968,0.6266509294509888,0.05939966440200806,0.026100873947143555
7,nebDFT2k:mp-760344_6_4_0_1_0,reverse,0.6860505938529968,0.6005500555038452,0.08550053834915161,0.026100873947143555
7,nebDFT2k:mp-760344_6_4_0_1_0,inference_symmetrised,0.6860505938529968,0.613600492477417,0.07245010137557983,0.026100873947143555
7,nebDFT2k:mp-760344_10_4_0_1_0,forward,0.5244383215904236,0.42132556438446045,0.10311275720596313,0.011673450469970703
7,nebDFT2k:mp-760344_10_4_0_1_0,reverse,0.5244383215904236,0.43299901485443115,0.09143930673599243,0.011673450469970703
7,nebDFT2k:mp-760344_10_4_0_1_0,inference_symmetrised,0.5244383215904236,0.4271622896194458,0.09727603197097778,0.011673450469970703
7,nebDFT2k:mp-760344_9_5_1_0_0,forward,0.2818312644958496,0.35633838176727295,0.07450711727142334,0.057840704917907715
7,nebDFT2k:mp-760344_9_5_1_0_0,reverse,0.2818312644958496,0.41417908668518066,0.13234782218933105,0.057840704917907715
7,nebDFT2k:mp-760344_9_5_1_0_0,inference_symmetrised,0.2818312644958496,0.3852587342262268,0.1034274697303772,0.057840704917907715
7,nebDFT2k:mp-761094_0_2_0_0_1,forward,4.479324817657471,3.541806936264038,0.9375178813934326,0.1232905387878418
7,nebDFT2k:mp-761094_0_2_0_0_1,reverse,4.479324817657471,3.66509747505188,0.8142273426055908,0.1232905387878418
7,nebDFT2k:mp-761094_0_2_0_0_1,inference_symmetrised,4.479324817657471,3.603452205657959,0.8758726119995117,0.1232905387878418
7,nebDFT2k:mp-761094_1_5_0_1_0,forward,2.0980730056762695,2.2389285564422607,0.1408555507659912,0.03976559638977051
7,nebDFT2k:mp-761094_1_5_0_1_0,reverse,2.0980730056762695,2.1991629600524902,0.1010899543762207,0.03976559638977051
7,nebDFT2k:mp-761094_1_5_0_1_0,inference_symmetrised,2.0980730056762695,2.2190457582473755,0.12097275257110596,0.03976559638977051
7,nebDFT2k:mp-761269_2_1_1_-1_0,forward,1.5785481929779053,1.7364485263824463,0.15790033340454102,0.027714967727661133
7,nebDFT2k:mp-761269_2_1_1_-1_0,reverse,1.5785481929779053,1.7087335586547852,0.13018536567687988,0.027714967727661133
7,nebDFT2k:mp-761269_2_1_1_-1_0,inference_symmetrised,1.5785481929779053,1.7225910425186157,0.14404284954071045,0.027714967727661133
7,nebDFT2k:mp-761849_6_5_1_0_0,forward,0.6407798528671265,0.7563735842704773,0.11559373140335083,0.062301695346832275
7,nebDFT2k:mp-761849_6_5_1_0_0,reverse,0.6407798528671265,0.8186752796173096,0.1778954267501831,0.062301695346832275
7,nebDFT2k:mp-761849_6_5_1_0_0,inference_symmetrised,0.6407798528671265,0.7875244319438934,0.14674457907676697,0.062301695346832275
7,nebDFT2k:mp-761849_5_7_0_0_1,forward,0.30204570293426514,0.7277169823646545,0.4256712794303894,0.02467215061187744
7,nebDFT2k:mp-761849_5_7_0_0_1,reverse,0.30204570293426514,0.7030448317527771,0.40099912881851196,0.02467215061187744
7,nebDFT2k:mp-761849_5_7_0_0_1,inference_symmetrised,0.30204570293426514,0.7153809070587158,0.4133352041244507,0.02467215061187744
7,nebDFT2k:mp-762319_14_26_0_0_0,forward,0.28081613779067993,0.47650906443595886,0.19569292664527893,0.002969712018966675
7,nebDFT2k:mp-762319_14_26_0_0_0,reverse,0.28081613779067993,0.4735393524169922,0.19272321462631226,0.002969712018966675
7,nebDFT2k:mp-762319_14_26_0_0_0,inference_symmetrised,0.28081613779067993,0.4750242084264755,0.1942080706357956,0.002969712018966675
7,nebDFT2k:mp-763177_1_3_0_1_-1,forward,0.45973682403564453,1.4789751768112183,1.0192383527755737,0.03217780590057373
7,nebDFT2k:mp-763177_1_3_0_1_-1,reverse,0.45973682403564453,1.4467973709106445,0.987060546875,0.03217780590057373
7,nebDFT2k:mp-763177_1_3_0_1_-1,inference_symmetrised,0.45973682403564453,1.4628862738609314,1.0031494498252869,0.03217780590057373
7,nebDFT2k:mp-764867_1_8_0_1_1,forward,1.519494652748108,0.757426381111145,0.7620682716369629,0.02444601058959961
7,nebDFT2k:mp-764867_1_8_0_1_1,reverse,1.519494652748108,0.7818723917007446,0.7376222610473633,0.02444601058959961
7,nebDFT2k:mp-764867_1_8_0_1_1,inference_symmetrised,1.519494652748108,0.7696493864059448,0.7498452663421631,0.02444601058959961
7,nebDFT2k:mp-765411_1_6_0_0_0,forward,0.46725958585739136,0.4654897451400757,0.0017698407173156738,0.03461778163909912
7,nebDFT2k:mp-765411_1_6_0_0_0,reverse,0.46725958585739136,0.5001075267791748,0.03284794092178345,0.03461778163909912
7,nebDFT2k:mp-765411_1_6_0_0_0,inference_symmetrised,0.46725958585739136,0.48279863595962524,0.015539050102233887,0.03461778163909912
7,nebDFT2k:mp-765501_2_0_1_0_0,forward,2.584408760070801,2.4063119888305664,0.17809677124023438,0.05907249450683594
7,nebDFT2k:mp-765501_2_0_1_0_0,reverse,2.584408760070801,2.3472394943237305,0.2371692657470703,0.05907249450683594
7,nebDFT2k:mp-765501_2_0_1_0_0,inference_symmetrised,2.584408760070801,2.3767757415771484,0.20763301849365234,0.05907249450683594
7,nebDFT2k:mp-765964_0_6_1_0_0,forward,1.0074282884597778,2.0744516849517822,1.0670233964920044,0.06308150291442871
7,nebDFT2k:mp-765964_0_6_1_0_0,reverse,1.0074282884597778,2.0113701820373535,1.0039418935775757,0.06308150291442871
7,nebDFT2k:mp-765964_0_6_1_0_0,inference_symmetrised,1.0074282884597778,2.042910933494568,1.03548264503479,0.06308150291442871
7,nebDFT2k:mp-766130_4_2_1_0_0,forward,1.5168014764785767,0.910493016242981,0.6063084602355957,0.007852673530578613
7,nebDFT2k:mp-766130_4_2_1_0_0,reverse,1.5168014764785767,0.9026403427124023,0.6141611337661743,0.007852673530578613
7,nebDFT2k:mp-766130_4_2_1_0_0,inference_symmetrised,1.5168014764785767,0.9065666794776917,0.610234797000885,0.007852673530578613
7,nebDFT2k:mp-766612_6_10_0_0_0,forward,0.1816573143005371,0.2070293426513672,0.025372028350830078,0.0485818088054657
7,nebDFT2k:mp-766612_6_10_0_0_0,reverse,0.1816573143005371,0.2556111514568329,0.07395383715629578,0.0485818088054657
7,nebDFT2k:mp-766612_6_10_0_0_0,inference_symmetrised,0.1816573143005371,0.23132024705410004,0.04966293275356293,0.0485818088054657
7,nebDFT2k:mp-768421_3_7_0_0_0,forward,0.7170935273170471,0.467233806848526,0.24985972046852112,0.0036423206329345703
7,nebDFT2k:mp-768421_3_7_0_0_0,reverse,0.7170935273170471,0.47087612748146057,0.24621739983558655,0.0036423206329345703
7,nebDFT2k:mp-768421_3_7_0_0_0,inference_symmetrised,0.7170935273170471,0.4690549671649933,0.24803856015205383,0.0036423206329345703
7,nebDFT2k:mp-768433_7_19_0_0_0,forward,0.5162459015846252,0.37717851996421814,0.1390673816204071,0.05223563313484192
7,nebDFT2k:mp-768433_7_19_0_0_0,reverse,0.5162459015846252,0.42941415309906006,0.08683174848556519,0.05223563313484192
7,nebDFT2k:mp-768433_7_19_0_0_0,inference_symmetrised,0.5162459015846252,0.4032963365316391,0.11294956505298615,0.05223563313484192
7,nebDFT2k:mp-768508_3_7_0_0_0,forward,0.7297331094741821,0.6147955656051636,0.11493754386901855,0.010548293590545654
7,nebDFT2k:mp-768508_3_7_0_0_0,reverse,0.7297331094741821,0.6253438591957092,0.1043892502784729,0.010548293590545654
7,nebDFT2k:mp-768508_3_7_0_0_0,inference_symmetrised,0.7297331094741821,0.6200697124004364,0.10966339707374573,0.010548293590545654
7,nebDFT2k:mp-768738_3_2_1_1_0,forward,1.1438137292861938,1.3106300830841064,0.1668163537979126,0.016637325286865234
7,nebDFT2k:mp-768738_3_2_1_1_0,reverse,1.1438137292861938,1.3272674083709717,0.18345367908477783,0.016637325286865234
7,nebDFT2k:mp-768738_3_2_1_1_0,inference_symmetrised,1.1438137292861938,1.318948745727539,0.17513501644134521,0.016637325286865234
7,nebDFT2k:mp-768843_14_11_0_1_1,forward,0.3818668723106384,0.39645564556121826,0.014588773250579834,0.010111808776855469
7,nebDFT2k:mp-768843_14_11_0_1_1,reverse,0.3818668723106384,0.40656745433807373,0.024700582027435303,0.010111808776855469
7,nebDFT2k:mp-768843_14_11_0_1_1,inference_symmetrised,0.3818668723106384,0.401511549949646,0.01964467763900757,0.010111808776855469
7,nebDFT2k:mp-769036_28_3_0_1_1,forward,0.43523257970809937,1.3252642154693604,0.890031635761261,0.00414121150970459
7,nebDFT2k:mp-769036_28_3_0_1_1,reverse,0.43523257970809937,1.329405426979065,0.8941728472709656,0.00414121150970459
7,nebDFT2k:mp-769036_28_3_0_1_1,inference_symmetrised,0.43523257970809937,1.3273348212242126,0.8921022415161133,0.00414121150970459
7,nebDFT2k:mp-769036_8_9_1_0_0,forward,0.42775994539260864,0.9259428977966309,0.4981829524040222,0.005829572677612305
7,nebDFT2k:mp-769036_8_9_1_0_0,reverse,0.42775994539260864,0.9317724704742432,0.5040125250816345,0.005829572677612305
7,nebDFT2k:mp-769036_8_9_1_0_0,inference_symmetrised,0.42775994539260864,0.928857684135437,0.5010977387428284,0.005829572677612305
7,nebDFT2k:mp-769036_8_10_0_0_0,forward,0.42633527517318726,0.7697552442550659,0.34341996908187866,0.030988216400146484
7,nebDFT2k:mp-769036_8_10_0_0_0,reverse,0.42633527517318726,0.7387670278549194,0.3124317526817322,0.030988216400146484
7,nebDFT2k:mp-769036_8_10_0_0_0,inference_symmetrised,0.42633527517318726,0.7542611360549927,0.3279258608818054,0.030988216400146484
7,nebDFT2k:mp-770232_3_11_0_0_1,forward,0.5057204365730286,0.3972838521003723,0.10843658447265625,0.02439337968826294
7,nebDFT2k:mp-770232_3_11_0_0_1,reverse,0.5057204365730286,0.42167723178863525,0.08404320478439331,0.02439337968826294
7,nebDFT2k:mp-770232_3_11_0_0_1,inference_symmetrised,0.5057204365730286,0.4094805419445038,0.09623989462852478,0.02439337968826294
7,nebDFT2k:mp-770551_3_4_0_0_1,forward,0.399429053068161,0.24919071793556213,0.15023833513259888,0.009539633989334106
7,nebDFT2k:mp-770551_3_4_0_0_1,reverse,0.399429053068161,0.25873035192489624,0.14069870114326477,0.009539633989334106
7,nebDFT2k:mp-770551_3_4_0_0_1,inference_symmetrised,0.399429053068161,0.2539605349302292,0.14546851813793182,0.009539633989334106
7,nebDFT2k:mp-770649_0_3_0_1_0,forward,0.4358738660812378,0.49614015221595764,0.06026628613471985,0.032132476568222046
7,nebDFT2k:mp-770649_0_3_0_1_0,reverse,0.4358738660812378,0.5282726287841797,0.0923987627029419,0.032132476568222046
7,nebDFT2k:mp-770649_0_3_0_1_0,inference_symmetrised,0.4358738660812378,0.5122063905000687,0.07633252441883087,0.032132476568222046
7,nebDFT2k:mp-770749_2_4_0_0_0,forward,0.3400055170059204,0.3851945698261261,0.04518905282020569,0.03929296135902405
7,nebDFT2k:mp-770749_2_4_0_0_0,reverse,0.3400055170059204,0.42448753118515015,0.08448201417922974,0.03929296135902405
7,nebDFT2k:mp-770749_2_4_0_0_0,inference_symmetrised,0.3400055170059204,0.4048410505056381,0.06483553349971771,0.03929296135902405
7,nebDFT2k:mp-770861_11_9_0_1_0,forward,0.8088666796684265,0.5155025124549866,0.29336416721343994,0.03550529479980469
7,nebDFT2k:mp-770861_11_9_0_1_0,reverse,0.8088666796684265,0.4799972176551819,0.32886946201324463,0.03550529479980469
7,nebDFT2k:mp-770861_11_9_0_1_0,inference_symmetrised,0.8088666796684265,0.49774986505508423,0.3111168146133423,0.03550529479980469
7,nebDFT2k:mp-770876_2_3_0_1_0,forward,1.0284104347229004,0.9076833724975586,0.1207270622253418,0.0408935546875
7,nebDFT2k:mp-770876_2_3_0_1_0,reverse,1.0284104347229004,0.8667898178100586,0.1616206169128418,0.0408935546875
7,nebDFT2k:mp-770876_2_3_0_1_0,inference_symmetrised,1.0284104347229004,0.8872365951538086,0.1411738395690918,0.0408935546875
7,nebDFT2k:mp-770921_0_4_0_1_0,forward,0.37256544828414917,0.5341413021087646,0.16157585382461548,0.028117358684539795
7,nebDFT2k:mp-770921_0_4_0_1_0,reverse,0.37256544828414917,0.5060239434242249,0.13345849514007568,0.028117358684539795
7,nebDFT2k:mp-770921_0_4_0_1_0,inference_symmetrised,0.37256544828414917,0.5200826227664948,0.14751717448234558,0.028117358684539795
7,nebDFT2k:mp-770939_10_9_1_0_0,forward,0.40068763494491577,0.2342597246170044,0.16642791032791138,0.030589789152145386
7,nebDFT2k:mp-770939_10_9_1_0_0,reverse,0.40068763494491577,0.2648495137691498,0.135838121175766,0.030589789152145386
7,nebDFT2k:mp-770939_10_9_1_0_0,inference_symmetrised,0.40068763494491577,0.2495546191930771,0.15113301575183868,0.030589789152145386
7,nebDFT2k:mp-770939_2_10_0_0_0,forward,0.47966933250427246,0.5320119261741638,0.05234259366989136,0.008970558643341064
7,nebDFT2k:mp-770939_2_10_0_0_0,reverse,0.47966933250427246,0.5230413675308228,0.04337203502655029,0.008970558643341064
7,nebDFT2k:mp-770939_2_10_0_0_0,inference_symmetrised,0.47966933250427246,0.5275266468524933,0.047857314348220825,0.008970558643341064
7,nebDFT2k:mp-770939_10_1_1_0_1,forward,0.33471783995628357,0.5006721019744873,0.16595426201820374,0.00034117698669433594
7,nebDFT2k:mp-770939_10_1_1_0_1,reverse,0.33471783995628357,0.5010132789611816,0.16629543900489807,0.00034117698669433594
7,nebDFT2k:mp-770939_10_1_1_0_1,inference_symmetrised,0.33471783995628357,0.5008426904678345,0.1661248505115509,0.00034117698669433594
7,nebDFT2k:mp-770939_3_11_1_0_0,forward,0.4799911677837372,0.5319712162017822,0.051980048418045044,0.008870184421539307
7,nebDFT2k:mp-770939_3_11_1_0_0,reverse,0.4799911677837372,0.5231010317802429,0.04310986399650574,0.008870184421539307
7,nebDFT2k:mp-770939_3_11_1_0_0,inference_symmetrised,0.4799911677837372,0.5275361239910126,0.04754495620727539,0.008870184421539307
7,nebDFT2k:mp-770939_11_0_0_0_1,forward,0.33606410026550293,0.501253604888916,0.16518950462341309,0.0004782676696777344
7,nebDFT2k:mp-770939_11_0_0_0_1,reverse,0.33606410026550293,0.5017318725585938,0.16566777229309082,0.0004782676696777344
7,nebDFT2k:mp-770939_11_0_0_0_1,inference_symmetrised,0.33606410026550293,0.5014927387237549,0.16542863845825195,0.0004782676696777344
7,nebDFT2k:mp-770939_2_5_0_0_1,forward,0.3350597321987152,0.5254068374633789,0.1903471052646637,0.02545890212059021
7,nebDFT2k:mp-770939_2_5_0_0_1,reverse,0.3350597321987152,0.4999479353427887,0.1648882031440735,0.02545890212059021
7,nebDFT2k:mp-770939_2_5_0_0_1,inference_symmetrised,0.3350597321987152,0.5126773864030838,0.1776176542043686,0.02545890212059021
7,nebDFT2k:mp-770939_8_11_0_0_0,forward,0.391576886177063,0.24410408735275269,0.1474727988243103,0.007945448160171509
7,nebDFT2k:mp-770939_8_11_0_0_0,reverse,0.391576886177063,0.2520495355129242,0.1395273506641388,0.007945448160171509
7,nebDFT2k:mp-770939_8_11_0_0_0,inference_symmetrised,0.391576886177063,0.24807681143283844,0.14350007474422455,0.007945448160171509
7,nebDFT2k:mp-770939_2_6_0_0_1,forward,0.3225223422050476,0.5308393239974976,0.20831698179244995,0.026762843132019043
7,nebDFT2k:mp-770939_2_6_0_0_1,reverse,0.3225223422050476,0.5040764808654785,0.1815541386604309,0.026762843132019043
7,nebDFT2k:mp-770939_2_6_0_0_1,inference_symmetrised,0.3225223422050476,0.517457902431488,0.19493556022644043,0.026762843132019043
7,nebDFT2k:mp-770939_2_9_0_0_0,forward,0.13303782045841217,0.4782501459121704,0.34521232545375824,0.048781394958496094
7,nebDFT2k:mp-770939_2_9_0_0_0,reverse,0.13303782045841217,0.4294687509536743,0.29643093049526215,0.048781394958496094
7,nebDFT2k:mp-770939_2_9_0_0_0,inference_symmetrised,0.13303782045841217,0.45385944843292236,0.3208216279745102,0.048781394958496094
7,nebDFT2k:mp-771011_2_1_1_-1_0,forward,0.6420322060585022,0.5866117477416992,0.05542045831680298,0.03752321004867554
7,nebDFT2k:mp-771011_2_1_1_-1_0,reverse,0.6420322060585022,0.5490885376930237,0.09294366836547852,0.03752321004867554
7,nebDFT2k:mp-771011_2_1_1_-1_0,inference_symmetrised,0.6420322060585022,0.5678501427173615,0.07418206334114075,0.03752321004867554
7,nebDFT2k:mp-771011_3_0_1_-1_0,forward,0.6453012228012085,0.6545815467834473,0.00928032398223877,0.00592571496963501
7,nebDFT2k:mp-771011_3_0_1_-1_0,reverse,0.6453012228012085,0.6486558318138123,0.0033546090126037598,0.00592571496963501
7,nebDFT2k:mp-771011_3_0_1_-1_0,inference_symmetrised,0.6453012228012085,0.6516186892986298,0.006317466497421265,0.00592571496963501
7,nebDFT2k:mp-771019_2_5_1_1_0,forward,0.09585042297840118,0.5103095769882202,0.41445915400981903,0.015219271183013916
7,nebDFT2k:mp-771019_2_5_1_1_0,reverse,0.09585042297840118,0.4950903058052063,0.3992398828268051,0.015219271183013916
7,nebDFT2k:mp-771019_2_5_1_1_0,inference_symmetrised,0.09585042297840118,0.5026999413967133,0.4068495184183121,0.015219271183013916
7,nebDFT2k:mp-771821_0_2_0_0_0,forward,0.1138739287853241,0.26021191477775574,0.14633798599243164,0.004397779703140259
7,nebDFT2k:mp-771821_0_2_0_0_0,reverse,0.1138739287853241,0.264609694480896,0.1507357656955719,0.004397779703140259
7,nebDFT2k:mp-771821_0_2_0_0_0,inference_symmetrised,0.1138739287853241,0.26241080462932587,0.14853687584400177,0.004397779703140259
7,nebDFT2k:mp-771906_1_0_1_0_0,forward,0.4369984269142151,0.43096116185188293,0.006037265062332153,0.05084866285324097
7,nebDFT2k:mp-771906_1_0_1_0_0,reverse,0.4369984269142151,0.38011249899864197,0.05688592791557312,0.05084866285324097
7,nebDFT2k:mp-771906_1_0_1_0_0,inference_symmetrised,0.4369984269142151,0.40553683042526245,0.03146159648895264,0.05084866285324097
7,nebDFT2k:mp-772502_1_2_0_0_0,forward,1.4095782041549683,1.1128103733062744,0.29676783084869385,0.12398427724838257
7,nebDFT2k:mp-772502_1_2_0_0_0,reverse,1.4095782041549683,0.9888260960578918,0.4207521080970764,0.12398427724838257
7,nebDFT2k:mp-772502_1_2_0_0_0,inference_symmetrised,1.4095782041549683,1.0508182346820831,0.35875996947288513,0.12398427724838257
7,nebDFT2k:mp-772542_0_2_0_0_0,forward,0.24687078595161438,0.33366045355796814,0.08678966760635376,0.1270298957824707
7,nebDFT2k:mp-772542_0_2_0_0_0,reverse,0.24687078595161438,0.46069034934043884,0.21381956338882446,0.1270298957824707
7,nebDFT2k:mp-772542_0_2_0_0_0,inference_symmetrised,0.24687078595161438,0.3971754014492035,0.1503046154975891,0.1270298957824707
7,nebDFT2k:mp-772613_0_1_0_0_0,forward,0.4315532147884369,0.5035626888275146,0.07200947403907776,0.01505383849143982
7,nebDFT2k:mp-772613_0_1_0_0_0,reverse,0.4315532147884369,0.48850885033607483,0.05695563554763794,0.01505383849143982
7,nebDFT2k:mp-772613_0_1_0_0_0,inference_symmetrised,0.4315532147884369,0.49603576958179474,0.06448255479335785,0.01505383849143982
7,nebDFT2k:mp-772658_3_3_1_0_0,forward,1.721060872077942,0.5435693264007568,1.177491545677185,0.010947942733764648
7,nebDFT2k:mp-772658_3_3_1_0_0,reverse,1.721060872077942,0.5326213836669922,1.1884394884109497,0.010947942733764648
7,nebDFT2k:mp-772658_3_3_1_0_0,inference_symmetrised,1.721060872077942,0.5380953550338745,1.1829655170440674,0.010947942733764648
7,nebDFT2k:mp-772851_6_10_0_1_0,forward,0.6534039378166199,0.9769283533096313,0.3235244154930115,0.01504749059677124
7,nebDFT2k:mp-772851_6_10_0_1_0,reverse,0.6534039378166199,0.9618808627128601,0.30847692489624023,0.01504749059677124
7,nebDFT2k:mp-772851_6_10_0_1_0,inference_symmetrised,0.6534039378166199,0.9694046080112457,0.31600067019462585,0.01504749059677124
7,nebDFT2k:mp-772981_0_2_0_0_0,forward,1.138868808746338,0.9260131120681763,0.21285569667816162,0.033869028091430664
7,nebDFT2k:mp-772981_0_2_0_0_0,reverse,1.138868808746338,0.8921440839767456,0.24672472476959229,0.033869028091430664
7,nebDFT2k:mp-772981_0_2_0_0_0,inference_symmetrised,1.138868808746338,0.9090785980224609,0.22979021072387695,0.033869028091430664
7,nebDFT2k:mp-772981_1_2_0_0_0,forward,3.077207326889038,1.5277516841888428,1.5494556427001953,0.03537154197692871
7,nebDFT2k:mp-772981_1_2_0_0_0,reverse,3.077207326889038,1.492380142211914,1.584827184677124,0.03537154197692871
7,nebDFT2k:mp-772981_1_2_0_0_0,inference_symmetrised,3.077207326889038,1.5100659132003784,1.5671414136886597,0.03537154197692871
7,nebDFT2k:mp-774843_2_3_0_0_0,forward,1.0624136924743652,0.5399681329727173,0.522445559501648,0.04505908489227295
7,nebDFT2k:mp-774843_2_3_0_0_0,reverse,1.0624136924743652,0.49490904808044434,0.5675046443939209,0.04505908489227295
7,nebDFT2k:mp-774843_2_3_0_0_0,inference_symmetrised,1.0624136924743652,0.5174385905265808,0.5449751019477844,0.04505908489227295
7,nebDFT2k:mp-774843_2_3_1_0_0,forward,0.8142358660697937,0.5328704118728638,0.28136545419692993,0.03781384229660034
7,nebDFT2k:mp-774843_2_3_1_0_0,reverse,0.8142358660697937,0.4950565695762634,0.3191792964935303,0.03781384229660034
7,nebDFT2k:mp-774843_2_3_1_0_0,inference_symmetrised,0.8142358660697937,0.5139634907245636,0.3002723753452301,0.03781384229660034
7,nebDFT2k:mp-774843_2_3_0_1_0,forward,0.8414992690086365,0.555975079536438,0.2855241894721985,0.053452134132385254
7,nebDFT2k:mp-774843_2_3_0_1_0,reverse,0.8414992690086365,0.5025229454040527,0.33897632360458374,0.053452134132385254
7,nebDFT2k:mp-774843_2_3_0_1_0,inference_symmetrised,0.8414992690086365,0.5292490124702454,0.3122502565383911,0.053452134132385254
7,nebDFT2k:mp-774843_2_0_0_1_0,forward,3.6757445335388184,2.9823949337005615,0.6933495998382568,0.3217966556549072
7,nebDFT2k:mp-774843_2_0_0_1_0,reverse,3.6757445335388184,3.3041915893554688,0.3715529441833496,0.3217966556549072
7,nebDFT2k:mp-774843_2_0_0_1_0,inference_symmetrised,3.6757445335388184,3.143293261528015,0.5324512720108032,0.3217966556549072
7,nebDFT2k:mp-774843_0_1_0_0_0,forward,0.8201401233673096,0.42645883560180664,0.39368128776550293,0.04064762592315674
7,nebDFT2k:mp-774843_0_1_0_0_0,reverse,0.8201401233673096,0.4671064615249634,0.3530336618423462,0.04064762592315674
7,nebDFT2k:mp-774843_0_1_0_0_0,inference_symmetrised,0.8201401233673096,0.446782648563385,0.37335747480392456,0.04064762592315674
7,nebDFT2k:mp-774946_0_2_0_0_0,forward,0.6453417539596558,0.5622538924217224,0.08308786153793335,0.021139442920684814
7,nebDFT2k:mp-774946_0_2_0_0_0,reverse,0.6453417539596558,0.5411144495010376,0.10422730445861816,0.021139442920684814
7,nebDFT2k:mp-774946_0_2_0_0_0,inference_symmetrised,0.6453417539596558,0.55168417096138,0.09365758299827576,0.021139442920684814
7,nebDFT2k:mp-775195_1_5_0_1_0,forward,0.11352421343326569,0.2743096351623535,0.16078542172908783,0.013542354106903076
7,nebDFT2k:mp-775195_1_5_0_1_0,reverse,0.11352421343326569,0.26076728105545044,0.14724306762218475,0.013542354106903076
7,nebDFT2k:mp-775195_1_5_0_1_0,inference_symmetrised,0.11352421343326569,0.267538458108902,0.1540142446756363,0.013542354106903076
7,nebDFT2k:mp-776519_1_0_0_1_0,forward,1.0567388534545898,0.7020512223243713,0.3546876311302185,0.0475044846534729
7,nebDFT2k:mp-776519_1_0_0_1_0,reverse,1.0567388534545898,0.6545467376708984,0.4021921157836914,0.0475044846534729
7,nebDFT2k:mp-776519_1_0_0_1_0,inference_symmetrised,1.0567388534545898,0.6782989799976349,0.37843987345695496,0.0475044846534729
7,nebDFT2k:mp-776806_0_1_0_0_0,forward,0.8505998849868774,0.587913453578949,0.26268643140792847,0.012267529964447021
7,nebDFT2k:mp-776806_0_1_0_0_0,reverse,0.8505998849868774,0.600180983543396,0.25041890144348145,0.012267529964447021
7,nebDFT2k:mp-776806_0_1_0_0_0,inference_symmetrised,0.8505998849868774,0.5940472185611725,0.25655266642570496,0.012267529964447021
7,nebDFT2k:mp-776806_3_2_1_1_0,forward,0.6594776511192322,0.587295413017273,0.07218223810195923,0.040490806102752686
7,nebDFT2k:mp-776806_3_2_1_1_0,reverse,0.6594776511192322,0.6277862191200256,0.03169143199920654,0.040490806102752686
7,nebDFT2k:mp-776806_3_2_1_1_0,inference_symmetrised,0.6594776511192322,0.6075408160686493,0.051936835050582886,0.040490806102752686
7,nebDFT2k:mp-777279_19_7_1_0_0,forward,0.389350026845932,0.636052131652832,0.24670210480690002,0.004800736904144287
7,nebDFT2k:mp-777279_19_7_1_0_0,reverse,0.389350026845932,0.6312513947486877,0.24190136790275574,0.004800736904144287
7,nebDFT2k:mp-777279_19_7_1_0_0,inference_symmetrised,0.389350026845932,0.6336517632007599,0.24430173635482788,0.004800736904144287
7,nebDFT2k:mp-777670_0_1_0_0_0,forward,0.7413540482521057,0.46666401624679565,0.27469003200531006,0.00963050127029419
7,nebDFT2k:mp-777670_0_1_0_0_0,reverse,0.7413540482521057,0.47629451751708984,0.26505953073501587,0.00963050127029419
7,nebDFT2k:mp-777670_0_1_0_0_0,inference_symmetrised,0.7413540482521057,0.47147926688194275,0.26987478137016296,0.00963050127029419
7,nebDFT2k:mp-777670_0_2_0_1_0,forward,4.522794723510742,3.0046348571777344,1.5181598663330078,0.38805389404296875
7,nebDFT2k:mp-777670_0_2_0_1_0,reverse,4.522794723510742,2.6165809631347656,1.9062137603759766,0.38805389404296875
7,nebDFT2k:mp-777670_0_2_0_1_0,inference_symmetrised,4.522794723510742,2.81060791015625,1.7121868133544922,0.38805389404296875
7,nebDFT2k:mp-777670_1_0_0_1_0,forward,0.6251729130744934,0.5661658048629761,0.059007108211517334,0.018201172351837158
7,nebDFT2k:mp-777670_1_0_0_1_0,reverse,0.6251729130744934,0.5479646325111389,0.07720828056335449,0.018201172351837158
7,nebDFT2k:mp-777670_1_0_0_1_0,inference_symmetrised,0.6251729130744934,0.5570652186870575,0.06810769438743591,0.018201172351837158
7,nebDFT2k:mp-778325_0_1_0_0_0,forward,0.6744814515113831,0.5234679579734802,0.15101349353790283,0.029997169971466064
7,nebDFT2k:mp-778325_0_1_0_0_0,reverse,0.6744814515113831,0.5534651279449463,0.12101632356643677,0.029997169971466064
7,nebDFT2k:mp-778325_0_1_0_0_0,inference_symmetrised,0.6744814515113831,0.5384665429592133,0.1360149085521698,0.029997169971466064
7,nebDFT2k:mp-778830_1_9_1_1_0,forward,0.25904756784439087,0.4918052852153778,0.23275771737098694,0.024994701147079468
7,nebDFT2k:mp-778830_1_9_1_1_0,reverse,0.25904756784439087,0.5167999863624573,0.2577524185180664,0.024994701147079468
7,nebDFT2k:mp-778830_1_9_1_1_0,inference_symmetrised,0.25904756784439087,0.5043026357889175,0.24525506794452667,0.024994701147079468
7,nebDFT2k:mp-778830_4_0_1_-1_-1,forward,0.2582642734050751,0.4410402774810791,0.18277600407600403,0.008559048175811768
7,nebDFT2k:mp-778830_4_0_1_-1_-1,reverse,0.2582642734050751,0.44959932565689087,0.1913350522518158,0.008559048175811768
7,nebDFT2k:mp-778830_4_0_1_-1_-1,inference_symmetrised,0.2582642734050751,0.445319801568985,0.1870555281639099,0.008559048175811768
7,nebDFT2k:mp-779432_2_7_0_1_0,forward,0.17155316472053528,0.24609965085983276,0.07454648613929749,0.03014969825744629
7,nebDFT2k:mp-779432_2_7_0_1_0,reverse,0.17155316472053528,0.21594995260238647,0.044396787881851196,0.03014969825744629
7,nebDFT2k:mp-779432_2_7_0_1_0,inference_symmetrised,0.17155316472053528,0.23102480173110962,0.05947163701057434,0.03014969825744629
7,nebDFT2k:mp-779720_1_4_0_0_0,forward,0.3813576102256775,0.1615734100341797,0.2197842001914978,0.060596853494644165
7,nebDFT2k:mp-779720_1_4_0_0_0,reverse,0.3813576102256775,0.22217026352882385,0.15918734669685364,0.060596853494644165
7,nebDFT2k:mp-779720_1_4_0_0_0,inference_symmetrised,0.3813576102256775,0.19187183678150177,0.18948577344417572,0.060596853494644165
7,nebDFT2k:mp-779720_0_6_0_0_0,forward,0.876657247543335,0.41888463497161865,0.4577726125717163,0.0009130239486694336
7,nebDFT2k:mp-779720_0_6_0_0_0,reverse,0.876657247543335,0.4197976589202881,0.4568595886230469,0.0009130239486694336
7,nebDFT2k:mp-779720_0_6_0_0_0,inference_symmetrised,0.876657247543335,0.41934114694595337,0.4573161005973816,0.0009130239486694336
7,nebDFT2k:mp-779720_12_22_0_0_0,forward,0.6643123030662537,0.3004574775695801,0.3638548254966736,0.08287999033927917
7,nebDFT2k:mp-779720_12_22_0_0_0,reverse,0.6643123030662537,0.38333746790885925,0.2809748351573944,0.08287999033927917
7,nebDFT2k:mp-779720_12_22_0_0_0,inference_symmetrised,0.6643123030662537,0.34189747273921967,0.322414830327034,0.08287999033927917
7,nebDFT2k:mp-779720_4_8_0_1_0,forward,0.4980355501174927,0.46916434168815613,0.028871208429336548,0.05887070298194885
7,nebDFT2k:mp-779720_4_8_0_1_0,reverse,0.4980355501174927,0.4102936387062073,0.0877419114112854,0.05887070298194885
7,nebDFT2k:mp-779720_4_8_0_1_0,inference_symmetrised,0.4980355501174927,0.4397289901971817,0.058306559920310974,0.05887070298194885
7,nebDFT2k:mp-781596_1_3_0_1_0,forward,0.12982939183712006,0.3787170648574829,0.24888767302036285,0.05153357982635498
7,nebDFT2k:mp-781596_1_3_0_1_0,reverse,0.12982939183712006,0.32718348503112793,0.19735409319400787,0.05153357982635498
7,nebDFT2k:mp-781596_1_3_0_1_0,inference_symmetrised,0.12982939183712006,0.3529502749443054,0.22312088310718536,0.05153357982635498
7,nebDFT2k:mp-849351_1_0_1_0_-1,forward,1.591550588607788,0.42240095138549805,1.16914963722229,0.001679837703704834
7,nebDFT2k:mp-849351_1_0_1_0_-1,reverse,1.591550588607788,0.4207211136817932,1.1708294749259949,0.001679837703704834
7,nebDFT2k:mp-849351_1_0_1_0_-1,inference_symmetrised,1.591550588607788,0.42156103253364563,1.1699895560741425,0.001679837703704834
7,nebDFT2k:mp-849386_8_8_1_0_0,forward,1.0149714946746826,0.5581947565078735,0.4567767381668091,0.013636231422424316
7,nebDFT2k:mp-849386_8_8_1_0_0,reverse,1.0149714946746826,0.5718309879302979,0.44314050674438477,0.013636231422424316
7,nebDFT2k:mp-849386_8_8_1_0_0,inference_symmetrised,1.0149714946746826,0.5650128722190857,0.4499586224555969,0.013636231422424316
7,nebDFT2k:mp-850532_0_1_0_1_0,forward,0.5237549543380737,0.5386033654212952,0.014848411083221436,0.0034191012382507324
7,nebDFT2k:mp-850532_0_1_0_1_0,reverse,0.5237549543380737,0.5351842641830444,0.011429309844970703,0.0034191012382507324
7,nebDFT2k:mp-850532_0_1_0_1_0,inference_symmetrised,0.5237549543380737,0.5368938148021698,0.01313886046409607,0.0034191012382507324
17,nebDFT2k:mp-1020056_0_0_1_1_0,forward,2.066868543624878,2.068953037261963,0.002084493637084961,0.11857974529266357
17,nebDFT2k:mp-1020056_0_0_1_1_0,reverse,2.066868543624878,1.9503732919692993,0.11649525165557861,0.11857974529266357
17,nebDFT2k:mp-1020056_0_0_1_1_0,inference_symmetrised,2.066868543624878,2.009663164615631,0.057205379009246826,0.11857974529266357
17,nebDFT2k:mp-1020056_0_2_1_0_0,forward,0.13001933693885803,0.5358806252479553,0.4058612883090973,0.011135637760162354
17,nebDFT2k:mp-1020056_0_2_1_0_0,reverse,0.13001933693885803,0.524744987487793,0.39472565054893494,0.011135637760162354
17,nebDFT2k:mp-1020056_0_2_1_0_0,inference_symmetrised,0.13001933693885803,0.5303128063678741,0.4002934694290161,0.011135637760162354
17,nebDFT2k:mp-1020056_2_2_1_1_0,forward,1.452639102935791,1.3400297164916992,0.1126093864440918,0.04051542282104492
17,nebDFT2k:mp-1020056_2_2_1_1_0,reverse,1.452639102935791,1.2995142936706543,0.15312480926513672,0.04051542282104492
17,nebDFT2k:mp-1020056_2_2_1_1_0,inference_symmetrised,1.452639102935791,1.3197720050811768,0.13286709785461426,0.04051542282104492
17,nebDFT2k:mp-1147726_4_6_1_0_0,forward,0.1745581477880478,0.41396528482437134,0.23940713703632355,0.007921397686004639
17,nebDFT2k:mp-1147726_4_6_1_0_0,reverse,0.1745581477880478,0.421886682510376,0.24732853472232819,0.007921397686004639
17,nebDFT2k:mp-1147726_4_6_1_0_0,inference_symmetrised,0.1745581477880478,0.41792598366737366,0.24336783587932587,0.007921397686004639
17,nebDFT2k:mp-1174212_5_7_0_0_0,forward,0.8727639317512512,0.347042977809906,0.5257209539413452,0.008354365825653076
17,nebDFT2k:mp-1174212_5_7_0_0_0,reverse,0.8727639317512512,0.33868861198425293,0.5340753197669983,0.008354365825653076
17,nebDFT2k:mp-1174212_5_7_0_0_0,inference_symmetrised,0.8727639317512512,0.34286579489707947,0.5298981368541718,0.008354365825653076
17,nebDFT2k:mp-1175313_9_13_0_0_0,forward,0.5736613869667053,0.3914257884025574,0.18223559856414795,0.0006119012832641602
17,nebDFT2k:mp-1175313_9_13_0_0_0,reverse,0.5736613869667053,0.3908138871192932,0.1828474998474121,0.0006119012832641602
17,nebDFT2k:mp-1175313_9_13_0_0_0,inference_symmetrised,0.5736613869667053,0.3911198377609253,0.18254154920578003,0.0006119012832641602
17,nebDFT2k:mp-1175624_0_3_0_1_0,forward,0.40710362792015076,0.6515699625015259,0.24446633458137512,0.026826322078704834
17,nebDFT2k:mp-1175624_0_3_0_1_0,reverse,0.40710362792015076,0.6783962845802307,0.27129265666007996,0.026826322078704834
17,nebDFT2k:mp-1175624_0_3_0_1_0,inference_symmetrised,0.40710362792015076,0.6649831235408783,0.25787949562072754,0.026826322078704834
17,nebDFT2k:mp-1175840_1_1_1_0_0,forward,2.172025442123413,1.9126826524734497,0.2593427896499634,0.008635282516479492
17,nebDFT2k:mp-1175840_1_1_1_0_0,reverse,2.172025442123413,1.9213179349899292,0.2507075071334839,0.008635282516479492
17,nebDFT2k:mp-1175840_1_1_1_0_0,inference_symmetrised,2.172025442123413,1.9170002937316895,0.25502514839172363,0.008635282516479492
17,nebDFT2k:mp-1176566_0_2_0_0_0,forward,0.17504152655601501,0.4384623169898987,0.26342079043388367,0.03852576017379761
17,nebDFT2k:mp-1176566_0_2_0_0_0,reverse,0.17504152655601501,0.4769880771636963,0.3019465506076813,0.03852576017379761
17,nebDFT2k:mp-1176566_0_2_0_0_0,inference_symmetrised,0.17504152655601501,0.4577251970767975,0.28268367052078247,0.03852576017379761
17,nebDFT2k:mp-1176566_0_2_0_1_0,forward,2.848614454269409,2.0356383323669434,0.8129761219024658,0.02583932876586914
17,nebDFT2k:mp-1176566_0_2_0_1_0,reverse,2.848614454269409,2.009799003601074,0.838815450668335,0.02583932876586914
17,nebDFT2k:mp-1176566_0_2_0_1_0,inference_symmetrised,2.848614454269409,2.022718667984009,0.8258957862854004,0.02583932876586914
17,nebDFT2k:mp-1176649_6_7_0_0_0,forward,0.9662818312644958,1.3992431163787842,0.43296128511428833,0.018890023231506348
17,nebDFT2k:mp-1176649_6_7_0_0_0,reverse,0.9662818312644958,1.3803530931472778,0.414071261882782,0.018890023231506348
17,nebDFT2k:mp-1176649_6_7_0_0_0,inference_symmetrised,0.9662818312644958,1.389798104763031,0.42351627349853516,0.018890023231506348
17,nebDFT2k:mp-1176994_9_9_1_0_0,forward,2.2720789909362793,2.2987329959869385,0.02665400505065918,0.022237300872802734
17,nebDFT2k:mp-1176994_9_9_1_0_0,reverse,2.2720789909362793,2.320970296859741,0.048891305923461914,0.022237300872802734
17,nebDFT2k:mp-1176994_9_9_1_0_0,inference_symmetrised,2.2720789909362793,2.30985164642334,0.03777265548706055,0.022237300872802734
17,nebDFT2k:mp-1177804_0_1_0_0_1,forward,1.6887457370758057,2.0014076232910156,0.31266188621520996,0.017087459564208984
17,nebDFT2k:mp-1177804_0_1_0_0_1,reverse,1.6887457370758057,2.0184950828552246,0.32974934577941895,0.017087459564208984
17,nebDFT2k:mp-1177804_0_1_0_0_1,inference_symmetrised,1.6887457370758057,2.00995135307312,0.32120561599731445,0.017087459564208984
17,nebDFT2k:mp-1177804_0_2_0_0_1,forward,0.3489684462547302,0.46167296171188354,0.11270451545715332,0.02863985300064087
17,nebDFT2k:mp-1177804_0_2_0_0_1,reverse,0.3489684462547302,0.4903128147125244,0.1413443684577942,0.02863985300064087
17,nebDFT2k:mp-1177804_0_2_0_0_1,inference_symmetrised,0.3489684462547302,0.475992888212204,0.12702444195747375,0.02863985300064087
17,nebDFT2k:mp-1177943_4_7_0_0_0,forward,0.9865845441818237,0.8545835018157959,0.13200104236602783,0.05959993600845337
17,nebDFT2k:mp-1177943_4_7_0_0_0,reverse,0.9865845441818237,0.9141834378242493,0.07240110635757446,0.05959993600845337
17,nebDFT2k:mp-1177943_4_7_0_0_0,inference_symmetrised,0.9865845441818237,0.8843834698200226,0.10220107436180115,0.05959993600845337
17,nebDFT2k:mp-1178166_8_9_0_0_1,forward,0.8422648310661316,1.0328683853149414,0.19060355424880981,0.08084821701049805
17,nebDFT2k:mp-1178166_8_9_0_0_1,reverse,0.8422648310661316,1.1137166023254395,0.27145177125930786,0.08084821701049805
17,nebDFT2k:mp-1178166_8_9_0_0_1,inference_symmetrised,0.8422648310661316,1.0732924938201904,0.23102766275405884,0.08084821701049805
17,nebDFT2k:mp-1202443_0_6_0_0_1,forward,1.9113332033157349,1.2373943328857422,0.6739388704299927,0.02168869972229004
17,nebDFT2k:mp-1202443_0_6_0_0_1,reverse,1.9113332033157349,1.2590830326080322,0.6522501707077026,0.02168869972229004
17,nebDFT2k:mp-1202443_0_6_0_0_1,inference_symmetrised,1.9113332033157349,1.2482386827468872,0.6630945205688477,0.02168869972229004
17,nebDFT2k:mp-1222404_0_0_0_1_-1,forward,0.4571089446544647,0.9402379989624023,0.4831290543079376,0.0094224214553833
17,nebDFT2k:mp-1222404_0_0_0_1_-1,reverse,0.4571089446544647,0.9496604204177856,0.4925514757633209,0.0094224214553833
17,nebDFT2k:mp-1222404_0_0_0_1_-1,inference_symmetrised,0.4571089446544647,0.944949209690094,0.4878402650356293,0.0094224214553833
17,nebDFT2k:mp-1222469_0_0_0_1_0,forward,1.3453915119171143,0.9612791538238525,0.3841123580932617,0.03177976608276367
17,nebDFT2k:mp-1222469_0_0_0_1_0,reverse,1.3453915119171143,0.9930589199066162,0.35233259201049805,0.03177976608276367
17,nebDFT2k:mp-1222469_0_0_0_1_0,inference_symmetrised,1.3453915119171143,0.9771690368652344,0.3682224750518799,0.03177976608276367
17,nebDFT2k:mp-1222510_2_2_0_1_0,forward,1.738020896911621,1.8872774839401245,0.14925658702850342,0.06614816188812256
17,nebDFT2k:mp-1222510_2_2_0_1_0,reverse,1.738020896911621,1.821129322052002,0.08310842514038086,0.06614816188812256
17,nebDFT2k:mp-1222510_2_2_0_1_0,inference_symmetrised,1.738020896911621,1.8542034029960632,0.11618250608444214,0.06614816188812256
17,nebDFT2k:mp-1222575_1_2_0_0_0,forward,1.200072169303894,0.9576376080513,0.242434561252594,0.004335761070251465
17,nebDFT2k:mp-1222575_1_2_0_0_0,reverse,1.200072169303894,0.9619733691215515,0.23809880018234253,0.004335761070251465
17,nebDFT2k:mp-1222575_1_2_0_0_0,inference_symmetrised,1.200072169303894,0.9598054885864258,0.24026668071746826,0.004335761070251465
17,nebDFT2k:mp-1222575_0_2_0_0_0,forward,4.537822246551514,3.09321928024292,1.4446029663085938,0.06628704071044922
17,nebDFT2k:mp-1222575_0_2_0_0_0,reverse,4.537822246551514,3.159506320953369,1.3783159255981445,0.06628704071044922
17,nebDFT2k:mp-1222575_0_2_0_0_0,inference_symmetrised,4.537822246551514,3.1263628005981445,1.4114594459533691,0.06628704071044922
17,nebDFT2k:mp-1222591_0_0_0_1_0,forward,0.4859350323677063,0.5274169445037842,0.04148191213607788,0.020326614379882812
17,nebDFT2k:mp-1222591_0_0_0_1_0,reverse,0.4859350323677063,0.547743558883667,0.06180852651596069,0.020326614379882812
17,nebDFT2k:mp-1222591_0_0_0_1_0,inference_symmetrised,0.4859350323677063,0.5375802516937256,0.05164521932601929,0.020326614379882812
17,nebDFT2k:mp-1277038_4_0_0_1_0,forward,0.685222327709198,0.944945752620697,0.259723424911499,0.010687053203582764
17,nebDFT2k:mp-1277038_4_0_0_1_0,reverse,0.685222327709198,0.9342586994171143,0.24903637170791626,0.010687053203582764
17,nebDFT2k:mp-1277038_4_0_0_1_0,inference_symmetrised,0.685222327709198,0.9396022260189056,0.25437989830970764,0.010687053203582764
17,nebDFT2k:mp-1277589_2_0_1_0_0,forward,0.5733042359352112,0.7531744241714478,0.17987018823623657,0.02814805507659912
17,nebDFT2k:mp-1277589_2_0_1_0_0,reverse,0.5733042359352112,0.7813224792480469,0.2080182433128357,0.02814805507659912
17,nebDFT2k:mp-1277589_2_0_1_0_0,inference_symmetrised,0.5733042359352112,0.7672484517097473,0.19394421577453613,0.02814805507659912
17,nebDFT2k:mp-1277613_3_1_1_-1_0,forward,0.5781484246253967,0.5529277920722961,0.025220632553100586,0.04182213544845581
17,nebDFT2k:mp-1277613_3_1_1_-1_0,reverse,0.5781484246253967,0.594749927520752,0.016601502895355225,0.04182213544845581
17,nebDFT2k:mp-1277613_3_1_1_-1_0,inference_symmetrised,0.5781484246253967,0.573838859796524,0.004309564828872681,0.04182213544845581
17,nebDFT2k:mp-1277613_2_0_0_0_1,forward,0.5695000886917114,0.5406429171562195,0.028857171535491943,0.038708388805389404
17,nebDFT2k:mp-1277613_2_0_0_0_1,reverse,0.5695000886917114,0.5793513059616089,0.009851217269897461,0.038708388805389404
17,nebDFT2k:mp-1277613_2_0_0_0_1,inference_symmetrised,0.5695000886917114,0.5599971115589142,0.009502977132797241,0.038708388805389404
17,nebDFT2k:mp-1277814_5_7_0_1_0,forward,2.58870530128479,0.4906156659126282,2.098089635372162,0.00859159231185913
17,nebDFT2k:mp-1277814_5_7_0_1_0,reverse,2.58870530128479,0.48202407360076904,2.106681227684021,0.00859159231185913
17,nebDFT2k:mp-1277814_5_7_0_1_0,inference_symmetrised,2.58870530128479,0.4863198697566986,2.1023854315280914,0.00859159231185913
17,nebDFT2k:mp-1277814_6_10_1_-1_0,forward,2.7002744674682617,1.591007947921753,1.1092665195465088,0.05733990669250488
17,nebDFT2k:mp-1277814_6_10_1_-1_0,reverse,2.7002744674682617,1.533668041229248,1.1666064262390137,0.05733990669250488
17,nebDFT2k:mp-1277814_6_10_1_-1_0,inference_symmetrised,2.7002744674682617,1.5623379945755005,1.1379364728927612,0.05733990669250488
17,nebDFT2k:mp-1277814_1_2_0_1_0,forward,0.4587925672531128,0.502105176448822,0.04331260919570923,0.0017171502113342285
17,nebDFT2k:mp-1277814_1_2_0_1_0,reverse,0.4587925672531128,0.5038223266601562,0.04502975940704346,0.0017171502113342285
17,nebDFT2k:mp-1277814_1_2_0_1_0,inference_symmetrised,0.4587925672531128,0.5029637515544891,0.04417118430137634,0.0017171502113342285
17,nebDFT2k:mp-1277814_9_2_1_1_0,forward,2.4481306076049805,1.578186273574829,0.8699443340301514,0.0249481201171875
17,nebDFT2k:mp-1277814_9_2_1_1_0,reverse,2.4481306076049805,1.5532381534576416,0.8948924541473389,0.0249481201171875
17,nebDFT2k:mp-1277814_9_2_1_1_0,inference_symmetrised,2.4481306076049805,1.5657122135162354,0.8824183940887451,0.0249481201171875
17,nebDFT2k:mp-1282211_3_0_0_0_1,forward,3.475863456726074,1.7565497159957886,1.7193137407302856,0.11194419860839844
17,nebDFT2k:mp-1282211_3_0_0_0_1,reverse,3.475863456726074,1.868493914604187,1.6073695421218872,0.11194419860839844
17,nebDFT2k:mp-1282211_3_0_0_0_1,inference_symmetrised,3.475863456726074,1.8125218152999878,1.6633416414260864,0.11194419860839844
17,nebDFT2k:mp-1282761_2_1_1_1_0,forward,0.2802552878856659,0.7692428827285767,0.48898759484291077,0.000362396240234375
17,nebDFT2k:mp-1282761_2_1_1_1_0,reverse,0.2802552878856659,0.7688804864883423,0.4886251986026764,0.000362396240234375
17,nebDFT2k:mp-1282761_2_1_1_1_0,inference_symmetrised,0.2802552878856659,0.7690616846084595,0.4888063967227936,0.000362396240234375
17,nebDFT2k:mp-1282761_3_0_0_0_1,forward,0.28042837977409363,0.7831838130950928,0.5027554333209991,0.024340391159057617
17,nebDFT2k:mp-1282761_3_0_0_0_1,reverse,0.28042837977409363,0.8075242042541504,0.5270958244800568,0.024340391159057617
17,nebDFT2k:mp-1282761_3_0_0_0_1,inference_symmetrised,0.28042837977409363,0.7953540086746216,0.514925628900528,0.024340391159057617
17,nebDFT2k:mp-1282869_0_3_0_0_0,forward,0.5327412486076355,0.5348358154296875,0.002094566822052002,0.03844559192657471
17,nebDFT2k:mp-1282869_0_3_0_0_0,reverse,0.5327412486076355,0.5732814073562622,0.04054015874862671,0.03844559192657471
17,nebDFT2k:mp-1282869_0_3_0_0_0,inference_symmetrised,0.5327412486076355,0.5540586113929749,0.021317362785339355,0.03844559192657471
17,nebDFT2k:mp-1282869_1_2_1_0_0,forward,0.531970202922821,0.544915497303009,0.012945294380187988,0.0365026593208313
17,nebDFT2k:mp-1282869_1_2_1_0_0,reverse,0.531970202922821,0.5814181566238403,0.04944795370101929,0.0365026593208313
17,nebDFT2k:mp-1282869_1_2_1_0_0,inference_symmetrised,0.531970202922821,0.5631668269634247,0.031196624040603638,0.0365026593208313
17,nebDFT2k:mp-1282931_3_5_0_0_0,forward,0.6656212210655212,0.4371272027492523,0.22849401831626892,0.025526374578475952
17,nebDFT2k:mp-1282931_3_5_0_0_0,reverse,0.6656212210655212,0.46265357732772827,0.20296764373779297,0.025526374578475952
17,nebDFT2k:mp-1282931_3_5_0_0_0,inference_symmetrised,0.6656212210655212,0.4498903900384903,0.21573083102703094,0.025526374578475952
17,nebDFT2k:mp-1284600_2_7_0_0_0,forward,0.41195741295814514,0.4738961458206177,0.061938732862472534,0.03244501352310181
17,nebDFT2k:mp-1284600_2_7_0_0_0,reverse,0.41195741295814514,0.5063411593437195,0.09438374638557434,0.03244501352310181
17,nebDFT2k:mp-1284600_2_7_0_0_0,inference_symmetrised,0.41195741295814514,0.4901186525821686,0.07816123962402344,0.03244501352310181
17,nebDFT2k:mp-1295192_1_1_1_0_0,forward,1.0270062685012817,0.9431172609329224,0.08388900756835938,0.0032162070274353027
17,nebDFT2k:mp-1295192_1_1_1_0_0,reverse,1.0270062685012817,0.9463334679603577,0.08067280054092407,0.0032162070274353027
17,nebDFT2k:mp-1295192_1_1_1_0_0,inference_symmetrised,1.0270062685012817,0.94472536444664,0.08228090405464172,0.0032162070274353027
17,nebDFT2k:mp-1295192_3_3_1_0_0,forward,1.0451579093933105,0.951022744178772,0.09413516521453857,0.0021587610244750977
17,nebDFT2k:mp-1295192_3_3_1_0_0,reverse,1.0451579093933105,0.9531815052032471,0.09197640419006348,0.0021587610244750977
17,nebDFT2k:mp-1295192_3_3_1_0_0,inference_symmetrised,1.0451579093933105,0.9521021246910095,0.09305578470230103,0.0021587610244750977
17,nebDFT2k:mp-1297766_1_5_1_-1_0,forward,2.696653127670288,2.0237622261047363,0.6728909015655518,0.010980606079101562
17,nebDFT2k:mp-1297766_1_5_1_-1_0,reverse,2.696653127670288,2.0127816200256348,0.6838715076446533,0.010980606079101562
17,nebDFT2k:mp-1297766_1_5_1_-1_0,inference_symmetrised,2.696653127670288,2.0182719230651855,0.6783812046051025,0.010980606079101562
17,nebDFT2k:mp-1306251_7_5_1_1_0,forward,1.546714425086975,1.0209392309188843,0.5257751941680908,0.015662550926208496
17,nebDFT2k:mp-1306251_7_5_1_1_0,reverse,1.546714425086975,1.0366017818450928,0.5101126432418823,0.015662550926208496
17,nebDFT2k:mp-1306251_7_5_1_1_0,inference_symmetrised,1.546714425086975,1.0287705063819885,0.5179439187049866,0.015662550926208496
17,nebDFT2k:mp-1314006_1_0_0_1_-1,forward,0.2759045958518982,0.38241714239120483,0.10651254653930664,0.005372494459152222
17,nebDFT2k:mp-1314006_1_0_0_1_-1,reverse,0.2759045958518982,0.38778963685035706,0.11188504099845886,0.005372494459152222
17,nebDFT2k:mp-1314006_1_0_0_1_-1,inference_symmetrised,0.2759045958518982,0.38510338962078094,0.10919879376888275,0.005372494459152222
17,nebDFT2k:mp-1320203_8_0_0_1_0,forward,0.7955121994018555,0.45259562134742737,0.3429165780544281,0.0022146999835968018
17,nebDFT2k:mp-1320203_8_0_0_1_0,reverse,0.7955121994018555,0.45038092136383057,0.3451312780380249,0.0022146999835968018
17,nebDFT2k:mp-1320203_8_0_0_1_0,inference_symmetrised,0.7955121994018555,0.45148827135562897,0.3440239280462265,0.0022146999835968018
17,nebDFT2k:mp-1641416_3_9_0_0_0,forward,0.38150760531425476,0.3549734354019165,0.026534169912338257,0.0036431550979614258
17,nebDFT2k:mp-1641416_3_9_0_0_0,reverse,0.38150760531425476,0.3513302803039551,0.030177325010299683,0.0036431550979614258
17,nebDFT2k:mp-1641416_3_9_0_0_0,inference_symmetrised,0.38150760531425476,0.3531518578529358,0.02835574746131897,0.0036431550979614258
17,nebDFT2k:mp-25463_4_10_1_0_0,forward,0.6109094023704529,0.7062497138977051,0.0953403115272522,0.14521241188049316
17,nebDFT2k:mp-25463_4_10_1_0_0,reverse,0.6109094023704529,0.8514621257781982,0.24055272340774536,0.14521241188049316
17,nebDFT2k:mp-25463_4_10_1_0_0,inference_symmetrised,0.6109094023704529,0.7788559198379517,0.16794651746749878,0.14521241188049316
17,nebDFT2k:mp-25465_1_0_0_0_1,forward,0.857966959476471,1.2919234037399292,0.43395644426345825,0.023590087890625
17,nebDFT2k:mp-25465_1_0_0_0_1,reverse,0.857966959476471,1.3155134916305542,0.45754653215408325,0.023590087890625
17,nebDFT2k:mp-25465_1_0_0_0_1,inference_symmetrised,0.857966959476471,1.3037184476852417,0.44575148820877075,0.023590087890625
17,nebDFT2k:mp-25465_1_0_1_0_1,forward,0.22785605490207672,0.16191905736923218,0.06593699753284454,0.050074249505996704
17,nebDFT2k:mp-25465_1_0_1_0_1,reverse,0.22785605490207672,0.21199330687522888,0.01586274802684784,0.050074249505996704
17,nebDFT2k:mp-25465_1_0_1_0_1,inference_symmetrised,0.22785605490207672,0.18695618212223053,0.04089987277984619,0.050074249505996704
17,nebDFT2k:mp-26247_6_9_0_0_0,forward,0.6142609715461731,0.4695360064506531,0.14472496509552002,0.04205065965652466
17,nebDFT2k:mp-26247_6_9_0_0_0,reverse,0.6142609715461731,0.5115866661071777,0.10267430543899536,0.04205065965652466
17,nebDFT2k:mp-26247_6_9_0_0_0,inference_symmetrised,0.6142609715461731,0.4905613362789154,0.12369963526725769,0.04205065965652466
17,nebDFT2k:mp-26351_0_2_0_0_0,forward,1.5798574686050415,1.7285128831863403,0.14865541458129883,0.11005949974060059
17,nebDFT2k:mp-26351_0_2_0_0_0,reverse,1.5798574686050415,1.838572382926941,0.2587149143218994,0.11005949974060059
17,nebDFT2k:mp-26351_0_2_0_0_0,inference_symmetrised,1.5798574686050415,1.7835426330566406,0.20368516445159912,0.11005949974060059
17,nebDFT2k:mp-26721_0_1_0_0_0,forward,1.2890585660934448,0.4396474361419678,0.849411129951477,0.002026975154876709
17,nebDFT2k:mp-26721_0_1_0_0_0,reverse,1.2890585660934448,0.43762046098709106,0.8514381051063538,0.002026975154876709
17,nebDFT2k:mp-26721_0_1_0_0_0,inference_symmetrised,1.2890585660934448,0.4386339485645294,0.8504246175289154,0.002026975154876709
17,nebDFT2k:mp-26965_0_2_0_1_0,forward,0.2988061010837555,0.32185423374176025,0.02304813265800476,0.006979644298553467
17,nebDFT2k:mp-26965_0_2_0_1_0,reverse,0.2988061010837555,0.3288338780403137,0.030027776956558228,0.006979644298553467
17,nebDFT2k:mp-26965_0_2_0_1_0,inference_symmetrised,0.2988061010837555,0.325344055891037,0.026537954807281494,0.006979644298553467
17,nebDFT2k:mp-28030_17_16_0_1_-1,forward,0.8980735540390015,0.7528536915779114,0.1452198624610901,0.04234719276428223
17,nebDFT2k:mp-28030_17_16_0_1_-1,reverse,0.8980735540390015,0.7952008843421936,0.10287266969680786,0.04234719276428223
17,nebDFT2k:mp-28030_17_16_0_1_-1,inference_symmetrised,0.8980735540390015,0.7740272879600525,0.12404626607894897,0.04234719276428223
17,nebDFT2k:mp-28030_30_31_0_0_0,forward,0.9760967493057251,0.8857795596122742,0.09031718969345093,0.03416037559509277
17,nebDFT2k:mp-28030_30_31_0_0_0,reverse,0.9760967493057251,0.9199399352073669,0.056156814098358154,0.03416037559509277
17,nebDFT2k:mp-28030_30_31_0_0_0,inference_symmetrised,0.9760967493057251,0.9028597474098206,0.07323700189590454,0.03416037559509277
17,nebDFT2k:mp-28030_2_22_0_0_0,forward,0.8691693544387817,0.6325928568840027,0.23657649755477905,0.004656732082366943
17,nebDFT2k:mp-28030_2_22_0_0_0,reverse,0.8691693544387817,0.6372495889663696,0.2319197654724121,0.004656732082366943
17,nebDFT2k:mp-28030_2_22_0_0_0,inference_symmetrised,0.8691693544387817,0.6349212229251862,0.23424813151359558,0.004656732082366943
17,nebDFT2k:mp-28548_0_8_0_0_0,forward,0.11965204030275345,0.46098214387893677,0.3413301035761833,0.022725552320480347
17,nebDFT2k:mp-28548_0_8_0_0_0,reverse,0.11965204030275345,0.4837076961994171,0.36405565589666367,0.022725552320480347
17,nebDFT2k:mp-28548_0_8_0_0_0,inference_symmetrised,0.11965204030275345,0.47234492003917694,0.3526928797364235,0.022725552320480347
17,nebDFT2k:mp-29040_4_3_0_1_1,forward,0.4273566007614136,0.5693389773368835,0.14198237657546997,0.007887840270996094
17,nebDFT2k:mp-29040_4_3_0_1_1,reverse,0.4273566007614136,0.5772268176078796,0.14987021684646606,0.007887840270996094
17,nebDFT2k:mp-29040_4_3_0_1_1,inference_symmetrised,0.4273566007614136,0.5732828974723816,0.14592629671096802,0.007887840270996094
17,nebDFT2k:mp-29040_0_5_0_0_0,forward,0.8543699979782104,0.5138217806816101,0.34054821729660034,0.0022696852684020996
17,nebDFT2k:mp-29040_0_5_0_0_0,reverse,0.8543699979782104,0.511552095413208,0.34281790256500244,0.0022696852684020996
17,nebDFT2k:mp-29040_0_5_0_0_0,inference_symmetrised,0.8543699979782104,0.5126869380474091,0.3416830599308014,0.0022696852684020996
17,nebDFT2k:mp-29040_1_3_0_0_0,forward,0.1771891564130783,0.5336726903915405,0.3564835339784622,0.004285871982574463
17,nebDFT2k:mp-29040_1_3_0_0_0,reverse,0.1771891564130783,0.537958562374115,0.3607694059610367,0.004285871982574463
17,nebDFT2k:mp-29040_1_3_0_0_0,inference_symmetrised,0.1771891564130783,0.5358156263828278,0.35862646996974945,0.004285871982574463
17,nebDFT2k:mp-34038_3_4_0_1_0,forward,1.1277568340301514,0.38718536496162415,0.7405714690685272,0.10929924249649048
17,nebDFT2k:mp-34038_3_4_0_1_0,reverse,1.1277568340301514,0.4964846074581146,0.6312722265720367,0.10929924249649048
17,nebDFT2k:mp-34038_3_4_0_1_0,inference_symmetrised,1.1277568340301514,0.4418349862098694,0.685921847820282,0.10929924249649048
17,nebDFT2k:mp-34038_0_2_0_0_1,forward,0.7510952949523926,0.6167992949485779,0.1342960000038147,0.008720636367797852
17,nebDFT2k:mp-34038_0_2_0_0_1,reverse,0.7510952949523926,0.60807865858078,0.14301663637161255,0.008720636367797852
17,nebDFT2k:mp-34038_0_2_0_0_1,inference_symmetrised,0.7510952949523926,0.612438976764679,0.13865631818771362,0.008720636367797852
17,nebDFT2k:mp-34038_2_0_0_1_-1,forward,0.7525688409805298,0.5527476072311401,0.19982123374938965,0.008000075817108154
17,nebDFT2k:mp-34038_2_0_0_1_-1,reverse,0.7525688409805298,0.544747531414032,0.2078213095664978,0.008000075817108154
17,nebDFT2k:mp-34038_2_0_0_1_-1,inference_symmetrised,0.7525688409805298,0.5487475693225861,0.20382127165794373,0.008000075817108154
17,nebDFT2k:mp-34038_0_1_1_1_0,forward,1.2990351915359497,0.2787679135799408,1.020267277956009,0.004469633102416992
17,nebDFT2k:mp-34038_0_1_1_1_0,reverse,1.2990351915359497,0.2832375466823578,1.015797644853592,0.004469633102416992
17,nebDFT2k:mp-34038_0_1_1_1_0,inference_symmetrised,1.2990351915359497,0.2810027301311493,1.0180324614048004,0.004469633102416992
17,nebDFT2k:mp-34038_4_4_0_1_0,forward,0.11014693975448608,0.36013227701187134,0.24998533725738525,0.03124329447746277
17,nebDFT2k:mp-34038_4_4_0_1_0,reverse,0.11014693975448608,0.3913755714893341,0.281228631734848,0.03124329447746277
17,nebDFT2k:mp-34038_4_4_0_1_0,inference_symmetrised,0.11014693975448608,0.3757539242506027,0.26560698449611664,0.03124329447746277
17,nebDFT2k:mp-34038_0_0_1_-1_0,forward,1.1750401258468628,0.5056139826774597,0.6694261431694031,0.00046330690383911133
17,nebDFT2k:mp-34038_0_0_1_-1_0,reverse,1.1750401258468628,0.5060772895812988,0.668962836265564,0.00046330690383911133
17,nebDFT2k:mp-34038_0_0_1_-1_0,inference_symmetrised,1.1750401258468628,0.5058456361293793,0.6691944897174835,0.00046330690383911133
17,nebDFT2k:mp-3635_0_3_0_0_0,forward,0.6212753653526306,0.6998985409736633,0.07862317562103271,0.03348052501678467
17,nebDFT2k:mp-3635_0_3_0_0_0,reverse,0.6212753653526306,0.733379065990448,0.11210370063781738,0.03348052501678467
17,nebDFT2k:mp-3635_0_3_0_0_0,inference_symmetrised,0.6212753653526306,0.7166388034820557,0.09536343812942505,0.03348052501678467
17,nebDFT2k:mp-4002_0_1_0_0_0,forward,0.4607055187225342,0.529033362865448,0.06832784414291382,0.0088273286819458
17,nebDFT2k:mp-4002_0_1_0_0_0,reverse,0.4607055187225342,0.5202060341835022,0.05950051546096802,0.0088273286819458
17,nebDFT2k:mp-4002_0_1_0_0_0,inference_symmetrised,0.4607055187225342,0.5246196985244751,0.06391417980194092,0.0088273286819458
17,nebDFT2k:mp-4117_3_0_1_0_1,forward,2.0165598392486572,2.1682825088500977,0.15172266960144043,0.07446098327636719
17,nebDFT2k:mp-4117_3_0_1_0_1,reverse,2.0165598392486572,2.242743492126465,0.22618365287780762,0.07446098327636719
17,nebDFT2k:mp-4117_3_0_1_0_1,inference_symmetrised,2.0165598392486572,2.2055130004882812,0.18895316123962402,0.07446098327636719
17,nebDFT2k:mp-556655_0_7_0_1_-1,forward,0.42521727085113525,0.4960286617279053,0.07081139087677002,0.01095569133758545
17,nebDFT2k:mp-556655_0_7_0_1_-1,reverse,0.42521727085113525,0.5069843530654907,0.08176708221435547,0.01095569133758545
17,nebDFT2k:mp-556655_0_7_0_1_-1,inference_symmetrised,0.42521727085113525,0.501506507396698,0.07628923654556274,0.01095569133758545
17,nebDFT2k:mp-556655_1_4_0_0_0,forward,0.4567823112010956,0.3175857365131378,0.13919657468795776,0.012276977300643921
17,nebDFT2k:mp-556655_1_4_0_0_0,reverse,0.4567823112010956,0.32986271381378174,0.12691959738731384,0.012276977300643921
17,nebDFT2k:mp-556655_1_4_0_0_0,inference_symmetrised,0.4567823112010956,0.3237242251634598,0.1330580860376358,0.012276977300643921
17,nebDFT2k:mp-559680_0_2_0_0_1,forward,1.600379467010498,1.3090622425079346,0.2913172245025635,0.02313852310180664
17,nebDFT2k:mp-559680_0_2_0_0_1,reverse,1.600379467010498,1.285923719406128,0.3144557476043701,0.02313852310180664
17,nebDFT2k:mp-559680_0_2_0_0_1,inference_symmetrised,1.600379467010498,1.2974929809570312,0.3028864860534668,0.02313852310180664
17,nebDFT2k:mp-567474_0_1_0_0_0,forward,0.06772521883249283,0.13169342279434204,0.06396820396184921,0.0860430896282196
17,nebDFT2k:mp-567474_0_1_0_0_0,reverse,0.06772521883249283,0.21773651242256165,0.15001129359006882,0.0860430896282196
17,nebDFT2k:mp-567474_0_1_0_0_0,inference_symmetrised,0.06772521883249283,0.17471496760845184,0.10698974877595901,0.0860430896282196
17,nebDFT2k:mp-6745_0_1_1_0_0,forward,1.3544573783874512,1.95115327835083,0.5966958999633789,0.03187990188598633
17,nebDFT2k:mp-6745_0_1_1_0_0,reverse,1.3544573783874512,1.9830331802368164,0.6285758018493652,0.03187990188598633
17,nebDFT2k:mp-6745_0_1_1_0_0,inference_symmetrised,1.3544573783874512,1.9670932292938232,0.6126358509063721,0.03187990188598633
17,nebDFT2k:mp-6745_0_1_0_0_0,forward,1.8797433376312256,1.7262904644012451,0.15345287322998047,0.0028121471405029297
17,nebDFT2k:mp-6745_0_1_0_0_0,reverse,1.8797433376312256,1.729102611541748,0.15064072608947754,0.0028121471405029297
17,nebDFT2k:mp-6745_0_1_0_0_0,inference_symmetrised,1.8797433376312256,1.7276965379714966,0.152046799659729,0.0028121471405029297
17,nebDFT2k:mp-752552_2_7_0_1_1,forward,0.10932184755802155,0.2907038629055023,0.18138201534748077,0.014157772064208984
17,nebDFT2k:mp-752552_2_7_0_1_1,reverse,0.10932184755802155,0.3048616349697113,0.19553978741168976,0.014157772064208984
17,nebDFT2k:mp-752552_2_7_0_1_1,inference_symmetrised,0.10932184755802155,0.2977827489376068,0.18846090137958527,0.014157772064208984
17,nebDFT2k:mp-752552_0_7_0_0_1,forward,0.11279285699129105,0.31960737705230713,0.20681452006101608,0.013187408447265625
17,nebDFT2k:mp-752552_0_7_0_0_1,reverse,0.11279285699129105,0.33279478549957275,0.2200019285082817,0.013187408447265625
17,nebDFT2k:mp-752552_0_7_0_0_1,inference_symmetrised,0.11279285699129105,0.32620108127593994,0.2134082242846489,0.013187408447265625
17,nebDFT2k:mp-752707_0_2_0_0_0,forward,0.6314464211463928,0.5921630859375,0.03928333520889282,0.09796410799026489
17,nebDFT2k:mp-752707_0_2_0_0_0,reverse,0.6314464211463928,0.6901271939277649,0.05868077278137207,0.09796410799026489
17,nebDFT2k:mp-752707_0_2_0_0_0,inference_symmetrised,0.6314464211463928,0.6411451399326324,0.009698718786239624,0.09796410799026489
17,nebDFT2k:mp-753109_2_0_1_0_-1,forward,0.6892510056495667,0.6314445734024048,0.057806432247161865,0.0073667168617248535
17,nebDFT2k:mp-753109_2_0_1_0_-1,reverse,0.6892510056495667,0.6388112902641296,0.05043971538543701,0.0073667168617248535
17,nebDFT2k:mp-753109_2_0_1_0_-1,inference_symmetrised,0.6892510056495667,0.6351279318332672,0.05412307381629944,0.0073667168617248535
17,nebDFT2k:mp-753126_0_1_1_1_0,forward,1.355068564414978,1.1574325561523438,0.19763600826263428,0.03322315216064453
17,nebDFT2k:mp-753126_0_1_1_1_0,reverse,1.355068564414978,1.1906557083129883,0.16441285610198975,0.03322315216064453
17,nebDFT2k:mp-753126_0_1_1_1_0,inference_symmetrised,1.355068564414978,1.174044132232666,0.181024432182312,0.03322315216064453
17,nebDFT2k:mp-753204_0_2_0_0_0,forward,0.5282348990440369,0.4352930784225464,0.09294182062149048,0.0005741417407989502
17,nebDFT2k:mp-753204_0_2_0_0_0,reverse,0.5282348990440369,0.43586722016334534,0.09236767888069153,0.0005741417407989502
17,nebDFT2k:mp-753204_0_2_0_0_0,inference_symmetrised,0.5282348990440369,0.43558014929294586,0.092654749751091,0.0005741417407989502
17,nebDFT2k:mp-753340_2_3_0_0_0,forward,0.5125430822372437,0.41085660457611084,0.10168647766113281,0.014526337385177612
17,nebDFT2k:mp-753340_2_3_0_0_0,reverse,0.5125430822372437,0.3963302671909332,0.11621281504631042,0.014526337385177612
17,nebDFT2k:mp-753340_2_3_0_0_0,inference_symmetrised,0.5125430822372437,0.40359343588352203,0.10894964635372162,0.014526337385177612
17,nebDFT2k:mp-753477_6_2_0_1_0,forward,1.7132000923156738,0.5843494534492493,1.1288506388664246,0.04468560218811035
17,nebDFT2k:mp-753477_6_2_0_1_0,reverse,1.7132000923156738,0.5396638512611389,1.173536241054535,0.04468560218811035
17,nebDFT2k:mp-753477_6_2_0_1_0,inference_symmetrised,1.7132000923156738,0.5620066523551941,1.1511934399604797,0.04468560218811035
17,nebDFT2k:mp-753791_0_2_1_1_0,forward,0.5920940041542053,0.391152024269104,0.20094197988510132,0.024947553873062134
17,nebDFT2k:mp-753791_0_2_1_1_0,reverse,0.5920940041542053,0.41609957814216614,0.17599442601203918,0.024947553873062134
17,nebDFT2k:mp-753791_0_2_1_1_0,inference_symmetrised,0.5920940041542053,0.40362580120563507,0.18846820294857025,0.024947553873062134
17,nebDFT2k:mp-753882_0_1_1_0_-1,forward,0.7118020057678223,0.35742127895355225,0.35438072681427,0.018579185009002686
17,nebDFT2k:mp-753882_0_1_1_0_-1,reverse,0.7118020057678223,0.37600046396255493,0.33580154180526733,0.018579185009002686
17,nebDFT2k:mp-753882_0_1_1_0_-1,inference_symmetrised,0.7118020057678223,0.3667108714580536,0.3450911343097687,0.018579185009002686
17,nebDFT2k:mp-753882_0_3_1_0_0,forward,0.3007654845714569,0.27745503187179565,0.023310452699661255,0.05784815549850464
17,nebDFT2k:mp-753882_0_3_1_0_0,reverse,0.3007654845714569,0.3353031873703003,0.034537702798843384,0.05784815549850464
17,nebDFT2k:mp-753882_0_3_1_0_0,inference_symmetrised,0.3007654845714569,0.306379109621048,0.0056136250495910645,0.05784815549850464
17,nebDFT2k:mp-753882_4_5_0_0_0,forward,0.26893350481987,0.3292493224143982,0.0603158175945282,0.07245898246765137
17,nebDFT2k:mp-753882_4_5_0_0_0,reverse,0.26893350481987,0.40170830488204956,0.13277480006217957,0.07245898246765137
17,nebDFT2k:mp-753882_4_5_0_0_0,inference_symmetrised,0.26893350481987,0.3654788136482239,0.09654530882835388,0.07245898246765137
17,nebDFT2k:mp-753882_3_2_0_1_0,forward,0.6040976047515869,0.6125523447990417,0.008454740047454834,0.14288330078125
17,nebDFT2k:mp-753882_3_2_0_1_0,reverse,0.6040976047515869,0.7554356455802917,0.15133804082870483,0.14288330078125
17,nebDFT2k:mp-753882_3_2_0_1_0,inference_symmetrised,0.6040976047515869,0.6839939951896667,0.07989639043807983,0.14288330078125
17,nebDFT2k:mp-753899_0_3_0_0_0,forward,3.2507238388061523,1.8454673290252686,1.4052565097808838,0.00915837287902832
17,nebDFT2k:mp-753899_0_3_0_0_0,reverse,3.2507238388061523,1.8546257019042969,1.3960981369018555,0.00915837287902832
17,nebDFT2k:mp-753899_0_3_0_0_0,inference_symmetrised,3.2507238388061523,1.8500465154647827,1.4006773233413696,0.00915837287902832
17,nebDFT2k:mp-754292_1_2_0_0_0,forward,0.9215542674064636,1.0892504453659058,0.16769617795944214,0.002385377883911133
17,nebDFT2k:mp-754292_1_2_0_0_0,reverse,0.9215542674064636,1.091635823249817,0.17008155584335327,0.002385377883911133
17,nebDFT2k:mp-754292_1_2_0_0_0,inference_symmetrised,0.9215542674064636,1.0904431343078613,0.1688888669013977,0.002385377883911133
17,nebDFT2k:mp-754292_7_5_0_1_0,forward,0.47816863656044006,0.570175290107727,0.09200665354728699,0.11924725770950317
17,nebDFT2k:mp-754292_7_5_0_1_0,reverse,0.47816863656044006,0.6894225478172302,0.21125391125679016,0.11924725770950317
17,nebDFT2k:mp-754292_7_5_0_1_0,inference_symmetrised,0.47816863656044006,0.6297989189624786,0.15163028240203857,0.11924725770950317
17,nebDFT2k:mp-754292_1_7_0_0_0,forward,0.2623552978038788,0.3753083646297455,0.1129530668258667,0.04721313714981079
17,nebDFT2k:mp-754292_1_7_0_0_0,reverse,0.2623552978038788,0.4225215017795563,0.1601662039756775,0.04721313714981079
17,nebDFT2k:mp-754292_1_7_0_0_0,inference_symmetrised,0.2623552978038788,0.3989149332046509,0.1365596354007721,0.04721313714981079
17,nebDFT2k:mp-754292_0_3_0_0_0,forward,0.9209744334220886,1.0901426076889038,0.16916817426681519,0.001891016960144043
17,nebDFT2k:mp-754292_0_3_0_0_0,reverse,0.9209744334220886,1.0920336246490479,0.17105919122695923,0.001891016960144043
17,nebDFT2k:mp-754292_0_3_0_0_0,inference_symmetrised,0.9209744334220886,1.0910881161689758,0.1701136827468872,0.001891016960144043
17,nebDFT2k:mp-754292_0_3_1_0_0,forward,0.7782686352729797,0.7868707180023193,0.0086020827293396,0.017923593521118164
17,nebDFT2k:mp-754292_0_3_1_0_0,reverse,0.7782686352729797,0.8047943115234375,0.026525676250457764,0.017923593521118164
17,nebDFT2k:mp-754292_0_3_1_0_0,inference_symmetrised,0.7782686352729797,0.7958325147628784,0.01756387948989868,0.017923593521118164
17,nebDFT2k:mp-754292_3_9_0_0_0,forward,0.2626491189002991,0.3752356767654419,0.11258655786514282,0.04719865322113037
17,nebDFT2k:mp-754292_3_9_0_0_0,reverse,0.2626491189002991,0.42243432998657227,0.1597852110862732,0.04719865322113037
17,nebDFT2k:mp-754292_3_9_0_0_0,inference_symmetrised,0.2626491189002991,0.3988350033760071,0.136185884475708,0.04719865322113037
17,nebDFT2k:mp-754923_0_2_0_0_1,forward,0.42040032148361206,0.3326052725315094,0.08779504895210266,0.041827231645584106
17,nebDFT2k:mp-754923_0_2_0_0_1,reverse,0.42040032148361206,0.3744325041770935,0.045967817306518555,0.041827231645584106
17,nebDFT2k:mp-754923_0_2_0_0_1,inference_symmetrised,0.42040032148361206,0.35351888835430145,0.06688143312931061,0.041827231645584106
17,nebDFT2k:mp-755369_6_3_0_0_1,forward,2.607285737991333,2.377932548522949,0.2293531894683838,0.018042564392089844
17,nebDFT2k:mp-755369_6_3_0_0_1,reverse,2.607285737991333,2.395975112915039,0.21131062507629395,0.018042564392089844
17,nebDFT2k:mp-755369_6_3_0_0_1,inference_symmetrised,2.607285737991333,2.386953830718994,0.22033190727233887,0.018042564392089844
17,nebDFT2k:mp-755369_6_0_1_0_1,forward,0.9742417335510254,0.8777663111686707,0.09647542238235474,0.04156845808029175
17,nebDFT2k:mp-755369_6_0_1_0_1,reverse,0.9742417335510254,0.9193347692489624,0.05490696430206299,0.04156845808029175
17,nebDFT2k:mp-755369_6_0_1_0_1,inference_symmetrised,0.9742417335510254,0.8985505402088165,0.07569119334220886,0.04156845808029175
17,nebDFT2k:mp-755369_11_7_0_1_0,forward,2.6194679737091064,1.9014734029769897,0.7179945707321167,0.00244748592376709
17,nebDFT2k:mp-755369_11_7_0_1_0,reverse,2.6194679737091064,1.8990259170532227,0.7204420566558838,0.00244748592376709
17,nebDFT2k:mp-755369_11_7_0_1_0,inference_symmetrised,2.6194679737091064,1.9002496600151062,0.7192183136940002,0.00244748592376709
17,nebDFT2k:mp-755369_2_0_1_0_1,forward,2.918403148651123,2.218101978302002,0.7003011703491211,0.01831960678100586
17,nebDFT2k:mp-755369_2_0_1_0_1,reverse,2.918403148651123,2.236421585083008,0.6819815635681152,0.01831960678100586
17,nebDFT2k:mp-755369_2_0_1_0_1,inference_symmetrised,2.918403148651123,2.227261781692505,0.6911413669586182,0.01831960678100586
17,nebDFT2k:mp-755369_10_8_1_-1_0,forward,0.637105405330658,0.5979577302932739,0.03914767503738403,0.04180550575256348
17,nebDFT2k:mp-755369_10_8_1_-1_0,reverse,0.637105405330658,0.6397632360458374,0.0026578307151794434,0.04180550575256348
17,nebDFT2k:mp-755369_10_8_1_-1_0,inference_symmetrised,0.637105405330658,0.6188604831695557,0.018244922161102295,0.04180550575256348
17,nebDFT2k:mp-755369_1_4_0_0_1,forward,2.7418344020843506,2.1911463737487793,0.5506880283355713,0.04003095626831055
17,nebDFT2k:mp-755369_1_4_0_0_1,reverse,2.7418344020843506,2.23117733001709,0.5106570720672607,0.04003095626831055
17,nebDFT2k:mp-755369_1_4_0_0_1,inference_symmetrised,2.7418344020843506,2.2111618518829346,0.530672550201416,0.04003095626831055
17,nebDFT2k:mp-755369_3_5_1_1_0,forward,0.9749377965927124,0.8025521039962769,0.17238569259643555,0.01662909984588623
17,nebDFT2k:mp-755369_3_5_1_1_0,reverse,0.9749377965927124,0.8191812038421631,0.15575659275054932,0.01662909984588623
17,nebDFT2k:mp-755369_3_5_1_1_0,inference_symmetrised,0.9749377965927124,0.81086665391922,0.16407114267349243,0.01662909984588623
17,nebDFT2k:mp-755839_0_5_0_0_0,forward,0.5476699471473694,0.5299792289733887,0.017690718173980713,0.014738798141479492
17,nebDFT2k:mp-755839_0_5_0_0_0,reverse,0.5476699471473694,0.5447180271148682,0.0029519200325012207,0.014738798141479492
17,nebDFT2k:mp-755839_0_5_0_0_0,inference_symmetrised,0.5476699471473694,0.5373486280441284,0.010321319103240967,0.014738798141479492
17,nebDFT2k:mp-756174_1_0_1_0_0,forward,0.6218590140342712,0.5932996869087219,0.028559327125549316,0.0467187762260437
17,nebDFT2k:mp-756174_1_0_1_0_0,reverse,0.6218590140342712,0.6400184631347656,0.018159449100494385,0.0467187762260437
17,nebDFT2k:mp-756174_1_0_1_0_0,inference_symmetrised,0.6218590140342712,0.6166590750217438,0.005199939012527466,0.0467187762260437
17,nebDFT2k:mp-756174_0_1_0_0_0,forward,0.38954514265060425,0.41206294298171997,0.022517800331115723,0.08026349544525146
17,nebDFT2k:mp-756174_0_1_0_0_0,reverse,0.38954514265060425,0.49232643842697144,0.10278129577636719,0.08026349544525146
17,nebDFT2k:mp-756174_0_1_0_0_0,inference_symmetrised,0.38954514265060425,0.4521946907043457,0.06264954805374146,0.08026349544525146
17,nebDFT2k:mp-756912_1_1_1_0_0,forward,0.5701987743377686,1.5489773750305176,0.978778600692749,0.05065584182739258
17,nebDFT2k:mp-756912_1_1_1_0_0,reverse,0.5701987743377686,1.5996332168579102,1.0294344425201416,0.05065584182739258
17,nebDFT2k:mp-756912_1_1_1_0_0,inference_symmetrised,0.5701987743377686,1.5743052959442139,1.0041065216064453,0.05065584182739258
17,nebDFT2k:mp-757068_0_1_0_0_0,forward,0.049742020666599274,0.2660147249698639,0.21627270430326462,0.05115163326263428
17,nebDFT2k:mp-757068_0_1_0_0_0,reverse,0.049742020666599274,0.31716635823249817,0.2674243375658989,0.05115163326263428
17,nebDFT2k:mp-757068_0_1_0_0_0,inference_symmetrised,0.049742020666599274,0.29159054160118103,0.24184852093458176,0.05115163326263428
17,nebDFT2k:mp-757461_1_2_0_1_0,forward,0.19807608425617218,0.5149827599525452,0.316906675696373,0.05131036043167114
17,nebDFT2k:mp-757461_1_2_0_1_0,reverse,0.19807608425617218,0.5662931203842163,0.36821703612804413,0.05131036043167114
17,nebDFT2k:mp-757461_1_2_0_1_0,inference_symmetrised,0.19807608425617218,0.5406379401683807,0.34256185591220856,0.05131036043167114
17,nebDFT2k:mp-757693_0_2_0_0_0,forward,0.40716037154197693,0.5437226891517639,0.136562317609787,0.016651272773742676
17,nebDFT2k:mp-757693_0_2_0_0_0,reverse,0.40716037154197693,0.5270714163780212,0.11991104483604431,0.016651272773742676
17,nebDFT2k:mp-757693_0_2_0_0_0,inference_symmetrised,0.40716037154197693,0.5353970527648926,0.12823668122291565,0.016651272773742676
17,nebDFT2k:mp-757714_2_3_0_0_0,forward,0.05814062058925629,0.3262779116630554,0.26813729107379913,0.06275328993797302
17,nebDFT2k:mp-757714_2_3_0_0_0,reverse,0.05814062058925629,0.38903120160102844,0.33089058101177216,0.06275328993797302
17,nebDFT2k:mp-757714_2_3_0_0_0,inference_symmetrised,0.05814062058925629,0.35765455663204193,0.29951393604278564,0.06275328993797302
17,nebDFT2k:mp-757800_1_4_0_0_0,forward,1.2522964477539062,1.6984878778457642,0.4461914300918579,0.20492339134216309
17,nebDFT2k:mp-757800_1_4_0_0_0,reverse,1.2522964477539062,1.9034112691879272,0.651114821434021,0.20492339134216309
17,nebDFT2k:mp-757800_1_4_0_0_0,inference_symmetrised,1.2522964477539062,1.8009495735168457,0.5486531257629395,0.20492339134216309
17,nebDFT2k:mp-758282_1_1_1_0_0,forward,0.12165363132953644,0.3648950755596161,0.24324144423007965,0.0020599365234375
17,nebDFT2k:mp-758282_1_1_1_0_0,reverse,0.12165363132953644,0.3669550120830536,0.24530138075351715,0.0020599365234375
17,nebDFT2k:mp-758282_1_1_1_0_0,inference_symmetrised,0.12165363132953644,0.36592504382133484,0.2442714124917984,0.0020599365234375
17,nebDFT2k:mp-758282_0_2_0_0_0,forward,0.28606387972831726,0.3201456069946289,0.034081727266311646,0.019980520009994507
17,nebDFT2k:mp-758282_0_2_0_0_0,reverse,0.28606387972831726,0.3401261270046234,0.05406224727630615,0.019980520009994507
17,nebDFT2k:mp-758282_0_2_0_0_0,inference_symmetrised,0.28606387972831726,0.33013586699962616,0.0440719872713089,0.019980520009994507
17,nebDFT2k:mp-758380_3_8_0_0_0,forward,2.9573986530303955,1.7756606340408325,1.181738018989563,0.03377842903137207
17,nebDFT2k:mp-758380_3_8_0_0_0,reverse,2.9573986530303955,1.8094390630722046,1.147959589958191,0.03377842903137207
17,nebDFT2k:mp-758380_3_8_0_0_0,inference_symmetrised,2.9573986530303955,1.7925498485565186,1.164848804473877,0.03377842903137207
17,nebDFT2k:mp-758486_3_0_1_0_1,forward,0.44390058517456055,0.4424186944961548,0.0014818906784057617,0.16448941826820374
17,nebDFT2k:mp-758486_3_0_1_0_1,reverse,0.44390058517456055,0.27792927622795105,0.1659713089466095,0.16448941826820374
17,nebDFT2k:mp-758486_3_0_1_0_1,inference_symmetrised,0.44390058517456055,0.3601739853620529,0.08372659981250763,0.16448941826820374
17,nebDFT2k:mp-758720_0_3_1_0_0,forward,0.4760017991065979,0.47629743814468384,0.0002956390380859375,0.006684392690658569
17,nebDFT2k:mp-758720_0_3_1_0_0,reverse,0.4760017991065979,0.4829818308353424,0.006980031728744507,0.006684392690658569
17,nebDFT2k:mp-758720_0_3_1_0_0,inference_symmetrised,0.4760017991065979,0.4796396344900131,0.003637835383415222,0.006684392690658569
17,nebDFT2k:mp-758793_0_1_0_0_0,forward,0.22866390645503998,0.5012476444244385,0.2725837379693985,0.09635215997695923
17,nebDFT2k:mp-758793_0_1_0_0_0,reverse,0.22866390645503998,0.5975998044013977,0.3689358979463577,0.09635215997695923
17,nebDFT2k:mp-758793_0_1_0_0_0,inference_symmetrised,0.22866390645503998,0.5494237244129181,0.3207598179578781,0.09635215997695923
17,nebDFT2k:mp-759082_0_2_0_0_0,forward,0.825259804725647,1.4006454944610596,0.5753856897354126,0.0223996639251709
17,nebDFT2k:mp-759082_0_2_0_0_0,reverse,0.825259804725647,1.4230451583862305,0.5977853536605835,0.0223996639251709
17,nebDFT2k:mp-759082_0_2_0_0_0,inference_symmetrised,0.825259804725647,1.411845326423645,0.586585521697998,0.0223996639251709
17,nebDFT2k:mp-759082_0_2_1_0_0,forward,0.2511012852191925,0.29613131284713745,0.045030027627944946,0.007214784622192383
17,nebDFT2k:mp-759082_0_2_1_0_0,reverse,0.2511012852191925,0.28891652822494507,0.037815243005752563,0.007214784622192383
17,nebDFT2k:mp-759082_0_2_1_0_0,inference_symmetrised,0.2511012852191925,0.29252392053604126,0.041422635316848755,0.007214784622192383
17,nebDFT2k:mp-759082_1_0_0_1_0,forward,0.25766751170158386,0.3481657803058624,0.09049826860427856,0.009333252906799316
17,nebDFT2k:mp-759082_1_0_0_1_0,reverse,0.25766751170158386,0.35749903321266174,0.09983152151107788,0.009333252906799316
17,nebDFT2k:mp-759082_1_0_0_1_0,inference_symmetrised,0.25766751170158386,0.3528324067592621,0.09516489505767822,0.009333252906799316
17,nebDFT2k:mp-759132_4_3_0_0_1,forward,0.341912180185318,0.3305833041667938,0.01132887601852417,0.01449403166770935
17,nebDFT2k:mp-759132_4_3_0_0_1,reverse,0.341912180185318,0.3160892724990845,0.02582290768623352,0.01449403166770935
17,nebDFT2k:mp-759132_4_3_0_0_1,inference_symmetrised,0.341912180185318,0.32333628833293915,0.018575891852378845,0.01449403166770935
17,nebDFT2k:mp-759139_2_1_1_0_0,forward,0.70079106092453,0.5554909110069275,0.14530014991760254,0.02627772092819214
17,nebDFT2k:mp-759139_2_1_1_0_0,reverse,0.70079106092453,0.5817686319351196,0.1190224289894104,0.02627772092819214
17,nebDFT2k:mp-759139_2_1_1_0_0,inference_symmetrised,0.70079106092453,0.5686297714710236,0.13216128945350647,0.02627772092819214
17,nebDFT2k:mp-759220_0_15_0_0_0,forward,0.21688345074653625,0.4433441162109375,0.22646066546440125,0.03912237286567688
17,nebDFT2k:mp-759220_0_15_0_0_0,reverse,0.21688345074653625,0.4824664890766144,0.2655830383300781,0.03912237286567688
17,nebDFT2k:mp-759220_0_15_0_0_0,inference_symmetrised,0.21688345074653625,0.46290530264377594,0.24602185189723969,0.03912237286567688
17,nebDFT2k:mp-759229_3_6_0_1_0,forward,0.6168773174285889,0.6035128235816956,0.01336449384689331,0.07717156410217285
17,nebDFT2k:mp-759229_3_6_0_1_0,reverse,0.6168773174285889,0.6806843876838684,0.06380707025527954,0.07717156410217285
17,nebDFT2k:mp-759229_3_6_0_1_0,inference_symmetrised,0.6168773174285889,0.642098605632782,0.025221288204193115,0.07717156410217285
17,nebDFT2k:mp-759244_7_6_1_0_0,forward,1.0818796157836914,0.9877978563308716,0.09408175945281982,0.08344310522079468
17,nebDFT2k:mp-759244_7_6_1_0_0,reverse,1.0818796157836914,0.9043547511100769,0.1775248646736145,0.08344310522079468
17,nebDFT2k:mp-759244_7_6_1_0_0,inference_symmetrised,1.0818796157836914,0.9460763037204742,0.13580331206321716,0.08344310522079468
17,nebDFT2k:mp-759244_6_10_0_0_1,forward,0.9319226145744324,0.974655032157898,0.042732417583465576,0.06933426856994629
17,nebDFT2k:mp-759244_6_10_0_0_1,reverse,0.9319226145744324,0.9053207635879517,0.026601850986480713,0.06933426856994629
17,nebDFT2k:mp-759244_6_10_0_0_1,inference_symmetrised,0.9319226145744324,0.9399878978729248,0.008065283298492432,0.06933426856994629
17,nebDFT2k:mp-759244_0_2_0_0_0,forward,0.9603694081306458,0.8455635905265808,0.11480581760406494,0.1183730959892273
17,nebDFT2k:mp-759244_0_2_0_0_0,reverse,0.9603694081306458,0.9639366865158081,0.0035672783851623535,0.1183730959892273
17,nebDFT2k:mp-759244_0_2_0_0_0,inference_symmetrised,0.9603694081306458,0.9047501385211945,0.055619269609451294,0.1183730959892273
17,nebDFT2k:mp-759244_4_6_0_0_0,forward,0.9483169913291931,0.9344412088394165,0.013875782489776611,0.07169836759567261
17,nebDFT2k:mp-759244_4_6_0_0_0,reverse,0.9483169913291931,0.8627428412437439,0.08557415008544922,0.07169836759567261
17,nebDFT2k:mp-759244_4_6_0_0_0,inference_symmetrised,0.9483169913291931,0.8985920250415802,0.049724966287612915,0.07169836759567261
17,nebDFT2k:mp-759244_5_10_1_0_0,forward,0.9148608446121216,0.8009198307991028,0.1139410138130188,0.12927699089050293
17,nebDFT2k:mp-759244_5_10_1_0_0,reverse,0.9148608446121216,0.9301968216896057,0.01533597707748413,0.12927699089050293
17,nebDFT2k:mp-759244_5_10_1_0_0,inference_symmetrised,0.9148608446121216,0.8655583262443542,0.049302518367767334,0.12927699089050293
17,nebDFT2k:mp-759667_2_4_0_0_0,forward,0.3889327943325043,0.7867600917816162,0.39782729744911194,0.009428024291992188
17,nebDFT2k:mp-759667_2_4_0_0_0,reverse,0.3889327943325043,0.777332067489624,0.38839927315711975,0.009428024291992188
17,nebDFT2k:mp-759667_2_4_0_0_0,inference_symmetrised,0.3889327943325043,0.7820460796356201,0.39311328530311584,0.009428024291992188
17,nebDFT2k:mp-759667_3_4_0_1_0,forward,0.41363847255706787,0.5690788626670837,0.15544039011001587,0.0009959936141967773
17,nebDFT2k:mp-759667_3_4_0_1_0,reverse,0.41363847255706787,0.568082869052887,0.1544443964958191,0.0009959936141967773
17,nebDFT2k:mp-759667_3_4_0_1_0,inference_symmetrised,0.41363847255706787,0.5685808658599854,0.15494239330291748,0.0009959936141967773
17,nebDFT2k:mp-759667_2_1_1_1_0,forward,0.6992021203041077,0.9224679470062256,0.22326582670211792,0.01967144012451172
17,nebDFT2k:mp-759667_2_1_1_1_0,reverse,0.6992021203041077,0.9421393871307373,0.24293726682662964,0.01967144012451172
17,nebDFT2k:mp-759667_2_1_1_1_0,inference_symmetrised,0.6992021203041077,0.9323036670684814,0.23310154676437378,0.01967144012451172
17,nebDFT2k:mp-759753_4_0_0_0_1,forward,0.6141039729118347,0.35824769735336304,0.2558562755584717,0.001647353172302246
17,nebDFT2k:mp-759753_4_0_0_0_1,reverse,0.6141039729118347,0.3598950505256653,0.25420892238616943,0.001647353172302246
17,nebDFT2k:mp-759753_4_0_0_0_1,inference_symmetrised,0.6141039729118347,0.35907137393951416,0.25503259897232056,0.001647353172302246
17,nebDFT2k:mp-759783_2_3_1_0_0,forward,0.6149086356163025,1.3644468784332275,0.749538242816925,0.04470324516296387
17,nebDFT2k:mp-759783_2_3_1_0_0,reverse,0.6149086356163025,1.4091501235961914,0.7942414879798889,0.04470324516296387
17,nebDFT2k:mp-759783_2_3_1_0_0,inference_symmetrised,0.6149086356163025,1.3867985010147095,0.771889865398407,0.04470324516296387
17,nebDFT2k:mp-759783_4_3_0_1_0,forward,0.2746150493621826,0.3185182809829712,0.043903231620788574,0.015010416507720947
17,nebDFT2k:mp-759783_4_3_0_1_0,reverse,0.2746150493621826,0.33352869749069214,0.05891364812850952,0.015010416507720947
17,nebDFT2k:mp-759783_4_3_0_1_0,inference_symmetrised,0.2746150493621826,0.32602348923683167,0.05140843987464905,0.015010416507720947
17,nebDFT2k:mp-760344_7_5_0_1_1,forward,1.048827052116394,1.1415716409683228,0.09274458885192871,0.009809017181396484
17,nebDFT2k:mp-760344_7_5_0_1_1,reverse,1.048827052116394,1.1513806581497192,0.1025536060333252,0.009809017181396484
17,nebDFT2k:mp-760344_7_5_0_1_1,inference_symmetrised,1.048827052116394,1.146476149559021,0.09764909744262695,0.009809017181396484
17,nebDFT2k:mp-760344_4_8_0_0_0,forward,0.2822485864162445,0.236211359500885,0.0460372269153595,0.04406791925430298
17,nebDFT2k:mp-760344_4_8_0_0_0,reverse,0.2822485864162445,0.280279278755188,0.0019693076610565186,0.04406791925430298
17,nebDFT2k:mp-760344_4_8_0_0_0,inference_symmetrised,0.2822485864162445,0.2582453191280365,0.024003267288208008,0.04406791925430298
17,nebDFT2k:mp-760344_6_8_0_1_0,forward,0.5260669589042664,0.29064255952835083,0.23542439937591553,0.03001144528388977
17,nebDFT2k:mp-760344_6_8_0_1_0,reverse,0.5260669589042664,0.3206540048122406,0.20541295409202576,0.03001144528388977
17,nebDFT2k:mp-760344_6_8_0_1_0,inference_symmetrised,0.5260669589042664,0.3056482821702957,0.22041867673397064,0.03001144528388977
17,nebDFT2k:mp-760344_4_6_1_-1_0,forward,1.0547842979431152,1.2892179489135742,0.23443365097045898,0.028502702713012695
17,nebDFT2k:mp-760344_4_6_1_-1_0,reverse,1.0547842979431152,1.317720651626587,0.2629363536834717,0.028502702713012695
17,nebDFT2k:mp-760344_4_6_1_-1_0,inference_symmetrised,1.0547842979431152,1.3034693002700806,0.24868500232696533,0.028502702713012695
17,nebDFT2k:mp-760344_7_4_0_1_0,forward,0.6875642538070679,0.6840564012527466,0.003507852554321289,0.015371322631835938
17,nebDFT2k:mp-760344_7_4_0_1_0,reverse,0.6875642538070679,0.6994277238845825,0.011863470077514648,0.015371322631835938
17,nebDFT2k:mp-760344_7_4_0_1_0,inference_symmetrised,0.6875642538070679,0.6917420625686646,0.00417780876159668,0.015371322631835938
17,nebDFT2k:mp-760344_7_9_0_1_1,forward,0.5207509994506836,0.28460758924484253,0.23614341020584106,0.0333409309387207
17,nebDFT2k:mp-760344_7_9_0_1_1,reverse,0.5207509994506836,0.31794852018356323,0.20280247926712036,0.0333409309387207
17,nebDFT2k:mp-760344_7_9_0_1_1,inference_symmetrised,0.5207509994506836,0.3012780547142029,0.2194729447364807,0.0333409309387207
17,nebDFT2k:mp-760344_10_9_0_0_1,forward,1.8200701475143433,2.590968608856201,0.7708984613418579,0.02434825897216797
17,nebDFT2k:mp-760344_10_9_0_0_1,reverse,1.8200701475143433,2.615316867828369,0.7952467203140259,0.02434825897216797
17,nebDFT2k:mp-760344_10_9_0_0_1,inference_symmetrised,1.8200701475143433,2.603142738342285,0.7830725908279419,0.02434825897216797
17,nebDFT2k:mp-760344_6_4_0_1_0,forward,0.6860505938529968,0.5873000621795654,0.0987505316734314,0.005451798439025879
17,nebDFT2k:mp-760344_6_4_0_1_0,reverse,0.6860505938529968,0.5927518606185913,0.09329873323440552,0.005451798439025879
17,nebDFT2k:mp-760344_6_4_0_1_0,inference_symmetrised,0.6860505938529968,0.5900259613990784,0.09602463245391846,0.005451798439025879
17,nebDFT2k:mp-760344_10_4_0_1_0,forward,0.5244383215904236,0.2577141225337982,0.26672419905662537,0.018102020025253296
17,nebDFT2k:mp-760344_10_4_0_1_0,reverse,0.5244383215904236,0.2758161425590515,0.24862217903137207,0.018102020025253296
17,nebDFT2k:mp-760344_10_4_0_1_0,inference_symmetrised,0.5244383215904236,0.26676513254642487,0.2576731890439987,0.018102020025253296
17,nebDFT2k:mp-760344_9_5_1_0_0,forward,0.2818312644958496,0.22752603888511658,0.05430522561073303,0.008302152156829834
17,nebDFT2k:mp-760344_9_5_1_0_0,reverse,0.2818312644958496,0.2358281910419464,0.0460030734539032,0.008302152156829834
17,nebDFT2k:mp-760344_9_5_1_0_0,inference_symmetrised,0.2818312644958496,0.2316771149635315,0.050154149532318115,0.008302152156829834
17,nebDFT2k:mp-761094_0_2_0_0_1,forward,4.479324817657471,4.963696002960205,0.4843711853027344,0.02211284637451172
17,nebDFT2k:mp-761094_0_2_0_0_1,reverse,4.479324817657471,4.941583156585693,0.46225833892822266,0.02211284637451172
17,nebDFT2k:mp-761094_0_2_0_0_1,inference_symmetrised,4.479324817657471,4.952639579772949,0.4733147621154785,0.02211284637451172
17,nebDFT2k:mp-761094_1_5_0_1_0,forward,2.0980730056762695,2.119056224822998,0.020983219146728516,0.00022935867309570312
17,nebDFT2k:mp-761094_1_5_0_1_0,reverse,2.0980730056762695,2.1192855834960938,0.02121257781982422,0.00022935867309570312
17,nebDFT2k:mp-761094_1_5_0_1_0,inference_symmetrised,2.0980730056762695,2.119170904159546,0.021097898483276367,0.00022935867309570312
17,nebDFT2k:mp-761269_2_1_1_-1_0,forward,1.5785481929779053,1.7606977224349976,0.18214952945709229,0.062111854553222656
17,nebDFT2k:mp-761269_2_1_1_-1_0,reverse,1.5785481929779053,1.8228095769882202,0.24426138401031494,0.062111854553222656
17,nebDFT2k:mp-761269_2_1_1_-1_0,inference_symmetrised,1.5785481929779053,1.7917536497116089,0.2132054567337036,0.062111854553222656
17,nebDFT2k:mp-761849_6_5_1_0_0,forward,0.6407798528671265,0.6336408853530884,0.007138967514038086,0.08186399936676025
17,nebDFT2k:mp-761849_6_5_1_0_0,reverse,0.6407798528671265,0.7155048847198486,0.07472503185272217,0.08186399936676025
17,nebDFT2k:mp-761849_6_5_1_0_0,inference_symmetrised,0.6407798528671265,0.6745728850364685,0.03379303216934204,0.08186399936676025
17,nebDFT2k:mp-761849_5_7_0_0_1,forward,0.30204570293426514,0.8109281659126282,0.508882462978363,0.04707998037338257
17,nebDFT2k:mp-761849_5_7_0_0_1,reverse,0.30204570293426514,0.8580081462860107,0.5559624433517456,0.04707998037338257
17,nebDFT2k:mp-761849_5_7_0_0_1,inference_symmetrised,0.30204570293426514,0.8344681560993195,0.5324224531650543,0.04707998037338257
17,nebDFT2k:mp-762319_14_26_0_0_0,forward,0.28081613779067993,0.46970808506011963,0.1888919472694397,0.0392911434173584
17,nebDFT2k:mp-762319_14_26_0_0_0,reverse,0.28081613779067993,0.508999228477478,0.2281830906867981,0.0392911434173584
17,nebDFT2k:mp-762319_14_26_0_0_0,inference_symmetrised,0.28081613779067993,0.48935365676879883,0.2085375189781189,0.0392911434173584
17,nebDFT2k:mp-763177_1_3_0_1_-1,forward,0.45973682403564453,0.9743829369544983,0.5146461129188538,0.119442880153656
17,nebDFT2k:mp-763177_1_3_0_1_-1,reverse,0.45973682403564453,0.8549400568008423,0.39520323276519775,0.119442880153656
17,nebDFT2k:mp-763177_1_3_0_1_-1,inference_symmetrised,0.45973682403564453,0.9146614968776703,0.45492467284202576,0.119442880153656
17,nebDFT2k:mp-764867_1_8_0_1_1,forward,1.519494652748108,1.6861457824707031,0.16665112972259521,0.1292506456375122
17,nebDFT2k:mp-764867_1_8_0_1_1,reverse,1.519494652748108,1.8153964281082153,0.2959017753601074,0.1292506456375122
17,nebDFT2k:mp-764867_1_8_0_1_1,inference_symmetrised,1.519494652748108,1.7507711052894592,0.23127645254135132,0.1292506456375122
17,nebDFT2k:mp-765411_1_6_0_0_0,forward,0.46725958585739136,0.4091868996620178,0.058072686195373535,0.050712913274765015
17,nebDFT2k:mp-765411_1_6_0_0_0,reverse,0.46725958585739136,0.45989981293678284,0.0073597729206085205,0.050712913274765015
17,nebDFT2k:mp-765411_1_6_0_0_0,inference_symmetrised,0.46725958585739136,0.43454335629940033,0.03271622955799103,0.050712913274765015
17,nebDFT2k:mp-765501_2_0_1_0_0,forward,2.584408760070801,1.4285190105438232,1.1558897495269775,0.019329547882080078
17,nebDFT2k:mp-765501_2_0_1_0_0,reverse,2.584408760070801,1.4091894626617432,1.1752192974090576,0.019329547882080078
17,nebDFT2k:mp-765501_2_0_1_0_0,inference_symmetrised,2.584408760070801,1.4188542366027832,1.1655545234680176,0.019329547882080078
17,nebDFT2k:mp-765964_0_6_1_0_0,forward,1.0074282884597778,1.3887221813201904,0.3812938928604126,0.07564425468444824
17,nebDFT2k:mp-765964_0_6_1_0_0,reverse,1.0074282884597778,1.4643664360046387,0.45693814754486084,0.07564425468444824
17,nebDFT2k:mp-765964_0_6_1_0_0,inference_symmetrised,1.0074282884597778,1.4265443086624146,0.4191160202026367,0.07564425468444824
17,nebDFT2k:mp-766130_4_2_1_0_0,forward,1.5168014764785767,1.8079018592834473,0.2911003828048706,0.09440672397613525
17,nebDFT2k:mp-766130_4_2_1_0_0,reverse,1.5168014764785767,1.713495135307312,0.19669365882873535,0.09440672397613525
17,nebDFT2k:mp-766130_4_2_1_0_0,inference_symmetrised,1.5168014764785767,1.7606984972953796,0.24389702081680298,0.09440672397613525
17,nebDFT2k:mp-766612_6_10_0_0_0,forward,0.1816573143005371,0.1967782974243164,0.015120983123779297,0.008247196674346924
17,nebDFT2k:mp-766612_6_10_0_0_0,reverse,0.1816573143005371,0.18853110074996948,0.006873786449432373,0.008247196674346924
17,nebDFT2k:mp-766612_6_10_0_0_0,inference_symmetrised,0.1816573143005371,0.19265469908714294,0.010997384786605835,0.008247196674346924
17,nebDFT2k:mp-768421_3_7_0_0_0,forward,0.7170935273170471,0.5277561545372009,0.1893373727798462,0.02932441234588623
17,nebDFT2k:mp-768421_3_7_0_0_0,reverse,0.7170935273170471,0.4984317421913147,0.21866178512573242,0.02932441234588623
17,nebDFT2k:mp-768421_3_7_0_0_0,inference_symmetrised,0.7170935273170471,0.5130939483642578,0.2039995789527893,0.02932441234588623
17,nebDFT2k:mp-768433_7_19_0_0_0,forward,0.5162459015846252,0.48760998249053955,0.028635919094085693,0.03544437885284424
17,nebDFT2k:mp-768433_7_19_0_0_0,reverse,0.5162459015846252,0.5230543613433838,0.006808459758758545,0.03544437885284424
17,nebDFT2k:mp-768433_7_19_0_0_0,inference_symmetrised,0.5162459015846252,0.5053321719169617,0.010913729667663574,0.03544437885284424
17,nebDFT2k:mp-768508_3_7_0_0_0,forward,0.7297331094741821,0.5032753944396973,0.22645771503448486,0.024475395679473877
17,nebDFT2k:mp-768508_3_7_0_0_0,reverse,0.7297331094741821,0.5277507901191711,0.201982319355011,0.024475395679473877
17,nebDFT2k:mp-768508_3_7_0_0_0,inference_symmetrised,0.7297331094741821,0.5155130922794342,0.21422001719474792,0.024475395679473877
17,nebDFT2k:mp-768738_3_2_1_1_0,forward,1.1438137292861938,2.034036636352539,0.8902229070663452,0.008471250534057617
17,nebDFT2k:mp-768738_3_2_1_1_0,reverse,1.1438137292861938,2.0425078868865967,0.8986941576004028,0.008471250534057617
17,nebDFT2k:mp-768738_3_2_1_1_0,inference_symmetrised,1.1438137292861938,2.038272261619568,0.894458532333374,0.008471250534057617
17,nebDFT2k:mp-768843_14_11_0_1_1,forward,0.3818668723106384,0.4483671486377716,0.06650027632713318,0.001024693250656128
17,nebDFT2k:mp-768843_14_11_0_1_1,reverse,0.3818668723106384,0.4473424553871155,0.06547558307647705,0.001024693250656128
17,nebDFT2k:mp-768843_14_11_0_1_1,inference_symmetrised,0.3818668723106384,0.44785480201244354,0.06598792970180511,0.001024693250656128
17,nebDFT2k:mp-769036_28_3_0_1_1,forward,0.43523257970809937,2.272677421569824,1.8374448418617249,0.03822755813598633
17,nebDFT2k:mp-769036_28_3_0_1_1,reverse,0.43523257970809937,2.3109049797058105,1.8756723999977112,0.03822755813598633
17,nebDFT2k:mp-769036_28_3_0_1_1,inference_symmetrised,0.43523257970809937,2.2917912006378174,1.856558620929718,0.03822755813598633
17,nebDFT2k:mp-769036_8_9_1_0_0,forward,0.42775994539260864,2.0135250091552734,1.5857650637626648,0.08325719833374023
17,nebDFT2k:mp-769036_8_9_1_0_0,reverse,0.42775994539260864,1.9302678108215332,1.5025078654289246,0.08325719833374023
17,nebDFT2k:mp-769036_8_9_1_0_0,inference_symmetrised,0.42775994539260864,1.9718964099884033,1.5441364645957947,0.08325719833374023
17,nebDFT2k:mp-769036_8_10_0_0_0,forward,0.42633527517318726,1.8269511461257935,1.4006158709526062,0.008771657943725586
17,nebDFT2k:mp-769036_8_10_0_0_0,reverse,0.42633527517318726,1.835722804069519,1.4093875288963318,0.008771657943725586
17,nebDFT2k:mp-769036_8_10_0_0_0,inference_symmetrised,0.42633527517318726,1.8313369750976562,1.405001699924469,0.008771657943725586
17,nebDFT2k:mp-770232_3_11_0_0_1,forward,0.5057204365730286,0.4601375162601471,0.04558292031288147,0.031181246042251587
17,nebDFT2k:mp-770232_3_11_0_0_1,reverse,0.5057204365730286,0.4913187623023987,0.014401674270629883,0.031181246042251587
17,nebDFT2k:mp-770232_3_11_0_0_1,inference_symmetrised,0.5057204365730286,0.4757281392812729,0.029992297291755676,0.031181246042251587
17,nebDFT2k:mp-770551_3_4_0_0_1,forward,0.399429053068161,0.360806405544281,0.038622647523880005,0.005173861980438232
17,nebDFT2k:mp-770551_3_4_0_0_1,reverse,0.399429053068161,0.36598026752471924,0.03344878554344177,0.005173861980438232
17,nebDFT2k:mp-770551_3_4_0_0_1,inference_symmetrised,0.399429053068161,0.3633933365345001,0.03603571653366089,0.005173861980438232
17,nebDFT2k:mp-770649_0_3_0_1_0,forward,0.4358738660812378,0.4688887298107147,0.03301486372947693,0.009624093770980835
17,nebDFT2k:mp-770649_0_3_0_1_0,reverse,0.4358738660812378,0.47851282358169556,0.042638957500457764,0.009624093770980835
17,nebDFT2k:mp-770649_0_3_0_1_0,inference_symmetrised,0.4358738660812378,0.47370077669620514,0.037826910614967346,0.009624093770980835
17,nebDFT2k:mp-770749_2_4_0_0_0,forward,0.3400055170059204,0.47964468598365784,0.13963916897773743,0.022002965211868286
17,nebDFT2k:mp-770749_2_4_0_0_0,reverse,0.3400055170059204,0.45764172077178955,0.11763620376586914,0.022002965211868286
17,nebDFT2k:mp-770749_2_4_0_0_0,inference_symmetrised,0.3400055170059204,0.4686432033777237,0.12863768637180328,0.022002965211868286
17,nebDFT2k:mp-770861_11_9_0_1_0,forward,0.8088666796684265,0.62628173828125,0.1825849413871765,0.023099422454833984
17,nebDFT2k:mp-770861_11_9_0_1_0,reverse,0.8088666796684265,0.603182315826416,0.2056843638420105,0.023099422454833984
17,nebDFT2k:mp-770861_11_9_0_1_0,inference_symmetrised,0.8088666796684265,0.614732027053833,0.1941346526145935,0.023099422454833984
17,nebDFT2k:mp-770876_2_3_0_1_0,forward,1.0284104347229004,1.4478665590286255,0.4194561243057251,0.029461026191711426
17,nebDFT2k:mp-770876_2_3_0_1_0,reverse,1.0284104347229004,1.477327585220337,0.4489171504974365,0.029461026191711426
17,nebDFT2k:mp-770876_2_3_0_1_0,inference_symmetrised,1.0284104347229004,1.4625970721244812,0.4341866374015808,0.029461026191711426
17,nebDFT2k:mp-770921_0_4_0_1_0,forward,0.37256544828414917,0.5165793299674988,0.1440138816833496,0.02189195156097412
17,nebDFT2k:mp-770921_0_4_0_1_0,reverse,0.37256544828414917,0.49468737840652466,0.12212193012237549,0.02189195156097412
17,nebDFT2k:mp-770921_0_4_0_1_0,inference_symmetrised,0.37256544828414917,0.5056333541870117,0.13306790590286255,0.02189195156097412
17,nebDFT2k:mp-770939_10_9_1_0_0,forward,0.40068763494491577,0.32874661684036255,0.07194101810455322,0.052623897790908813
17,nebDFT2k:mp-770939_10_9_1_0_0,reverse,0.40068763494491577,0.38137051463127136,0.01931712031364441,0.052623897790908813
17,nebDFT2k:mp-770939_10_9_1_0_0,inference_symmetrised,0.40068763494491577,0.35505856573581696,0.045629069209098816,0.052623897790908813
17,nebDFT2k:mp-770939_2_10_0_0_0,forward,0.47966933250427246,0.42369744181632996,0.055971890687942505,0.011949807405471802
17,nebDFT2k:mp-770939_2_10_0_0_0,reverse,0.47966933250427246,0.43564724922180176,0.0440220832824707,0.011949807405471802
17,nebDFT2k:mp-770939_2_10_0_0_0,inference_symmetrised,0.47966933250427246,0.42967234551906586,0.049996986985206604,0.011949807405471802
17,nebDFT2k:mp-770939_10_1_1_0_1,forward,0.33471783995628357,0.3255484104156494,0.009169429540634155,0.03767353296279907
17,nebDFT2k:mp-770939_10_1_1_0_1,reverse,0.33471783995628357,0.3632219433784485,0.028504103422164917,0.03767353296279907
17,nebDFT2k:mp-770939_10_1_1_0_1,inference_symmetrised,0.33471783995628357,0.34438517689704895,0.00966733694076538,0.03767353296279907
17,nebDFT2k:mp-770939_3_11_1_0_0,forward,0.4799911677837372,0.4236173629760742,0.056373804807662964,0.011889934539794922
17,nebDFT2k:mp-770939_3_11_1_0_0,reverse,0.4799911677837372,0.43550729751586914,0.04448387026786804,0.011889934539794922
17,nebDFT2k:mp-770939_3_11_1_0_0,inference_symmetrised,0.4799911677837372,0.4295623302459717,0.0504288375377655,0.011889934539794922
17,nebDFT2k:mp-770939_11_0_0_0_1,forward,0.33606410026550293,0.3262227177619934,0.009841382503509521,0.03747636079788208
17,nebDFT2k:mp-770939_11_0_0_0_1,reverse,0.33606410026550293,0.3636990785598755,0.02763497829437256,0.03747636079788208
17,nebDFT2k:mp-770939_11_0_0_0_1,inference_symmetrised,0.33606410026550293,0.34496089816093445,0.008896797895431519,0.03747636079788208
17,nebDFT2k:mp-770939_2_5_0_0_1,forward,0.3350597321987152,0.34473907947540283,0.009679347276687622,0.002046912908554077
17,nebDFT2k:mp-770939_2_5_0_0_1,reverse,0.3350597321987152,0.3467859923839569,0.0117262601852417,0.002046912908554077
17,nebDFT2k:mp-770939_2_5_0_0_1,inference_symmetrised,0.3350597321987152,0.34576253592967987,0.01070280373096466,0.002046912908554077
17,nebDFT2k:mp-770939_8_11_0_0_0,forward,0.391576886177063,0.33708152174949646,0.05449536442756653,0.03786000609397888
17,nebDFT2k:mp-770939_8_11_0_0_0,reverse,0.391576886177063,0.37494152784347534,0.016635358333587646,0.03786000609397888
17,nebDFT2k:mp-770939_8_11_0_0_0,inference_symmetrised,0.391576886177063,0.3560115247964859,0.03556536138057709,0.03786000609397888
17,nebDFT2k:mp-770939_2_6_0_0_1,forward,0.3225223422050476,0.3460627794265747,0.0235404372215271,0.004910022020339966
17,nebDFT2k:mp-770939_2_6_0_0_1,reverse,0.3225223422050476,0.3509728014469147,0.028450459241867065,0.004910022020339966
17,nebDFT2k:mp-770939_2_6_0_0_1,inference_symmetrised,0.3225223422050476,0.3485177904367447,0.025995448231697083,0.004910022020339966
17,nebDFT2k:mp-770939_2_9_0_0_0,forward,0.13303782045841217,0.2982211112976074,0.16518329083919525,0.020058423280715942
17,nebDFT2k:mp-770939_2_9_0_0_0,reverse,0.13303782045841217,0.31827953457832336,0.1852417141199112,0.020058423280715942
17,nebDFT2k:mp-770939_2_9_0_0_0,inference_symmetrised,0.13303782045841217,0.3082503229379654,0.17521250247955322,0.020058423280715942
17,nebDFT2k:mp-771011_2_1_1_-1_0,forward,0.6420322060585022,0.5101168155670166,0.1319153904914856,0.03733426332473755
17,nebDFT2k:mp-771011_2_1_1_-1_0,reverse,0.6420322060585022,0.5474510788917542,0.09458112716674805,0.03733426332473755
17,nebDFT2k:mp-771011_2_1_1_-1_0,inference_symmetrised,0.6420322060585022,0.5287839472293854,0.11324825882911682,0.03733426332473755
17,nebDFT2k:mp-771011_3_0_1_-1_0,forward,0.6453012228012085,0.5771294832229614,0.06817173957824707,0.025340378284454346
17,nebDFT2k:mp-771011_3_0_1_-1_0,reverse,0.6453012228012085,0.6024698615074158,0.042831361293792725,0.025340378284454346
17,nebDFT2k:mp-771011_3_0_1_-1_0,inference_symmetrised,0.6453012228012085,0.5897996723651886,0.0555015504360199,0.025340378284454346
17,nebDFT2k:mp-771019_2_5_1_1_0,forward,0.09585042297840118,0.8388382196426392,0.742987796664238,0.019549071788787842
17,nebDFT2k:mp-771019_2_5_1_1_0,reverse,0.09585042297840118,0.858387291431427,0.7625368684530258,0.019549071788787842
17,nebDFT2k:mp-771019_2_5_1_1_0,inference_symmetrised,0.09585042297840118,0.8486127555370331,0.7527623325586319,0.019549071788787842
17,nebDFT2k:mp-771821_0_2_0_0_0,forward,0.1138739287853241,0.15087628364562988,0.037002354860305786,0.024402737617492676
17,nebDFT2k:mp-771821_0_2_0_0_0,reverse,0.1138739287853241,0.17527902126312256,0.06140509247779846,0.024402737617492676
17,nebDFT2k:mp-771821_0_2_0_0_0,inference_symmetrised,0.1138739287853241,0.16307765245437622,0.049203723669052124,0.024402737617492676
17,nebDFT2k:mp-771906_1_0_1_0_0,forward,0.4369984269142151,0.47366687655448914,0.03666844964027405,0.044272929430007935
17,nebDFT2k:mp-771906_1_0_1_0_0,reverse,0.4369984269142151,0.5179398059844971,0.08094137907028198,0.044272929430007935
17,nebDFT2k:mp-771906_1_0_1_0_0,inference_symmetrised,0.4369984269142151,0.4958033412694931,0.058804914355278015,0.044272929430007935
17,nebDFT2k:mp-772502_1_2_0_0_0,forward,1.4095782041549683,1.190474271774292,0.21910393238067627,0.07191359996795654
17,nebDFT2k:mp-772502_1_2_0_0_0,reverse,1.4095782041549683,1.1185606718063354,0.2910175323486328,0.07191359996795654
17,nebDFT2k:mp-772502_1_2_0_0_0,inference_symmetrised,1.4095782041549683,1.1545174717903137,0.25506073236465454,0.07191359996795654
17,nebDFT2k:mp-772542_0_2_0_0_0,forward,0.24687078595161438,0.31699877977371216,0.07012799382209778,0.06091609597206116
17,nebDFT2k:mp-772542_0_2_0_0_0,reverse,0.24687078595161438,0.3779148757457733,0.13104408979415894,0.06091609597206116
17,nebDFT2k:mp-772542_0_2_0_0_0,inference_symmetrised,0.24687078595161438,0.34745682775974274,0.10058604180812836,0.06091609597206116
17,nebDFT2k:mp-772613_0_1_0_0_0,forward,0.4315532147884369,0.6203473210334778,0.1887941062450409,0.1306239366531372
17,nebDFT2k:mp-772613_0_1_0_0_0,reverse,0.4315532147884369,0.750971257686615,0.3194180428981781,0.1306239366531372
17,nebDFT2k:mp-772613_0_1_0_0_0,inference_symmetrised,0.4315532147884369,0.6856592893600464,0.2541060745716095,0.1306239366531372
17,nebDFT2k:mp-772658_3_3_1_0_0,forward,1.721060872077942,0.6489311456680298,1.072129726409912,0.0037267208099365234
17,nebDFT2k:mp-772658_3_3_1_0_0,reverse,1.721060872077942,0.6452044248580933,1.0758564472198486,0.0037267208099365234
17,nebDFT2k:mp-772658_3_3_1_0_0,inference_symmetrised,1.721060872077942,0.6470677852630615,1.0739930868148804,0.0037267208099365234
17,nebDFT2k:mp-772851_6_10_0_1_0,forward,0.6534039378166199,1.0285568237304688,0.3751528859138489,0.01155233383178711
17,nebDFT2k:mp-772851_6_10_0_1_0,reverse,0.6534039378166199,1.0401091575622559,0.386705219745636,0.01155233383178711
17,nebDFT2k:mp-772851_6_10_0_1_0,inference_symmetrised,0.6534039378166199,1.0343329906463623,0.38092905282974243,0.01155233383178711
17,nebDFT2k:mp-772981_0_2_0_0_0,forward,1.138868808746338,1.225630521774292,0.0867617130279541,0.0171356201171875
17,nebDFT2k:mp-772981_0_2_0_0_0,reverse,1.138868808746338,1.2084949016571045,0.0696260929107666,0.0171356201171875
17,nebDFT2k:mp-772981_0_2_0_0_0,inference_symmetrised,1.138868808746338,1.2170627117156982,0.07819390296936035,0.0171356201171875
17,nebDFT2k:mp-772981_1_2_0_0_0,forward,3.077207326889038,1.4822018146514893,1.5950055122375488,0.0067441463470458984
17,nebDFT2k:mp-772981_1_2_0_0_0,reverse,3.077207326889038,1.4754576683044434,1.6017496585845947,0.0067441463470458984
17,nebDFT2k:mp-772981_1_2_0_0_0,inference_symmetrised,3.077207326889038,1.4788297414779663,1.5983775854110718,0.0067441463470458984
17,nebDFT2k:mp-774843_2_3_0_0_0,forward,1.0624136924743652,0.6141505241394043,0.44826316833496094,0.07715857028961182
17,nebDFT2k:mp-774843_2_3_0_0_0,reverse,1.0624136924743652,0.5369919538497925,0.5254217386245728,0.07715857028961182
17,nebDFT2k:mp-774843_2_3_0_0_0,inference_symmetrised,1.0624136924743652,0.5755712389945984,0.48684245347976685,0.07715857028961182
17,nebDFT2k:mp-774843_2_3_1_0_0,forward,0.8142358660697937,0.4364147484302521,0.3778211176395416,0.07003447413444519
17,nebDFT2k:mp-774843_2_3_1_0_0,reverse,0.8142358660697937,0.3663802742958069,0.4478555917739868,0.07003447413444519
17,nebDFT2k:mp-774843_2_3_1_0_0,inference_symmetrised,0.8142358660697937,0.4013975113630295,0.4128383547067642,0.07003447413444519
17,nebDFT2k:mp-774843_2_3_0_1_0,forward,0.8414992690086365,0.6714975833892822,0.17000168561935425,0.08212286233901978
17,nebDFT2k:mp-774843_2_3_0_1_0,reverse,0.8414992690086365,0.5893747210502625,0.252124547958374,0.08212286233901978
17,nebDFT2k:mp-774843_2_3_0_1_0,inference_symmetrised,0.8414992690086365,0.6304361522197723,0.21106311678886414,0.08212286233901978
17,nebDFT2k:mp-774843_2_0_0_1_0,forward,3.6757445335388184,3.3997488021850586,0.27599573135375977,0.14894437789916992
17,nebDFT2k:mp-774843_2_0_0_1_0,reverse,3.6757445335388184,3.5486931800842285,0.12705135345458984,0.14894437789916992
17,nebDFT2k:mp-774843_2_0_0_1_0,inference_symmetrised,3.6757445335388184,3.4742209911346436,0.2015235424041748,0.14894437789916992
17,nebDFT2k:mp-774843_0_1_0_0_0,forward,0.8201401233673096,0.38341400027275085,0.4367261230945587,0.11175507307052612
17,nebDFT2k:mp-774843_0_1_0_0_0,reverse,0.8201401233673096,0.495169073343277,0.3249710500240326,0.11175507307052612
17,nebDFT2k:mp-774843_0_1_0_0_0,inference_symmetrised,0.8201401233673096,0.4392915368080139,0.38084858655929565,0.11175507307052612
17,nebDFT2k:mp-774946_0_2_0_0_0,forward,0.6453417539596558,0.4386923909187317,0.20664936304092407,0.029271364212036133
17,nebDFT2k:mp-774946_0_2_0_0_0,reverse,0.6453417539596558,0.40942102670669556,0.2359207272529602,0.029271364212036133
17,nebDFT2k:mp-774946_0_2_0_0_0,inference_symmetrised,0.6453417539596558,0.4240567088127136,0.22128504514694214,0.029271364212036133
17,nebDFT2k:mp-775195_1_5_0_1_0,forward,0.11352421343326569,0.19861066341400146,0.08508644998073578,0.05003112554550171
17,nebDFT2k:mp-775195_1_5_0_1_0,reverse,0.11352421343326569,0.24864178895950317,0.1351175755262375,0.05003112554550171
17,nebDFT2k:mp-775195_1_5_0_1_0,inference_symmetrised,0.11352421343326569,0.22362622618675232,0.11010201275348663,0.05003112554550171
17,nebDFT2k:mp-776519_1_0_0_1_0,forward,1.0567388534545898,1.005446434020996,0.05129241943359375,0.09664905071258545
17,nebDFT2k:mp-776519_1_0_0_1_0,reverse,1.0567388534545898,0.9087973833084106,0.1479414701461792,0.09664905071258545
17,nebDFT2k:mp-776519_1_0_0_1_0,inference_symmetrised,1.0567388534545898,0.9571219086647034,0.09961694478988647,0.09664905071258545
17,nebDFT2k:mp-776806_0_1_0_0_0,forward,0.8505998849868774,0.576064944267273,0.2745349407196045,0.1168784499168396
17,nebDFT2k:mp-776806_0_1_0_0_0,reverse,0.8505998849868774,0.6929433941841125,0.1576564908027649,0.1168784499168396
17,nebDFT2k:mp-776806_0_1_0_0_0,inference_symmetrised,0.8505998849868774,0.6345041692256927,0.2160957157611847,0.1168784499168396
17,nebDFT2k:mp-776806_3_2_1_1_0,forward,0.6594776511192322,0.5782994031906128,0.08117824792861938,0.07924503087997437
17,nebDFT2k:mp-776806_3_2_1_1_0,reverse,0.6594776511192322,0.6575444340705872,0.0019332170486450195,0.07924503087997437
17,nebDFT2k:mp-776806_3_2_1_1_0,inference_symmetrised,0.6594776511192322,0.6179219186306,0.0415557324886322,0.07924503087997437
17,nebDFT2k:mp-777279_19_7_1_0_0,forward,0.389350026845932,0.5294981598854065,0.1401481330394745,0.021893441677093506
17,nebDFT2k:mp-777279_19_7_1_0_0,reverse,0.389350026845932,0.5513916015625,0.162041574716568,0.021893441677093506
17,nebDFT2k:mp-777279_19_7_1_0_0,inference_symmetrised,0.389350026845932,0.5404448807239532,0.15109485387802124,0.021893441677093506
17,nebDFT2k:mp-777670_0_1_0_0_0,forward,0.7413540482521057,0.41036301851272583,0.3309910297393799,0.1278020739555359
17,nebDFT2k:mp-777670_0_1_0_0_0,reverse,0.7413540482521057,0.5381650924682617,0.203188955783844,0.1278020739555359
17,nebDFT2k:mp-777670_0_1_0_0_0,inference_symmetrised,0.7413540482521057,0.4742640554904938,0.26708999276161194,0.1278020739555359
17,nebDFT2k:mp-777670_0_2_0_1_0,forward,4.522794723510742,3.0032119750976562,1.519582748413086,0.1838083267211914
17,nebDFT2k:mp-777670_0_2_0_1_0,reverse,4.522794723510742,2.819403648376465,1.7033910751342773,0.1838083267211914
17,nebDFT2k:mp-777670_0_2_0_1_0,inference_symmetrised,4.522794723510742,2.9113078117370605,1.6114869117736816,0.1838083267211914
17,nebDFT2k:mp-777670_1_0_0_1_0,forward,0.6251729130744934,0.6268700957298279,0.0016971826553344727,0.09236055612564087
17,nebDFT2k:mp-777670_1_0_0_1_0,reverse,0.6251729130744934,0.534509539604187,0.0906633734703064,0.09236055612564087
17,nebDFT2k:mp-777670_1_0_0_1_0,inference_symmetrised,0.6251729130744934,0.5806898176670074,0.04448309540748596,0.09236055612564087
17,nebDFT2k:mp-778325_0_1_0_0_0,forward,0.6744814515113831,0.4386552572250366,0.23582619428634644,0.15041488409042358
17,nebDFT2k:mp-778325_0_1_0_0_0,reverse,0.6744814515113831,0.5890701413154602,0.08541131019592285,0.15041488409042358
17,nebDFT2k:mp-778325_0_1_0_0_0,inference_symmetrised,0.6744814515113831,0.5138626992702484,0.16061875224113464,0.15041488409042358
17,nebDFT2k:mp-778830_1_9_1_1_0,forward,0.25904756784439087,0.4726219177246094,0.2135743498802185,0.01166313886642456
17,nebDFT2k:mp-778830_1_9_1_1_0,reverse,0.25904756784439087,0.48428505659103394,0.22523748874664307,0.01166313886642456
17,nebDFT2k:mp-778830_1_9_1_1_0,inference_symmetrised,0.25904756784439087,0.47845348715782166,0.2194059193134308,0.01166313886642456
17,nebDFT2k:mp-778830_4_0_1_-1_-1,forward,0.2582642734050751,0.43116942048072815,0.17290514707565308,0.014481157064437866
17,nebDFT2k:mp-778830_4_0_1_-1_-1,reverse,0.2582642734050751,0.445650577545166,0.18738630414009094,0.014481157064437866
17,nebDFT2k:mp-778830_4_0_1_-1_-1,inference_symmetrised,0.2582642734050751,0.4384099990129471,0.180145725607872,0.014481157064437866
17,nebDFT2k:mp-779432_2_7_0_1_0,forward,0.17155316472053528,0.23302242159843445,0.06146925687789917,0.049077779054641724
17,nebDFT2k:mp-779432_2_7_0_1_0,reverse,0.17155316472053528,0.28210020065307617,0.1105470359325409,0.049077779054641724
17,nebDFT2k:mp-779432_2_7_0_1_0,inference_symmetrised,0.17155316472053528,0.2575613111257553,0.08600814640522003,0.049077779054641724
17,nebDFT2k:mp-779720_1_4_0_0_0,forward,0.3813576102256775,0.38890624046325684,0.007548630237579346,0.03773429989814758
17,nebDFT2k:mp-779720_1_4_0_0_0,reverse,0.3813576102256775,0.35117194056510925,0.030185669660568237,0.03773429989814758
17,nebDFT2k:mp-779720_1_4_0_0_0,inference_symmetrised,0.3813576102256775,0.37003909051418304,0.011318519711494446,0.03773429989814758
17,nebDFT2k:mp-779720_0_6_0_0_0,forward,0.876657247543335,0.4549151659011841,0.4217420816421509,0.013007968664169312
17,nebDFT2k:mp-779720_0_6_0_0_0,reverse,0.876657247543335,0.4679231345653534,0.40873411297798157,0.013007968664169312
17,nebDFT2k:mp-779720_0_6_0_0_0,inference_symmetrised,0.876657247543335,0.46141915023326874,0.4152380973100662,0.013007968664169312
17,nebDFT2k:mp-779720_12_22_0_0_0,forward,0.6643123030662537,0.3983891010284424,0.2659232020378113,0.008348733186721802
17,nebDFT2k:mp-779720_12_22_0_0_0,reverse,0.6643123030662537,0.4067378342151642,0.2575744688510895,0.008348733186721802
17,nebDFT2k:mp-779720_12_22_0_0_0,inference_symmetrised,0.6643123030662537,0.4025634676218033,0.2617488354444504,0.008348733186721802
17,nebDFT2k:mp-779720_4_8_0_1_0,forward,0.4980355501174927,0.4949435293674469,0.0030920207500457764,0.04261550307273865
17,nebDFT2k:mp-779720_4_8_0_1_0,reverse,0.4980355501174927,0.5375590324401855,0.03952348232269287,0.04261550307273865
17,nebDFT2k:mp-779720_4_8_0_1_0,inference_symmetrised,0.4980355501174927,0.5162512809038162,0.018215730786323547,0.04261550307273865
17,nebDFT2k:mp-781596_1_3_0_1_0,forward,0.12982939183712006,0.44158148765563965,0.3117520958185196,0.006193071603775024
17,nebDFT2k:mp-781596_1_3_0_1_0,reverse,0.12982939183712006,0.4477745592594147,0.3179451674222946,0.006193071603775024
17,nebDFT2k:mp-781596_1_3_0_1_0,inference_symmetrised,0.12982939183712006,0.44467802345752716,0.3148486316204071,0.006193071603775024
17,nebDFT2k:mp-849351_1_0_1_0_-1,forward,1.591550588607788,0.264332115650177,1.327218472957611,0.0016821026802062988
17,nebDFT2k:mp-849351_1_0_1_0_-1,reverse,1.591550588607788,0.2660142183303833,1.3255363702774048,0.0016821026802062988
17,nebDFT2k:mp-849351_1_0_1_0_-1,inference_symmetrised,1.591550588607788,0.26517316699028015,1.326377421617508,0.0016821026802062988
17,nebDFT2k:mp-849386_8_8_1_0_0,forward,1.0149714946746826,0.7188990116119385,0.29607248306274414,0.013459503650665283
17,nebDFT2k:mp-849386_8_8_1_0_0,reverse,1.0149714946746826,0.7323585152626038,0.28261297941207886,0.013459503650665283
17,nebDFT2k:mp-849386_8_8_1_0_0,inference_symmetrised,1.0149714946746826,0.7256287634372711,0.2893427312374115,0.013459503650665283
17,nebDFT2k:mp-850532_0_1_0_1_0,forward,0.5237549543380737,0.4996880888938904,0.02406686544418335,0.008569121360778809
17,nebDFT2k:mp-850532_0_1_0_1_0,reverse,0.5237549543380737,0.5082572102546692,0.015497744083404541,0.008569121360778809
17,nebDFT2k:mp-850532_0_1_0_1_0,inference_symmetrised,0.5237549543380737,0.5039726495742798,0.019782304763793945,0.008569121360778809
29,nebDFT2k:mp-1020056_0_0_1_1_0,forward,2.066868543624878,2.8740251064300537,0.8071565628051758,0.04888558387756348
29,nebDFT2k:mp-1020056_0_0_1_1_0,reverse,2.066868543624878,2.8251395225524902,0.7582709789276123,0.04888558387756348
29,nebDFT2k:mp-1020056_0_0_1_1_0,inference_symmetrised,2.066868543624878,2.849582314491272,0.782713770866394,0.04888558387756348
29,nebDFT2k:mp-1020056_0_2_1_0_0,forward,0.13001933693885803,0.7357567548751831,0.6057374179363251,0.09692978858947754
29,nebDFT2k:mp-1020056_0_2_1_0_0,reverse,0.13001933693885803,0.8326865434646606,0.7026672065258026,0.09692978858947754
29,nebDFT2k:mp-1020056_0_2_1_0_0,inference_symmetrised,0.13001933693885803,0.7842216491699219,0.6542023122310638,0.09692978858947754
29,nebDFT2k:mp-1020056_2_2_1_1_0,forward,1.452639102935791,2.341763496398926,0.8891243934631348,0.033310890197753906
29,nebDFT2k:mp-1020056_2_2_1_1_0,reverse,1.452639102935791,2.308452606201172,0.8558135032653809,0.033310890197753906
29,nebDFT2k:mp-1020056_2_2_1_1_0,inference_symmetrised,1.452639102935791,2.325108051300049,0.8724689483642578,0.033310890197753906
29,nebDFT2k:mp-1147726_4_6_1_0_0,forward,0.1745581477880478,0.21689823269844055,0.04234008491039276,0.015110164880752563
29,nebDFT2k:mp-1147726_4_6_1_0_0,reverse,0.1745581477880478,0.23200839757919312,0.057450249791145325,0.015110164880752563
29,nebDFT2k:mp-1147726_4_6_1_0_0,inference_symmetrised,0.1745581477880478,0.22445331513881683,0.04989516735076904,0.015110164880752563
29,nebDFT2k:mp-1174212_5_7_0_0_0,forward,0.8727639317512512,0.25598612427711487,0.6167778074741364,0.02142658829689026
29,nebDFT2k:mp-1174212_5_7_0_0_0,reverse,0.8727639317512512,0.2345595359802246,0.6382043957710266,0.02142658829689026
29,nebDFT2k:mp-1174212_5_7_0_0_0,inference_symmetrised,0.8727639317512512,0.24527283012866974,0.6274911016225815,0.02142658829689026
29,nebDFT2k:mp-1175313_9_13_0_0_0,forward,0.5736613869667053,0.2885150909423828,0.2851462960243225,0.005880385637283325
29,nebDFT2k:mp-1175313_9_13_0_0_0,reverse,0.5736613869667053,0.29439547657966614,0.2792659103870392,0.005880385637283325
29,nebDFT2k:mp-1175313_9_13_0_0_0,inference_symmetrised,0.5736613869667053,0.2914552837610245,0.28220610320568085,0.005880385637283325
29,nebDFT2k:mp-1175624_0_3_0_1_0,forward,0.40710362792015076,0.6708605885505676,0.26375696063041687,0.014378666877746582
29,nebDFT2k:mp-1175624_0_3_0_1_0,reverse,0.40710362792015076,0.6852392554283142,0.27813562750816345,0.014378666877746582
29,nebDFT2k:mp-1175624_0_3_0_1_0,inference_symmetrised,0.40710362792015076,0.6780499219894409,0.27094629406929016,0.014378666877746582
29,nebDFT2k:mp-1175840_1_1_1_0_0,forward,2.172025442123413,2.0998339653015137,0.07219147682189941,0.08829021453857422
29,nebDFT2k:mp-1175840_1_1_1_0_0,reverse,2.172025442123413,2.188124179840088,0.016098737716674805,0.08829021453857422
29,nebDFT2k:mp-1175840_1_1_1_0_0,inference_symmetrised,2.172025442123413,2.143979072570801,0.028046369552612305,0.08829021453857422
29,nebDFT2k:mp-1176566_0_2_0_0_0,forward,0.17504152655601501,0.34982672333717346,0.17478519678115845,0.0020332634449005127
29,nebDFT2k:mp-1176566_0_2_0_0_0,reverse,0.17504152655601501,0.34779345989227295,0.17275193333625793,0.0020332634449005127
29,nebDFT2k:mp-1176566_0_2_0_0_0,inference_symmetrised,0.17504152655601501,0.3488100916147232,0.1737685650587082,0.0020332634449005127
29,nebDFT2k:mp-1176566_0_2_0_1_0,forward,2.848614454269409,1.6888678073883057,1.1597466468811035,0.07225894927978516
29,nebDFT2k:mp-1176566_0_2_0_1_0,reverse,2.848614454269409,1.6166088581085205,1.2320055961608887,0.07225894927978516
29,nebDFT2k:mp-1176566_0_2_0_1_0,inference_symmetrised,2.848614454269409,1.652738332748413,1.195876121520996,0.07225894927978516
29,nebDFT2k:mp-1176649_6_7_0_0_0,forward,0.9662818312644958,1.1995770931243896,0.2332952618598938,0.0081634521484375
29,nebDFT2k:mp-1176649_6_7_0_0_0,reverse,0.9662818312644958,1.2077405452728271,0.2414587140083313,0.0081634521484375
29,nebDFT2k:mp-1176649_6_7_0_0_0,inference_symmetrised,0.9662818312644958,1.2036588191986084,0.23737698793411255,0.0081634521484375
29,nebDFT2k:mp-1176994_9_9_1_0_0,forward,2.2720789909362793,2.375157594680786,0.10307860374450684,0.07932329177856445
29,nebDFT2k:mp-1176994_9_9_1_0_0,reverse,2.2720789909362793,2.2958343029022217,0.023755311965942383,0.07932329177856445
29,nebDFT2k:mp-1176994_9_9_1_0_0,inference_symmetrised,2.2720789909362793,2.335495948791504,0.06341695785522461,0.07932329177856445
29,nebDFT2k:mp-1177804_0_1_0_0_1,forward,1.6887457370758057,2.3182895183563232,0.6295437812805176,0.04862856864929199
29,nebDFT2k:mp-1177804_0_1_0_0_1,reverse,1.6887457370758057,2.3669180870056152,0.6781723499298096,0.04862856864929199
29,nebDFT2k:mp-1177804_0_1_0_0_1,inference_symmetrised,1.6887457370758057,2.3426038026809692,0.6538580656051636,0.04862856864929199
29,nebDFT2k:mp-1177804_0_2_0_0_1,forward,0.3489684462547302,0.35583066940307617,0.006862223148345947,0.021689772605895996
29,nebDFT2k:mp-1177804_0_2_0_0_1,reverse,0.3489684462547302,0.37752044200897217,0.028551995754241943,0.021689772605895996
29,nebDFT2k:mp-1177804_0_2_0_0_1,inference_symmetrised,0.3489684462547302,0.36667555570602417,0.017707109451293945,0.021689772605895996
29,nebDFT2k:mp-1177943_4_7_0_0_0,forward,0.9865845441818237,0.6683018207550049,0.31828272342681885,0.024379253387451172
29,nebDFT2k:mp-1177943_4_7_0_0_0,reverse,0.9865845441818237,0.692681074142456,0.2939034700393677,0.024379253387451172
29,nebDFT2k:mp-1177943_4_7_0_0_0,inference_symmetrised,0.9865845441818237,0.6804914474487305,0.30609309673309326,0.024379253387451172
29,nebDFT2k:mp-1178166_8_9_0_0_1,forward,0.8422648310661316,1.2929048538208008,0.4506400227546692,0.07767152786254883
29,nebDFT2k:mp-1178166_8_9_0_0_1,reverse,0.8422648310661316,1.215233325958252,0.37296849489212036,0.07767152786254883
29,nebDFT2k:mp-1178166_8_9_0_0_1,inference_symmetrised,0.8422648310661316,1.2540690898895264,0.4118042588233948,0.07767152786254883
29,nebDFT2k:mp-1202443_0_6_0_0_1,forward,1.9113332033157349,1.0891246795654297,0.8222085237503052,0.08089268207550049
29,nebDFT2k:mp-1202443_0_6_0_0_1,reverse,1.9113332033157349,1.1700173616409302,0.7413158416748047,0.08089268207550049
29,nebDFT2k:mp-1202443_0_6_0_0_1,inference_symmetrised,1.9113332033157349,1.12957102060318,0.7817621827125549,0.08089268207550049
29,nebDFT2k:mp-1222404_0_0_0_1_-1,forward,0.4571089446544647,0.30965256690979004,0.14745637774467468,0.053077101707458496
29,nebDFT2k:mp-1222404_0_0_0_1_-1,reverse,0.4571089446544647,0.25657546520233154,0.20053347945213318,0.053077101707458496
29,nebDFT2k:mp-1222404_0_0_0_1_-1,inference_symmetrised,0.4571089446544647,0.2831140160560608,0.17399492859840393,0.053077101707458496
29,nebDFT2k:mp-1222469_0_0_0_1_0,forward,1.3453915119171143,0.5776771306991577,0.7677143812179565,0.03453946113586426
29,nebDFT2k:mp-1222469_0_0_0_1_0,reverse,1.3453915119171143,0.612216591835022,0.7331749200820923,0.03453946113586426
29,nebDFT2k:mp-1222469_0_0_0_1_0,inference_symmetrised,1.3453915119171143,0.5949468612670898,0.7504446506500244,0.03453946113586426
29,nebDFT2k:mp-1222510_2_2_0_1_0,forward,1.738020896911621,1.941669225692749,0.20364832878112793,0.05713653564453125
29,nebDFT2k:mp-1222510_2_2_0_1_0,reverse,1.738020896911621,1.9988057613372803,0.2607848644256592,0.05713653564453125
29,nebDFT2k:mp-1222510_2_2_0_1_0,inference_symmetrised,1.738020896911621,1.9702374935150146,0.23221659660339355,0.05713653564453125
29,nebDFT2k:mp-1222575_1_2_0_0_0,forward,1.200072169303894,1.1697144508361816,0.030357718467712402,0.024347543716430664
29,nebDFT2k:mp-1222575_1_2_0_0_0,reverse,1.200072169303894,1.145366907119751,0.054705262184143066,0.024347543716430664
29,nebDFT2k:mp-1222575_1_2_0_0_0,inference_symmetrised,1.200072169303894,1.1575406789779663,0.042531490325927734,0.024347543716430664
29,nebDFT2k:mp-1222575_0_2_0_0_0,forward,4.537822246551514,5.037668704986572,0.4998464584350586,0.02872180938720703
29,nebDFT2k:mp-1222575_0_2_0_0_0,reverse,4.537822246551514,5.066390514373779,0.5285682678222656,0.02872180938720703
29,nebDFT2k:mp-1222575_0_2_0_0_0,inference_symmetrised,4.537822246551514,5.052029609680176,0.5142073631286621,0.02872180938720703
29,nebDFT2k:mp-1222591_0_0_0_1_0,forward,0.4859350323677063,0.7498933672904968,0.2639583349227905,0.04841881990432739
29,nebDFT2k:mp-1222591_0_0_0_1_0,reverse,0.4859350323677063,0.7014745473861694,0.21553951501846313,0.04841881990432739
29,nebDFT2k:mp-1222591_0_0_0_1_0,inference_symmetrised,0.4859350323677063,0.7256839573383331,0.23974892497062683,0.04841881990432739
29,nebDFT2k:mp-1277038_4_0_0_1_0,forward,0.685222327709198,0.8462639451026917,0.16104161739349365,0.01496279239654541
29,nebDFT2k:mp-1277038_4_0_0_1_0,reverse,0.685222327709198,0.8612267374992371,0.17600440979003906,0.01496279239654541
29,nebDFT2k:mp-1277038_4_0_0_1_0,inference_symmetrised,0.685222327709198,0.8537453413009644,0.16852301359176636,0.01496279239654541
29,nebDFT2k:mp-1277589_2_0_1_0_0,forward,0.5733042359352112,0.671211838722229,0.09790760278701782,0.012197315692901611
29,nebDFT2k:mp-1277589_2_0_1_0_0,reverse,0.5733042359352112,0.6834091544151306,0.11010491847991943,0.012197315692901611
29,nebDFT2k:mp-1277589_2_0_1_0_0,inference_symmetrised,0.5733042359352112,0.6773104965686798,0.10400626063346863,0.012197315692901611
29,nebDFT2k:mp-1277613_3_1_1_-1_0,forward,0.5781484246253967,0.45823901891708374,0.11990940570831299,0.020503997802734375
29,nebDFT2k:mp-1277613_3_1_1_-1_0,reverse,0.5781484246253967,0.43773502111434937,0.14041340351104736,0.020503997802734375
29,nebDFT2k:mp-1277613_3_1_1_-1_0,inference_symmetrised,0.5781484246253967,0.44798702001571655,0.13016140460968018,0.020503997802734375
29,nebDFT2k:mp-1277613_2_0_0_0_1,forward,0.5695000886917114,0.44107258319854736,0.12842750549316406,0.01862505078315735
29,nebDFT2k:mp-1277613_2_0_0_0_1,reverse,0.5695000886917114,0.42244753241539,0.1470525562763214,0.01862505078315735
29,nebDFT2k:mp-1277613_2_0_0_0_1,inference_symmetrised,0.5695000886917114,0.4317600578069687,0.13774003088474274,0.01862505078315735
29,nebDFT2k:mp-1277814_5_7_0_1_0,forward,2.58870530128479,0.2707832157611847,2.3179220855236053,0.00501665472984314
29,nebDFT2k:mp-1277814_5_7_0_1_0,reverse,2.58870530128479,0.27579987049102783,2.312905430793762,0.00501665472984314
29,nebDFT2k:mp-1277814_5_7_0_1_0,inference_symmetrised,2.58870530128479,0.27329154312610626,2.3154137581586838,0.00501665472984314
29,nebDFT2k:mp-1277814_6_10_1_-1_0,forward,2.7002744674682617,1.6517517566680908,1.048522710800171,0.030535221099853516
29,nebDFT2k:mp-1277814_6_10_1_-1_0,reverse,2.7002744674682617,1.6822869777679443,1.0179874897003174,0.030535221099853516
29,nebDFT2k:mp-1277814_6_10_1_-1_0,inference_symmetrised,2.7002744674682617,1.6670193672180176,1.0332551002502441,0.030535221099853516
29,nebDFT2k:mp-1277814_1_2_0_1_0,forward,0.4587925672531128,0.2747722566127777,0.18402031064033508,0.010939538478851318
29,nebDFT2k:mp-1277814_1_2_0_1_0,reverse,0.4587925672531128,0.28571179509162903,0.17308077216148376,0.010939538478851318
29,nebDFT2k:mp-1277814_1_2_0_1_0,inference_symmetrised,0.4587925672531128,0.28024202585220337,0.17855054140090942,0.010939538478851318
29,nebDFT2k:mp-1277814_9_2_1_1_0,forward,2.4481306076049805,1.6364426612854004,0.8116879463195801,0.00020313262939453125
29,nebDFT2k:mp-1277814_9_2_1_1_0,reverse,2.4481306076049805,1.636645793914795,0.8114848136901855,0.00020313262939453125
29,nebDFT2k:mp-1277814_9_2_1_1_0,inference_symmetrised,2.4481306076049805,1.6365442276000977,0.8115863800048828,0.00020313262939453125
29,nebDFT2k:mp-1282211_3_0_0_0_1,forward,3.475863456726074,1.986994981765747,1.4888684749603271,0.00672602653503418
29,nebDFT2k:mp-1282211_3_0_0_0_1,reverse,3.475863456726074,1.980268955230713,1.4955945014953613,0.00672602653503418
29,nebDFT2k:mp-1282211_3_0_0_0_1,inference_symmetrised,3.475863456726074,1.98363196849823,1.4922314882278442,0.00672602653503418
29,nebDFT2k:mp-1282761_2_1_1_1_0,forward,0.2802552878856659,0.5790307521820068,0.29877546429634094,0.029033303260803223
29,nebDFT2k:mp-1282761_2_1_1_1_0,reverse,0.2802552878856659,0.6080640554428101,0.32780876755714417,0.029033303260803223
29,nebDFT2k:mp-1282761_2_1_1_1_0,inference_symmetrised,0.2802552878856659,0.5935474038124084,0.31329211592674255,0.029033303260803223
29,nebDFT2k:mp-1282761_3_0_0_0_1,forward,0.28042837977409363,0.5954365730285645,0.3150081932544708,0.021193623542785645
29,nebDFT2k:mp-1282761_3_0_0_0_1,reverse,0.28042837977409363,0.6166301965713501,0.33620181679725647,0.021193623542785645
29,nebDFT2k:mp-1282761_3_0_0_0_1,inference_symmetrised,0.28042837977409363,0.6060333847999573,0.32560500502586365,0.021193623542785645
29,nebDFT2k:mp-1282869_0_3_0_0_0,forward,0.5327412486076355,0.5398119688034058,0.007070720195770264,0.0078660249710083
29,nebDFT2k:mp-1282869_0_3_0_0_0,reverse,0.5327412486076355,0.5476779937744141,0.014936745166778564,0.0078660249710083
29,nebDFT2k:mp-1282869_0_3_0_0_0,inference_symmetrised,0.5327412486076355,0.5437449812889099,0.011003732681274414,0.0078660249710083
29,nebDFT2k:mp-1282869_1_2_1_0_0,forward,0.531970202922821,0.5469895601272583,0.015019357204437256,0.012753129005432129
29,nebDFT2k:mp-1282869_1_2_1_0_0,reverse,0.531970202922821,0.5597426891326904,0.027772486209869385,0.012753129005432129
29,nebDFT2k:mp-1282869_1_2_1_0_0,inference_symmetrised,0.531970202922821,0.5533661246299744,0.02139592170715332,0.012753129005432129
29,nebDFT2k:mp-1282931_3_5_0_0_0,forward,0.6656212210655212,0.40632739663124084,0.2592938244342804,0.004833430051803589
29,nebDFT2k:mp-1282931_3_5_0_0_0,reverse,0.6656212210655212,0.40149396657943726,0.264127254486084,0.004833430051803589
29,nebDFT2k:mp-1282931_3_5_0_0_0,inference_symmetrised,0.6656212210655212,0.40391068160533905,0.2617105394601822,0.004833430051803589
29,nebDFT2k:mp-1284600_2_7_0_0_0,forward,0.41195741295814514,0.4300124943256378,0.018055081367492676,0.016218185424804688
29,nebDFT2k:mp-1284600_2_7_0_0_0,reverse,0.41195741295814514,0.41379430890083313,0.0018368959426879883,0.016218185424804688
29,nebDFT2k:mp-1284600_2_7_0_0_0,inference_symmetrised,0.41195741295814514,0.4219034016132355,0.009945988655090332,0.016218185424804688
29,nebDFT2k:mp-1295192_1_1_1_0_0,forward,1.0270062685012817,0.8077835440635681,0.21922272443771362,0.004772305488586426
29,nebDFT2k:mp-1295192_1_1_1_0_0,reverse,1.0270062685012817,0.8125558495521545,0.2144504189491272,0.004772305488586426
29,nebDFT2k:mp-1295192_1_1_1_0_0,inference_symmetrised,1.0270062685012817,0.8101696968078613,0.2168365716934204,0.004772305488586426
29,nebDFT2k:mp-1295192_3_3_1_0_0,forward,1.0451579093933105,0.8153038024902344,0.22985410690307617,0.0034646987915039062
29,nebDFT2k:mp-1295192_3_3_1_0_0,reverse,1.0451579093933105,0.8187685012817383,0.22638940811157227,0.0034646987915039062
29,nebDFT2k:mp-1295192_3_3_1_0_0,inference_symmetrised,1.0451579093933105,0.8170361518859863,0.22812175750732422,0.0034646987915039062
29,nebDFT2k:mp-1297766_1_5_1_-1_0,forward,2.696653127670288,2.2638981342315674,0.4327549934387207,0.043900489807128906
29,nebDFT2k:mp-1297766_1_5_1_-1_0,reverse,2.696653127670288,2.2199976444244385,0.4766554832458496,0.043900489807128906
29,nebDFT2k:mp-1297766_1_5_1_-1_0,inference_symmetrised,2.696653127670288,2.241947889328003,0.45470523834228516,0.043900489807128906
29,nebDFT2k:mp-1306251_7_5_1_1_0,forward,1.546714425086975,0.7691221237182617,0.7775923013687134,0.0012543201446533203
29,nebDFT2k:mp-1306251_7_5_1_1_0,reverse,1.546714425086975,0.770376443862915,0.7763379812240601,0.0012543201446533203
29,nebDFT2k:mp-1306251_7_5_1_1_0,inference_symmetrised,1.546714425086975,0.7697492837905884,0.7769651412963867,0.0012543201446533203
29,nebDFT2k:mp-1314006_1_0_0_1_-1,forward,0.2759045958518982,0.5357280969619751,0.2598235011100769,0.005320429801940918
29,nebDFT2k:mp-1314006_1_0_0_1_-1,reverse,0.2759045958518982,0.541048526763916,0.2651439309120178,0.005320429801940918
29,nebDFT2k:mp-1314006_1_0_0_1_-1,inference_symmetrised,0.2759045958518982,0.5383883118629456,0.26248371601104736,0.005320429801940918
29,nebDFT2k:mp-1320203_8_0_0_1_0,forward,0.7955121994018555,0.38476917147636414,0.41074302792549133,0.03065347671508789
29,nebDFT2k:mp-1320203_8_0_0_1_0,reverse,0.7955121994018555,0.415422648191452,0.38008955121040344,0.03065347671508789
29,nebDFT2k:mp-1320203_8_0_0_1_0,inference_symmetrised,0.7955121994018555,0.4000959098339081,0.3954162895679474,0.03065347671508789
29,nebDFT2k:mp-1641416_3_9_0_0_0,forward,0.38150760531425476,0.27778786420822144,0.10371974110603333,0.017598837614059448
29,nebDFT2k:mp-1641416_3_9_0_0_0,reverse,0.38150760531425476,0.260189026594162,0.12131857872009277,0.017598837614059448
29,nebDFT2k:mp-1641416_3_9_0_0_0,inference_symmetrised,0.38150760531425476,0.2689884454011917,0.11251915991306305,0.017598837614059448
29,nebDFT2k:mp-25463_4_10_1_0_0,forward,0.6109094023704529,0.6355799436569214,0.024670541286468506,0.10729193687438965
29,nebDFT2k:mp-25463_4_10_1_0_0,reverse,0.6109094023704529,0.5282880067825317,0.08262139558792114,0.10729193687438965
29,nebDFT2k:mp-25463_4_10_1_0_0,inference_symmetrised,0.6109094023704529,0.5819339752197266,0.02897542715072632,0.10729193687438965
29,nebDFT2k:mp-25465_1_0_0_0_1,forward,0.857966959476471,0.9908996820449829,0.13293272256851196,0.018062889575958252
29,nebDFT2k:mp-25465_1_0_0_0_1,reverse,0.857966959476471,0.9728367924690247,0.11486983299255371,0.018062889575958252
29,nebDFT2k:mp-25465_1_0_0_0_1,inference_symmetrised,0.857966959476471,0.9818682372570038,0.12390127778053284,0.018062889575958252
29,nebDFT2k:mp-25465_1_0_1_0_1,forward,0.22785605490207672,0.12155276536941528,0.10630328953266144,0.003361344337463379
29,nebDFT2k:mp-25465_1_0_1_0_1,reverse,0.22785605490207672,0.1181914210319519,0.10966463387012482,0.003361344337463379
29,nebDFT2k:mp-25465_1_0_1_0_1,inference_symmetrised,0.22785605490207672,0.1198720932006836,0.10798396170139313,0.003361344337463379
29,nebDFT2k:mp-26247_6_9_0_0_0,forward,0.6142609715461731,0.34951627254486084,0.26474469900131226,0.00782802700996399
29,nebDFT2k:mp-26247_6_9_0_0_0,reverse,0.6142609715461731,0.34168824553489685,0.27257272601127625,0.00782802700996399
29,nebDFT2k:mp-26247_6_9_0_0_0,inference_symmetrised,0.6142609715461731,0.34560225903987885,0.26865871250629425,0.00782802700996399
29,nebDFT2k:mp-26351_0_2_0_0_0,forward,1.5798574686050415,1.4185681343078613,0.16128933429718018,0.121246337890625
29,nebDFT2k:mp-26351_0_2_0_0_0,reverse,1.5798574686050415,1.2973217964172363,0.2825356721878052,0.121246337890625
29,nebDFT2k:mp-26351_0_2_0_0_0,inference_symmetrised,1.5798574686050415,1.3579449653625488,0.22191250324249268,0.121246337890625
29,nebDFT2k:mp-26721_0_1_0_0_0,forward,1.2890585660934448,0.5127290487289429,0.776329517364502,0.023178815841674805
29,nebDFT2k:mp-26721_0_1_0_0_0,reverse,1.2890585660934448,0.5359078645706177,0.7531507015228271,0.023178815841674805
29,nebDFT2k:mp-26721_0_1_0_0_0,inference_symmetrised,1.2890585660934448,0.5243184566497803,0.7647401094436646,0.023178815841674805
29,nebDFT2k:mp-26965_0_2_0_1_0,forward,0.2988061010837555,0.4168740212917328,0.1180679202079773,0.0037202835083007812
29,nebDFT2k:mp-26965_0_2_0_1_0,reverse,0.2988061010837555,0.413153737783432,0.11434763669967651,0.0037202835083007812
29,nebDFT2k:mp-26965_0_2_0_1_0,inference_symmetrised,0.2988061010837555,0.4150138795375824,0.1162077784538269,0.0037202835083007812
29,nebDFT2k:mp-28030_17_16_0_1_-1,forward,0.8980735540390015,0.738693118095398,0.15938043594360352,0.01925027370452881
29,nebDFT2k:mp-28030_17_16_0_1_-1,reverse,0.8980735540390015,0.7194428443908691,0.17863070964813232,0.01925027370452881
29,nebDFT2k:mp-28030_17_16_0_1_-1,inference_symmetrised,0.8980735540390015,0.7290679812431335,0.16900557279586792,0.01925027370452881
29,nebDFT2k:mp-28030_30_31_0_0_0,forward,0.9760967493057251,0.8484237790107727,0.1276729702949524,0.02166050672531128
29,nebDFT2k:mp-28030_30_31_0_0_0,reverse,0.9760967493057251,0.8267632722854614,0.14933347702026367,0.02166050672531128
29,nebDFT2k:mp-28030_30_31_0_0_0,inference_symmetrised,0.9760967493057251,0.8375935256481171,0.13850322365760803,0.02166050672531128
29,nebDFT2k:mp-28030_2_22_0_0_0,forward,0.8691693544387817,0.5508317351341248,0.318337619304657,0.005823314189910889
29,nebDFT2k:mp-28030_2_22_0_0_0,reverse,0.8691693544387817,0.5566550493240356,0.3125143051147461,0.005823314189910889
29,nebDFT2k:mp-28030_2_22_0_0_0,inference_symmetrised,0.8691693544387817,0.5537433922290802,0.31542596220970154,0.005823314189910889
29,nebDFT2k:mp-28548_0_8_0_0_0,forward,0.11965204030275345,0.5469024181365967,0.42725037783384323,0.0003883838653564453
29,nebDFT2k:mp-28548_0_8_0_0_0,reverse,0.11965204030275345,0.5472908020019531,0.4276387616991997,0.0003883838653564453
29,nebDFT2k:mp-28548_0_8_0_0_0,inference_symmetrised,0.11965204030275345,0.5470966100692749,0.42744456976652145,0.0003883838653564453
29,nebDFT2k:mp-29040_4_3_0_1_1,forward,0.4273566007614136,0.5239611864089966,0.09660458564758301,0.01942300796508789
29,nebDFT2k:mp-29040_4_3_0_1_1,reverse,0.4273566007614136,0.5433841943740845,0.1160275936126709,0.01942300796508789
29,nebDFT2k:mp-29040_4_3_0_1_1,inference_symmetrised,0.4273566007614136,0.5336726903915405,0.10631608963012695,0.01942300796508789
29,nebDFT2k:mp-29040_0_5_0_0_0,forward,0.8543699979782104,0.6505300402641296,0.2038399577140808,0.014850020408630371
29,nebDFT2k:mp-29040_0_5_0_0_0,reverse,0.8543699979782104,0.66538006067276,0.18898993730545044,0.014850020408630371
29,nebDFT2k:mp-29040_0_5_0_0_0,inference_symmetrised,0.8543699979782104,0.6579550504684448,0.19641494750976562,0.014850020408630371
29,nebDFT2k:mp-29040_1_3_0_0_0,forward,0.1771891564130783,0.5598738789558411,0.38268472254276276,0.0039501190185546875
29,nebDFT2k:mp-29040_1_3_0_0_0,reverse,0.1771891564130783,0.5638239979743958,0.38663484156131744,0.0039501190185546875
29,nebDFT2k:mp-29040_1_3_0_0_0,inference_symmetrised,0.1771891564130783,0.5618489384651184,0.3846597820520401,0.0039501190185546875
29,nebDFT2k:mp-34038_3_4_0_1_0,forward,1.1277568340301514,1.4756219387054443,0.34786510467529297,0.060536861419677734
29,nebDFT2k:mp-34038_3_4_0_1_0,reverse,1.1277568340301514,1.4150850772857666,0.28732824325561523,0.060536861419677734
29,nebDFT2k:mp-34038_3_4_0_1_0,inference_symmetrised,1.1277568340301514,1.4453535079956055,0.3175966739654541,0.060536861419677734
29,nebDFT2k:mp-34038_0_2_0_0_1,forward,0.7510952949523926,0.1425614058971405,0.6085338890552521,0.005606427788734436
29,nebDFT2k:mp-34038_0_2_0_0_1,reverse,0.7510952949523926,0.13695497810840607,0.6141403168439865,0.005606427788734436
29,nebDFT2k:mp-34038_0_2_0_0_1,inference_symmetrised,0.7510952949523926,0.13975819200277328,0.6113371029496193,0.005606427788734436
29,nebDFT2k:mp-34038_2_0_0_1_-1,forward,0.7525688409805298,0.20745132863521576,0.545117512345314,0.04128430783748627
29,nebDFT2k:mp-34038_2_0_0_1_-1,reverse,0.7525688409805298,0.24873563647270203,0.5038332045078278,0.04128430783748627
29,nebDFT2k:mp-34038_2_0_0_1_-1,inference_symmetrised,0.7525688409805298,0.2280934825539589,0.5244753584265709,0.04128430783748627
29,nebDFT2k:mp-34038_0_1_1_1_0,forward,1.2990351915359497,0.17839108407497406,1.1206441074609756,0.005819752812385559
29,nebDFT2k:mp-34038_0_1_1_1_0,reverse,1.2990351915359497,0.1725713312625885,1.1264638602733612,0.005819752812385559
29,nebDFT2k:mp-34038_0_1_1_1_0,inference_symmetrised,1.2990351915359497,0.17548120766878128,1.1235539838671684,0.005819752812385559
29,nebDFT2k:mp-34038_4_4_0_1_0,forward,0.11014693975448608,0.5749025344848633,0.4647555947303772,0.03883081674575806
29,nebDFT2k:mp-34038_4_4_0_1_0,reverse,0.11014693975448608,0.5360717177391052,0.42592477798461914,0.03883081674575806
29,nebDFT2k:mp-34038_4_4_0_1_0,inference_symmetrised,0.11014693975448608,0.5554871261119843,0.44534018635749817,0.03883081674575806
29,nebDFT2k:mp-34038_0_0_1_-1_0,forward,1.1750401258468628,0.19806385040283203,0.9769762754440308,0.013371646404266357
29,nebDFT2k:mp-34038_0_0_1_-1_0,reverse,1.1750401258468628,0.2114354968070984,0.9636046290397644,0.013371646404266357
29,nebDFT2k:mp-34038_0_0_1_-1_0,inference_symmetrised,1.1750401258468628,0.2047496736049652,0.9702904522418976,0.013371646404266357
29,nebDFT2k:mp-3635_0_3_0_0_0,forward,0.6212753653526306,0.5391644239425659,0.0821109414100647,0.0003120303153991699
29,nebDFT2k:mp-3635_0_3_0_0_0,reverse,0.6212753653526306,0.5388523936271667,0.08242297172546387,0.0003120303153991699
29,nebDFT2k:mp-3635_0_3_0_0_0,inference_symmetrised,0.6212753653526306,0.5390084087848663,0.08226695656776428,0.0003120303153991699
29,nebDFT2k:mp-4002_0_1_0_0_0,forward,0.4607055187225342,0.4681459963321686,0.007440477609634399,0.0041065514087677
29,nebDFT2k:mp-4002_0_1_0_0_0,reverse,0.4607055187225342,0.4640394449234009,0.0033339262008666992,0.0041065514087677
29,nebDFT2k:mp-4002_0_1_0_0_0,inference_symmetrised,0.4607055187225342,0.46609272062778473,0.005387201905250549,0.0041065514087677
29,nebDFT2k:mp-4117_3_0_1_0_1,forward,2.0165598392486572,3.086595296859741,1.070035457611084,0.14718842506408691
29,nebDFT2k:mp-4117_3_0_1_0_1,reverse,2.0165598392486572,2.9394068717956543,0.9228470325469971,0.14718842506408691
29,nebDFT2k:mp-4117_3_0_1_0_1,inference_symmetrised,2.0165598392486572,3.0130010843276978,0.9964412450790405,0.14718842506408691
29,nebDFT2k:mp-556655_0_7_0_1_-1,forward,0.42521727085113525,0.6271761059761047,0.20195883512496948,0.027531564235687256
29,nebDFT2k:mp-556655_0_7_0_1_-1,reverse,0.42521727085113525,0.5996445417404175,0.17442727088928223,0.027531564235687256
29,nebDFT2k:mp-556655_0_7_0_1_-1,inference_symmetrised,0.42521727085113525,0.6134103238582611,0.18819305300712585,0.027531564235687256
29,nebDFT2k:mp-556655_1_4_0_0_0,forward,0.4567823112010956,0.3905213177204132,0.06626099348068237,0.030676573514938354
29,nebDFT2k:mp-556655_1_4_0_0_0,reverse,0.4567823112010956,0.42119789123535156,0.03558441996574402,0.030676573514938354
29,nebDFT2k:mp-556655_1_4_0_0_0,inference_symmetrised,0.4567823112010956,0.4058596044778824,0.050922706723213196,0.030676573514938354
29,nebDFT2k:mp-559680_0_2_0_0_1,forward,1.600379467010498,1.355621337890625,0.24475812911987305,0.02868342399597168
29,nebDFT2k:mp-559680_0_2_0_0_1,reverse,1.600379467010498,1.3843047618865967,0.21607470512390137,0.02868342399597168
29,nebDFT2k:mp-559680_0_2_0_0_1,inference_symmetrised,1.600379467010498,1.3699630498886108,0.2304164171218872,0.02868342399597168
29,nebDFT2k:mp-567474_0_1_0_0_0,forward,0.06772521883249283,0.47039639949798584,0.402671180665493,0.15449053049087524
29,nebDFT2k:mp-567474_0_1_0_0_0,reverse,0.06772521883249283,0.3159058690071106,0.24818065017461777,0.15449053049087524
29,nebDFT2k:mp-567474_0_1_0_0_0,inference_symmetrised,0.06772521883249283,0.3931511342525482,0.3254259154200554,0.15449053049087524
29,nebDFT2k:mp-6745_0_1_1_0_0,forward,1.3544573783874512,1.392632246017456,0.03817486763000488,0.041983842849731445
29,nebDFT2k:mp-6745_0_1_1_0_0,reverse,1.3544573783874512,1.3506484031677246,0.0038089752197265625,0.041983842849731445
29,nebDFT2k:mp-6745_0_1_1_0_0,inference_symmetrised,1.3544573783874512,1.3716403245925903,0.01718294620513916,0.041983842849731445
29,nebDFT2k:mp-6745_0_1_0_0_0,forward,1.8797433376312256,1.2226099967956543,0.6571333408355713,0.04056262969970703
29,nebDFT2k:mp-6745_0_1_0_0_0,reverse,1.8797433376312256,1.1820473670959473,0.6976959705352783,0.04056262969970703
29,nebDFT2k:mp-6745_0_1_0_0_0,inference_symmetrised,1.8797433376312256,1.2023286819458008,0.6774146556854248,0.04056262969970703
29,nebDFT2k:mp-752552_2_7_0_1_1,forward,0.10932184755802155,0.22533811628818512,0.11601626873016357,0.021142393350601196
29,nebDFT2k:mp-752552_2_7_0_1_1,reverse,0.10932184755802155,0.24648050963878632,0.13715866208076477,0.021142393350601196
29,nebDFT2k:mp-752552_2_7_0_1_1,inference_symmetrised,0.10932184755802155,0.23590931296348572,0.12658746540546417,0.021142393350601196
29,nebDFT2k:mp-752552_0_7_0_0_1,forward,0.11279285699129105,0.26794132590293884,0.1551484689116478,0.019568830728530884
29,nebDFT2k:mp-752552_0_7_0_0_1,reverse,0.11279285699129105,0.2875101566314697,0.17471729964017868,0.019568830728530884
29,nebDFT2k:mp-752552_0_7_0_0_1,inference_symmetrised,0.11279285699129105,0.2777257412672043,0.16493288427591324,0.019568830728530884
29,nebDFT2k:mp-752707_0_2_0_0_0,forward,0.6314464211463928,1.0490179061889648,0.417571485042572,0.023760318756103516
29,nebDFT2k:mp-752707_0_2_0_0_0,reverse,0.6314464211463928,1.0252575874328613,0.3938111662864685,0.023760318756103516
29,nebDFT2k:mp-752707_0_2_0_0_0,inference_symmetrised,0.6314464211463928,1.037137746810913,0.40569132566452026,0.023760318756103516
29,nebDFT2k:mp-753109_2_0_1_0_-1,forward,0.6892510056495667,0.5184653401374817,0.17078566551208496,0.011584877967834473
29,nebDFT2k:mp-753109_2_0_1_0_-1,reverse,0.6892510056495667,0.5068804621696472,0.18237054347991943,0.011584877967834473
29,nebDFT2k:mp-753109_2_0_1_0_-1,inference_symmetrised,0.6892510056495667,0.5126729011535645,0.1765781044960022,0.011584877967834473
29,nebDFT2k:mp-753126_0_1_1_1_0,forward,1.355068564414978,1.1828665733337402,0.1722019910812378,0.13402462005615234
29,nebDFT2k:mp-753126_0_1_1_1_0,reverse,1.355068564414978,1.048841953277588,0.30622661113739014,0.13402462005615234
29,nebDFT2k:mp-753126_0_1_1_1_0,inference_symmetrised,1.355068564414978,1.115854263305664,0.23921430110931396,0.13402462005615234
29,nebDFT2k:mp-753204_0_2_0_0_0,forward,0.5282348990440369,0.4121120870113373,0.11612281203269958,0.025494694709777832
29,nebDFT2k:mp-753204_0_2_0_0_0,reverse,0.5282348990440369,0.38661739230155945,0.14161750674247742,0.025494694709777832
29,nebDFT2k:mp-753204_0_2_0_0_0,inference_symmetrised,0.5282348990440369,0.39936473965644836,0.1288701593875885,0.025494694709777832
29,nebDFT2k:mp-753340_2_3_0_0_0,forward,0.5125430822372437,0.08412964642047882,0.42841343581676483,0.005090013146400452
29,nebDFT2k:mp-753340_2_3_0_0_0,reverse,0.5125430822372437,0.08921965956687927,0.4233234226703644,0.005090013146400452
29,nebDFT2k:mp-753340_2_3_0_0_0,inference_symmetrised,0.5125430822372437,0.08667465299367905,0.4258684292435646,0.005090013146400452
29,nebDFT2k:mp-753477_6_2_0_1_0,forward,1.7132000923156738,0.22619588673114777,1.487004205584526,0.013038530945777893
29,nebDFT2k:mp-753477_6_2_0_1_0,reverse,1.7132000923156738,0.23923441767692566,1.4739656746387482,0.013038530945777893
29,nebDFT2k:mp-753477_6_2_0_1_0,inference_symmetrised,1.7132000923156738,0.2327151522040367,1.4804849401116371,0.013038530945777893
29,nebDFT2k:mp-753791_0_2_1_1_0,forward,0.5920940041542053,0.6292458772659302,0.037151873111724854,0.1095125675201416
29,nebDFT2k:mp-753791_0_2_1_1_0,reverse,0.5920940041542053,0.7387584447860718,0.14666444063186646,0.1095125675201416
29,nebDFT2k:mp-753791_0_2_1_1_0,inference_symmetrised,0.5920940041542053,0.684002161026001,0.09190815687179565,0.1095125675201416
29,nebDFT2k:mp-753882_0_1_1_0_-1,forward,0.7118020057678223,0.32829755544662476,0.3835044503211975,0.01283484697341919
29,nebDFT2k:mp-753882_0_1_1_0_-1,reverse,0.7118020057678223,0.34113240242004395,0.3706696033477783,0.01283484697341919
29,nebDFT2k:mp-753882_0_1_1_0_-1,inference_symmetrised,0.7118020057678223,0.33471497893333435,0.3770870268344879,0.01283484697341919
29,nebDFT2k:mp-753882_0_3_1_0_0,forward,0.3007654845714569,0.22934609651565552,0.07141938805580139,0.04870408773422241
29,nebDFT2k:mp-753882_0_3_1_0_0,reverse,0.3007654845714569,0.27805018424987793,0.02271530032157898,0.04870408773422241
29,nebDFT2k:mp-753882_0_3_1_0_0,inference_symmetrised,0.3007654845714569,0.2536981403827667,0.047067344188690186,0.04870408773422241
29,nebDFT2k:mp-753882_4_5_0_0_0,forward,0.26893350481987,0.2458217293024063,0.023111775517463684,0.003943845629692078
29,nebDFT2k:mp-753882_4_5_0_0_0,reverse,0.26893350481987,0.24187788367271423,0.02705562114715576,0.003943845629692078
29,nebDFT2k:mp-753882_4_5_0_0_0,inference_symmetrised,0.26893350481987,0.24384980648756027,0.025083698332309723,0.003943845629692078
29,nebDFT2k:mp-753882_3_2_0_1_0,forward,0.6040976047515869,0.5614482164382935,0.04264938831329346,0.10629615187644958
29,nebDFT2k:mp-753882_3_2_0_1_0,reverse,0.6040976047515869,0.45515206456184387,0.14894554018974304,0.10629615187644958
29,nebDFT2k:mp-753882_3_2_0_1_0,inference_symmetrised,0.6040976047515869,0.5083001405000687,0.09579746425151825,0.10629615187644958
29,nebDFT2k:mp-753899_0_3_0_0_0,forward,3.2507238388061523,1.5954642295837402,1.655259609222412,0.014629840850830078
29,nebDFT2k:mp-753899_0_3_0_0_0,reverse,3.2507238388061523,1.5808343887329102,1.6698894500732422,0.014629840850830078
29,nebDFT2k:mp-753899_0_3_0_0_0,inference_symmetrised,3.2507238388061523,1.5881493091583252,1.6625745296478271,0.014629840850830078
29,nebDFT2k:mp-754292_1_2_0_0_0,forward,0.9215542674064636,0.7370795607566833,0.18447470664978027,0.07732564210891724
29,nebDFT2k:mp-754292_1_2_0_0_0,reverse,0.9215542674064636,0.6597539186477661,0.2618003487586975,0.07732564210891724
29,nebDFT2k:mp-754292_1_2_0_0_0,inference_symmetrised,0.9215542674064636,0.6984167397022247,0.2231375277042389,0.07732564210891724
29,nebDFT2k:mp-754292_7_5_0_1_0,forward,0.47816863656044006,0.2690298557281494,0.20913878083229065,0.05458195507526398
29,nebDFT2k:mp-754292_7_5_0_1_0,reverse,0.47816863656044006,0.21444790065288544,0.2637207359075546,0.05458195507526398
29,nebDFT2k:mp-754292_7_5_0_1_0,inference_symmetrised,0.47816863656044006,0.24173887819051743,0.23642975836992264,0.05458195507526398
29,nebDFT2k:mp-754292_1_7_0_0_0,forward,0.2623552978038788,0.24007487297058105,0.02228042483329773,0.016966700553894043
29,nebDFT2k:mp-754292_1_7_0_0_0,reverse,0.2623552978038788,0.2570415735244751,0.0053137242794036865,0.016966700553894043
29,nebDFT2k:mp-754292_1_7_0_0_0,inference_symmetrised,0.2623552978038788,0.24855822324752808,0.013797074556350708,0.016966700553894043
29,nebDFT2k:mp-754292_0_3_0_0_0,forward,0.9209744334220886,0.7378647327423096,0.18310970067977905,0.07734733819961548
29,nebDFT2k:mp-754292_0_3_0_0_0,reverse,0.9209744334220886,0.6605173945426941,0.26045703887939453,0.07734733819961548
29,nebDFT2k:mp-754292_0_3_0_0_0,inference_symmetrised,0.9209744334220886,0.6991910636425018,0.2217833697795868,0.07734733819961548
29,nebDFT2k:mp-754292_0_3_1_0_0,forward,0.7782686352729797,0.48811739683151245,0.2901512384414673,0.040987104177474976
29,nebDFT2k:mp-754292_0_3_1_0_0,reverse,0.7782686352729797,0.4471302926540375,0.33113834261894226,0.040987104177474976
29,nebDFT2k:mp-754292_0_3_1_0_0,inference_symmetrised,0.7782686352729797,0.46762384474277496,0.3106447905302048,0.040987104177474976
29,nebDFT2k:mp-754292_3_9_0_0_0,forward,0.2626491189002991,0.2399943768978119,0.022654742002487183,0.01695290207862854
29,nebDFT2k:mp-754292_3_9_0_0_0,reverse,0.2626491189002991,0.25694727897644043,0.005701839923858643,0.01695290207862854
29,nebDFT2k:mp-754292_3_9_0_0_0,inference_symmetrised,0.2626491189002991,0.24847082793712616,0.014178290963172913,0.01695290207862854
29,nebDFT2k:mp-754923_0_2_0_0_1,forward,0.42040032148361206,0.42146414518356323,0.0010638236999511719,0.01647353172302246
29,nebDFT2k:mp-754923_0_2_0_0_1,reverse,0.42040032148361206,0.40499061346054077,0.015409708023071289,0.01647353172302246
29,nebDFT2k:mp-754923_0_2_0_0_1,inference_symmetrised,0.42040032148361206,0.413227379322052,0.007172942161560059,0.01647353172302246
29,nebDFT2k:mp-755369_6_3_0_0_1,forward,2.607285737991333,2.6391751766204834,0.03188943862915039,0.0015833377838134766
29,nebDFT2k:mp-755369_6_3_0_0_1,reverse,2.607285737991333,2.640758514404297,0.03347277641296387,0.0015833377838134766
29,nebDFT2k:mp-755369_6_3_0_0_1,inference_symmetrised,2.607285737991333,2.63996684551239,0.03268110752105713,0.0015833377838134766
29,nebDFT2k:mp-755369_6_0_1_0_1,forward,0.9742417335510254,0.9850625395774841,0.01082080602645874,0.09821796417236328
29,nebDFT2k:mp-755369_6_0_1_0_1,reverse,0.9742417335510254,0.8868445754051208,0.08739715814590454,0.09821796417236328
29,nebDFT2k:mp-755369_6_0_1_0_1,inference_symmetrised,0.9742417335510254,0.9359535574913025,0.0382881760597229,0.09821796417236328
29,nebDFT2k:mp-755369_11_7_0_1_0,forward,2.6194679737091064,2.569093942642212,0.05037403106689453,0.01327657699584961
29,nebDFT2k:mp-755369_11_7_0_1_0,reverse,2.6194679737091064,2.5823705196380615,0.03709745407104492,0.01327657699584961
29,nebDFT2k:mp-755369_11_7_0_1_0,inference_symmetrised,2.6194679737091064,2.5757322311401367,0.04373574256896973,0.01327657699584961
29,nebDFT2k:mp-755369_2_0_1_0_1,forward,2.918403148651123,2.8490331172943115,0.06937003135681152,0.021077871322631836
29,nebDFT2k:mp-755369_2_0_1_0_1,reverse,2.918403148651123,2.8279552459716797,0.09044790267944336,0.021077871322631836
29,nebDFT2k:mp-755369_2_0_1_0_1,inference_symmetrised,2.918403148651123,2.8384941816329956,0.07990896701812744,0.021077871322631836
29,nebDFT2k:mp-755369_10_8_1_-1_0,forward,0.637105405330658,0.5488171577453613,0.08828824758529663,0.0027740001678466797
29,nebDFT2k:mp-755369_10_8_1_-1_0,reverse,0.637105405330658,0.551591157913208,0.08551424741744995,0.0027740001678466797
29,nebDFT2k:mp-755369_10_8_1_-1_0,inference_symmetrised,0.637105405330658,0.5502041578292847,0.08690124750137329,0.0027740001678466797
29,nebDFT2k:mp-755369_1_4_0_0_1,forward,2.7418344020843506,2.607908248901367,0.1339261531829834,0.020890474319458008
29,nebDFT2k:mp-755369_1_4_0_0_1,reverse,2.7418344020843506,2.628798723220825,0.11303567886352539,0.020890474319458008
29,nebDFT2k:mp-755369_1_4_0_0_1,inference_symmetrised,2.7418344020843506,2.618353486061096,0.1234809160232544,0.020890474319458008
29,nebDFT2k:mp-755369_3_5_1_1_0,forward,0.9749377965927124,0.8513763546943665,0.12356144189834595,0.04367607831954956
29,nebDFT2k:mp-755369_3_5_1_1_0,reverse,0.9749377965927124,0.8077002763748169,0.1672375202178955,0.04367607831954956
29,nebDFT2k:mp-755369_3_5_1_1_0,inference_symmetrised,0.9749377965927124,0.8295383155345917,0.14539948105812073,0.04367607831954956
29,nebDFT2k:mp-755839_0_5_0_0_0,forward,0.5476699471473694,0.41824549436569214,0.12942445278167725,0.002446413040161133
29,nebDFT2k:mp-755839_0_5_0_0_0,reverse,0.5476699471473694,0.415799081325531,0.13187086582183838,0.002446413040161133
29,nebDFT2k:mp-755839_0_5_0_0_0,inference_symmetrised,0.5476699471473694,0.4170222878456116,0.1306476593017578,0.002446413040161133
29,nebDFT2k:mp-756174_1_0_1_0_0,forward,0.6218590140342712,0.8691214919090271,0.24726247787475586,0.013975918292999268
29,nebDFT2k:mp-756174_1_0_1_0_0,reverse,0.6218590140342712,0.8551455736160278,0.2332865595817566,0.013975918292999268
29,nebDFT2k:mp-756174_1_0_1_0_0,inference_symmetrised,0.6218590140342712,0.8621335327625275,0.24027451872825623,0.013975918292999268
29,nebDFT2k:mp-756174_0_1_0_0_0,forward,0.38954514265060425,0.49141690135002136,0.10187175869941711,0.00467255711555481
29,nebDFT2k:mp-756174_0_1_0_0_0,reverse,0.38954514265060425,0.49608945846557617,0.10654431581497192,0.00467255711555481
29,nebDFT2k:mp-756174_0_1_0_0_0,inference_symmetrised,0.38954514265060425,0.49375317990779877,0.10420803725719452,0.00467255711555481
29,nebDFT2k:mp-756912_1_1_1_0_0,forward,0.5701987743377686,1.8011438846588135,1.230945110321045,0.04506802558898926
29,nebDFT2k:mp-756912_1_1_1_0_0,reverse,0.5701987743377686,1.8462119102478027,1.2760131359100342,0.04506802558898926
29,nebDFT2k:mp-756912_1_1_1_0_0,inference_symmetrised,0.5701987743377686,1.823677897453308,1.2534791231155396,0.04506802558898926
29,nebDFT2k:mp-757068_0_1_0_0_0,forward,0.049742020666599274,0.28286513686180115,0.23312311619520187,0.004525929689407349
29,nebDFT2k:mp-757068_0_1_0_0_0,reverse,0.049742020666599274,0.2783392071723938,0.22859718650579453,0.004525929689407349
29,nebDFT2k:mp-757068_0_1_0_0_0,inference_symmetrised,0.049742020666599274,0.2806021720170975,0.2308601513504982,0.004525929689407349
29,nebDFT2k:mp-757461_1_2_0_1_0,forward,0.19807608425617218,0.21343396604061127,0.015357881784439087,0.0005481988191604614
29,nebDFT2k:mp-757461_1_2_0_1_0,reverse,0.19807608425617218,0.21398216485977173,0.01590608060359955,0.0005481988191604614
29,nebDFT2k:mp-757461_1_2_0_1_0,inference_symmetrised,0.19807608425617218,0.2137080654501915,0.015631981194019318,0.0005481988191604614
29,nebDFT2k:mp-757693_0_2_0_0_0,forward,0.40716037154197693,0.39935925602912903,0.0078011155128479,0.002913057804107666
29,nebDFT2k:mp-757693_0_2_0_0_0,reverse,0.40716037154197693,0.4022723138332367,0.004888057708740234,0.002913057804107666
29,nebDFT2k:mp-757693_0_2_0_0_0,inference_symmetrised,0.40716037154197693,0.40081578493118286,0.006344586610794067,0.002913057804107666
29,nebDFT2k:mp-757714_2_3_0_0_0,forward,0.05814062058925629,0.2904964089393616,0.23235578835010529,0.01346057653427124
29,nebDFT2k:mp-757714_2_3_0_0_0,reverse,0.05814062058925629,0.27703583240509033,0.21889521181583405,0.01346057653427124
29,nebDFT2k:mp-757714_2_3_0_0_0,inference_symmetrised,0.05814062058925629,0.28376612067222595,0.22562550008296967,0.01346057653427124
29,nebDFT2k:mp-757800_1_4_0_0_0,forward,1.2522964477539062,0.9924370050430298,0.25985944271087646,0.0407710075378418
29,nebDFT2k:mp-757800_1_4_0_0_0,reverse,1.2522964477539062,0.951665997505188,0.30063045024871826,0.0407710075378418
29,nebDFT2k:mp-757800_1_4_0_0_0,inference_symmetrised,1.2522964477539062,0.9720515012741089,0.28024494647979736,0.0407710075378418
29,nebDFT2k:mp-758282_1_1_1_0_0,forward,0.12165363132953644,0.30720365047454834,0.1855500191450119,0.005204349756240845
29,nebDFT2k:mp-758282_1_1_1_0_0,reverse,0.12165363132953644,0.3124080002307892,0.19075436890125275,0.005204349756240845
29,nebDFT2k:mp-758282_1_1_1_0_0,inference_symmetrised,0.12165363132953644,0.30980582535266876,0.18815219402313232,0.005204349756240845
29,nebDFT2k:mp-758282_0_2_0_0_0,forward,0.28606387972831726,0.30247023701667786,0.016406357288360596,0.00198441743850708
29,nebDFT2k:mp-758282_0_2_0_0_0,reverse,0.28606387972831726,0.30445465445518494,0.018390774726867676,0.00198441743850708
29,nebDFT2k:mp-758282_0_2_0_0_0,inference_symmetrised,0.28606387972831726,0.3034624457359314,0.017398566007614136,0.00198441743850708
29,nebDFT2k:mp-758380_3_8_0_0_0,forward,2.9573986530303955,1.5422210693359375,1.415177583694458,0.1136164665222168
29,nebDFT2k:mp-758380_3_8_0_0_0,reverse,2.9573986530303955,1.4286046028137207,1.5287940502166748,0.1136164665222168
29,nebDFT2k:mp-758380_3_8_0_0_0,inference_symmetrised,2.9573986530303955,1.485412836074829,1.4719858169555664,0.1136164665222168
29,nebDFT2k:mp-758486_3_0_1_0_1,forward,0.44390058517456055,0.22589874267578125,0.2180018424987793,0.010556250810623169
29,nebDFT2k:mp-758486_3_0_1_0_1,reverse,0.44390058517456055,0.21534249186515808,0.22855809330940247,0.010556250810623169
29,nebDFT2k:mp-758486_3_0_1_0_1,inference_symmetrised,0.44390058517456055,0.22062061727046967,0.22327996790409088,0.010556250810623169
29,nebDFT2k:mp-758720_0_3_1_0_0,forward,0.4760017991065979,0.2545752227306366,0.2214265763759613,0.0006822645664215088
29,nebDFT2k:mp-758720_0_3_1_0_0,reverse,0.4760017991065979,0.2552574872970581,0.2207443118095398,0.0006822645664215088
29,nebDFT2k:mp-758720_0_3_1_0_0,inference_symmetrised,0.4760017991065979,0.25491635501384735,0.22108544409275055,0.0006822645664215088
29,nebDFT2k:mp-758793_0_1_0_0_0,forward,0.22866390645503998,0.38281896710395813,0.15415506064891815,0.029109448194503784
29,nebDFT2k:mp-758793_0_1_0_0_0,reverse,0.22866390645503998,0.4119284152984619,0.18326450884342194,0.029109448194503784
29,nebDFT2k:mp-758793_0_1_0_0_0,inference_symmetrised,0.22866390645503998,0.39737369120121,0.16870978474617004,0.029109448194503784
29,nebDFT2k:mp-759082_0_2_0_0_0,forward,0.825259804725647,1.1464647054672241,0.32120490074157715,0.03153252601623535
29,nebDFT2k:mp-759082_0_2_0_0_0,reverse,0.825259804725647,1.1149321794509888,0.2896723747253418,0.03153252601623535
29,nebDFT2k:mp-759082_0_2_0_0_0,inference_symmetrised,0.825259804725647,1.1306984424591064,0.3054386377334595,0.03153252601623535
29,nebDFT2k:mp-759082_0_2_1_0_0,forward,0.2511012852191925,0.24261388182640076,0.008487403392791748,0.008833229541778564
29,nebDFT2k:mp-759082_0_2_1_0_0,reverse,0.2511012852191925,0.2337806522846222,0.017320632934570312,0.008833229541778564
29,nebDFT2k:mp-759082_0_2_1_0_0,inference_symmetrised,0.2511012852191925,0.23819726705551147,0.01290401816368103,0.008833229541778564
29,nebDFT2k:mp-759082_1_0_0_1_0,forward,0.25766751170158386,0.27965086698532104,0.021983355283737183,0.002673119306564331
29,nebDFT2k:mp-759082_1_0_0_1_0,reverse,0.25766751170158386,0.2823239862918854,0.024656474590301514,0.002673119306564331
29,nebDFT2k:mp-759082_1_0_0_1_0,inference_symmetrised,0.25766751170158386,0.2809874266386032,0.023319914937019348,0.002673119306564331
29,nebDFT2k:mp-759132_4_3_0_0_1,forward,0.341912180185318,0.3825938403606415,0.040681660175323486,0.013456374406814575
29,nebDFT2k:mp-759132_4_3_0_0_1,reverse,0.341912180185318,0.3691374659538269,0.02722528576850891,0.013456374406814575
29,nebDFT2k:mp-759132_4_3_0_0_1,inference_symmetrised,0.341912180185318,0.3758656531572342,0.0339534729719162,0.013456374406814575
29,nebDFT2k:mp-759139_2_1_1_0_0,forward,0.70079106092453,0.5697976350784302,0.13099342584609985,0.023261427879333496
29,nebDFT2k:mp-759139_2_1_1_0_0,reverse,0.70079106092453,0.5930590629577637,0.10773199796676636,0.023261427879333496
29,nebDFT2k:mp-759139_2_1_1_0_0,inference_symmetrised,0.70079106092453,0.5814283490180969,0.1193627119064331,0.023261427879333496
29,nebDFT2k:mp-759220_0_15_0_0_0,forward,0.21688345074653625,0.23077169060707092,0.013888239860534668,0.0061876773834228516
29,nebDFT2k:mp-759220_0_15_0_0_0,reverse,0.21688345074653625,0.22458401322364807,0.007700562477111816,0.0061876773834228516
29,nebDFT2k:mp-759220_0_15_0_0_0,inference_symmetrised,0.21688345074653625,0.2276778519153595,0.010794401168823242,0.0061876773834228516
29,nebDFT2k:mp-759229_3_6_0_1_0,forward,0.6168773174285889,1.179809331893921,0.562932014465332,0.006020545959472656
29,nebDFT2k:mp-759229_3_6_0_1_0,reverse,0.6168773174285889,1.1858298778533936,0.5689525604248047,0.006020545959472656
29,nebDFT2k:mp-759229_3_6_0_1_0,inference_symmetrised,0.6168773174285889,1.1828196048736572,0.5659422874450684,0.006020545959472656
29,nebDFT2k:mp-759244_7_6_1_0_0,forward,1.0818796157836914,1.1323261260986328,0.050446510314941406,0.02511429786682129
29,nebDFT2k:mp-759244_7_6_1_0_0,reverse,1.0818796157836914,1.157440423965454,0.0755608081817627,0.02511429786682129
29,nebDFT2k:mp-759244_7_6_1_0_0,inference_symmetrised,1.0818796157836914,1.1448832750320435,0.06300365924835205,0.02511429786682129
29,nebDFT2k:mp-759244_6_10_0_0_1,forward,0.9319226145744324,1.047248125076294,0.11532551050186157,0.007170438766479492
29,nebDFT2k:mp-759244_6_10_0_0_1,reverse,0.9319226145744324,1.0544185638427734,0.12249594926834106,0.007170438766479492
29,nebDFT2k:mp-759244_6_10_0_0_1,inference_symmetrised,0.9319226145744324,1.0508333444595337,0.11891072988510132,0.007170438766479492
29,nebDFT2k:mp-759244_0_2_0_0_0,forward,0.9603694081306458,1.1543164253234863,0.19394701719284058,0.09246277809143066
29,nebDFT2k:mp-759244_0_2_0_0_0,reverse,0.9603694081306458,1.0618536472320557,0.10148423910140991,0.09246277809143066
29,nebDFT2k:mp-759244_0_2_0_0_0,inference_symmetrised,0.9603694081306458,1.108085036277771,0.14771562814712524,0.09246277809143066
29,nebDFT2k:mp-759244_4_6_0_0_0,forward,0.9483169913291931,1.0526374578475952,0.1043204665184021,0.014168500900268555
29,nebDFT2k:mp-759244_4_6_0_0_0,reverse,0.9483169913291931,1.0668059587478638,0.11848896741867065,0.014168500900268555
29,nebDFT2k:mp-759244_4_6_0_0_0,inference_symmetrised,0.9483169913291931,1.0597217082977295,0.11140471696853638,0.014168500900268555
29,nebDFT2k:mp-759244_5_10_1_0_0,forward,0.9148608446121216,1.0319957733154297,0.1171349287033081,0.0827641487121582
29,nebDFT2k:mp-759244_5_10_1_0_0,reverse,0.9148608446121216,0.9492316246032715,0.0343707799911499,0.0827641487121582
29,nebDFT2k:mp-759244_5_10_1_0_0,inference_symmetrised,0.9148608446121216,0.9906136989593506,0.075752854347229,0.0827641487121582
29,nebDFT2k:mp-759667_2_4_0_0_0,forward,0.3889327943325043,0.5764678716659546,0.18753507733345032,0.03741699457168579
29,nebDFT2k:mp-759667_2_4_0_0_0,reverse,0.3889327943325043,0.6138848662376404,0.2249520719051361,0.03741699457168579
29,nebDFT2k:mp-759667_2_4_0_0_0,inference_symmetrised,0.3889327943325043,0.5951763689517975,0.2062435746192932,0.03741699457168579
29,nebDFT2k:mp-759667_3_4_0_1_0,forward,0.41363847255706787,0.5054488778114319,0.09181040525436401,0.0139046311378479
29,nebDFT2k:mp-759667_3_4_0_1_0,reverse,0.41363847255706787,0.5193535089492798,0.10571503639221191,0.0139046311378479
29,nebDFT2k:mp-759667_3_4_0_1_0,inference_symmetrised,0.41363847255706787,0.5124011933803558,0.09876272082328796,0.0139046311378479
29,nebDFT2k:mp-759667_2_1_1_1_0,forward,0.6992021203041077,0.7623176574707031,0.06311553716659546,0.06474041938781738
29,nebDFT2k:mp-759667_2_1_1_1_0,reverse,0.6992021203041077,0.6975772380828857,0.0016248822212219238,0.06474041938781738
29,nebDFT2k:mp-759667_2_1_1_1_0,inference_symmetrised,0.6992021203041077,0.7299474477767944,0.030745327472686768,0.06474041938781738
29,nebDFT2k:mp-759753_4_0_0_0_1,forward,0.6141039729118347,0.35553452372550964,0.2585694491863251,0.007384002208709717
29,nebDFT2k:mp-759753_4_0_0_0_1,reverse,0.6141039729118347,0.36291852593421936,0.25118544697761536,0.007384002208709717
29,nebDFT2k:mp-759753_4_0_0_0_1,inference_symmetrised,0.6141039729118347,0.3592265248298645,0.2548774480819702,0.007384002208709717
29,nebDFT2k:mp-759783_2_3_1_0_0,forward,0.6149086356163025,1.0595521926879883,0.4446435570716858,0.0425257682800293
29,nebDFT2k:mp-759783_2_3_1_0_0,reverse,0.6149086356163025,1.017026424407959,0.4021177887916565,0.0425257682800293
29,nebDFT2k:mp-759783_2_3_1_0_0,inference_symmetrised,0.6149086356163025,1.0382893085479736,0.42338067293167114,0.0425257682800293
29,nebDFT2k:mp-759783_4_3_0_1_0,forward,0.2746150493621826,0.24036875367164612,0.0342462956905365,0.003531813621520996
29,nebDFT2k:mp-759783_4_3_0_1_0,reverse,0.2746150493621826,0.24390056729316711,0.030714482069015503,0.003531813621520996
29,nebDFT2k:mp-759783_4_3_0_1_0,inference_symmetrised,0.2746150493621826,0.24213466048240662,0.032480388879776,0.003531813621520996
29,nebDFT2k:mp-760344_7_5_0_1_1,forward,1.048827052116394,0.782250702381134,0.26657634973526,0.10975873470306396
29,nebDFT2k:mp-760344_7_5_0_1_1,reverse,1.048827052116394,0.6724919676780701,0.376335084438324,0.10975873470306396
29,nebDFT2k:mp-760344_7_5_0_1_1,inference_symmetrised,1.048827052116394,0.727371335029602,0.321455717086792,0.10975873470306396
29,nebDFT2k:mp-760344_4_8_0_0_0,forward,0.2822485864162445,0.2046581655740738,0.07759042084217072,0.0400470495223999
29,nebDFT2k:mp-760344_4_8_0_0_0,reverse,0.2822485864162445,0.2447052150964737,0.03754337131977081,0.0400470495223999
29,nebDFT2k:mp-760344_4_8_0_0_0,inference_symmetrised,0.2822485864162445,0.22468169033527374,0.057566896080970764,0.0400470495223999
29,nebDFT2k:mp-760344_6_8_0_1_0,forward,0.5260669589042664,0.27855607867240906,0.2475108802318573,0.02535906434059143
29,nebDFT2k:mp-760344_6_8_0_1_0,reverse,0.5260669589042664,0.3039151430130005,0.22215181589126587,0.02535906434059143
29,nebDFT2k:mp-760344_6_8_0_1_0,inference_symmetrised,0.5260669589042664,0.2912356108427048,0.23483134806156158,0.02535906434059143
29,nebDFT2k:mp-760344_4_6_1_-1_0,forward,1.0547842979431152,0.8500602841377258,0.2047240138053894,0.024754881858825684
29,nebDFT2k:mp-760344_4_6_1_-1_0,reverse,1.0547842979431152,0.8253054022789001,0.2294788956642151,0.024754881858825684
29,nebDFT2k:mp-760344_4_6_1_-1_0,inference_symmetrised,1.0547842979431152,0.837682843208313,0.21710145473480225,0.024754881858825684
29,nebDFT2k:mp-760344_7_4_0_1_0,forward,0.6875642538070679,0.46577349305152893,0.22179076075553894,0.00959596037864685
29,nebDFT2k:mp-760344_7_4_0_1_0,reverse,0.6875642538070679,0.4753694534301758,0.2121948003768921,0.00959596037864685
29,nebDFT2k:mp-760344_7_4_0_1_0,inference_symmetrised,0.6875642538070679,0.47057147324085236,0.21699278056621552,0.00959596037864685
29,nebDFT2k:mp-760344_7_9_0_1_1,forward,0.5207509994506836,0.275846391916275,0.24490460753440857,0.0266096293926239
29,nebDFT2k:mp-760344_7_9_0_1_1,reverse,0.5207509994506836,0.3024560213088989,0.21829497814178467,0.0266096293926239
29,nebDFT2k:mp-760344_7_9_0_1_1,inference_symmetrised,0.5207509994506836,0.289151206612587,0.23159979283809662,0.0266096293926239
29,nebDFT2k:mp-760344_10_9_0_0_1,forward,1.8200701475143433,2.5479841232299805,0.7279139757156372,0.14035630226135254
29,nebDFT2k:mp-760344_10_9_0_0_1,reverse,1.8200701475143433,2.407627820968628,0.5875576734542847,0.14035630226135254
29,nebDFT2k:mp-760344_10_9_0_0_1,inference_symmetrised,1.8200701475143433,2.477805972099304,0.6577358245849609,0.14035630226135254
29,nebDFT2k:mp-760344_6_4_0_1_0,forward,0.6860505938529968,0.3978797495365143,0.28817084431648254,0.040658801794052124
29,nebDFT2k:mp-760344_6_4_0_1_0,reverse,0.6860505938529968,0.35722094774246216,0.32882964611053467,0.040658801794052124
29,nebDFT2k:mp-760344_6_4_0_1_0,inference_symmetrised,0.6860505938529968,0.3775503486394882,0.3085002452135086,0.040658801794052124
29,nebDFT2k:mp-760344_10_4_0_1_0,forward,0.5244383215904236,0.2164217233657837,0.3080165982246399,0.003358811140060425
29,nebDFT2k:mp-760344_10_4_0_1_0,reverse,0.5244383215904236,0.21978053450584412,0.30465778708457947,0.003358811140060425
29,nebDFT2k:mp-760344_10_4_0_1_0,inference_symmetrised,0.5244383215904236,0.2181011289358139,0.3063371926546097,0.003358811140060425
29,nebDFT2k:mp-760344_9_5_1_0_0,forward,0.2818312644958496,0.17858043313026428,0.10325083136558533,0.023474186658859253
29,nebDFT2k:mp-760344_9_5_1_0_0,reverse,0.2818312644958496,0.15510624647140503,0.12672501802444458,0.023474186658859253
29,nebDFT2k:mp-760344_9_5_1_0_0,inference_symmetrised,0.2818312644958496,0.16684333980083466,0.11498792469501495,0.023474186658859253
29,nebDFT2k:mp-761094_0_2_0_0_1,forward,4.479324817657471,5.507232189178467,1.027907371520996,0.06758403778076172
29,nebDFT2k:mp-761094_0_2_0_0_1,reverse,4.479324817657471,5.439648151397705,0.9603233337402344,0.06758403778076172
29,nebDFT2k:mp-761094_0_2_0_0_1,inference_symmetrised,4.479324817657471,5.473440170288086,0.9941153526306152,0.06758403778076172
29,nebDFT2k:mp-761094_1_5_0_1_0,forward,2.0980730056762695,2.633593797683716,0.5355207920074463,0.009562492370605469
29,nebDFT2k:mp-761094_1_5_0_1_0,reverse,2.0980730056762695,2.6240313053131104,0.5259582996368408,0.009562492370605469
29,nebDFT2k:mp-761094_1_5_0_1_0,inference_symmetrised,2.0980730056762695,2.628812551498413,0.5307395458221436,0.009562492370605469
29,nebDFT2k:mp-761269_2_1_1_-1_0,forward,1.5785481929779053,1.662198781967163,0.08365058898925781,0.04560494422912598
29,nebDFT2k:mp-761269_2_1_1_-1_0,reverse,1.5785481929779053,1.616593837738037,0.038045644760131836,0.04560494422912598
29,nebDFT2k:mp-761269_2_1_1_-1_0,inference_symmetrised,1.5785481929779053,1.6393963098526,0.060848116874694824,0.04560494422912598
29,nebDFT2k:mp-761849_6_5_1_0_0,forward,0.6407798528671265,0.724021852016449,0.08324199914932251,0.029004037380218506
29,nebDFT2k:mp-761849_6_5_1_0_0,reverse,0.6407798528671265,0.7530258893966675,0.11224603652954102,0.029004037380218506
29,nebDFT2k:mp-761849_6_5_1_0_0,inference_symmetrised,0.6407798528671265,0.7385238707065582,0.09774401783943176,0.029004037380218506
29,nebDFT2k:mp-761849_5_7_0_0_1,forward,0.30204570293426514,0.8224758505821228,0.5204301476478577,0.024929940700531006
29,nebDFT2k:mp-761849_5_7_0_0_1,reverse,0.30204570293426514,0.8474057912826538,0.5453600883483887,0.024929940700531006
29,nebDFT2k:mp-761849_5_7_0_0_1,inference_symmetrised,0.30204570293426514,0.8349408209323883,0.5328951179981232,0.024929940700531006
29,nebDFT2k:mp-762319_14_26_0_0_0,forward,0.28081613779067993,0.4577556252479553,0.1769394874572754,0.061683833599090576
29,nebDFT2k:mp-762319_14_26_0_0_0,reverse,0.28081613779067993,0.39607179164886475,0.11525565385818481,0.061683833599090576
29,nebDFT2k:mp-762319_14_26_0_0_0,inference_symmetrised,0.28081613779067993,0.42691370844841003,0.1460975706577301,0.061683833599090576
29,nebDFT2k:mp-763177_1_3_0_1_-1,forward,0.45973682403564453,0.7604337334632874,0.3006969094276428,0.07932955026626587
29,nebDFT2k:mp-763177_1_3_0_1_-1,reverse,0.45973682403564453,0.6811041831970215,0.22136735916137695,0.07932955026626587
29,nebDFT2k:mp-763177_1_3_0_1_-1,inference_symmetrised,0.45973682403564453,0.7207689583301544,0.2610321342945099,0.07932955026626587
29,nebDFT2k:mp-764867_1_8_0_1_1,forward,1.519494652748108,1.3225691318511963,0.19692552089691162,0.08006787300109863
29,nebDFT2k:mp-764867_1_8_0_1_1,reverse,1.519494652748108,1.2425012588500977,0.27699339389801025,0.08006787300109863
29,nebDFT2k:mp-764867_1_8_0_1_1,inference_symmetrised,1.519494652748108,1.282535195350647,0.23695945739746094,0.08006787300109863
29,nebDFT2k:mp-765411_1_6_0_0_0,forward,0.46725958585739136,0.36371564865112305,0.10354393720626831,0.011154353618621826
29,nebDFT2k:mp-765411_1_6_0_0_0,reverse,0.46725958585739136,0.3748700022697449,0.09238958358764648,0.011154353618621826
29,nebDFT2k:mp-765411_1_6_0_0_0,inference_symmetrised,0.46725958585739136,0.36929282546043396,0.0979667603969574,0.011154353618621826
29,nebDFT2k:mp-765501_2_0_1_0_0,forward,2.584408760070801,2.116652250289917,0.4677565097808838,0.012393951416015625
29,nebDFT2k:mp-765501_2_0_1_0_0,reverse,2.584408760070801,2.1042582988739014,0.4801504611968994,0.012393951416015625
29,nebDFT2k:mp-765501_2_0_1_0_0,inference_symmetrised,2.584408760070801,2.110455274581909,0.4739534854888916,0.012393951416015625
29,nebDFT2k:mp-765964_0_6_1_0_0,forward,1.0074282884597778,1.7251579761505127,0.7177296876907349,0.05875444412231445
29,nebDFT2k:mp-765964_0_6_1_0_0,reverse,1.0074282884597778,1.6664035320281982,0.6589752435684204,0.05875444412231445
29,nebDFT2k:mp-765964_0_6_1_0_0,inference_symmetrised,1.0074282884597778,1.6957807540893555,0.6883524656295776,0.05875444412231445
29,nebDFT2k:mp-766130_4_2_1_0_0,forward,1.5168014764785767,1.4204483032226562,0.09635317325592041,0.0341641902923584
29,nebDFT2k:mp-766130_4_2_1_0_0,reverse,1.5168014764785767,1.3862841129302979,0.1305173635482788,0.0341641902923584
29,nebDFT2k:mp-766130_4_2_1_0_0,inference_symmetrised,1.5168014764785767,1.403366208076477,0.11343526840209961,0.0341641902923584
29,nebDFT2k:mp-766612_6_10_0_0_0,forward,0.1816573143005371,0.16015596687793732,0.021501347422599792,0.02600596845149994
29,nebDFT2k:mp-766612_6_10_0_0_0,reverse,0.1816573143005371,0.13414999842643738,0.04750731587409973,0.02600596845149994
29,nebDFT2k:mp-766612_6_10_0_0_0,inference_symmetrised,0.1816573143005371,0.14715298265218735,0.03450433164834976,0.02600596845149994
29,nebDFT2k:mp-768421_3_7_0_0_0,forward,0.7170935273170471,0.4339497983455658,0.2831437289714813,0.007895886898040771
29,nebDFT2k:mp-768421_3_7_0_0_0,reverse,0.7170935273170471,0.426053911447525,0.2910396158695221,0.007895886898040771
29,nebDFT2k:mp-768421_3_7_0_0_0,inference_symmetrised,0.7170935273170471,0.4300018548965454,0.2870916724205017,0.007895886898040771
29,nebDFT2k:mp-768433_7_19_0_0_0,forward,0.5162459015846252,0.4275208115577698,0.08872509002685547,0.018773555755615234
29,nebDFT2k:mp-768433_7_19_0_0_0,reverse,0.5162459015846252,0.446294367313385,0.06995153427124023,0.018773555755615234
29,nebDFT2k:mp-768433_7_19_0_0_0,inference_symmetrised,0.5162459015846252,0.4369075894355774,0.07933831214904785,0.018773555755615234
29,nebDFT2k:mp-768508_3_7_0_0_0,forward,0.7297331094741821,0.3940088450908661,0.33572426438331604,0.013478785753250122
29,nebDFT2k:mp-768508_3_7_0_0_0,reverse,0.7297331094741821,0.38053005933761597,0.34920305013656616,0.013478785753250122
29,nebDFT2k:mp-768508_3_7_0_0_0,inference_symmetrised,0.7297331094741821,0.38726945221424103,0.3424636572599411,0.013478785753250122
29,nebDFT2k:mp-768738_3_2_1_1_0,forward,1.1438137292861938,1.1687352657318115,0.024921536445617676,0.09674274921417236
29,nebDFT2k:mp-768738_3_2_1_1_0,reverse,1.1438137292861938,1.0719925165176392,0.07182121276855469,0.09674274921417236
29,nebDFT2k:mp-768738_3_2_1_1_0,inference_symmetrised,1.1438137292861938,1.1203638911247253,0.023449838161468506,0.09674274921417236
29,nebDFT2k:mp-768843_14_11_0_1_1,forward,0.3818668723106384,0.3479095697402954,0.03395730257034302,0.008847624063491821
29,nebDFT2k:mp-768843_14_11_0_1_1,reverse,0.3818668723106384,0.3390619456768036,0.04280492663383484,0.008847624063491821
29,nebDFT2k:mp-768843_14_11_0_1_1,inference_symmetrised,0.3818668723106384,0.3434857577085495,0.03838111460208893,0.008847624063491821
29,nebDFT2k:mp-769036_28_3_0_1_1,forward,0.43523257970809937,0.3385087847709656,0.09672379493713379,0.015819400548934937
29,nebDFT2k:mp-769036_28_3_0_1_1,reverse,0.43523257970809937,0.3543281853199005,0.08090439438819885,0.015819400548934937
29,nebDFT2k:mp-769036_28_3_0_1_1,inference_symmetrised,0.43523257970809937,0.34641848504543304,0.08881409466266632,0.015819400548934937
29,nebDFT2k:mp-769036_8_9_1_0_0,forward,0.42775994539260864,0.22936972975730896,0.19839021563529968,0.015131518244743347
29,nebDFT2k:mp-769036_8_9_1_0_0,reverse,0.42775994539260864,0.2142382115125656,0.21352173388004303,0.015131518244743347
29,nebDFT2k:mp-769036_8_9_1_0_0,inference_symmetrised,0.42775994539260864,0.2218039706349373,0.20595597475767136,0.015131518244743347
29,nebDFT2k:mp-769036_8_10_0_0_0,forward,0.42633527517318726,0.21377165615558624,0.212563619017601,0.01481136679649353
29,nebDFT2k:mp-769036_8_10_0_0_0,reverse,0.42633527517318726,0.22858302295207977,0.19775225222110748,0.01481136679649353
29,nebDFT2k:mp-769036_8_10_0_0_0,inference_symmetrised,0.42633527517318726,0.221177339553833,0.20515793561935425,0.01481136679649353
29,nebDFT2k:mp-770232_3_11_0_0_1,forward,0.5057204365730286,0.41350361704826355,0.09221681952476501,0.022420644760131836
29,nebDFT2k:mp-770232_3_11_0_0_1,reverse,0.5057204365730286,0.3910829722881317,0.11463746428489685,0.022420644760131836
29,nebDFT2k:mp-770232_3_11_0_0_1,inference_symmetrised,0.5057204365730286,0.40229329466819763,0.10342714190483093,0.022420644760131836
29,nebDFT2k:mp-770551_3_4_0_0_1,forward,0.399429053068161,0.292340487241745,0.10708856582641602,0.00035503506660461426
29,nebDFT2k:mp-770551_3_4_0_0_1,reverse,0.399429053068161,0.2919854521751404,0.10744360089302063,0.00035503506660461426
29,nebDFT2k:mp-770551_3_4_0_0_1,inference_symmetrised,0.399429053068161,0.2921629697084427,0.10726608335971832,0.00035503506660461426
29,nebDFT2k:mp-770649_0_3_0_1_0,forward,0.4358738660812378,0.4343677759170532,0.0015060901641845703,0.028885304927825928
29,nebDFT2k:mp-770649_0_3_0_1_0,reverse,0.4358738660812378,0.46325308084487915,0.027379214763641357,0.028885304927825928
29,nebDFT2k:mp-770649_0_3_0_1_0,inference_symmetrised,0.4358738660812378,0.4488104283809662,0.012936562299728394,0.028885304927825928
29,nebDFT2k:mp-770749_2_4_0_0_0,forward,0.3400055170059204,0.4500417709350586,0.11003625392913818,0.0026616454124450684
29,nebDFT2k:mp-770749_2_4_0_0_0,reverse,0.3400055170059204,0.45270341634750366,0.11269789934158325,0.0026616454124450684
29,nebDFT2k:mp-770749_2_4_0_0_0,inference_symmetrised,0.3400055170059204,0.45137259364128113,0.11136707663536072,0.0026616454124450684
29,nebDFT2k:mp-770861_11_9_0_1_0,forward,0.8088666796684265,0.7340160608291626,0.07485061883926392,0.030407845973968506
29,nebDFT2k:mp-770861_11_9_0_1_0,reverse,0.8088666796684265,0.7036082148551941,0.10525846481323242,0.030407845973968506
29,nebDFT2k:mp-770861_11_9_0_1_0,inference_symmetrised,0.8088666796684265,0.7188121378421783,0.09005454182624817,0.030407845973968506
29,nebDFT2k:mp-770876_2_3_0_1_0,forward,1.0284104347229004,1.0533266067504883,0.02491617202758789,0.0653267502784729
29,nebDFT2k:mp-770876_2_3_0_1_0,reverse,1.0284104347229004,0.9879998564720154,0.04041057825088501,0.0653267502784729
29,nebDFT2k:mp-770876_2_3_0_1_0,inference_symmetrised,1.0284104347229004,1.0206632316112518,0.00774720311164856,0.0653267502784729
29,nebDFT2k:mp-770921_0_4_0_1_0,forward,0.37256544828414917,0.3800766170024872,0.007511168718338013,0.013789176940917969
29,nebDFT2k:mp-770921_0_4_0_1_0,reverse,0.37256544828414917,0.3662874400615692,0.006278008222579956,0.013789176940917969
29,nebDFT2k:mp-770921_0_4_0_1_0,inference_symmetrised,0.37256544828414917,0.3731820285320282,0.0006165802478790283,0.013789176940917969
29,nebDFT2k:mp-770939_10_9_1_0_0,forward,0.40068763494491577,0.17265291512012482,0.22803471982479095,0.03542006015777588
29,nebDFT2k:mp-770939_10_9_1_0_0,reverse,0.40068763494491577,0.13723285496234894,0.26345477998256683,0.03542006015777588
29,nebDFT2k:mp-770939_10_9_1_0_0,inference_symmetrised,0.40068763494491577,0.15494288504123688,0.2457447499036789,0.03542006015777588
29,nebDFT2k:mp-770939_2_10_0_0_0,forward,0.47966933250427246,0.30130505561828613,0.17836427688598633,0.002152055501937866
29,nebDFT2k:mp-770939_2_10_0_0_0,reverse,0.47966933250427246,0.29915300011634827,0.1805163323879242,0.002152055501937866
29,nebDFT2k:mp-770939_2_10_0_0_0,inference_symmetrised,0.47966933250427246,0.3002290278673172,0.17944030463695526,0.002152055501937866
29,nebDFT2k:mp-770939_10_1_1_0_1,forward,0.33471783995628357,0.25516170263290405,0.07955613732337952,0.003907680511474609
29,nebDFT2k:mp-770939_10_1_1_0_1,reverse,0.33471783995628357,0.25906938314437866,0.07564845681190491,0.003907680511474609
29,nebDFT2k:mp-770939_10_1_1_0_1,inference_symmetrised,0.33471783995628357,0.25711554288864136,0.07760229706764221,0.003907680511474609
29,nebDFT2k:mp-770939_3_11_1_0_0,forward,0.4799911677837372,0.3010876476764679,0.1789035201072693,0.0020952224731445312
29,nebDFT2k:mp-770939_3_11_1_0_0,reverse,0.4799911677837372,0.29899242520332336,0.18099874258041382,0.0020952224731445312
29,nebDFT2k:mp-770939_3_11_1_0_0,inference_symmetrised,0.4799911677837372,0.30004003643989563,0.17995113134384155,0.0020952224731445312
29,nebDFT2k:mp-770939_11_0_0_0_1,forward,0.33606410026550293,0.25530996918678284,0.08075413107872009,0.003855794668197632
29,nebDFT2k:mp-770939_11_0_0_0_1,reverse,0.33606410026550293,0.25916576385498047,0.07689833641052246,0.003855794668197632
29,nebDFT2k:mp-770939_11_0_0_0_1,inference_symmetrised,0.33606410026550293,0.25723786652088165,0.07882623374462128,0.003855794668197632
29,nebDFT2k:mp-770939_2_5_0_0_1,forward,0.3350597321987152,0.27247536182403564,0.06258437037467957,0.014605581760406494
29,nebDFT2k:mp-770939_2_5_0_0_1,reverse,0.3350597321987152,0.28708094358444214,0.04797878861427307,0.014605581760406494
29,nebDFT2k:mp-770939_2_5_0_0_1,inference_symmetrised,0.3350597321987152,0.2797781527042389,0.05528157949447632,0.014605581760406494
29,nebDFT2k:mp-770939_8_11_0_0_0,forward,0.391576886177063,0.17724859714508057,0.21432828903198242,0.042242079973220825
29,nebDFT2k:mp-770939_8_11_0_0_0,reverse,0.391576886177063,0.13500651717185974,0.25657036900520325,0.042242079973220825
29,nebDFT2k:mp-770939_8_11_0_0_0,inference_symmetrised,0.391576886177063,0.15612755715847015,0.23544932901859283,0.042242079973220825
29,nebDFT2k:mp-770939_2_6_0_0_1,forward,0.3225223422050476,0.27296921610832214,0.049553126096725464,0.016365259885787964
29,nebDFT2k:mp-770939_2_6_0_0_1,reverse,0.3225223422050476,0.2893344759941101,0.0331878662109375,0.016365259885787964
29,nebDFT2k:mp-770939_2_6_0_0_1,inference_symmetrised,0.3225223422050476,0.2811518460512161,0.04137049615383148,0.016365259885787964
29,nebDFT2k:mp-770939_2_9_0_0_0,forward,0.13303782045841217,0.24506796896457672,0.11203014850616455,0.018423572182655334
29,nebDFT2k:mp-770939_2_9_0_0_0,reverse,0.13303782045841217,0.26349154114723206,0.13045372068881989,0.018423572182655334
29,nebDFT2k:mp-770939_2_9_0_0_0,inference_symmetrised,0.13303782045841217,0.2542797550559044,0.12124193459749222,0.018423572182655334
29,nebDFT2k:mp-771011_2_1_1_-1_0,forward,0.6420322060585022,0.4694521129131317,0.17258009314537048,0.0346771776676178
29,nebDFT2k:mp-771011_2_1_1_-1_0,reverse,0.6420322060585022,0.5041292905807495,0.13790291547775269,0.0346771776676178
29,nebDFT2k:mp-771011_2_1_1_-1_0,inference_symmetrised,0.6420322060585022,0.4867907017469406,0.15524150431156158,0.0346771776676178
29,nebDFT2k:mp-771011_3_0_1_-1_0,forward,0.6453012228012085,0.5661287903785706,0.07917243242263794,0.010166704654693604
29,nebDFT2k:mp-771011_3_0_1_-1_0,reverse,0.6453012228012085,0.555962085723877,0.08933913707733154,0.010166704654693604
29,nebDFT2k:mp-771011_3_0_1_-1_0,inference_symmetrised,0.6453012228012085,0.5610454380512238,0.08425578474998474,0.010166704654693604
29,nebDFT2k:mp-771019_2_5_1_1_0,forward,0.09585042297840118,0.32317012548446655,0.22731970250606537,0.005540728569030762
29,nebDFT2k:mp-771019_2_5_1_1_0,reverse,0.09585042297840118,0.3176293969154358,0.2217789739370346,0.005540728569030762
29,nebDFT2k:mp-771019_2_5_1_1_0,inference_symmetrised,0.09585042297840118,0.32039976119995117,0.22454933822155,0.005540728569030762
29,nebDFT2k:mp-771821_0_2_0_0_0,forward,0.1138739287853241,0.17385344207286835,0.05997951328754425,0.011381223797798157
29,nebDFT2k:mp-771821_0_2_0_0_0,reverse,0.1138739287853241,0.1852346658706665,0.07136073708534241,0.011381223797798157
29,nebDFT2k:mp-771821_0_2_0_0_0,inference_symmetrised,0.1138739287853241,0.17954405397176743,0.06567012518644333,0.011381223797798157
29,nebDFT2k:mp-771906_1_0_1_0_0,forward,0.4369984269142151,0.4295184910297394,0.007479935884475708,0.02799662947654724
29,nebDFT2k:mp-771906_1_0_1_0_0,reverse,0.4369984269142151,0.4575151205062866,0.020516693592071533,0.02799662947654724
29,nebDFT2k:mp-771906_1_0_1_0_0,inference_symmetrised,0.4369984269142151,0.443516805768013,0.006518378853797913,0.02799662947654724
29,nebDFT2k:mp-772502_1_2_0_0_0,forward,1.4095782041549683,0.6985538005828857,0.7110244035720825,0.015743613243103027
29,nebDFT2k:mp-772502_1_2_0_0_0,reverse,1.4095782041549683,0.7142974138259888,0.6952807903289795,0.015743613243103027
29,nebDFT2k:mp-772502_1_2_0_0_0,inference_symmetrised,1.4095782041549683,0.7064256072044373,0.703152596950531,0.015743613243103027
29,nebDFT2k:mp-772542_0_2_0_0_0,forward,0.24687078595161438,0.37463563680648804,0.12776485085487366,0.09703558683395386
29,nebDFT2k:mp-772542_0_2_0_0_0,reverse,0.24687078595161438,0.2776000499725342,0.0307292640209198,0.09703558683395386
29,nebDFT2k:mp-772542_0_2_0_0_0,inference_symmetrised,0.24687078595161438,0.3261178433895111,0.07924705743789673,0.09703558683395386
29,nebDFT2k:mp-772613_0_1_0_0_0,forward,0.4315532147884369,0.6248236298561096,0.19327041506767273,0.0031824707984924316
29,nebDFT2k:mp-772613_0_1_0_0_0,reverse,0.4315532147884369,0.628006100654602,0.19645288586616516,0.0031824707984924316
29,nebDFT2k:mp-772613_0_1_0_0_0,inference_symmetrised,0.4315532147884369,0.6264148652553558,0.19486165046691895,0.0031824707984924316
29,nebDFT2k:mp-772658_3_3_1_0_0,forward,1.721060872077942,0.8109316229820251,0.9101292490959167,0.038169145584106445
29,nebDFT2k:mp-772658_3_3_1_0_0,reverse,1.721060872077942,0.8491007685661316,0.8719601035118103,0.038169145584106445
29,nebDFT2k:mp-772658_3_3_1_0_0,inference_symmetrised,1.721060872077942,0.8300161957740784,0.8910446763038635,0.038169145584106445
29,nebDFT2k:mp-772851_6_10_0_1_0,forward,0.6534039378166199,0.7113200426101685,0.057916104793548584,0.020766854286193848
29,nebDFT2k:mp-772851_6_10_0_1_0,reverse,0.6534039378166199,0.6905531883239746,0.037149250507354736,0.020766854286193848
29,nebDFT2k:mp-772851_6_10_0_1_0,inference_symmetrised,0.6534039378166199,0.7009366154670715,0.04753267765045166,0.020766854286193848
29,nebDFT2k:mp-772981_0_2_0_0_0,forward,1.138868808746338,1.0107111930847168,0.1281576156616211,0.07198113203048706
29,nebDFT2k:mp-772981_0_2_0_0_0,reverse,1.138868808746338,0.9387300610542297,0.20013874769210815,0.07198113203048706
29,nebDFT2k:mp-772981_0_2_0_0_0,inference_symmetrised,1.138868808746338,0.9747206270694733,0.16414818167686462,0.07198113203048706
29,nebDFT2k:mp-772981_1_2_0_0_0,forward,3.077207326889038,1.9208946228027344,1.1563127040863037,0.018212080001831055
29,nebDFT2k:mp-772981_1_2_0_0_0,reverse,3.077207326889038,1.9026825428009033,1.1745247840881348,0.018212080001831055
29,nebDFT2k:mp-772981_1_2_0_0_0,inference_symmetrised,3.077207326889038,1.9117885828018188,1.1654187440872192,0.018212080001831055
29,nebDFT2k:mp-774843_2_3_0_0_0,forward,1.0624136924743652,0.6960564851760864,0.3663572072982788,0.005113959312438965
29,nebDFT2k:mp-774843_2_3_0_0_0,reverse,1.0624136924743652,0.6909425258636475,0.3714711666107178,0.005113959312438965
29,nebDFT2k:mp-774843_2_3_0_0_0,inference_symmetrised,1.0624136924743652,0.6934995055198669,0.3689141869544983,0.005113959312438965
29,nebDFT2k:mp-774843_2_3_1_0_0,forward,0.8142358660697937,0.5903720855712891,0.22386378049850464,0.015509724617004395
29,nebDFT2k:mp-774843_2_3_1_0_0,reverse,0.8142358660697937,0.6058818101882935,0.20835405588150024,0.015509724617004395
29,nebDFT2k:mp-774843_2_3_1_0_0,inference_symmetrised,0.8142358660697937,0.5981269478797913,0.21610891819000244,0.015509724617004395
29,nebDFT2k:mp-774843_2_3_0_1_0,forward,0.8414992690086365,0.719591498374939,0.12190777063369751,0.015007376670837402
29,nebDFT2k:mp-774843_2_3_0_1_0,reverse,0.8414992690086365,0.7045841217041016,0.1369151473045349,0.015007376670837402
29,nebDFT2k:mp-774843_2_3_0_1_0,inference_symmetrised,0.8414992690086365,0.7120878100395203,0.1294114589691162,0.015007376670837402
29,nebDFT2k:mp-774843_2_0_0_1_0,forward,3.6757445335388184,3.848433494567871,0.17268896102905273,0.20645928382873535
29,nebDFT2k:mp-774843_2_0_0_1_0,reverse,3.6757445335388184,3.6419742107391357,0.03377032279968262,0.20645928382873535
29,nebDFT2k:mp-774843_2_0_0_1_0,inference_symmetrised,3.6757445335388184,3.7452038526535034,0.06945931911468506,0.20645928382873535
29,nebDFT2k:mp-774843_0_1_0_0_0,forward,0.8201401233673096,0.600013017654419,0.22012710571289062,0.0763082504272461
29,nebDFT2k:mp-774843_0_1_0_0_0,reverse,0.8201401233673096,0.676321268081665,0.14381885528564453,0.0763082504272461
29,nebDFT2k:mp-774843_0_1_0_0_0,inference_symmetrised,0.8201401233673096,0.638167142868042,0.18197298049926758,0.0763082504272461
29,nebDFT2k:mp-774946_0_2_0_0_0,forward,0.6453417539596558,0.5345757603645325,0.11076599359512329,0.08800512552261353
29,nebDFT2k:mp-774946_0_2_0_0_0,reverse,0.6453417539596558,0.622580885887146,0.022760868072509766,0.08800512552261353
29,nebDFT2k:mp-774946_0_2_0_0_0,inference_symmetrised,0.6453417539596558,0.5785783231258392,0.06676343083381653,0.08800512552261353
29,nebDFT2k:mp-775195_1_5_0_1_0,forward,0.11352421343326569,0.22692322731018066,0.11339901387691498,0.005897685885429382
29,nebDFT2k:mp-775195_1_5_0_1_0,reverse,0.11352421343326569,0.23282091319561005,0.11929669976234436,0.005897685885429382
29,nebDFT2k:mp-775195_1_5_0_1_0,inference_symmetrised,0.11352421343326569,0.22987207025289536,0.11634785681962967,0.005897685885429382
29,nebDFT2k:mp-776519_1_0_0_1_0,forward,1.0567388534545898,0.774577260017395,0.2821615934371948,0.022064805030822754
29,nebDFT2k:mp-776519_1_0_0_1_0,reverse,1.0567388534545898,0.7525124549865723,0.3042263984680176,0.022064805030822754
29,nebDFT2k:mp-776519_1_0_0_1_0,inference_symmetrised,1.0567388534545898,0.7635448575019836,0.2931939959526062,0.022064805030822754
29,nebDFT2k:mp-776806_0_1_0_0_0,forward,0.8505998849868774,0.6861306428909302,0.16446924209594727,0.05793952941894531
29,nebDFT2k:mp-776806_0_1_0_0_0,reverse,0.8505998849868774,0.7440701723098755,0.10652971267700195,0.05793952941894531
29,nebDFT2k:mp-776806_0_1_0_0_0,inference_symmetrised,0.8505998849868774,0.7151004076004028,0.1354994773864746,0.05793952941894531
29,nebDFT2k:mp-776806_3_2_1_1_0,forward,0.6594776511192322,0.6758990287780762,0.016421377658843994,0.019266605377197266
29,nebDFT2k:mp-776806_3_2_1_1_0,reverse,0.6594776511192322,0.6951656341552734,0.03568798303604126,0.019266605377197266
29,nebDFT2k:mp-776806_3_2_1_1_0,inference_symmetrised,0.6594776511192322,0.6855323314666748,0.026054680347442627,0.019266605377197266
29,nebDFT2k:mp-777279_19_7_1_0_0,forward,0.389350026845932,0.3690827488899231,0.02026727795600891,0.00990632176399231
29,nebDFT2k:mp-777279_19_7_1_0_0,reverse,0.389350026845932,0.3591764271259308,0.03017359972000122,0.00990632176399231
29,nebDFT2k:mp-777279_19_7_1_0_0,inference_symmetrised,0.389350026845932,0.36412958800792694,0.025220438838005066,0.00990632176399231
29,nebDFT2k:mp-777670_0_1_0_0_0,forward,0.7413540482521057,0.599326491355896,0.14202755689620972,0.05251896381378174
29,nebDFT2k:mp-777670_0_1_0_0_0,reverse,0.7413540482521057,0.6518454551696777,0.08950859308242798,0.05251896381378174
29,nebDFT2k:mp-777670_0_1_0_0_0,inference_symmetrised,0.7413540482521057,0.6255859732627869,0.11576807498931885,0.05251896381378174
29,nebDFT2k:mp-777670_0_2_0_1_0,forward,4.522794723510742,2.989699363708496,1.533095359802246,0.13826584815979004
29,nebDFT2k:mp-777670_0_2_0_1_0,reverse,4.522794723510742,3.127965211868286,1.394829511642456,0.13826584815979004
29,nebDFT2k:mp-777670_0_2_0_1_0,inference_symmetrised,4.522794723510742,3.058832287788391,1.463962435722351,0.13826584815979004
29,nebDFT2k:mp-777670_1_0_0_1_0,forward,0.6251729130744934,0.7143880724906921,0.08921515941619873,0.012328088283538818
29,nebDFT2k:mp-777670_1_0_0_1_0,reverse,0.6251729130744934,0.7020599842071533,0.07688707113265991,0.012328088283538818
29,nebDFT2k:mp-777670_1_0_0_1_0,inference_symmetrised,0.6251729130744934,0.7082240283489227,0.08305111527442932,0.012328088283538818
29,nebDFT2k:mp-778325_0_1_0_0_0,forward,0.6744814515113831,0.7975364327430725,0.12305498123168945,0.04895716905593872
29,nebDFT2k:mp-778325_0_1_0_0_0,reverse,0.6744814515113831,0.8464936017990112,0.17201215028762817,0.04895716905593872
29,nebDFT2k:mp-778325_0_1_0_0_0,inference_symmetrised,0.6744814515113831,0.8220150172710419,0.1475335657596588,0.04895716905593872
29,nebDFT2k:mp-778830_1_9_1_1_0,forward,0.25904756784439087,0.4914185702800751,0.2323710024356842,0.00686037540435791
29,nebDFT2k:mp-778830_1_9_1_1_0,reverse,0.25904756784439087,0.48455819487571716,0.2255106270313263,0.00686037540435791
29,nebDFT2k:mp-778830_1_9_1_1_0,inference_symmetrised,0.25904756784439087,0.4879883825778961,0.22894081473350525,0.00686037540435791
29,nebDFT2k:mp-778830_4_0_1_-1_-1,forward,0.2582642734050751,0.5147271156311035,0.25646284222602844,0.037038445472717285
29,nebDFT2k:mp-778830_4_0_1_-1_-1,reverse,0.2582642734050751,0.5517655611038208,0.2935012876987457,0.037038445472717285
29,nebDFT2k:mp-778830_4_0_1_-1_-1,inference_symmetrised,0.2582642734050751,0.5332463383674622,0.2749820649623871,0.037038445472717285
29,nebDFT2k:mp-779432_2_7_0_1_0,forward,0.17155316472053528,0.21753911674022675,0.04598595201969147,0.02845112979412079
29,nebDFT2k:mp-779432_2_7_0_1_0,reverse,0.17155316472053528,0.24599024653434753,0.07443708181381226,0.02845112979412079
29,nebDFT2k:mp-779432_2_7_0_1_0,inference_symmetrised,0.17155316472053528,0.23176468163728714,0.06021151691675186,0.02845112979412079
29,nebDFT2k:mp-779720_1_4_0_0_0,forward,0.3813576102256775,0.26764535903930664,0.11371225118637085,0.015258878469467163
29,nebDFT2k:mp-779720_1_4_0_0_0,reverse,0.3813576102256775,0.2523864805698395,0.128971129655838,0.015258878469467163
29,nebDFT2k:mp-779720_1_4_0_0_0,inference_symmetrised,0.3813576102256775,0.26001591980457306,0.12134169042110443,0.015258878469467163
29,nebDFT2k:mp-779720_0_6_0_0_0,forward,0.876657247543335,0.41022664308547974,0.4664306044578552,0.019826412200927734
29,nebDFT2k:mp-779720_0_6_0_0_0,reverse,0.876657247543335,0.390400230884552,0.48625701665878296,0.019826412200927734
29,nebDFT2k:mp-779720_0_6_0_0_0,inference_symmetrised,0.876657247543335,0.40031343698501587,0.4763438105583191,0.019826412200927734
29,nebDFT2k:mp-779720_12_22_0_0_0,forward,0.6643123030662537,0.3315715789794922,0.3327407240867615,0.024884730577468872
29,nebDFT2k:mp-779720_12_22_0_0_0,reverse,0.6643123030662537,0.35645630955696106,0.3078559935092926,0.024884730577468872
29,nebDFT2k:mp-779720_12_22_0_0_0,inference_symmetrised,0.6643123030662537,0.3440139442682266,0.32029835879802704,0.024884730577468872
29,nebDFT2k:mp-779720_4_8_0_1_0,forward,0.4980355501174927,0.5147938132286072,0.016758263111114502,0.056429922580718994
29,nebDFT2k:mp-779720_4_8_0_1_0,reverse,0.4980355501174927,0.5712237358093262,0.0731881856918335,0.056429922580718994
29,nebDFT2k:mp-779720_4_8_0_1_0,inference_symmetrised,0.4980355501174927,0.5430087745189667,0.044973224401474,0.056429922580718994
29,nebDFT2k:mp-781596_1_3_0_1_0,forward,0.12982939183712006,0.27958938479423523,0.14975999295711517,0.02817365527153015
29,nebDFT2k:mp-781596_1_3_0_1_0,reverse,0.12982939183712006,0.3077630400657654,0.17793364822864532,0.02817365527153015
29,nebDFT2k:mp-781596_1_3_0_1_0,inference_symmetrised,0.12982939183712006,0.2936762124300003,0.16384682059288025,0.02817365527153015
29,nebDFT2k:mp-849351_1_0_1_0_-1,forward,1.591550588607788,0.31360653042793274,1.2779440581798553,0.0028841793537139893
29,nebDFT2k:mp-849351_1_0_1_0_-1,reverse,1.591550588607788,0.31649070978164673,1.2750598788261414,0.0028841793537139893
29,nebDFT2k:mp-849351_1_0_1_0_-1,inference_symmetrised,1.591550588607788,0.31504862010478973,1.2765019685029984,0.0028841793537139893
29,nebDFT2k:mp-849386_8_8_1_0_0,forward,1.0149714946746826,0.5695713758468628,0.4454001188278198,0.04431670904159546
29,nebDFT2k:mp-849386_8_8_1_0_0,reverse,1.0149714946746826,0.5252546668052673,0.4897168278694153,0.04431670904159546
29,nebDFT2k:mp-849386_8_8_1_0_0,inference_symmetrised,1.0149714946746826,0.5474130213260651,0.46755847334861755,0.04431670904159546
29,nebDFT2k:mp-850532_0_1_0_1_0,forward,0.5237549543380737,0.6281681060791016,0.10441315174102783,0.0068438053131103516
29,nebDFT2k:mp-850532_0_1_0_1_0,reverse,0.5237549543380737,0.6350119113922119,0.11125695705413818,0.0068438053131103516
29,nebDFT2k:mp-850532_0_1_0_1_0,inference_symmetrised,0.5237549543380737,0.6315900087356567,0.10783505439758301,0.0068438053131103516
43,nebDFT2k:mp-1020056_0_0_1_1_0,forward,2.066868543624878,2.866589069366455,0.7997205257415771,0.10993361473083496
43,nebDFT2k:mp-1020056_0_0_1_1_0,reverse,2.066868543624878,2.97652268409729,0.9096541404724121,0.10993361473083496
43,nebDFT2k:mp-1020056_0_0_1_1_0,inference_symmetrised,2.066868543624878,2.9215558767318726,0.8546873331069946,0.10993361473083496
43,nebDFT2k:mp-1020056_0_2_1_0_0,forward,0.13001933693885803,0.4413323700428009,0.31131303310394287,0.041175276041030884
43,nebDFT2k:mp-1020056_0_2_1_0_0,reverse,0.13001933693885803,0.4825076460838318,0.35248830914497375,0.041175276041030884
43,nebDFT2k:mp-1020056_0_2_1_0_0,inference_symmetrised,0.13001933693885803,0.46192000806331635,0.3319006711244583,0.041175276041030884
43,nebDFT2k:mp-1020056_2_2_1_1_0,forward,1.452639102935791,2.285194158554077,0.8325550556182861,0.02119159698486328
43,nebDFT2k:mp-1020056_2_2_1_1_0,reverse,1.452639102935791,2.3063857555389404,0.8537466526031494,0.02119159698486328
43,nebDFT2k:mp-1020056_2_2_1_1_0,inference_symmetrised,1.452639102935791,2.295789957046509,0.8431508541107178,0.02119159698486328
43,nebDFT2k:mp-1147726_4_6_1_0_0,forward,0.1745581477880478,0.20653969049453735,0.03198154270648956,0.020115673542022705
43,nebDFT2k:mp-1147726_4_6_1_0_0,reverse,0.1745581477880478,0.18642401695251465,0.011865869164466858,0.020115673542022705
43,nebDFT2k:mp-1147726_4_6_1_0_0,inference_symmetrised,0.1745581477880478,0.196481853723526,0.02192370593547821,0.020115673542022705
43,nebDFT2k:mp-1174212_5_7_0_0_0,forward,0.8727639317512512,0.44891825318336487,0.42384567856788635,0.0011755526065826416
43,nebDFT2k:mp-1174212_5_7_0_0_0,reverse,0.8727639317512512,0.4477427005767822,0.425021231174469,0.0011755526065826416
43,nebDFT2k:mp-1174212_5_7_0_0_0,inference_symmetrised,0.8727639317512512,0.44833047688007355,0.4244334548711777,0.0011755526065826416
43,nebDFT2k:mp-1175313_9_13_0_0_0,forward,0.5736613869667053,0.39232757687568665,0.18133381009101868,0.0018065869808197021
43,nebDFT2k:mp-1175313_9_13_0_0_0,reverse,0.5736613869667053,0.39052098989486694,0.18314039707183838,0.0018065869808197021
43,nebDFT2k:mp-1175313_9_13_0_0_0,inference_symmetrised,0.5736613869667053,0.3914242833852768,0.18223710358142853,0.0018065869808197021
43,nebDFT2k:mp-1175624_0_3_0_1_0,forward,0.40710362792015076,0.5589527487754822,0.15184912085533142,0.011747300624847412
43,nebDFT2k:mp-1175624_0_3_0_1_0,reverse,0.40710362792015076,0.5707000494003296,0.16359642148017883,0.011747300624847412
43,nebDFT2k:mp-1175624_0_3_0_1_0,inference_symmetrised,0.40710362792015076,0.5648263990879059,0.15772277116775513,0.011747300624847412
43,nebDFT2k:mp-1175840_1_1_1_0_0,forward,2.172025442123413,2.0228211879730225,0.14920425415039062,0.009452581405639648
43,nebDFT2k:mp-1175840_1_1_1_0_0,reverse,2.172025442123413,2.013368606567383,0.15865683555603027,0.009452581405639648
43,nebDFT2k:mp-1175840_1_1_1_0_0,inference_symmetrised,2.172025442123413,2.0180948972702026,0.15393054485321045,0.009452581405639648
43,nebDFT2k:mp-1176566_0_2_0_0_0,forward,0.17504152655601501,0.3940753638744354,0.2190338373184204,0.0105133056640625
43,nebDFT2k:mp-1176566_0_2_0_0_0,reverse,0.17504152655601501,0.4045886695384979,0.2295471429824829,0.0105133056640625
43,nebDFT2k:mp-1176566_0_2_0_0_0,inference_symmetrised,0.17504152655601501,0.3993320167064667,0.22429049015045166,0.0105133056640625
43,nebDFT2k:mp-1176566_0_2_0_1_0,forward,2.848614454269409,1.5720858573913574,1.2765285968780518,0.014293432235717773
43,nebDFT2k:mp-1176566_0_2_0_1_0,reverse,2.848614454269409,1.5577924251556396,1.2908220291137695,0.014293432235717773
43,nebDFT2k:mp-1176566_0_2_0_1_0,inference_symmetrised,2.848614454269409,1.5649391412734985,1.2836753129959106,0.014293432235717773
43,nebDFT2k:mp-1176649_6_7_0_0_0,forward,0.9662818312644958,0.8668136596679688,0.0994681715965271,0.008616089820861816
43,nebDFT2k:mp-1176649_6_7_0_0_0,reverse,0.9662818312644958,0.8754297494888306,0.09085208177566528,0.008616089820861816
43,nebDFT2k:mp-1176649_6_7_0_0_0,inference_symmetrised,0.9662818312644958,0.8711217045783997,0.09516012668609619,0.008616089820861816
43,nebDFT2k:mp-1176994_9_9_1_0_0,forward,2.2720789909362793,2.4040353298187256,0.1319563388824463,0.0008275508880615234
43,nebDFT2k:mp-1176994_9_9_1_0_0,reverse,2.2720789909362793,2.404862880706787,0.1327838897705078,0.0008275508880615234
43,nebDFT2k:mp-1176994_9_9_1_0_0,inference_symmetrised,2.2720789909362793,2.4044491052627563,0.13237011432647705,0.0008275508880615234
43,nebDFT2k:mp-1177804_0_1_0_0_1,forward,1.6887457370758057,2.185462236404419,0.4967164993286133,0.034215688705444336
43,nebDFT2k:mp-1177804_0_1_0_0_1,reverse,1.6887457370758057,2.2196779251098633,0.5309321880340576,0.034215688705444336
43,nebDFT2k:mp-1177804_0_1_0_0_1,inference_symmetrised,1.6887457370758057,2.202570080757141,0.5138243436813354,0.034215688705444336
43,nebDFT2k:mp-1177804_0_2_0_0_1,forward,0.3489684462547302,0.4865089952945709,0.1375405490398407,0.019670158624649048
43,nebDFT2k:mp-1177804_0_2_0_0_1,reverse,0.3489684462547302,0.50617915391922,0.15721070766448975,0.019670158624649048
43,nebDFT2k:mp-1177804_0_2_0_0_1,inference_symmetrised,0.3489684462547302,0.49634407460689545,0.14737562835216522,0.019670158624649048
43,nebDFT2k:mp-1177943_4_7_0_0_0,forward,0.9865845441818237,1.0623923540115356,0.07580780982971191,0.00945281982421875
43,nebDFT2k:mp-1177943_4_7_0_0_0,reverse,0.9865845441818237,1.052939534187317,0.06635499000549316,0.00945281982421875
43,nebDFT2k:mp-1177943_4_7_0_0_0,inference_symmetrised,0.9865845441818237,1.0576659440994263,0.07108139991760254,0.00945281982421875
43,nebDFT2k:mp-1178166_8_9_0_0_1,forward,0.8422648310661316,1.513900637626648,0.6716358065605164,0.01990664005279541
43,nebDFT2k:mp-1178166_8_9_0_0_1,reverse,0.8422648310661316,1.4939939975738525,0.651729166507721,0.01990664005279541
43,nebDFT2k:mp-1178166_8_9_0_0_1,inference_symmetrised,0.8422648310661316,1.5039473176002502,0.6616824865341187,0.01990664005279541
43,nebDFT2k:mp-1202443_0_6_0_0_1,forward,1.9113332033157349,0.8139629364013672,1.0973702669143677,0.018074333667755127
43,nebDFT2k:mp-1202443_0_6_0_0_1,reverse,1.9113332033157349,0.7958886027336121,1.1154446005821228,0.018074333667755127
43,nebDFT2k:mp-1202443_0_6_0_0_1,inference_symmetrised,1.9113332033157349,0.8049257695674896,1.1064074337482452,0.018074333667755127
43,nebDFT2k:mp-1222404_0_0_0_1_-1,forward,0.4571089446544647,0.8612816333770752,0.4041726887226105,0.004847586154937744
43,nebDFT2k:mp-1222404_0_0_0_1_-1,reverse,0.4571089446544647,0.8564340472221375,0.39932510256767273,0.004847586154937744
43,nebDFT2k:mp-1222404_0_0_0_1_-1,inference_symmetrised,0.4571089446544647,0.8588578402996063,0.4017488956451416,0.004847586154937744
43,nebDFT2k:mp-1222469_0_0_0_1_0,forward,1.3453915119171143,1.2613365650177002,0.08405494689941406,0.02297794818878174
43,nebDFT2k:mp-1222469_0_0_0_1_0,reverse,1.3453915119171143,1.284314513206482,0.061076998710632324,0.02297794818878174
43,nebDFT2k:mp-1222469_0_0_0_1_0,inference_symmetrised,1.3453915119171143,1.272825539112091,0.0725659728050232,0.02297794818878174
43,nebDFT2k:mp-1222510_2_2_0_1_0,forward,1.738020896911621,1.9047222137451172,0.1667013168334961,0.07828044891357422
43,nebDFT2k:mp-1222510_2_2_0_1_0,reverse,1.738020896911621,1.9830026626586914,0.2449817657470703,0.07828044891357422
43,nebDFT2k:mp-1222510_2_2_0_1_0,inference_symmetrised,1.738020896911621,1.9438624382019043,0.2058415412902832,0.07828044891357422
43,nebDFT2k:mp-1222575_1_2_0_0_0,forward,1.200072169303894,1.6286940574645996,0.42862188816070557,0.025813579559326172
43,nebDFT2k:mp-1222575_1_2_0_0_0,reverse,1.200072169303894,1.6545076370239258,0.45443546772003174,0.025813579559326172
43,nebDFT2k:mp-1222575_1_2_0_0_0,inference_symmetrised,1.200072169303894,1.6416008472442627,0.44152867794036865,0.025813579559326172
43,nebDFT2k:mp-1222575_0_2_0_0_0,forward,4.537822246551514,3.7538788318634033,0.7839434146881104,0.0053484439849853516
43,nebDFT2k:mp-1222575_0_2_0_0_0,reverse,4.537822246551514,3.748530387878418,0.7892918586730957,0.0053484439849853516
43,nebDFT2k:mp-1222575_0_2_0_0_0,inference_symmetrised,4.537822246551514,3.7512046098709106,0.786617636680603,0.0053484439849853516
43,nebDFT2k:mp-1222591_0_0_0_1_0,forward,0.4859350323677063,0.569240927696228,0.08330589532852173,0.010114610195159912
43,nebDFT2k:mp-1222591_0_0_0_1_0,reverse,0.4859350323677063,0.5591263175010681,0.07319128513336182,0.010114610195159912
43,nebDFT2k:mp-1222591_0_0_0_1_0,inference_symmetrised,0.4859350323677063,0.5641836225986481,0.07824859023094177,0.010114610195159912
43,nebDFT2k:mp-1277038_4_0_0_1_0,forward,0.685222327709198,0.9416583776473999,0.2564360499382019,0.00603795051574707
43,nebDFT2k:mp-1277038_4_0_0_1_0,reverse,0.685222327709198,0.947696328163147,0.262474000453949,0.00603795051574707
43,nebDFT2k:mp-1277038_4_0_0_1_0,inference_symmetrised,0.685222327709198,0.9446773529052734,0.25945502519607544,0.00603795051574707
43,nebDFT2k:mp-1277589_2_0_1_0_0,forward,0.5733042359352112,0.5231990814208984,0.050105154514312744,0.02081245183944702
43,nebDFT2k:mp-1277589_2_0_1_0_0,reverse,0.5733042359352112,0.5440115332603455,0.029292702674865723,0.02081245183944702
43,nebDFT2k:mp-1277589_2_0_1_0_0,inference_symmetrised,0.5733042359352112,0.533605307340622,0.03969892859458923,0.02081245183944702
43,nebDFT2k:mp-1277613_3_1_1_-1_0,forward,0.5781484246253967,0.5537249445915222,0.02442348003387451,0.04209691286087036
43,nebDFT2k:mp-1277613_3_1_1_-1_0,reverse,0.5781484246253967,0.5958218574523926,0.01767343282699585,0.04209691286087036
43,nebDFT2k:mp-1277613_3_1_1_-1_0,inference_symmetrised,0.5781484246253967,0.5747734010219574,0.003375023603439331,0.04209691286087036
43,nebDFT2k:mp-1277613_2_0_0_0_1,forward,0.5695000886917114,0.5469651222229004,0.022534966468811035,0.04435664415359497
43,nebDFT2k:mp-1277613_2_0_0_0_1,reverse,0.5695000886917114,0.5913217663764954,0.021821677684783936,0.04435664415359497
43,nebDFT2k:mp-1277613_2_0_0_0_1,inference_symmetrised,0.5695000886917114,0.5691434442996979,0.0003566443920135498,0.04435664415359497
43,nebDFT2k:mp-1277814_5_7_0_1_0,forward,2.58870530128479,0.5013216733932495,2.0873836278915405,0.021773070096969604
43,nebDFT2k:mp-1277814_5_7_0_1_0,reverse,2.58870530128479,0.4795486032962799,2.10915669798851,0.021773070096969604
43,nebDFT2k:mp-1277814_5_7_0_1_0,inference_symmetrised,2.58870530128479,0.4904351383447647,2.0982701629400253,0.021773070096969604
43,nebDFT2k:mp-1277814_6_10_1_-1_0,forward,2.7002744674682617,1.7872660160064697,0.913008451461792,0.0875401496887207
43,nebDFT2k:mp-1277814_6_10_1_-1_0,reverse,2.7002744674682617,1.699725866317749,1.0005486011505127,0.0875401496887207
43,nebDFT2k:mp-1277814_6_10_1_-1_0,inference_symmetrised,2.7002744674682617,1.7434959411621094,0.9567785263061523,0.0875401496887207
43,nebDFT2k:mp-1277814_1_2_0_1_0,forward,0.4587925672531128,0.4712502658367157,0.012457698583602905,0.006718873977661133
43,nebDFT2k:mp-1277814_1_2_0_1_0,reverse,0.4587925672531128,0.46453139185905457,0.0057388246059417725,0.006718873977661133
43,nebDFT2k:mp-1277814_1_2_0_1_0,inference_symmetrised,0.4587925672531128,0.46789082884788513,0.009098261594772339,0.006718873977661133
43,nebDFT2k:mp-1277814_9_2_1_1_0,forward,2.4481306076049805,1.7846112251281738,0.6635193824768066,0.09295761585235596
43,nebDFT2k:mp-1277814_9_2_1_1_0,reverse,2.4481306076049805,1.6916536092758179,0.7564769983291626,0.09295761585235596
43,nebDFT2k:mp-1277814_9_2_1_1_0,inference_symmetrised,2.4481306076049805,1.7381324172019958,0.7099981904029846,0.09295761585235596
43,nebDFT2k:mp-1282211_3_0_0_0_1,forward,3.475863456726074,2.507639169692993,0.968224287033081,0.03719663619995117
43,nebDFT2k:mp-1282211_3_0_0_0_1,reverse,3.475863456726074,2.470442533493042,1.0054209232330322,0.03719663619995117
43,nebDFT2k:mp-1282211_3_0_0_0_1,inference_symmetrised,3.475863456726074,2.4890408515930176,0.9868226051330566,0.03719663619995117
43,nebDFT2k:mp-1282761_2_1_1_1_0,forward,0.2802552878856659,0.8077001571655273,0.5274448692798615,0.02334505319595337
43,nebDFT2k:mp-1282761_2_1_1_1_0,reverse,0.2802552878856659,0.8310452103614807,0.5507899224758148,0.02334505319595337
43,nebDFT2k:mp-1282761_2_1_1_1_0,inference_symmetrised,0.2802552878856659,0.819372683763504,0.5391173958778381,0.02334505319595337
43,nebDFT2k:mp-1282761_3_0_0_0_1,forward,0.28042837977409363,0.7313584089279175,0.45093002915382385,0.02351313829421997
43,nebDFT2k:mp-1282761_3_0_0_0_1,reverse,0.28042837977409363,0.7548715472221375,0.4744431674480438,0.02351313829421997
43,nebDFT2k:mp-1282761_3_0_0_0_1,inference_symmetrised,0.28042837977409363,0.7431149780750275,0.46268659830093384,0.02351313829421997
43,nebDFT2k:mp-1282869_0_3_0_0_0,forward,0.5327412486076355,0.5189028978347778,0.013838350772857666,0.006018459796905518
43,nebDFT2k:mp-1282869_0_3_0_0_0,reverse,0.5327412486076355,0.5128844380378723,0.019856810569763184,0.006018459796905518
43,nebDFT2k:mp-1282869_0_3_0_0_0,inference_symmetrised,0.5327412486076355,0.5158936679363251,0.016847580671310425,0.006018459796905518
43,nebDFT2k:mp-1282869_1_2_1_0_0,forward,0.531970202922821,0.5421048402786255,0.010134637355804443,0.008146286010742188
43,nebDFT2k:mp-1282869_1_2_1_0_0,reverse,0.531970202922821,0.5502511262893677,0.01828092336654663,0.008146286010742188
43,nebDFT2k:mp-1282869_1_2_1_0_0,inference_symmetrised,0.531970202922821,0.5461779832839966,0.014207780361175537,0.008146286010742188
43,nebDFT2k:mp-1282931_3_5_0_0_0,forward,0.6656212210655212,0.5598577260971069,0.1057634949684143,0.019111990928649902
43,nebDFT2k:mp-1282931_3_5_0_0_0,reverse,0.6656212210655212,0.5789697170257568,0.0866515040397644,0.019111990928649902
43,nebDFT2k:mp-1282931_3_5_0_0_0,inference_symmetrised,0.6656212210655212,0.5694137215614319,0.09620749950408936,0.019111990928649902
43,nebDFT2k:mp-1284600_2_7_0_0_0,forward,0.41195741295814514,0.4710385799407959,0.05908116698265076,0.003762543201446533
43,nebDFT2k:mp-1284600_2_7_0_0_0,reverse,0.41195741295814514,0.47480112314224243,0.06284371018409729,0.003762543201446533
43,nebDFT2k:mp-1284600_2_7_0_0_0,inference_symmetrised,0.41195741295814514,0.47291985154151917,0.06096243858337402,0.003762543201446533
43,nebDFT2k:mp-1295192_1_1_1_0_0,forward,1.0270062685012817,0.8718647956848145,0.15514147281646729,0.011226415634155273
43,nebDFT2k:mp-1295192_1_1_1_0_0,reverse,1.0270062685012817,0.8830912113189697,0.143915057182312,0.011226415634155273
43,nebDFT2k:mp-1295192_1_1_1_0_0,inference_symmetrised,1.0270062685012817,0.8774780035018921,0.14952826499938965,0.011226415634155273
43,nebDFT2k:mp-1295192_3_3_1_0_0,forward,1.0451579093933105,0.8845040798187256,0.16065382957458496,0.012580275535583496
43,nebDFT2k:mp-1295192_3_3_1_0_0,reverse,1.0451579093933105,0.8970843553543091,0.14807355403900146,0.012580275535583496
43,nebDFT2k:mp-1295192_3_3_1_0_0,inference_symmetrised,1.0451579093933105,0.8907942175865173,0.1543636918067932,0.012580275535583496
43,nebDFT2k:mp-1297766_1_5_1_-1_0,forward,2.696653127670288,1.9339258670806885,0.7627272605895996,0.03638648986816406
43,nebDFT2k:mp-1297766_1_5_1_-1_0,reverse,2.696653127670288,1.9703123569488525,0.7263407707214355,0.03638648986816406
43,nebDFT2k:mp-1297766_1_5_1_-1_0,inference_symmetrised,2.696653127670288,1.9521191120147705,0.7445340156555176,0.03638648986816406
43,nebDFT2k:mp-1306251_7_5_1_1_0,forward,1.546714425086975,1.1653532981872559,0.38136112689971924,0.007260799407958984
43,nebDFT2k:mp-1306251_7_5_1_1_0,reverse,1.546714425086975,1.1580924987792969,0.3886219263076782,0.007260799407958984
43,nebDFT2k:mp-1306251_7_5_1_1_0,inference_symmetrised,1.546714425086975,1.1617228984832764,0.38499152660369873,0.007260799407958984
43,nebDFT2k:mp-1314006_1_0_0_1_-1,forward,0.2759045958518982,0.3486472964286804,0.07274270057678223,0.0027280449867248535
43,nebDFT2k:mp-1314006_1_0_0_1_-1,reverse,0.2759045958518982,0.34591925144195557,0.07001465559005737,0.0027280449867248535
43,nebDFT2k:mp-1314006_1_0_0_1_-1,inference_symmetrised,0.2759045958518982,0.347283273935318,0.0713786780834198,0.0027280449867248535
43,nebDFT2k:mp-1320203_8_0_0_1_0,forward,0.7955121994018555,0.5744092464447021,0.22110295295715332,0.01300889253616333
43,nebDFT2k:mp-1320203_8_0_0_1_0,reverse,0.7955121994018555,0.5874181389808655,0.20809406042099,0.01300889253616333
43,nebDFT2k:mp-1320203_8_0_0_1_0,inference_symmetrised,0.7955121994018555,0.5809136927127838,0.21459850668907166,0.01300889253616333
43,nebDFT2k:mp-1641416_3_9_0_0_0,forward,0.38150760531425476,0.3512265086174011,0.030281096696853638,0.01268070936203003
43,nebDFT2k:mp-1641416_3_9_0_0_0,reverse,0.38150760531425476,0.36390721797943115,0.01760038733482361,0.01268070936203003
43,nebDFT2k:mp-1641416_3_9_0_0_0,inference_symmetrised,0.38150760531425476,0.35756686329841614,0.023940742015838623,0.01268070936203003
43,nebDFT2k:mp-25463_4_10_1_0_0,forward,0.6109094023704529,1.11855149269104,0.5076420903205872,0.07313060760498047
43,nebDFT2k:mp-25463_4_10_1_0_0,reverse,0.6109094023704529,1.1916821002960205,0.5807726979255676,0.07313060760498047
43,nebDFT2k:mp-25463_4_10_1_0_0,inference_symmetrised,0.6109094023704529,1.1551167964935303,0.5442073941230774,0.07313060760498047
43,nebDFT2k:mp-25465_1_0_0_0_1,forward,0.857966959476471,1.4596319198608398,0.6016649603843689,0.018472671508789062
43,nebDFT2k:mp-25465_1_0_0_0_1,reverse,0.857966959476471,1.478104591369629,0.620137631893158,0.018472671508789062
43,nebDFT2k:mp-25465_1_0_0_0_1,inference_symmetrised,0.857966959476471,1.4688682556152344,0.6109012961387634,0.018472671508789062
43,nebDFT2k:mp-25465_1_0_1_0_1,forward,0.22785605490207672,0.2804613709449768,0.052605316042900085,0.020175188779830933
43,nebDFT2k:mp-25465_1_0_1_0_1,reverse,0.22785605490207672,0.30063655972480774,0.07278050482273102,0.020175188779830933
43,nebDFT2k:mp-25465_1_0_1_0_1,inference_symmetrised,0.22785605490207672,0.2905489653348923,0.06269291043281555,0.020175188779830933
43,nebDFT2k:mp-26247_6_9_0_0_0,forward,0.6142609715461731,0.4681832790374756,0.1460776925086975,0.03501927852630615
43,nebDFT2k:mp-26247_6_9_0_0_0,reverse,0.6142609715461731,0.5032025575637817,0.11105841398239136,0.03501927852630615
43,nebDFT2k:mp-26247_6_9_0_0_0,inference_symmetrised,0.6142609715461731,0.48569291830062866,0.12856805324554443,0.03501927852630615
43,nebDFT2k:mp-26351_0_2_0_0_0,forward,1.5798574686050415,1.509347677230835,0.07050979137420654,0.05653202533721924
43,nebDFT2k:mp-26351_0_2_0_0_0,reverse,1.5798574686050415,1.5658797025680542,0.013977766036987305,0.05653202533721924
43,nebDFT2k:mp-26351_0_2_0_0_0,inference_symmetrised,1.5798574686050415,1.5376136898994446,0.042243778705596924,0.05653202533721924
43,nebDFT2k:mp-26721_0_1_0_0_0,forward,1.2890585660934448,0.5933809876441956,0.6956775784492493,0.021267294883728027
43,nebDFT2k:mp-26721_0_1_0_0_0,reverse,1.2890585660934448,0.6146482825279236,0.6744102835655212,0.021267294883728027
43,nebDFT2k:mp-26721_0_1_0_0_0,inference_symmetrised,1.2890585660934448,0.6040146350860596,0.6850439310073853,0.021267294883728027
43,nebDFT2k:mp-26965_0_2_0_1_0,forward,0.2988061010837555,0.5020807981491089,0.2032746970653534,0.016941368579864502
43,nebDFT2k:mp-26965_0_2_0_1_0,reverse,0.2988061010837555,0.5190221667289734,0.2202160656452179,0.016941368579864502
43,nebDFT2k:mp-26965_0_2_0_1_0,inference_symmetrised,0.2988061010837555,0.5105514824390411,0.21174538135528564,0.016941368579864502
43,nebDFT2k:mp-28030_17_16_0_1_-1,forward,0.8980735540390015,1.3405616283416748,0.44248807430267334,0.07057046890258789
43,nebDFT2k:mp-28030_17_16_0_1_-1,reverse,0.8980735540390015,1.4111320972442627,0.5130585432052612,0.07057046890258789
43,nebDFT2k:mp-28030_17_16_0_1_-1,inference_symmetrised,0.8980735540390015,1.3758468627929688,0.4777733087539673,0.07057046890258789
43,nebDFT2k:mp-28030_30_31_0_0_0,forward,0.9760967493057251,1.5502359867095947,0.5741392374038696,0.016693115234375
43,nebDFT2k:mp-28030_30_31_0_0_0,reverse,0.9760967493057251,1.5669291019439697,0.5908323526382446,0.016693115234375
43,nebDFT2k:mp-28030_30_31_0_0_0,inference_symmetrised,0.9760967493057251,1.5585825443267822,0.5824857950210571,0.016693115234375
43,nebDFT2k:mp-28030_2_22_0_0_0,forward,0.8691693544387817,0.7423923015594482,0.1267770528793335,0.02771925926208496
43,nebDFT2k:mp-28030_2_22_0_0_0,reverse,0.8691693544387817,0.7701115608215332,0.09905779361724854,0.02771925926208496
43,nebDFT2k:mp-28030_2_22_0_0_0,inference_symmetrised,0.8691693544387817,0.7562519311904907,0.11291742324829102,0.02771925926208496
43,nebDFT2k:mp-28548_0_8_0_0_0,forward,0.11965204030275345,0.4022935628890991,0.2826415225863457,0.02463880181312561
43,nebDFT2k:mp-28548_0_8_0_0_0,reverse,0.11965204030275345,0.42693236470222473,0.3072803243994713,0.02463880181312561
43,nebDFT2k:mp-28548_0_8_0_0_0,inference_symmetrised,0.11965204030275345,0.4146129637956619,0.2949609234929085,0.02463880181312561
43,nebDFT2k:mp-29040_4_3_0_1_1,forward,0.4273566007614136,0.8904256224632263,0.46306902170181274,0.08707505464553833
43,nebDFT2k:mp-29040_4_3_0_1_1,reverse,0.4273566007614136,0.803350567817688,0.3759939670562744,0.08707505464553833
43,nebDFT2k:mp-29040_4_3_0_1_1,inference_symmetrised,0.4273566007614136,0.8468880951404572,0.4195314943790436,0.08707505464553833
43,nebDFT2k:mp-29040_0_5_0_0_0,forward,0.8543699979782104,0.6409564018249512,0.21341359615325928,0.009275078773498535
43,nebDFT2k:mp-29040_0_5_0_0_0,reverse,0.8543699979782104,0.6502314805984497,0.20413851737976074,0.009275078773498535
43,nebDFT2k:mp-29040_0_5_0_0_0,inference_symmetrised,0.8543699979782104,0.6455939412117004,0.20877605676651,0.009275078773498535
43,nebDFT2k:mp-29040_1_3_0_0_0,forward,0.1771891564130783,0.660824716091156,0.4836355596780777,0.0019536614418029785
43,nebDFT2k:mp-29040_1_3_0_0_0,reverse,0.1771891564130783,0.658871054649353,0.4816818982362747,0.0019536614418029785
43,nebDFT2k:mp-29040_1_3_0_0_0,inference_symmetrised,0.1771891564130783,0.6598478853702545,0.4826587289571762,0.0019536614418029785
43,nebDFT2k:mp-34038_3_4_0_1_0,forward,1.1277568340301514,0.5575527548789978,0.5702040791511536,0.02153998613357544
43,nebDFT2k:mp-34038_3_4_0_1_0,reverse,1.1277568340301514,0.5790927410125732,0.5486640930175781,0.02153998613357544
43,nebDFT2k:mp-34038_3_4_0_1_0,inference_symmetrised,1.1277568340301514,0.5683227479457855,0.5594340860843658,0.02153998613357544
43,nebDFT2k:mp-34038_0_2_0_0_1,forward,0.7510952949523926,0.513389527797699,0.2377057671546936,0.05011838674545288
43,nebDFT2k:mp-34038_0_2_0_0_1,reverse,0.7510952949523926,0.5635079145431519,0.18758738040924072,0.05011838674545288
43,nebDFT2k:mp-34038_0_2_0_0_1,inference_symmetrised,0.7510952949523926,0.5384487211704254,0.21264657378196716,0.05011838674545288
43,nebDFT2k:mp-34038_2_0_0_1_-1,forward,0.7525688409805298,0.16801124811172485,0.5845575928688049,0.0028531551361083984
43,nebDFT2k:mp-34038_2_0_0_1_-1,reverse,0.7525688409805298,0.17086440324783325,0.5817044377326965,0.0028531551361083984
43,nebDFT2k:mp-34038_2_0_0_1_-1,inference_symmetrised,0.7525688409805298,0.16943782567977905,0.5831310153007507,0.0028531551361083984
43,nebDFT2k:mp-34038_0_1_1_1_0,forward,1.2990351915359497,0.2400522232055664,1.0589829683303833,0.04192239046096802
43,nebDFT2k:mp-34038_0_1_1_1_0,reverse,1.2990351915359497,0.1981298327445984,1.1009053587913513,0.04192239046096802
43,nebDFT2k:mp-34038_0_1_1_1_0,inference_symmetrised,1.2990351915359497,0.2190910279750824,1.0799441635608673,0.04192239046096802
43,nebDFT2k:mp-34038_4_4_0_1_0,forward,0.11014693975448608,0.3434160053730011,0.23326906561851501,0.02641594409942627
43,nebDFT2k:mp-34038_4_4_0_1_0,reverse,0.11014693975448608,0.36983194947242737,0.2596850097179413,0.02641594409942627
43,nebDFT2k:mp-34038_4_4_0_1_0,inference_symmetrised,0.11014693975448608,0.35662397742271423,0.24647703766822815,0.02641594409942627
43,nebDFT2k:mp-34038_0_0_1_-1_0,forward,1.1750401258468628,-0.09649914503097534,1.2715392708778381,0.04462248086929321
43,nebDFT2k:mp-34038_0_0_1_-1_0,reverse,1.1750401258468628,-0.05187666416168213,1.226916790008545,0.04462248086929321
43,nebDFT2k:mp-34038_0_0_1_-1_0,inference_symmetrised,1.1750401258468628,-0.07418790459632874,1.2492280304431915,0.04462248086929321
43,nebDFT2k:mp-3635_0_3_0_0_0,forward,0.6212753653526306,0.4906032383441925,0.1306721270084381,0.00888022780418396
43,nebDFT2k:mp-3635_0_3_0_0_0,reverse,0.6212753653526306,0.49948346614837646,0.12179189920425415,0.00888022780418396
43,nebDFT2k:mp-3635_0_3_0_0_0,inference_symmetrised,0.6212753653526306,0.4950433522462845,0.12623201310634613,0.00888022780418396
43,nebDFT2k:mp-4002_0_1_0_0_0,forward,0.4607055187225342,0.710203230381012,0.24949771165847778,0.052616655826568604
43,nebDFT2k:mp-4002_0_1_0_0_0,reverse,0.4607055187225342,0.7628198862075806,0.3021143674850464,0.052616655826568604
43,nebDFT2k:mp-4002_0_1_0_0_0,inference_symmetrised,0.4607055187225342,0.7365115582942963,0.2758060395717621,0.052616655826568604
43,nebDFT2k:mp-4117_3_0_1_0_1,forward,2.0165598392486572,2.6060550212860107,0.5894951820373535,0.05711030960083008
43,nebDFT2k:mp-4117_3_0_1_0_1,reverse,2.0165598392486572,2.5489447116851807,0.5323848724365234,0.05711030960083008
43,nebDFT2k:mp-4117_3_0_1_0_1,inference_symmetrised,2.0165598392486572,2.5774998664855957,0.5609400272369385,0.05711030960083008
43,nebDFT2k:mp-556655_0_7_0_1_-1,forward,0.42521727085113525,0.47881144285202026,0.05359417200088501,0.01758137345314026
43,nebDFT2k:mp-556655_0_7_0_1_-1,reverse,0.42521727085113525,0.4963928163051605,0.07117554545402527,0.01758137345314026
43,nebDFT2k:mp-556655_0_7_0_1_-1,inference_symmetrised,0.42521727085113525,0.4876021295785904,0.06238485872745514,0.01758137345314026
43,nebDFT2k:mp-556655_1_4_0_0_0,forward,0.4567823112010956,0.36771005392074585,0.08907225728034973,0.04752102494239807
43,nebDFT2k:mp-556655_1_4_0_0_0,reverse,0.4567823112010956,0.4152310788631439,0.04155123233795166,0.04752102494239807
43,nebDFT2k:mp-556655_1_4_0_0_0,inference_symmetrised,0.4567823112010956,0.3914705663919449,0.0653117448091507,0.04752102494239807
43,nebDFT2k:mp-559680_0_2_0_0_1,forward,1.600379467010498,1.0102684497833252,0.5901110172271729,0.003245115280151367
43,nebDFT2k:mp-559680_0_2_0_0_1,reverse,1.600379467010498,1.0070233345031738,0.5933561325073242,0.003245115280151367
43,nebDFT2k:mp-559680_0_2_0_0_1,inference_symmetrised,1.600379467010498,1.0086458921432495,0.5917335748672485,0.003245115280151367
43,nebDFT2k:mp-567474_0_1_0_0_0,forward,0.06772521883249283,0.03939276933670044,0.02833244949579239,0.007839083671569824
43,nebDFT2k:mp-567474_0_1_0_0_0,reverse,0.06772521883249283,0.047231853008270264,0.020493365824222565,0.007839083671569824
43,nebDFT2k:mp-567474_0_1_0_0_0,inference_symmetrised,0.06772521883249283,0.04331231117248535,0.024412907660007477,0.007839083671569824
43,nebDFT2k:mp-6745_0_1_1_0_0,forward,1.3544573783874512,2.0629591941833496,0.7085018157958984,0.01763176918029785
43,nebDFT2k:mp-6745_0_1_1_0_0,reverse,1.3544573783874512,2.0805909633636475,0.7261335849761963,0.01763176918029785
43,nebDFT2k:mp-6745_0_1_1_0_0,inference_symmetrised,1.3544573783874512,2.0717750787734985,0.7173177003860474,0.01763176918029785
43,nebDFT2k:mp-6745_0_1_0_0_0,forward,1.8797433376312256,1.9484648704528809,0.06872153282165527,0.006343841552734375
43,nebDFT2k:mp-6745_0_1_0_0_0,reverse,1.8797433376312256,1.9548087120056152,0.07506537437438965,0.006343841552734375
43,nebDFT2k:mp-6745_0_1_0_0_0,inference_symmetrised,1.8797433376312256,1.951636791229248,0.07189345359802246,0.006343841552734375
43,nebDFT2k:mp-752552_2_7_0_1_1,forward,0.10932184755802155,0.3253588378429413,0.21603699028491974,0.028734475374221802
43,nebDFT2k:mp-752552_2_7_0_1_1,reverse,0.10932184755802155,0.3540933132171631,0.24477146565914154,0.028734475374221802
43,nebDFT2k:mp-752552_2_7_0_1_1,inference_symmetrised,0.10932184755802155,0.3397260755300522,0.23040422797203064,0.028734475374221802
43,nebDFT2k:mp-752552_0_7_0_0_1,forward,0.11279285699129105,0.3584263026714325,0.24563344568014145,0.02895718812942505
43,nebDFT2k:mp-752552_0_7_0_0_1,reverse,0.11279285699129105,0.38738349080085754,0.2745906338095665,0.02895718812942505
43,nebDFT2k:mp-752552_0_7_0_0_1,inference_symmetrised,0.11279285699129105,0.372904896736145,0.260112039744854,0.02895718812942505
43,nebDFT2k:mp-752707_0_2_0_0_0,forward,0.6314464211463928,0.5333811044692993,0.0980653166770935,0.02448415756225586
43,nebDFT2k:mp-752707_0_2_0_0_0,reverse,0.6314464211463928,0.5578652620315552,0.07358115911483765,0.02448415756225586
43,nebDFT2k:mp-752707_0_2_0_0_0,inference_symmetrised,0.6314464211463928,0.5456231832504272,0.08582323789596558,0.02448415756225586
43,nebDFT2k:mp-753109_2_0_1_0_-1,forward,0.6892510056495667,0.7579489946365356,0.068697988986969,0.04933762550354004
43,nebDFT2k:mp-753109_2_0_1_0_-1,reverse,0.6892510056495667,0.8072866201400757,0.11803561449050903,0.04933762550354004
43,nebDFT2k:mp-753109_2_0_1_0_-1,inference_symmetrised,0.6892510056495667,0.7826178073883057,0.09336680173873901,0.04933762550354004
43,nebDFT2k:mp-753126_0_1_1_1_0,forward,1.355068564414978,1.1126651763916016,0.24240338802337646,0.03025949001312256
43,nebDFT2k:mp-753126_0_1_1_1_0,reverse,1.355068564414978,1.082405686378479,0.272662878036499,0.03025949001312256
43,nebDFT2k:mp-753126_0_1_1_1_0,inference_symmetrised,1.355068564414978,1.0975354313850403,0.25753313302993774,0.03025949001312256
43,nebDFT2k:mp-753204_0_2_0_0_0,forward,0.5282348990440369,0.4382796287536621,0.08995527029037476,0.012643992900848389
43,nebDFT2k:mp-753204_0_2_0_0_0,reverse,0.5282348990440369,0.4509236216545105,0.07731127738952637,0.012643992900848389
43,nebDFT2k:mp-753204_0_2_0_0_0,inference_symmetrised,0.5282348990440369,0.4446016252040863,0.08363327383995056,0.012643992900848389
43,nebDFT2k:mp-753340_2_3_0_0_0,forward,0.5125430822372437,0.40730246901512146,0.10524061322212219,0.012163937091827393
43,nebDFT2k:mp-753340_2_3_0_0_0,reverse,0.5125430822372437,0.39513853192329407,0.11740455031394958,0.012163937091827393
43,nebDFT2k:mp-753340_2_3_0_0_0,inference_symmetrised,0.5125430822372437,0.40122050046920776,0.11132258176803589,0.012163937091827393
43,nebDFT2k:mp-753477_6_2_0_1_0,forward,1.7132000923156738,0.22879678010940552,1.4844033122062683,0.02228236198425293
43,nebDFT2k:mp-753477_6_2_0_1_0,reverse,1.7132000923156738,0.2065144181251526,1.5066856741905212,0.02228236198425293
43,nebDFT2k:mp-753477_6_2_0_1_0,inference_symmetrised,1.7132000923156738,0.21765559911727905,1.4955444931983948,0.02228236198425293
43,nebDFT2k:mp-753791_0_2_1_1_0,forward,0.5920940041542053,0.6977508068084717,0.10565680265426636,0.06549018621444702
43,nebDFT2k:mp-753791_0_2_1_1_0,reverse,0.5920940041542053,0.7632409930229187,0.17114698886871338,0.06549018621444702
43,nebDFT2k:mp-753791_0_2_1_1_0,inference_symmetrised,0.5920940041542053,0.7304958999156952,0.13840189576148987,0.06549018621444702
43,nebDFT2k:mp-753882_0_1_1_0_-1,forward,0.7118020057678223,0.33964473009109497,0.3721572756767273,0.014040857553482056
43,nebDFT2k:mp-753882_0_1_1_0_-1,reverse,0.7118020057678223,0.353685587644577,0.35811641812324524,0.014040857553482056
43,nebDFT2k:mp-753882_0_1_1_0_-1,inference_symmetrised,0.7118020057678223,0.346665158867836,0.36513684689998627,0.014040857553482056
43,nebDFT2k:mp-753882_0_3_1_0_0,forward,0.3007654845714569,0.3450850546360016,0.04431957006454468,0.03623819351196289
43,nebDFT2k:mp-753882_0_3_1_0_0,reverse,0.3007654845714569,0.3813232481479645,0.08055776357650757,0.03623819351196289
43,nebDFT2k:mp-753882_0_3_1_0_0,inference_symmetrised,0.3007654845714569,0.36320415139198303,0.06243866682052612,0.03623819351196289
43,nebDFT2k:mp-753882_4_5_0_0_0,forward,0.26893350481987,0.32459455728530884,0.05566105246543884,0.015879511833190918
43,nebDFT2k:mp-753882_4_5_0_0_0,reverse,0.26893350481987,0.34047406911849976,0.07154056429862976,0.015879511833190918
43,nebDFT2k:mp-753882_4_5_0_0_0,inference_symmetrised,0.26893350481987,0.3325343132019043,0.0636008083820343,0.015879511833190918
43,nebDFT2k:mp-753882_3_2_0_1_0,forward,0.6040976047515869,0.938845157623291,0.3347475528717041,0.0747302770614624
43,nebDFT2k:mp-753882_3_2_0_1_0,reverse,0.6040976047515869,1.0135754346847534,0.4094778299331665,0.0747302770614624
43,nebDFT2k:mp-753882_3_2_0_1_0,inference_symmetrised,0.6040976047515869,0.9762102961540222,0.3721126914024353,0.0747302770614624
43,nebDFT2k:mp-753899_0_3_0_0_0,forward,3.2507238388061523,1.9288346767425537,1.3218891620635986,0.00419926643371582
43,nebDFT2k:mp-753899_0_3_0_0_0,reverse,3.2507238388061523,1.9330339431762695,1.3176898956298828,0.00419926643371582
43,nebDFT2k:mp-753899_0_3_0_0_0,inference_symmetrised,3.2507238388061523,1.9309343099594116,1.3197895288467407,0.00419926643371582
43,nebDFT2k:mp-754292_1_2_0_0_0,forward,0.9215542674064636,1.080489158630371,0.15893489122390747,0.006618857383728027
43,nebDFT2k:mp-754292_1_2_0_0_0,reverse,0.9215542674064636,1.073870301246643,0.15231603384017944,0.006618857383728027
43,nebDFT2k:mp-754292_1_2_0_0_0,inference_symmetrised,0.9215542674064636,1.077179729938507,0.15562546253204346,0.006618857383728027
43,nebDFT2k:mp-754292_7_5_0_1_0,forward,0.47816863656044006,0.36426058411598206,0.11390805244445801,0.04539188742637634
43,nebDFT2k:mp-754292_7_5_0_1_0,reverse,0.47816863656044006,0.4096524715423584,0.06851616501808167,0.04539188742637634
43,nebDFT2k:mp-754292_7_5_0_1_0,inference_symmetrised,0.47816863656044006,0.3869565278291702,0.09121210873126984,0.04539188742637634
43,nebDFT2k:mp-754292_1_7_0_0_0,forward,0.2623552978038788,0.3156333863735199,0.05327808856964111,0.03770714998245239
43,nebDFT2k:mp-754292_1_7_0_0_0,reverse,0.2623552978038788,0.3533405363559723,0.0909852385520935,0.03770714998245239
43,nebDFT2k:mp-754292_1_7_0_0_0,inference_symmetrised,0.2623552978038788,0.3344869613647461,0.07213166356086731,0.03770714998245239
43,nebDFT2k:mp-754292_0_3_0_0_0,forward,0.9209744334220886,1.0816991329193115,0.1607246994972229,0.006718754768371582
43,nebDFT2k:mp-754292_0_3_0_0_0,reverse,0.9209744334220886,1.07498037815094,0.15400594472885132,0.006718754768371582
43,nebDFT2k:mp-754292_0_3_0_0_0,inference_symmetrised,0.9209744334220886,1.0783397555351257,0.1573653221130371,0.006718754768371582
43,nebDFT2k:mp-754292_0_3_1_0_0,forward,0.7782686352729797,0.6497278809547424,0.1285407543182373,0.010623395442962646
43,nebDFT2k:mp-754292_0_3_1_0_0,reverse,0.7782686352729797,0.6603512763977051,0.11791735887527466,0.010623395442962646
43,nebDFT2k:mp-754292_0_3_1_0_0,inference_symmetrised,0.7782686352729797,0.6550395786762238,0.12322905659675598,0.010623395442962646
43,nebDFT2k:mp-754292_3_9_0_0_0,forward,0.2626491189002991,0.31551092863082886,0.052861809730529785,0.03776443004608154
43,nebDFT2k:mp-754292_3_9_0_0_0,reverse,0.2626491189002991,0.3532753586769104,0.09062623977661133,0.03776443004608154
43,nebDFT2k:mp-754292_3_9_0_0_0,inference_symmetrised,0.2626491189002991,0.33439314365386963,0.07174402475357056,0.03776443004608154
43,nebDFT2k:mp-754923_0_2_0_0_1,forward,0.42040032148361206,0.6946864724159241,0.274286150932312,0.043620288372039795
43,nebDFT2k:mp-754923_0_2_0_0_1,reverse,0.42040032148361206,0.7383067607879639,0.3179064393043518,0.043620288372039795
43,nebDFT2k:mp-754923_0_2_0_0_1,inference_symmetrised,0.42040032148361206,0.716496616601944,0.2960962951183319,0.043620288372039795
43,nebDFT2k:mp-755369_6_3_0_0_1,forward,2.607285737991333,2.4494400024414062,0.15784573554992676,0.0054225921630859375
43,nebDFT2k:mp-755369_6_3_0_0_1,reverse,2.607285737991333,2.454862594604492,0.15242314338684082,0.0054225921630859375
43,nebDFT2k:mp-755369_6_3_0_0_1,inference_symmetrised,2.607285737991333,2.452151298522949,0.1551344394683838,0.0054225921630859375
43,nebDFT2k:mp-755369_6_0_1_0_1,forward,0.9742417335510254,0.9288062453269958,0.04543548822402954,0.0034044981002807617
43,nebDFT2k:mp-755369_6_0_1_0_1,reverse,0.9742417335510254,0.9322107434272766,0.04203099012374878,0.0034044981002807617
43,nebDFT2k:mp-755369_6_0_1_0_1,inference_symmetrised,0.9742417335510254,0.9305084943771362,0.04373323917388916,0.0034044981002807617
43,nebDFT2k:mp-755369_11_7_0_1_0,forward,2.6194679737091064,2.5011518001556396,0.1183161735534668,0.0038084983825683594
43,nebDFT2k:mp-755369_11_7_0_1_0,reverse,2.6194679737091064,2.4973433017730713,0.12212467193603516,0.0038084983825683594
43,nebDFT2k:mp-755369_11_7_0_1_0,inference_symmetrised,2.6194679737091064,2.4992475509643555,0.12022042274475098,0.0038084983825683594
43,nebDFT2k:mp-755369_2_0_1_0_1,forward,2.918403148651123,2.5551302433013916,0.36327290534973145,0.0030562877655029297
43,nebDFT2k:mp-755369_2_0_1_0_1,reverse,2.918403148651123,2.5581865310668945,0.3602166175842285,0.0030562877655029297
43,nebDFT2k:mp-755369_2_0_1_0_1,inference_symmetrised,2.918403148651123,2.556658387184143,0.36174476146698,0.0030562877655029297
43,nebDFT2k:mp-755369_10_8_1_-1_0,forward,0.637105405330658,0.7706565260887146,0.13355112075805664,0.0384712815284729
43,nebDFT2k:mp-755369_10_8_1_-1_0,reverse,0.637105405330658,0.8091278076171875,0.17202240228652954,0.0384712815284729
43,nebDFT2k:mp-755369_10_8_1_-1_0,inference_symmetrised,0.637105405330658,0.789892166852951,0.1527867615222931,0.0384712815284729
43,nebDFT2k:mp-755369_1_4_0_0_1,forward,2.7418344020843506,2.4276132583618164,0.3142211437225342,0.01794576644897461
43,nebDFT2k:mp-755369_1_4_0_0_1,reverse,2.7418344020843506,2.445559024810791,0.29627537727355957,0.01794576644897461
43,nebDFT2k:mp-755369_1_4_0_0_1,inference_symmetrised,2.7418344020843506,2.4365861415863037,0.3052482604980469,0.01794576644897461
43,nebDFT2k:mp-755369_3_5_1_1_0,forward,0.9749377965927124,0.8722006678581238,0.10273712873458862,0.02774256467819214
43,nebDFT2k:mp-755369_3_5_1_1_0,reverse,0.9749377965927124,0.8999432325363159,0.07499456405639648,0.02774256467819214
43,nebDFT2k:mp-755369_3_5_1_1_0,inference_symmetrised,0.9749377965927124,0.8860719501972198,0.08886584639549255,0.02774256467819214
43,nebDFT2k:mp-755839_0_5_0_0_0,forward,0.5476699471473694,0.5026233196258545,0.04504662752151489,0.004438996315002441
43,nebDFT2k:mp-755839_0_5_0_0_0,reverse,0.5476699471473694,0.49818432331085205,0.049485623836517334,0.004438996315002441
43,nebDFT2k:mp-755839_0_5_0_0_0,inference_symmetrised,0.5476699471473694,0.5004038214683533,0.04726612567901611,0.004438996315002441
43,nebDFT2k:mp-756174_1_0_1_0_0,forward,0.6218590140342712,0.6805112957954407,0.058652281761169434,0.03292900323867798
43,nebDFT2k:mp-756174_1_0_1_0_0,reverse,0.6218590140342712,0.7134402990341187,0.09158128499984741,0.03292900323867798
43,nebDFT2k:mp-756174_1_0_1_0_0,inference_symmetrised,0.6218590140342712,0.6969757974147797,0.07511678338050842,0.03292900323867798
43,nebDFT2k:mp-756174_0_1_0_0_0,forward,0.38954514265060425,0.5759398937225342,0.18639475107192993,0.03080928325653076
43,nebDFT2k:mp-756174_0_1_0_0_0,reverse,0.38954514265060425,0.6067491769790649,0.2172040343284607,0.03080928325653076
43,nebDFT2k:mp-756174_0_1_0_0_0,inference_symmetrised,0.38954514265060425,0.5913445353507996,0.2017993927001953,0.03080928325653076
43,nebDFT2k:mp-756912_1_1_1_0_0,forward,0.5701987743377686,1.5242481231689453,0.9540493488311768,0.03568291664123535
43,nebDFT2k:mp-756912_1_1_1_0_0,reverse,0.5701987743377686,1.48856520652771,0.9183664321899414,0.03568291664123535
43,nebDFT2k:mp-756912_1_1_1_0_0,inference_symmetrised,0.5701987743377686,1.5064066648483276,0.9362078905105591,0.03568291664123535
43,nebDFT2k:mp-757068_0_1_0_0_0,forward,0.049742020666599274,0.238711416721344,0.18896939605474472,0.0020300745964050293
43,nebDFT2k:mp-757068_0_1_0_0_0,reverse,0.049742020666599274,0.23668134212493896,0.1869393214583397,0.0020300745964050293
43,nebDFT2k:mp-757068_0_1_0_0_0,inference_symmetrised,0.049742020666599274,0.23769637942314148,0.1879543587565422,0.0020300745964050293
43,nebDFT2k:mp-757461_1_2_0_1_0,forward,0.19807608425617218,0.4785086214542389,0.2804325371980667,0.04110798239707947
43,nebDFT2k:mp-757461_1_2_0_1_0,reverse,0.19807608425617218,0.5196166038513184,0.3215405195951462,0.04110798239707947
43,nebDFT2k:mp-757461_1_2_0_1_0,inference_symmetrised,0.19807608425617218,0.4990626126527786,0.30098652839660645,0.04110798239707947
43,nebDFT2k:mp-757693_0_2_0_0_0,forward,0.40716037154197693,0.47564178705215454,0.06848141551017761,0.0278206467628479
43,nebDFT2k:mp-757693_0_2_0_0_0,reverse,0.40716037154197693,0.5034624338150024,0.09630206227302551,0.0278206467628479
43,nebDFT2k:mp-757693_0_2_0_0_0,inference_symmetrised,0.40716037154197693,0.4895521104335785,0.08239173889160156,0.0278206467628479
43,nebDFT2k:mp-757714_2_3_0_0_0,forward,0.05814062058925629,0.18899238109588623,0.13085176050662994,0.004334092140197754
43,nebDFT2k:mp-757714_2_3_0_0_0,reverse,0.05814062058925629,0.19332647323608398,0.1351858526468277,0.004334092140197754
43,nebDFT2k:mp-757714_2_3_0_0_0,inference_symmetrised,0.05814062058925629,0.1911594271659851,0.13301880657672882,0.004334092140197754
43,nebDFT2k:mp-757800_1_4_0_0_0,forward,1.2522964477539062,1.8296172618865967,0.5773208141326904,0.024904966354370117
43,nebDFT2k:mp-757800_1_4_0_0_0,reverse,1.2522964477539062,1.8545222282409668,0.6022257804870605,0.024904966354370117
43,nebDFT2k:mp-757800_1_4_0_0_0,inference_symmetrised,1.2522964477539062,1.8420697450637817,0.5897732973098755,0.024904966354370117
43,nebDFT2k:mp-758282_1_1_1_0_0,forward,0.12165363132953644,0.34138473868370056,0.21973110735416412,0.02060684561729431
43,nebDFT2k:mp-758282_1_1_1_0_0,reverse,0.12165363132953644,0.3619915843009949,0.24033795297145844,0.02060684561729431
43,nebDFT2k:mp-758282_1_1_1_0_0,inference_symmetrised,0.12165363132953644,0.3516881614923477,0.23003453016281128,0.02060684561729431
43,nebDFT2k:mp-758282_0_2_0_0_0,forward,0.28606387972831726,0.3626379072666168,0.07657402753829956,0.0008203387260437012
43,nebDFT2k:mp-758282_0_2_0_0_0,reverse,0.28606387972831726,0.3634582459926605,0.07739436626434326,0.0008203387260437012
43,nebDFT2k:mp-758282_0_2_0_0_0,inference_symmetrised,0.28606387972831726,0.36304807662963867,0.07698419690132141,0.0008203387260437012
43,nebDFT2k:mp-758380_3_8_0_0_0,forward,2.9573986530303955,1.6996155977249146,1.257783055305481,0.020302534103393555
43,nebDFT2k:mp-758380_3_8_0_0_0,reverse,2.9573986530303955,1.719918131828308,1.2374805212020874,0.020302534103393555
43,nebDFT2k:mp-758380_3_8_0_0_0,inference_symmetrised,2.9573986530303955,1.7097668647766113,1.2476317882537842,0.020302534103393555
43,nebDFT2k:mp-758486_3_0_1_0_1,forward,0.44390058517456055,0.3626989722251892,0.08120161294937134,0.016064345836639404
43,nebDFT2k:mp-758486_3_0_1_0_1,reverse,0.44390058517456055,0.3466346263885498,0.09726595878601074,0.016064345836639404
43,nebDFT2k:mp-758486_3_0_1_0_1,inference_symmetrised,0.44390058517456055,0.3546667993068695,0.08923378586769104,0.016064345836639404
43,nebDFT2k:mp-758720_0_3_1_0_0,forward,0.4760017991065979,0.4735080301761627,0.0024937689304351807,0.036504119634628296
43,nebDFT2k:mp-758720_0_3_1_0_0,reverse,0.4760017991065979,0.510012149810791,0.034010350704193115,0.036504119634628296
43,nebDFT2k:mp-758720_0_3_1_0_0,inference_symmetrised,0.4760017991065979,0.49176008999347687,0.015758290886878967,0.036504119634628296
43,nebDFT2k:mp-758793_0_1_0_0_0,forward,0.22866390645503998,0.4559977352619171,0.22733382880687714,0.003233283758163452
43,nebDFT2k:mp-758793_0_1_0_0_0,reverse,0.22866390645503998,0.45923101902008057,0.2305671125650406,0.003233283758163452
43,nebDFT2k:mp-758793_0_1_0_0_0,inference_symmetrised,0.22866390645503998,0.45761437714099884,0.22895047068595886,0.003233283758163452
43,nebDFT2k:mp-759082_0_2_0_0_0,forward,0.825259804725647,1.2337217330932617,0.40846192836761475,0.020107507705688477
43,nebDFT2k:mp-759082_0_2_0_0_0,reverse,0.825259804725647,1.2538292407989502,0.4285694360733032,0.020107507705688477
43,nebDFT2k:mp-759082_0_2_0_0_0,inference_symmetrised,0.825259804725647,1.243775486946106,0.418515682220459,0.020107507705688477
43,nebDFT2k:mp-759082_0_2_1_0_0,forward,0.2511012852191925,0.3943008780479431,0.1431995928287506,0.02881944179534912
43,nebDFT2k:mp-759082_0_2_1_0_0,reverse,0.2511012852191925,0.42312031984329224,0.17201903462409973,0.02881944179534912
43,nebDFT2k:mp-759082_0_2_1_0_0,inference_symmetrised,0.2511012852191925,0.4087105989456177,0.15760931372642517,0.02881944179534912
43,nebDFT2k:mp-759082_1_0_0_1_0,forward,0.25766751170158386,0.26734840869903564,0.009680896997451782,0.0024412870407104492
43,nebDFT2k:mp-759082_1_0_0_1_0,reverse,0.25766751170158386,0.2649071216583252,0.007239609956741333,0.0024412870407104492
43,nebDFT2k:mp-759082_1_0_0_1_0,inference_symmetrised,0.25766751170158386,0.2661277651786804,0.008460253477096558,0.0024412870407104492
43,nebDFT2k:mp-759132_4_3_0_0_1,forward,0.341912180185318,0.40205127000808716,0.060139089822769165,0.005295455455780029
43,nebDFT2k:mp-759132_4_3_0_0_1,reverse,0.341912180185318,0.39675581455230713,0.054843634366989136,0.005295455455780029
43,nebDFT2k:mp-759132_4_3_0_0_1,inference_symmetrised,0.341912180185318,0.39940354228019714,0.05749136209487915,0.005295455455780029
43,nebDFT2k:mp-759139_2_1_1_0_0,forward,0.70079106092453,0.7087643146514893,0.007973253726959229,0.0122414231300354
43,nebDFT2k:mp-759139_2_1_1_0_0,reverse,0.70079106092453,0.6965228915214539,0.004268169403076172,0.0122414231300354
43,nebDFT2k:mp-759139_2_1_1_0_0,inference_symmetrised,0.70079106092453,0.7026436030864716,0.0018525421619415283,0.0122414231300354
43,nebDFT2k:mp-759220_0_15_0_0_0,forward,0.21688345074653625,0.3867444097995758,0.16986095905303955,0.019123315811157227
43,nebDFT2k:mp-759220_0_15_0_0_0,reverse,0.21688345074653625,0.40586772561073303,0.18898427486419678,0.019123315811157227
43,nebDFT2k:mp-759220_0_15_0_0_0,inference_symmetrised,0.21688345074653625,0.3963060677051544,0.17942261695861816,0.019123315811157227
43,nebDFT2k:mp-759229_3_6_0_1_0,forward,0.6168773174285889,1.1739392280578613,0.5570619106292725,0.12888669967651367
43,nebDFT2k:mp-759229_3_6_0_1_0,reverse,0.6168773174285889,1.302825927734375,0.6859486103057861,0.12888669967651367
43,nebDFT2k:mp-759229_3_6_0_1_0,inference_symmetrised,0.6168773174285889,1.2383825778961182,0.6215052604675293,0.12888669967651367
43,nebDFT2k:mp-759244_7_6_1_0_0,forward,1.0818796157836914,1.6082961559295654,0.526416540145874,0.07801318168640137
43,nebDFT2k:mp-759244_7_6_1_0_0,reverse,1.0818796157836914,1.6863093376159668,0.6044297218322754,0.07801318168640137
43,nebDFT2k:mp-759244_7_6_1_0_0,inference_symmetrised,1.0818796157836914,1.6473027467727661,0.5654231309890747,0.07801318168640137
43,nebDFT2k:mp-759244_6_10_0_0_1,forward,0.9319226145744324,1.5661638975143433,0.6342412829399109,0.09389066696166992
43,nebDFT2k:mp-759244_6_10_0_0_1,reverse,0.9319226145744324,1.6600545644760132,0.7281319499015808,0.09389066696166992
43,nebDFT2k:mp-759244_6_10_0_0_1,inference_symmetrised,0.9319226145744324,1.6131092309951782,0.6811866164207458,0.09389066696166992
43,nebDFT2k:mp-759244_0_2_0_0_0,forward,0.9603694081306458,1.4482293128967285,0.48785990476608276,0.03410506248474121
43,nebDFT2k:mp-759244_0_2_0_0_0,reverse,0.9603694081306458,1.4141242504119873,0.45375484228134155,0.03410506248474121
43,nebDFT2k:mp-759244_0_2_0_0_0,inference_symmetrised,0.9603694081306458,1.431176781654358,0.47080737352371216,0.03410506248474121
43,nebDFT2k:mp-759244_4_6_0_0_0,forward,0.9483169913291931,1.445223331451416,0.4969063401222229,0.08626747131347656
43,nebDFT2k:mp-759244_4_6_0_0_0,reverse,0.9483169913291931,1.5314908027648926,0.5831738114356995,0.08626747131347656
43,nebDFT2k:mp-759244_4_6_0_0_0,inference_symmetrised,0.9483169913291931,1.4883570671081543,0.5400400757789612,0.08626747131347656
43,nebDFT2k:mp-759244_5_10_1_0_0,forward,0.9148608446121216,1.2882726192474365,0.37341177463531494,0.0376739501953125
43,nebDFT2k:mp-759244_5_10_1_0_0,reverse,0.9148608446121216,1.250598669052124,0.33573782444000244,0.0376739501953125
43,nebDFT2k:mp-759244_5_10_1_0_0,inference_symmetrised,0.9148608446121216,1.2694356441497803,0.3545747995376587,0.0376739501953125
43,nebDFT2k:mp-759667_2_4_0_0_0,forward,0.3889327943325043,0.6274287700653076,0.23849597573280334,0.000507056713104248
43,nebDFT2k:mp-759667_2_4_0_0_0,reverse,0.3889327943325043,0.6269217133522034,0.2379889190196991,0.000507056713104248
43,nebDFT2k:mp-759667_2_4_0_0_0,inference_symmetrised,0.3889327943325043,0.6271752417087555,0.23824244737625122,0.000507056713104248
43,nebDFT2k:mp-759667_3_4_0_1_0,forward,0.41363847255706787,0.49422216415405273,0.08058369159698486,0.0376887321472168
43,nebDFT2k:mp-759667_3_4_0_1_0,reverse,0.41363847255706787,0.5319108963012695,0.11827242374420166,0.0376887321472168
43,nebDFT2k:mp-759667_3_4_0_1_0,inference_symmetrised,0.41363847255706787,0.5130665302276611,0.09942805767059326,0.0376887321472168
43,nebDFT2k:mp-759667_2_1_1_1_0,forward,0.6992021203041077,1.206955075263977,0.5077529549598694,0.02899348735809326
43,nebDFT2k:mp-759667_2_1_1_1_0,reverse,0.6992021203041077,1.1779615879058838,0.4787594676017761,0.02899348735809326
43,nebDFT2k:mp-759667_2_1_1_1_0,inference_symmetrised,0.6992021203041077,1.1924583315849304,0.49325621128082275,0.02899348735809326
43,nebDFT2k:mp-759753_4_0_0_0_1,forward,0.6141039729118347,0.47356677055358887,0.14053720235824585,0.007723629474639893
43,nebDFT2k:mp-759753_4_0_0_0_1,reverse,0.6141039729118347,0.465843141078949,0.14826083183288574,0.007723629474639893
43,nebDFT2k:mp-759753_4_0_0_0_1,inference_symmetrised,0.6141039729118347,0.4697049558162689,0.1443990170955658,0.007723629474639893
43,nebDFT2k:mp-759783_2_3_1_0_0,forward,0.6149086356163025,1.3462098836898804,0.7313012480735779,0.01813042163848877
43,nebDFT2k:mp-759783_2_3_1_0_0,reverse,0.6149086356163025,1.3643403053283691,0.7494316697120667,0.01813042163848877
43,nebDFT2k:mp-759783_2_3_1_0_0,inference_symmetrised,0.6149086356163025,1.3552750945091248,0.7403664588928223,0.01813042163848877
43,nebDFT2k:mp-759783_4_3_0_1_0,forward,0.2746150493621826,0.24468499422073364,0.029930055141448975,0.0008456707000732422
43,nebDFT2k:mp-759783_4_3_0_1_0,reverse,0.2746150493621826,0.2438393235206604,0.030775725841522217,0.0008456707000732422
43,nebDFT2k:mp-759783_4_3_0_1_0,inference_symmetrised,0.2746150493621826,0.24426215887069702,0.030352890491485596,0.0008456707000732422
43,nebDFT2k:mp-760344_7_5_0_1_1,forward,1.048827052116394,0.6511157751083374,0.39771127700805664,0.006536900997161865
43,nebDFT2k:mp-760344_7_5_0_1_1,reverse,1.048827052116394,0.6576526761054993,0.3911743760108948,0.006536900997161865
43,nebDFT2k:mp-760344_7_5_0_1_1,inference_symmetrised,1.048827052116394,0.6543842256069183,0.3944428265094757,0.006536900997161865
43,nebDFT2k:mp-760344_4_8_0_0_0,forward,0.2822485864162445,0.30165982246398926,0.01941123604774475,0.028133749961853027
43,nebDFT2k:mp-760344_4_8_0_0_0,reverse,0.2822485864162445,0.3297935724258423,0.04754498600959778,0.028133749961853027
43,nebDFT2k:mp-760344_4_8_0_0_0,inference_symmetrised,0.2822485864162445,0.31572669744491577,0.033478111028671265,0.028133749961853027
43,nebDFT2k:mp-760344_6_8_0_1_0,forward,0.5260669589042664,0.3502925932407379,0.17577436566352844,0.03462132811546326
43,nebDFT2k:mp-760344_6_8_0_1_0,reverse,0.5260669589042664,0.38491392135620117,0.14115303754806519,0.03462132811546326
43,nebDFT2k:mp-760344_6_8_0_1_0,inference_symmetrised,0.5260669589042664,0.36760325729846954,0.15846370160579681,0.03462132811546326
43,nebDFT2k:mp-760344_4_6_1_-1_0,forward,1.0547842979431152,0.6986573338508606,0.35612696409225464,0.04890286922454834
43,nebDFT2k:mp-760344_4_6_1_-1_0,reverse,1.0547842979431152,0.7475602030754089,0.3072240948677063,0.04890286922454834
43,nebDFT2k:mp-760344_4_6_1_-1_0,inference_symmetrised,1.0547842979431152,0.7231087684631348,0.33167552947998047,0.04890286922454834
43,nebDFT2k:mp-760344_7_4_0_1_0,forward,0.6875642538070679,0.3682120442390442,0.3193522095680237,0.009529292583465576
43,nebDFT2k:mp-760344_7_4_0_1_0,reverse,0.6875642538070679,0.37774133682250977,0.3098229169845581,0.009529292583465576
43,nebDFT2k:mp-760344_7_4_0_1_0,inference_symmetrised,0.6875642538070679,0.372976690530777,0.3145875632762909,0.009529292583465576
43,nebDFT2k:mp-760344_7_9_0_1_1,forward,0.5207509994506836,0.3484607934951782,0.17229020595550537,0.03546801209449768
43,nebDFT2k:mp-760344_7_9_0_1_1,reverse,0.5207509994506836,0.3839288055896759,0.1368221938610077,0.03546801209449768
43,nebDFT2k:mp-760344_7_9_0_1_1,inference_symmetrised,0.5207509994506836,0.36619479954242706,0.15455619990825653,0.03546801209449768
43,nebDFT2k:mp-760344_10_9_0_0_1,forward,1.8200701475143433,2.6015737056732178,0.7815035581588745,0.04005551338195801
43,nebDFT2k:mp-760344_10_9_0_0_1,reverse,1.8200701475143433,2.5615181922912598,0.7414480447769165,0.04005551338195801
43,nebDFT2k:mp-760344_10_9_0_0_1,inference_symmetrised,1.8200701475143433,2.5815459489822388,0.7614758014678955,0.04005551338195801
43,nebDFT2k:mp-760344_6_4_0_1_0,forward,0.6860505938529968,0.3162769377231598,0.36977365612983704,0.01858961582183838
43,nebDFT2k:mp-760344_6_4_0_1_0,reverse,0.6860505938529968,0.33486655354499817,0.35118404030799866,0.01858961582183838
43,nebDFT2k:mp-760344_6_4_0_1_0,inference_symmetrised,0.6860505938529968,0.325571745634079,0.36047884821891785,0.01858961582183838
43,nebDFT2k:mp-760344_10_4_0_1_0,forward,0.5244383215904236,0.3594704866409302,0.1649678349494934,0.010743767023086548
43,nebDFT2k:mp-760344_10_4_0_1_0,reverse,0.5244383215904236,0.34872671961784363,0.17571160197257996,0.010743767023086548
43,nebDFT2k:mp-760344_10_4_0_1_0,inference_symmetrised,0.5244383215904236,0.3540986031293869,0.17033971846103668,0.010743767023086548
43,nebDFT2k:mp-760344_9_5_1_0_0,forward,0.2818312644958496,0.3055955171585083,0.02376425266265869,0.0002480149269104004
43,nebDFT2k:mp-760344_9_5_1_0_0,reverse,0.2818312644958496,0.3053475022315979,0.02351623773574829,0.0002480149269104004
43,nebDFT2k:mp-760344_9_5_1_0_0,inference_symmetrised,0.2818312644958496,0.3054715096950531,0.02364024519920349,0.0002480149269104004
43,nebDFT2k:mp-761094_0_2_0_0_1,forward,4.479324817657471,4.009735107421875,0.4695897102355957,0.0078125
43,nebDFT2k:mp-761094_0_2_0_0_1,reverse,4.479324817657471,4.001922607421875,0.4774022102355957,0.0078125
43,nebDFT2k:mp-761094_0_2_0_0_1,inference_symmetrised,4.479324817657471,4.005828857421875,0.4734959602355957,0.0078125
43,nebDFT2k:mp-761094_1_5_0_1_0,forward,2.0980730056762695,2.2420172691345215,0.14394426345825195,0.00764155387878418
43,nebDFT2k:mp-761094_1_5_0_1_0,reverse,2.0980730056762695,2.2496588230133057,0.15158581733703613,0.00764155387878418
43,nebDFT2k:mp-761094_1_5_0_1_0,inference_symmetrised,2.0980730056762695,2.2458380460739136,0.14776504039764404,0.00764155387878418
43,nebDFT2k:mp-761269_2_1_1_-1_0,forward,1.5785481929779053,2.1792633533477783,0.600715160369873,0.006680965423583984
43,nebDFT2k:mp-761269_2_1_1_-1_0,reverse,1.5785481929779053,2.1725823879241943,0.5940341949462891,0.006680965423583984
43,nebDFT2k:mp-761269_2_1_1_-1_0,inference_symmetrised,1.5785481929779053,2.1759228706359863,0.597374677658081,0.006680965423583984
43,nebDFT2k:mp-761849_6_5_1_0_0,forward,0.6407798528671265,0.7188087105751038,0.0780288577079773,0.004987120628356934
43,nebDFT2k:mp-761849_6_5_1_0_0,reverse,0.6407798528671265,0.7138215899467468,0.07304173707962036,0.004987120628356934
43,nebDFT2k:mp-761849_6_5_1_0_0,inference_symmetrised,0.6407798528671265,0.7163151502609253,0.07553529739379883,0.004987120628356934
43,nebDFT2k:mp-761849_5_7_0_0_1,forward,0.30204570293426514,0.7822956442832947,0.48024994134902954,0.01587235927581787
43,nebDFT2k:mp-761849_5_7_0_0_1,reverse,0.30204570293426514,0.7981680035591125,0.4961223006248474,0.01587235927581787
43,nebDFT2k:mp-761849_5_7_0_0_1,inference_symmetrised,0.30204570293426514,0.7902318239212036,0.4881861209869385,0.01587235927581787
43,nebDFT2k:mp-762319_14_26_0_0_0,forward,0.28081613779067993,0.5110745429992676,0.23025840520858765,0.024880439043045044
43,nebDFT2k:mp-762319_14_26_0_0_0,reverse,0.28081613779067993,0.48619410395622253,0.2053779661655426,0.024880439043045044
43,nebDFT2k:mp-762319_14_26_0_0_0,inference_symmetrised,0.28081613779067993,0.49863432347774506,0.21781818568706512,0.024880439043045044
43,nebDFT2k:mp-763177_1_3_0_1_-1,forward,0.45973682403564453,1.0577507019042969,0.5980138778686523,0.018299221992492676
43,nebDFT2k:mp-763177_1_3_0_1_-1,reverse,0.45973682403564453,1.0394514799118042,0.5797146558761597,0.018299221992492676
43,nebDFT2k:mp-763177_1_3_0_1_-1,inference_symmetrised,0.45973682403564453,1.0486010909080505,0.588864266872406,0.018299221992492676
43,nebDFT2k:mp-764867_1_8_0_1_1,forward,1.519494652748108,1.4868072271347046,0.03268742561340332,0.05394947528839111
43,nebDFT2k:mp-764867_1_8_0_1_1,reverse,1.519494652748108,1.5407567024230957,0.021262049674987793,0.05394947528839111
43,nebDFT2k:mp-764867_1_8_0_1_1,inference_symmetrised,1.519494652748108,1.5137819647789001,0.005712687969207764,0.05394947528839111
43,nebDFT2k:mp-765411_1_6_0_0_0,forward,0.46725958585739136,0.4145689904689789,0.052690595388412476,0.0072425901889801025
43,nebDFT2k:mp-765411_1_6_0_0_0,reverse,0.46725958585739136,0.421811580657959,0.04544800519943237,0.0072425901889801025
43,nebDFT2k:mp-765411_1_6_0_0_0,inference_symmetrised,0.46725958585739136,0.41819028556346893,0.049069300293922424,0.0072425901889801025
43,nebDFT2k:mp-765501_2_0_1_0_0,forward,2.584408760070801,1.8758680820465088,0.708540678024292,0.02418684959411621
43,nebDFT2k:mp-765501_2_0_1_0_0,reverse,2.584408760070801,1.8516812324523926,0.7327275276184082,0.02418684959411621
43,nebDFT2k:mp-765501_2_0_1_0_0,inference_symmetrised,2.584408760070801,1.8637746572494507,0.7206341028213501,0.02418684959411621
43,nebDFT2k:mp-765964_0_6_1_0_0,forward,1.0074282884597778,1.8406016826629639,0.833173394203186,0.03526926040649414
43,nebDFT2k:mp-765964_0_6_1_0_0,reverse,1.0074282884597778,1.875870943069458,0.8684426546096802,0.03526926040649414
43,nebDFT2k:mp-765964_0_6_1_0_0,inference_symmetrised,1.0074282884597778,1.858236312866211,0.8508080244064331,0.03526926040649414
43,nebDFT2k:mp-766130_4_2_1_0_0,forward,1.5168014764785767,1.5615612268447876,0.04475975036621094,0.031475186347961426
43,nebDFT2k:mp-766130_4_2_1_0_0,reverse,1.5168014764785767,1.5300860404968262,0.013284564018249512,0.031475186347961426
43,nebDFT2k:mp-766130_4_2_1_0_0,inference_symmetrised,1.5168014764785767,1.5458236336708069,0.029022157192230225,0.031475186347961426
43,nebDFT2k:mp-766612_6_10_0_0_0,forward,0.1816573143005371,0.2581549882888794,0.07649767398834229,0.0451928973197937
43,nebDFT2k:mp-766612_6_10_0_0_0,reverse,0.1816573143005371,0.2129620909690857,0.031304776668548584,0.0451928973197937
43,nebDFT2k:mp-766612_6_10_0_0_0,inference_symmetrised,0.1816573143005371,0.23555853962898254,0.053901225328445435,0.0451928973197937
43,nebDFT2k:mp-768421_3_7_0_0_0,forward,0.7170935273170471,0.49924778938293457,0.21784573793411255,0.0018371343612670898
43,nebDFT2k:mp-768421_3_7_0_0_0,reverse,0.7170935273170471,0.4974106550216675,0.21968287229537964,0.0018371343612670898
43,nebDFT2k:mp-768421_3_7_0_0_0,inference_symmetrised,0.7170935273170471,0.498329222202301,0.2187643051147461,0.0018371343612670898
43,nebDFT2k:mp-768433_7_19_0_0_0,forward,0.5162459015846252,0.4753091633319855,0.04093673825263977,0.03588113188743591
43,nebDFT2k:mp-768433_7_19_0_0_0,reverse,0.5162459015846252,0.5111902952194214,0.005055606365203857,0.03588113188743591
43,nebDFT2k:mp-768433_7_19_0_0_0,inference_symmetrised,0.5162459015846252,0.49324972927570343,0.022996172308921814,0.03588113188743591
43,nebDFT2k:mp-768508_3_7_0_0_0,forward,0.7297331094741821,0.48590803146362305,0.24382507801055908,0.06733059883117676
43,nebDFT2k:mp-768508_3_7_0_0_0,reverse,0.7297331094741821,0.5532386302947998,0.17649447917938232,0.06733059883117676
43,nebDFT2k:mp-768508_3_7_0_0_0,inference_symmetrised,0.7297331094741821,0.5195733308792114,0.2101597785949707,0.06733059883117676
43,nebDFT2k:mp-768738_3_2_1_1_0,forward,1.1438137292861938,1.6340360641479492,0.49022233486175537,0.04887270927429199
43,nebDFT2k:mp-768738_3_2_1_1_0,reverse,1.1438137292861938,1.6829087734222412,0.5390950441360474,0.04887270927429199
43,nebDFT2k:mp-768738_3_2_1_1_0,inference_symmetrised,1.1438137292861938,1.6584724187850952,0.5146586894989014,0.04887270927429199
43,nebDFT2k:mp-768843_14_11_0_1_1,forward,0.3818668723106384,0.4252772033214569,0.04341033101081848,0.005589991807937622
43,nebDFT2k:mp-768843_14_11_0_1_1,reverse,0.3818668723106384,0.4196872115135193,0.03782033920288086,0.005589991807937622
43,nebDFT2k:mp-768843_14_11_0_1_1,inference_symmetrised,0.3818668723106384,0.4224822074174881,0.04061533510684967,0.005589991807937622
43,nebDFT2k:mp-769036_28_3_0_1_1,forward,0.43523257970809937,1.1091110706329346,0.6738784909248352,0.0028842687606811523
43,nebDFT2k:mp-769036_28_3_0_1_1,reverse,0.43523257970809937,1.1062268018722534,0.670994222164154,0.0028842687606811523
43,nebDFT2k:mp-769036_28_3_0_1_1,inference_symmetrised,0.43523257970809937,1.107668936252594,0.6724363565444946,0.0028842687606811523
43,nebDFT2k:mp-769036_8_9_1_0_0,forward,0.42775994539260864,0.7880755066871643,0.36031556129455566,0.0004105567932128906
43,nebDFT2k:mp-769036_8_9_1_0_0,reverse,0.42775994539260864,0.7876649498939514,0.3599050045013428,0.0004105567932128906
43,nebDFT2k:mp-769036_8_9_1_0_0,inference_symmetrised,0.42775994539260864,0.7878702282905579,0.3601102828979492,0.0004105567932128906
43,nebDFT2k:mp-769036_8_10_0_0_0,forward,0.42633527517318726,0.7521811723709106,0.3258458971977234,0.0004049539566040039
43,nebDFT2k:mp-769036_8_10_0_0_0,reverse,0.42633527517318726,0.7517762184143066,0.3254409432411194,0.0004049539566040039
43,nebDFT2k:mp-769036_8_10_0_0_0,inference_symmetrised,0.42633527517318726,0.7519786953926086,0.3256434202194214,0.0004049539566040039
43,nebDFT2k:mp-770232_3_11_0_0_1,forward,0.5057204365730286,0.4577961564064026,0.04792428016662598,0.03114086389541626
43,nebDFT2k:mp-770232_3_11_0_0_1,reverse,0.5057204365730286,0.48893702030181885,0.016783416271209717,0.03114086389541626
43,nebDFT2k:mp-770232_3_11_0_0_1,inference_symmetrised,0.5057204365730286,0.4733665883541107,0.03235384821891785,0.03114086389541626
43,nebDFT2k:mp-770551_3_4_0_0_1,forward,0.399429053068161,0.40506938099861145,0.0056403279304504395,0.01191738247871399
43,nebDFT2k:mp-770551_3_4_0_0_1,reverse,0.399429053068161,0.41698676347732544,0.01755771040916443,0.01191738247871399
43,nebDFT2k:mp-770551_3_4_0_0_1,inference_symmetrised,0.399429053068161,0.41102807223796844,0.011599019169807434,0.01191738247871399
43,nebDFT2k:mp-770649_0_3_0_1_0,forward,0.4358738660812378,0.5285638570785522,0.09268999099731445,0.042342424392700195
43,nebDFT2k:mp-770649_0_3_0_1_0,reverse,0.4358738660812378,0.5709062814712524,0.13503241539001465,0.042342424392700195
43,nebDFT2k:mp-770649_0_3_0_1_0,inference_symmetrised,0.4358738660812378,0.5497350692749023,0.11386120319366455,0.042342424392700195
43,nebDFT2k:mp-770749_2_4_0_0_0,forward,0.3400055170059204,0.5199933648109436,0.1799878478050232,0.009618937969207764
43,nebDFT2k:mp-770749_2_4_0_0_0,reverse,0.3400055170059204,0.5296123027801514,0.18960678577423096,0.009618937969207764
43,nebDFT2k:mp-770749_2_4_0_0_0,inference_symmetrised,0.3400055170059204,0.5248028337955475,0.18479731678962708,0.009618937969207764
43,nebDFT2k:mp-770861_11_9_0_1_0,forward,0.8088666796684265,0.6146159172058105,0.19425076246261597,0.0053408145904541016
43,nebDFT2k:mp-770861_11_9_0_1_0,reverse,0.8088666796684265,0.6199567317962646,0.18890994787216187,0.0053408145904541016
43,nebDFT2k:mp-770861_11_9_0_1_0,inference_symmetrised,0.8088666796684265,0.6172863245010376,0.19158035516738892,0.0053408145904541016
43,nebDFT2k:mp-770876_2_3_0_1_0,forward,1.0284104347229004,1.0643548965454102,0.035944461822509766,0.010703563690185547
43,nebDFT2k:mp-770876_2_3_0_1_0,reverse,1.0284104347229004,1.0750584602355957,0.04664802551269531,0.010703563690185547
43,nebDFT2k:mp-770876_2_3_0_1_0,inference_symmetrised,1.0284104347229004,1.069706678390503,0.04129624366760254,0.010703563690185547
43,nebDFT2k:mp-770921_0_4_0_1_0,forward,0.37256544828414917,0.540113091468811,0.16754764318466187,0.019342899322509766
43,nebDFT2k:mp-770921_0_4_0_1_0,reverse,0.37256544828414917,0.5594559907913208,0.18689054250717163,0.019342899322509766
43,nebDFT2k:mp-770921_0_4_0_1_0,inference_symmetrised,0.37256544828414917,0.5497845411300659,0.17721909284591675,0.019342899322509766
43,nebDFT2k:mp-770939_10_9_1_0_0,forward,0.40068763494491577,0.5340836048126221,0.1333959698677063,0.04827505350112915
43,nebDFT2k:mp-770939_10_9_1_0_0,reverse,0.40068763494491577,0.5823586583137512,0.18167102336883545,0.04827505350112915
43,nebDFT2k:mp-770939_10_9_1_0_0,inference_symmetrised,0.40068763494491577,0.5582211315631866,0.15753349661827087,0.04827505350112915
43,nebDFT2k:mp-770939_2_10_0_0_0,forward,0.47966933250427246,0.4169825315475464,0.06268680095672607,0.04588240385055542
43,nebDFT2k:mp-770939_2_10_0_0_0,reverse,0.47966933250427246,0.4628649353981018,0.016804397106170654,0.04588240385055542
43,nebDFT2k:mp-770939_2_10_0_0_0,inference_symmetrised,0.47966933250427246,0.4399237334728241,0.039745599031448364,0.04588240385055542
43,nebDFT2k:mp-770939_10_1_1_0_1,forward,0.33471783995628357,0.38108640909194946,0.046368569135665894,0.01593393087387085
43,nebDFT2k:mp-770939_10_1_1_0_1,reverse,0.33471783995628357,0.3970203399658203,0.06230250000953674,0.01593393087387085
43,nebDFT2k:mp-770939_10_1_1_0_1,inference_symmetrised,0.33471783995628357,0.3890533745288849,0.05433553457260132,0.01593393087387085
43,nebDFT2k:mp-770939_3_11_1_0_0,forward,0.4799911677837372,0.4168212115764618,0.06316995620727539,0.04583454132080078
43,nebDFT2k:mp-770939_3_11_1_0_0,reverse,0.4799911677837372,0.4626557528972626,0.01733541488647461,0.04583454132080078
43,nebDFT2k:mp-770939_3_11_1_0_0,inference_symmetrised,0.4799911677837372,0.4397384822368622,0.040252685546875,0.04583454132080078
43,nebDFT2k:mp-770939_11_0_0_0_1,forward,0.33606410026550293,0.380963534116745,0.044899433851242065,0.016064465045928955
43,nebDFT2k:mp-770939_11_0_0_0_1,reverse,0.33606410026550293,0.39702799916267395,0.06096389889717102,0.016064465045928955
43,nebDFT2k:mp-770939_11_0_0_0_1,inference_symmetrised,0.33606410026550293,0.3889957666397095,0.05293166637420654,0.016064465045928955
43,nebDFT2k:mp-770939_2_5_0_0_1,forward,0.3350597321987152,0.37681788206100464,0.04175814986228943,0.022712528705596924
43,nebDFT2k:mp-770939_2_5_0_0_1,reverse,0.3350597321987152,0.39953041076660156,0.06447067856788635,0.022712528705596924
43,nebDFT2k:mp-770939_2_5_0_0_1,inference_symmetrised,0.3350597321987152,0.3881741464138031,0.05311441421508789,0.022712528705596924
43,nebDFT2k:mp-770939_8_11_0_0_0,forward,0.391576886177063,0.5344449281692505,0.1428680419921875,0.06368529796600342
43,nebDFT2k:mp-770939_8_11_0_0_0,reverse,0.391576886177063,0.5981302261352539,0.20655333995819092,0.06368529796600342
43,nebDFT2k:mp-770939_8_11_0_0_0,inference_symmetrised,0.391576886177063,0.5662875771522522,0.1747106909751892,0.06368529796600342
43,nebDFT2k:mp-770939_2_6_0_0_1,forward,0.3225223422050476,0.37621885538101196,0.053696513175964355,0.02034398913383484
43,nebDFT2k:mp-770939_2_6_0_0_1,reverse,0.3225223422050476,0.3965628445148468,0.0740405023097992,0.02034398913383484
43,nebDFT2k:mp-770939_2_6_0_0_1,inference_symmetrised,0.3225223422050476,0.3863908499479294,0.06386850774288177,0.02034398913383484
43,nebDFT2k:mp-770939_2_9_0_0_0,forward,0.13303782045841217,0.3276239037513733,0.19458608329296112,0.021894007921218872
43,nebDFT2k:mp-770939_2_9_0_0_0,reverse,0.13303782045841217,0.34951791167259216,0.21648009121418,0.021894007921218872
43,nebDFT2k:mp-770939_2_9_0_0_0,inference_symmetrised,0.13303782045841217,0.3385709077119827,0.20553308725357056,0.021894007921218872
43,nebDFT2k:mp-771011_2_1_1_-1_0,forward,0.6420322060585022,0.49102556705474854,0.15100663900375366,0.047518014907836914
43,nebDFT2k:mp-771011_2_1_1_-1_0,reverse,0.6420322060585022,0.5385435819625854,0.10348862409591675,0.047518014907836914
43,nebDFT2k:mp-771011_2_1_1_-1_0,inference_symmetrised,0.6420322060585022,0.514784574508667,0.1272476315498352,0.047518014907836914
43,nebDFT2k:mp-771011_3_0_1_-1_0,forward,0.6453012228012085,0.5983055233955383,0.046995699405670166,0.016226232051849365
43,nebDFT2k:mp-771011_3_0_1_-1_0,reverse,0.6453012228012085,0.582079291343689,0.06322193145751953,0.016226232051849365
43,nebDFT2k:mp-771011_3_0_1_-1_0,inference_symmetrised,0.6453012228012085,0.5901924073696136,0.05510881543159485,0.016226232051849365
43,nebDFT2k:mp-771019_2_5_1_1_0,forward,0.09585042297840118,0.6716680526733398,0.5758176296949387,0.035659730434417725
43,nebDFT2k:mp-771019_2_5_1_1_0,reverse,0.09585042297840118,0.7073277831077576,0.6114773601293564,0.035659730434417725
43,nebDFT2k:mp-771019_2_5_1_1_0,inference_symmetrised,0.09585042297840118,0.6894979178905487,0.5936474949121475,0.035659730434417725
43,nebDFT2k:mp-771821_0_2_0_0_0,forward,0.1138739287853241,0.2777544856071472,0.16388055682182312,0.02942696213722229
43,nebDFT2k:mp-771821_0_2_0_0_0,reverse,0.1138739287853241,0.3071814477443695,0.1933075189590454,0.02942696213722229
43,nebDFT2k:mp-771821_0_2_0_0_0,inference_symmetrised,0.1138739287853241,0.29246796667575836,0.17859403789043427,0.02942696213722229
43,nebDFT2k:mp-771906_1_0_1_0_0,forward,0.4369984269142151,0.4717918634414673,0.0347934365272522,0.038745760917663574
43,nebDFT2k:mp-771906_1_0_1_0_0,reverse,0.4369984269142151,0.5105376243591309,0.07353919744491577,0.038745760917663574
43,nebDFT2k:mp-771906_1_0_1_0_0,inference_symmetrised,0.4369984269142151,0.4911647439002991,0.054166316986083984,0.038745760917663574
43,nebDFT2k:mp-772502_1_2_0_0_0,forward,1.4095782041549683,1.392301082611084,0.017277121543884277,0.016199588775634766
43,nebDFT2k:mp-772502_1_2_0_0_0,reverse,1.4095782041549683,1.4085006713867188,0.0010775327682495117,0.016199588775634766
43,nebDFT2k:mp-772502_1_2_0_0_0,inference_symmetrised,1.4095782041549683,1.4004008769989014,0.009177327156066895,0.016199588775634766
43,nebDFT2k:mp-772542_0_2_0_0_0,forward,0.24687078595161438,0.4413145184516907,0.1944437325000763,0.06563782691955566
43,nebDFT2k:mp-772542_0_2_0_0_0,reverse,0.24687078595161438,0.5069523453712463,0.26008155941963196,0.06563782691955566
43,nebDFT2k:mp-772542_0_2_0_0_0,inference_symmetrised,0.24687078595161438,0.4741334319114685,0.22726264595985413,0.06563782691955566
43,nebDFT2k:mp-772613_0_1_0_0_0,forward,0.4315532147884369,0.805742084980011,0.3741888701915741,0.018246352672576904
43,nebDFT2k:mp-772613_0_1_0_0_0,reverse,0.4315532147884369,0.7874957323074341,0.3559425175189972,0.018246352672576904
43,nebDFT2k:mp-772613_0_1_0_0_0,inference_symmetrised,0.4315532147884369,0.7966189086437225,0.36506569385528564,0.018246352672576904
43,nebDFT2k:mp-772658_3_3_1_0_0,forward,1.721060872077942,0.629968523979187,1.0910923480987549,0.015061140060424805
43,nebDFT2k:mp-772658_3_3_1_0_0,reverse,1.721060872077942,0.6450296640396118,1.07603120803833,0.015061140060424805
43,nebDFT2k:mp-772658_3_3_1_0_0,inference_symmetrised,1.721060872077942,0.6374990940093994,1.0835617780685425,0.015061140060424805
43,nebDFT2k:mp-772851_6_10_0_1_0,forward,0.6534039378166199,0.4544965624809265,0.19890737533569336,0.018232643604278564
43,nebDFT2k:mp-772851_6_10_0_1_0,reverse,0.6534039378166199,0.4727292060852051,0.1806747317314148,0.018232643604278564
43,nebDFT2k:mp-772851_6_10_0_1_0,inference_symmetrised,0.6534039378166199,0.4636128842830658,0.18979105353355408,0.018232643604278564
43,nebDFT2k:mp-772981_0_2_0_0_0,forward,1.138868808746338,0.8744739294052124,0.2643948793411255,0.010439097881317139
43,nebDFT2k:mp-772981_0_2_0_0_0,reverse,1.138868808746338,0.8640348315238953,0.2748339772224426,0.010439097881317139
43,nebDFT2k:mp-772981_0_2_0_0_0,inference_symmetrised,1.138868808746338,0.8692543804645538,0.26961442828178406,0.010439097881317139
43,nebDFT2k:mp-772981_1_2_0_0_0,forward,3.077207326889038,0.87624192237854,2.200965404510498,0.0066530704498291016
43,nebDFT2k:mp-772981_1_2_0_0_0,reverse,3.077207326889038,0.8828949928283691,2.194312334060669,0.0066530704498291016
43,nebDFT2k:mp-772981_1_2_0_0_0,inference_symmetrised,3.077207326889038,0.8795684576034546,2.1976388692855835,0.0066530704498291016
43,nebDFT2k:mp-774843_2_3_0_0_0,forward,1.0624136924743652,0.9230805039405823,0.13933318853378296,0.029554784297943115
43,nebDFT2k:mp-774843_2_3_0_0_0,reverse,1.0624136924743652,0.9526352882385254,0.10977840423583984,0.029554784297943115
43,nebDFT2k:mp-774843_2_3_0_0_0,inference_symmetrised,1.0624136924743652,0.9378578960895538,0.1245557963848114,0.029554784297943115
43,nebDFT2k:mp-774843_2_3_1_0_0,forward,0.8142358660697937,0.46618902683258057,0.34804683923721313,0.07408195734024048
43,nebDFT2k:mp-774843_2_3_1_0_0,reverse,0.8142358660697937,0.540270984172821,0.27396488189697266,0.07408195734024048
43,nebDFT2k:mp-774843_2_3_1_0_0,inference_symmetrised,0.8142358660697937,0.5032300055027008,0.3110058605670929,0.07408195734024048
43,nebDFT2k:mp-774843_2_3_0_1_0,forward,0.8414992690086365,0.9254207015037537,0.08392143249511719,0.037499427795410156
43,nebDFT2k:mp-774843_2_3_0_1_0,reverse,0.8414992690086365,0.9629201292991638,0.12142086029052734,0.037499427795410156
43,nebDFT2k:mp-774843_2_3_0_1_0,inference_symmetrised,0.8414992690086365,0.9441704154014587,0.10267114639282227,0.037499427795410156
43,nebDFT2k:mp-774843_2_0_0_1_0,forward,3.6757445335388184,3.729167938232422,0.053423404693603516,0.008282184600830078
43,nebDFT2k:mp-774843_2_0_0_1_0,reverse,3.6757445335388184,3.720885753631592,0.04514122009277344,0.008282184600830078
43,nebDFT2k:mp-774843_2_0_0_1_0,inference_symmetrised,3.6757445335388184,3.725026845932007,0.04928231239318848,0.008282184600830078
43,nebDFT2k:mp-774843_0_1_0_0_0,forward,0.8201401233673096,0.828579306602478,0.008439183235168457,0.01887458562850952
43,nebDFT2k:mp-774843_0_1_0_0_0,reverse,0.8201401233673096,0.8474538922309875,0.02731376886367798,0.01887458562850952
43,nebDFT2k:mp-774843_0_1_0_0_0,inference_symmetrised,0.8201401233673096,0.8380165994167328,0.017876476049423218,0.01887458562850952
43,nebDFT2k:mp-774946_0_2_0_0_0,forward,0.6453417539596558,0.5405690670013428,0.10477268695831299,0.007431507110595703
43,nebDFT2k:mp-774946_0_2_0_0_0,reverse,0.6453417539596558,0.5480005741119385,0.09734117984771729,0.007431507110595703
43,nebDFT2k:mp-774946_0_2_0_0_0,inference_symmetrised,0.6453417539596558,0.5442848205566406,0.10105693340301514,0.007431507110595703
43,nebDFT2k:mp-775195_1_5_0_1_0,forward,0.11352421343326569,0.30075398087501526,0.18722976744174957,0.015355914831161499
43,nebDFT2k:mp-775195_1_5_0_1_0,reverse,0.11352421343326569,0.28539806604385376,0.17187385261058807,0.015355914831161499
43,nebDFT2k:mp-775195_1_5_0_1_0,inference_symmetrised,0.11352421343326569,0.2930760234594345,0.17955181002616882,0.015355914831161499
43,nebDFT2k:mp-776519_1_0_0_1_0,forward,1.0567388534545898,0.7667297124862671,0.29000914096832275,0.017036080360412598
43,nebDFT2k:mp-776519_1_0_0_1_0,reverse,1.0567388534545898,0.7837657928466797,0.27297306060791016,0.017036080360412598
43,nebDFT2k:mp-776519_1_0_0_1_0,inference_symmetrised,1.0567388534545898,0.7752477526664734,0.28149110078811646,0.017036080360412598
43,nebDFT2k:mp-776806_0_1_0_0_0,forward,0.8505998849868774,0.8022060990333557,0.04839378595352173,0.04098236560821533
43,nebDFT2k:mp-776806_0_1_0_0_0,reverse,0.8505998849868774,0.7612237334251404,0.08937615156173706,0.04098236560821533
43,nebDFT2k:mp-776806_0_1_0_0_0,inference_symmetrised,0.8505998849868774,0.781714916229248,0.0688849687576294,0.04098236560821533
43,nebDFT2k:mp-776806_3_2_1_1_0,forward,0.6594776511192322,0.6799110174179077,0.020433366298675537,0.05908000469207764
43,nebDFT2k:mp-776806_3_2_1_1_0,reverse,0.6594776511192322,0.6208310127258301,0.0386466383934021,0.05908000469207764
43,nebDFT2k:mp-776806_3_2_1_1_0,inference_symmetrised,0.6594776511192322,0.6503710150718689,0.009106636047363281,0.05908000469207764
43,nebDFT2k:mp-777279_19_7_1_0_0,forward,0.389350026845932,0.6105263829231262,0.2211763560771942,0.027273118495941162
43,nebDFT2k:mp-777279_19_7_1_0_0,reverse,0.389350026845932,0.6377995014190674,0.24844947457313538,0.027273118495941162
43,nebDFT2k:mp-777279_19_7_1_0_0,inference_symmetrised,0.389350026845932,0.6241629421710968,0.2348129153251648,0.027273118495941162
43,nebDFT2k:mp-777670_0_1_0_0_0,forward,0.7413540482521057,0.7538831233978271,0.012529075145721436,0.008817732334136963
43,nebDFT2k:mp-777670_0_1_0_0_0,reverse,0.7413540482521057,0.7450653910636902,0.0037113428115844727,0.008817732334136963
43,nebDFT2k:mp-777670_0_1_0_0_0,inference_symmetrised,0.7413540482521057,0.7494742572307587,0.008120208978652954,0.008817732334136963
43,nebDFT2k:mp-777670_0_2_0_1_0,forward,4.522794723510742,3.3714447021484375,1.1513500213623047,0.05781269073486328
43,nebDFT2k:mp-777670_0_2_0_1_0,reverse,4.522794723510742,3.429257392883301,1.0935373306274414,0.05781269073486328
43,nebDFT2k:mp-777670_0_2_0_1_0,inference_symmetrised,4.522794723510742,3.400351047515869,1.122443675994873,0.05781269073486328
43,nebDFT2k:mp-777670_1_0_0_1_0,forward,0.6251729130744934,0.6414166688919067,0.01624375581741333,0.06233257055282593
43,nebDFT2k:mp-777670_1_0_0_1_0,reverse,0.6251729130744934,0.7037492394447327,0.07857632637023926,0.06233257055282593
43,nebDFT2k:mp-777670_1_0_0_1_0,inference_symmetrised,0.6251729130744934,0.6725829541683197,0.047410041093826294,0.06233257055282593
43,nebDFT2k:mp-778325_0_1_0_0_0,forward,0.6744814515113831,0.7923997044563293,0.11791825294494629,0.00017690658569335938
43,nebDFT2k:mp-778325_0_1_0_0_0,reverse,0.6744814515113831,0.792222797870636,0.11774134635925293,0.00017690658569335938
43,nebDFT2k:mp-778325_0_1_0_0_0,inference_symmetrised,0.6744814515113831,0.7923112511634827,0.11782979965209961,0.00017690658569335938
43,nebDFT2k:mp-778830_1_9_1_1_0,forward,0.25904756784439087,0.8841620087623596,0.6251144409179688,0.021614372730255127
43,nebDFT2k:mp-778830_1_9_1_1_0,reverse,0.25904756784439087,0.8625476360321045,0.6035000681877136,0.021614372730255127
43,nebDFT2k:mp-778830_1_9_1_1_0,inference_symmetrised,0.25904756784439087,0.8733548223972321,0.6143072545528412,0.021614372730255127
43,nebDFT2k:mp-778830_4_0_1_-1_-1,forward,0.2582642734050751,0.6027902364730835,0.3445259630680084,0.009552597999572754
43,nebDFT2k:mp-778830_4_0_1_-1_-1,reverse,0.2582642734050751,0.5932376384735107,0.33497336506843567,0.009552597999572754
43,nebDFT2k:mp-778830_4_0_1_-1_-1,inference_symmetrised,0.2582642734050751,0.5980139374732971,0.33974966406822205,0.009552597999572754
43,nebDFT2k:mp-779432_2_7_0_1_0,forward,0.17155316472053528,0.3779255449771881,0.20637238025665283,0.027715861797332764
43,nebDFT2k:mp-779432_2_7_0_1_0,reverse,0.17155316472053528,0.4056414067745209,0.2340882420539856,0.027715861797332764
43,nebDFT2k:mp-779432_2_7_0_1_0,inference_symmetrised,0.17155316472053528,0.3917834758758545,0.2202303111553192,0.027715861797332764
43,nebDFT2k:mp-779720_1_4_0_0_0,forward,0.3813576102256775,0.29606854915618896,0.08528906106948853,0.025687694549560547
43,nebDFT2k:mp-779720_1_4_0_0_0,reverse,0.3813576102256775,0.2703808546066284,0.11097675561904907,0.025687694549560547
43,nebDFT2k:mp-779720_1_4_0_0_0,inference_symmetrised,0.3813576102256775,0.2832247018814087,0.0981329083442688,0.025687694549560547
43,nebDFT2k:mp-779720_0_6_0_0_0,forward,0.876657247543335,0.5188667178153992,0.3577905297279358,0.016989707946777344
43,nebDFT2k:mp-779720_0_6_0_0_0,reverse,0.876657247543335,0.5018770098686218,0.37478023767471313,0.016989707946777344
43,nebDFT2k:mp-779720_0_6_0_0_0,inference_symmetrised,0.876657247543335,0.5103718638420105,0.36628538370132446,0.016989707946777344
43,nebDFT2k:mp-779720_12_22_0_0_0,forward,0.6643123030662537,0.45203661918640137,0.2122756838798523,0.06320321559906006
43,nebDFT2k:mp-779720_12_22_0_0_0,reverse,0.6643123030662537,0.3888334035873413,0.27547889947891235,0.06320321559906006
43,nebDFT2k:mp-779720_12_22_0_0_0,inference_symmetrised,0.6643123030662537,0.42043501138687134,0.24387729167938232,0.06320321559906006
43,nebDFT2k:mp-779720_4_8_0_1_0,forward,0.4980355501174927,0.5932749509811401,0.09523940086364746,0.01661604642868042
43,nebDFT2k:mp-779720_4_8_0_1_0,reverse,0.4980355501174927,0.6098909974098206,0.11185544729232788,0.01661604642868042
43,nebDFT2k:mp-779720_4_8_0_1_0,inference_symmetrised,0.4980355501174927,0.6015829741954803,0.10354742407798767,0.01661604642868042
43,nebDFT2k:mp-781596_1_3_0_1_0,forward,0.12982939183712006,0.43615996837615967,0.3063305765390396,0.021709024906158447
43,nebDFT2k:mp-781596_1_3_0_1_0,reverse,0.12982939183712006,0.4578689932823181,0.32803960144519806,0.021709024906158447
43,nebDFT2k:mp-781596_1_3_0_1_0,inference_symmetrised,0.12982939183712006,0.4470144808292389,0.31718508899211884,0.021709024906158447
43,nebDFT2k:mp-849351_1_0_1_0_-1,forward,1.591550588607788,0.5985147953033447,0.9930357933044434,0.0010710954666137695
43,nebDFT2k:mp-849351_1_0_1_0_-1,reverse,1.591550588607788,0.5995858907699585,0.9919646978378296,0.0010710954666137695
43,nebDFT2k:mp-849351_1_0_1_0_-1,inference_symmetrised,1.591550588607788,0.5990503430366516,0.9925002455711365,0.0010710954666137695
43,nebDFT2k:mp-849386_8_8_1_0_0,forward,1.0149714946746826,0.4826752543449402,0.5322962403297424,0.027421891689300537
43,nebDFT2k:mp-849386_8_8_1_0_0,reverse,1.0149714946746826,0.5100971460342407,0.5048743486404419,0.027421891689300537
43,nebDFT2k:mp-849386_8_8_1_0_0,inference_symmetrised,1.0149714946746826,0.49638620018959045,0.5185852944850922,0.027421891689300537
43,nebDFT2k:mp-850532_0_1_0_1_0,forward,0.5237549543380737,0.6041201949119568,0.08036524057388306,0.010564744472503662
43,nebDFT2k:mp-850532_0_1_0_1_0,reverse,0.5237549543380737,0.6146849393844604,0.09092998504638672,0.010564744472503662
43,nebDFT2k:mp-850532_0_1_0_1_0,inference_symmetrised,0.5237549543380737,0.6094025671482086,0.08564761281013489,0.010564744472503662
71,nebDFT2k:mp-1020056_0_0_1_1_0,forward,2.066868543624878,2.979477882385254,0.912609338760376,0.1898188591003418
71,nebDFT2k:mp-1020056_0_0_1_1_0,reverse,2.066868543624878,2.789659023284912,0.7227904796600342,0.1898188591003418
71,nebDFT2k:mp-1020056_0_0_1_1_0,inference_symmetrised,2.066868543624878,2.884568452835083,0.8176999092102051,0.1898188591003418
71,nebDFT2k:mp-1020056_0_2_1_0_0,forward,0.13001933693885803,0.5758950114250183,0.4458756744861603,0.0026433467864990234
71,nebDFT2k:mp-1020056_0_2_1_0_0,reverse,0.13001933693885803,0.5785383582115173,0.4485190212726593,0.0026433467864990234
71,nebDFT2k:mp-1020056_0_2_1_0_0,inference_symmetrised,0.13001933693885803,0.5772166848182678,0.4471973478794098,0.0026433467864990234
71,nebDFT2k:mp-1020056_2_2_1_1_0,forward,1.452639102935791,2.5222413539886475,1.0696022510528564,0.17064785957336426
71,nebDFT2k:mp-1020056_2_2_1_1_0,reverse,1.452639102935791,2.351593494415283,0.8989543914794922,0.17064785957336426
71,nebDFT2k:mp-1020056_2_2_1_1_0,inference_symmetrised,1.452639102935791,2.4369174242019653,0.9842783212661743,0.17064785957336426
71,nebDFT2k:mp-1147726_4_6_1_0_0,forward,0.1745581477880478,0.3430020809173584,0.1684439331293106,3.293156623840332e-05
71,nebDFT2k:mp-1147726_4_6_1_0_0,reverse,0.1745581477880478,0.34296914935112,0.1684110015630722,3.293156623840332e-05
71,nebDFT2k:mp-1147726_4_6_1_0_0,inference_symmetrised,0.1745581477880478,0.3429856151342392,0.1684274673461914,3.293156623840332e-05
71,nebDFT2k:mp-1174212_5_7_0_0_0,forward,0.8727639317512512,0.31352129578590393,0.5592426359653473,0.006179600954055786
71,nebDFT2k:mp-1174212_5_7_0_0_0,reverse,0.8727639317512512,0.30734169483184814,0.5654222369194031,0.006179600954055786
71,nebDFT2k:mp-1174212_5_7_0_0_0,inference_symmetrised,0.8727639317512512,0.31043149530887604,0.5623324364423752,0.006179600954055786
71,nebDFT2k:mp-1175313_9_13_0_0_0,forward,0.5736613869667053,0.39574912190437317,0.17791226506233215,0.03881898522377014
71,nebDFT2k:mp-1175313_9_13_0_0_0,reverse,0.5736613869667053,0.4345681071281433,0.139093279838562,0.03881898522377014
71,nebDFT2k:mp-1175313_9_13_0_0_0,inference_symmetrised,0.5736613869667053,0.41515861451625824,0.15850277245044708,0.03881898522377014
71,nebDFT2k:mp-1175624_0_3_0_1_0,forward,0.40710362792015076,0.3008863627910614,0.10621726512908936,0.01768094301223755
71,nebDFT2k:mp-1175624_0_3_0_1_0,reverse,0.40710362792015076,0.28320541977882385,0.1238982081413269,0.01768094301223755
71,nebDFT2k:mp-1175624_0_3_0_1_0,inference_symmetrised,0.40710362792015076,0.2920458912849426,0.11505773663520813,0.01768094301223755
71,nebDFT2k:mp-1175840_1_1_1_0_0,forward,2.172025442123413,1.8616652488708496,0.3103601932525635,0.04378700256347656
71,nebDFT2k:mp-1175840_1_1_1_0_0,reverse,2.172025442123413,1.9054522514343262,0.2665731906890869,0.04378700256347656
71,nebDFT2k:mp-1175840_1_1_1_0_0,inference_symmetrised,2.172025442123413,1.883558750152588,0.2884666919708252,0.04378700256347656
71,nebDFT2k:mp-1176566_0_2_0_0_0,forward,0.17504152655601501,0.31451642513275146,0.13947489857673645,0.0021516382694244385
71,nebDFT2k:mp-1176566_0_2_0_0_0,reverse,0.17504152655601501,0.3166680634021759,0.1416265368461609,0.0021516382694244385
71,nebDFT2k:mp-1176566_0_2_0_0_0,inference_symmetrised,0.17504152655601501,0.3155922442674637,0.14055071771144867,0.0021516382694244385
71,nebDFT2k:mp-1176566_0_2_0_1_0,forward,2.848614454269409,1.3963382244110107,1.4522762298583984,0.029726028442382812
71,nebDFT2k:mp-1176566_0_2_0_1_0,reverse,2.848614454269409,1.4260642528533936,1.4225502014160156,0.029726028442382812
71,nebDFT2k:mp-1176566_0_2_0_1_0,inference_symmetrised,2.848614454269409,1.4112012386322021,1.437413215637207,0.029726028442382812
71,nebDFT2k:mp-1176649_6_7_0_0_0,forward,0.9662818312644958,1.0554380416870117,0.08915621042251587,0.026289939880371094
71,nebDFT2k:mp-1176649_6_7_0_0_0,reverse,0.9662818312644958,1.0291481018066406,0.06286627054214478,0.026289939880371094
71,nebDFT2k:mp-1176649_6_7_0_0_0,inference_symmetrised,0.9662818312644958,1.0422930717468262,0.07601124048233032,0.026289939880371094
71,nebDFT2k:mp-1176994_9_9_1_0_0,forward,2.2720789909362793,2.139346122741699,0.13273286819458008,0.0006077289581298828
71,nebDFT2k:mp-1176994_9_9_1_0_0,reverse,2.2720789909362793,2.1387383937835693,0.13334059715270996,0.0006077289581298828
71,nebDFT2k:mp-1176994_9_9_1_0_0,inference_symmetrised,2.2720789909362793,2.1390422582626343,0.13303673267364502,0.0006077289581298828
71,nebDFT2k:mp-1177804_0_1_0_0_1,forward,1.6887457370758057,2.1601004600524902,0.47135472297668457,0.0200655460357666
71,nebDFT2k:mp-1177804_0_1_0_0_1,reverse,1.6887457370758057,2.1400349140167236,0.45128917694091797,0.0200655460357666
71,nebDFT2k:mp-1177804_0_1_0_0_1,inference_symmetrised,1.6887457370758057,2.150067687034607,0.46132194995880127,0.0200655460357666
71,nebDFT2k:mp-1177804_0_2_0_0_1,forward,0.3489684462547302,0.4605742394924164,0.11160579323768616,0.010984152555465698
71,nebDFT2k:mp-1177804_0_2_0_0_1,reverse,0.3489684462547302,0.4715583920478821,0.12258994579315186,0.010984152555465698
71,nebDFT2k:mp-1177804_0_2_0_0_1,inference_symmetrised,0.3489684462547302,0.46606631577014923,0.117097869515419,0.010984152555465698
71,nebDFT2k:mp-1177943_4_7_0_0_0,forward,0.9865845441818237,0.9103150963783264,0.07626944780349731,0.011298120021820068
71,nebDFT2k:mp-1177943_4_7_0_0_0,reverse,0.9865845441818237,0.8990169763565063,0.08756756782531738,0.011298120021820068
71,nebDFT2k:mp-1177943_4_7_0_0_0,inference_symmetrised,0.9865845441818237,0.9046660363674164,0.08191850781440735,0.011298120021820068
71,nebDFT2k:mp-1178166_8_9_0_0_1,forward,0.8422648310661316,0.9233114719390869,0.08104664087295532,0.03411787748336792
71,nebDFT2k:mp-1178166_8_9_0_0_1,reverse,0.8422648310661316,0.9574293494224548,0.11516451835632324,0.03411787748336792
71,nebDFT2k:mp-1178166_8_9_0_0_1,inference_symmetrised,0.8422648310661316,0.9403704106807709,0.09810557961463928,0.03411787748336792
71,nebDFT2k:mp-1202443_0_6_0_0_1,forward,1.9113332033157349,1.0374428033828735,0.8738903999328613,0.0336686372756958
71,nebDFT2k:mp-1202443_0_6_0_0_1,reverse,1.9113332033157349,1.0037741661071777,0.9075590372085571,0.0336686372756958
71,nebDFT2k:mp-1202443_0_6_0_0_1,inference_symmetrised,1.9113332033157349,1.0206084847450256,0.8907247185707092,0.0336686372756958
71,nebDFT2k:mp-1222404_0_0_0_1_-1,forward,0.4571089446544647,0.3428861200809479,0.11422282457351685,8.463859558105469e-05
71,nebDFT2k:mp-1222404_0_0_0_1_-1,reverse,0.4571089446544647,0.3428014814853668,0.1143074631690979,8.463859558105469e-05
71,nebDFT2k:mp-1222404_0_0_0_1_-1,inference_symmetrised,0.4571089446544647,0.34284380078315735,0.11426514387130737,8.463859558105469e-05
71,nebDFT2k:mp-1222469_0_0_0_1_0,forward,1.3453915119171143,0.7173169851303101,0.6280745267868042,0.04468357563018799
71,nebDFT2k:mp-1222469_0_0_0_1_0,reverse,1.3453915119171143,0.6726334095001221,0.6727581024169922,0.04468357563018799
71,nebDFT2k:mp-1222469_0_0_0_1_0,inference_symmetrised,1.3453915119171143,0.6949751973152161,0.6504163146018982,0.04468357563018799
71,nebDFT2k:mp-1222510_2_2_0_1_0,forward,1.738020896911621,1.9180707931518555,0.18004989624023438,0.058263301849365234
71,nebDFT2k:mp-1222510_2_2_0_1_0,reverse,1.738020896911621,1.8598074913024902,0.12178659439086914,0.058263301849365234
71,nebDFT2k:mp-1222510_2_2_0_1_0,inference_symmetrised,1.738020896911621,1.8889391422271729,0.15091824531555176,0.058263301849365234
71,nebDFT2k:mp-1222575_1_2_0_0_0,forward,1.200072169303894,0.9801607728004456,0.2199113965034485,0.002082645893096924
71,nebDFT2k:mp-1222575_1_2_0_0_0,reverse,1.200072169303894,0.9780781269073486,0.2219940423965454,0.002082645893096924
71,nebDFT2k:mp-1222575_1_2_0_0_0,inference_symmetrised,1.200072169303894,0.9791194498538971,0.22095271944999695,0.002082645893096924
71,nebDFT2k:mp-1222575_0_2_0_0_0,forward,4.537822246551514,4.391993522644043,0.1458287239074707,0.027007579803466797
71,nebDFT2k:mp-1222575_0_2_0_0_0,reverse,4.537822246551514,4.364985942840576,0.1728363037109375,0.027007579803466797
71,nebDFT2k:mp-1222575_0_2_0_0_0,inference_symmetrised,4.537822246551514,4.37848973274231,0.1593325138092041,0.027007579803466797
71,nebDFT2k:mp-1222591_0_0_0_1_0,forward,0.4859350323677063,0.3818983733654022,0.10403665900230408,0.0065292418003082275
71,nebDFT2k:mp-1222591_0_0_0_1_0,reverse,0.4859350323677063,0.375369131565094,0.1105659008026123,0.0065292418003082275
71,nebDFT2k:mp-1222591_0_0_0_1_0,inference_symmetrised,0.4859350323677063,0.3786337524652481,0.10730127990245819,0.0065292418003082275
71,nebDFT2k:mp-1277038_4_0_0_1_0,forward,0.685222327709198,0.777710497379303,0.09248816967010498,0.018699049949645996
71,nebDFT2k:mp-1277038_4_0_0_1_0,reverse,0.685222327709198,0.759011447429657,0.07378911972045898,0.018699049949645996
71,nebDFT2k:mp-1277038_4_0_0_1_0,inference_symmetrised,0.685222327709198,0.76836097240448,0.08313864469528198,0.018699049949645996
71,nebDFT2k:mp-1277589_2_0_1_0_0,forward,0.5733042359352112,0.6160885095596313,0.042784273624420166,0.04373180866241455
71,nebDFT2k:mp-1277589_2_0_1_0_0,reverse,0.5733042359352112,0.5723567008972168,0.0009475350379943848,0.04373180866241455
71,nebDFT2k:mp-1277589_2_0_1_0_0,inference_symmetrised,0.5733042359352112,0.5942226052284241,0.02091836929321289,0.04373180866241455
71,nebDFT2k:mp-1277613_3_1_1_-1_0,forward,0.5781484246253967,0.25882071256637573,0.319327712059021,0.066191166639328
71,nebDFT2k:mp-1277613_3_1_1_-1_0,reverse,0.5781484246253967,0.19262954592704773,0.385518878698349,0.066191166639328
71,nebDFT2k:mp-1277613_3_1_1_-1_0,inference_symmetrised,0.5781484246253967,0.22572512924671173,0.352423295378685,0.066191166639328
71,nebDFT2k:mp-1277613_2_0_0_0_1,forward,0.5695000886917114,0.2510472238063812,0.3184528648853302,0.06648798286914825
71,nebDFT2k:mp-1277613_2_0_0_0_1,reverse,0.5695000886917114,0.18455924093723297,0.38494084775447845,0.06648798286914825
71,nebDFT2k:mp-1277613_2_0_0_0_1,inference_symmetrised,0.5695000886917114,0.2178032323718071,0.3516968563199043,0.06648798286914825
71,nebDFT2k:mp-1277814_5_7_0_1_0,forward,2.58870530128479,0.49260663986206055,2.0960986614227295,0.03508639335632324
71,nebDFT2k:mp-1277814_5_7_0_1_0,reverse,2.58870530128479,0.4575202465057373,2.1311850547790527,0.03508639335632324
71,nebDFT2k:mp-1277814_5_7_0_1_0,inference_symmetrised,2.58870530128479,0.4750634431838989,2.113641858100891,0.03508639335632324
71,nebDFT2k:mp-1277814_6_10_1_-1_0,forward,2.7002744674682617,1.395979404449463,1.3042950630187988,0.022765398025512695
71,nebDFT2k:mp-1277814_6_10_1_-1_0,reverse,2.7002744674682617,1.3732140064239502,1.3270604610443115,0.022765398025512695
71,nebDFT2k:mp-1277814_6_10_1_-1_0,inference_symmetrised,2.7002744674682617,1.3845967054367065,1.3156777620315552,0.022765398025512695
71,nebDFT2k:mp-1277814_1_2_0_1_0,forward,0.4587925672531128,0.5202361345291138,0.06144356727600098,0.05364358425140381
71,nebDFT2k:mp-1277814_1_2_0_1_0,reverse,0.4587925672531128,0.46659255027770996,0.007799983024597168,0.05364358425140381
71,nebDFT2k:mp-1277814_1_2_0_1_0,inference_symmetrised,0.4587925672531128,0.49341434240341187,0.03462177515029907,0.05364358425140381
71,nebDFT2k:mp-1277814_9_2_1_1_0,forward,2.4481306076049805,1.3935449123382568,1.0545856952667236,0.021415233612060547
71,nebDFT2k:mp-1277814_9_2_1_1_0,reverse,2.4481306076049805,1.3721296787261963,1.0760009288787842,0.021415233612060547
71,nebDFT2k:mp-1277814_9_2_1_1_0,inference_symmetrised,2.4481306076049805,1.3828372955322266,1.065293312072754,0.021415233612060547
71,nebDFT2k:mp-1282211_3_0_0_0_1,forward,3.475863456726074,1.7358968257904053,1.739966630935669,0.07411313056945801
71,nebDFT2k:mp-1282211_3_0_0_0_1,reverse,3.475863456726074,1.6617836952209473,1.814079761505127,0.07411313056945801
71,nebDFT2k:mp-1282211_3_0_0_0_1,inference_symmetrised,3.475863456726074,1.6988402605056763,1.777023196220398,0.07411313056945801
71,nebDFT2k:mp-1282761_2_1_1_1_0,forward,0.2802552878856659,0.21075397729873657,0.06950131058692932,0.05736975371837616
71,nebDFT2k:mp-1282761_2_1_1_1_0,reverse,0.2802552878856659,0.1533842235803604,0.12687106430530548,0.05736975371837616
71,nebDFT2k:mp-1282761_2_1_1_1_0,inference_symmetrised,0.2802552878856659,0.1820691004395485,0.0981861874461174,0.05736975371837616
71,nebDFT2k:mp-1282761_3_0_0_0_1,forward,0.28042837977409363,0.2003871500492096,0.08004122972488403,0.05193999409675598
71,nebDFT2k:mp-1282761_3_0_0_0_1,reverse,0.28042837977409363,0.1484471559524536,0.13198122382164001,0.05193999409675598
71,nebDFT2k:mp-1282761_3_0_0_0_1,inference_symmetrised,0.28042837977409363,0.1744171530008316,0.10601122677326202,0.05193999409675598
71,nebDFT2k:mp-1282869_0_3_0_0_0,forward,0.5327412486076355,0.40788018703460693,0.12486106157302856,0.04918324947357178
71,nebDFT2k:mp-1282869_0_3_0_0_0,reverse,0.5327412486076355,0.4570634365081787,0.07567781209945679,0.04918324947357178
71,nebDFT2k:mp-1282869_0_3_0_0_0,inference_symmetrised,0.5327412486076355,0.4324718117713928,0.10026943683624268,0.04918324947357178
71,nebDFT2k:mp-1282869_1_2_1_0_0,forward,0.531970202922821,0.45810917019844055,0.0738610327243805,0.019450515508651733
71,nebDFT2k:mp-1282869_1_2_1_0_0,reverse,0.531970202922821,0.4775596857070923,0.05441051721572876,0.019450515508651733
71,nebDFT2k:mp-1282869_1_2_1_0_0,inference_symmetrised,0.531970202922821,0.4678344279527664,0.06413577497005463,0.019450515508651733
71,nebDFT2k:mp-1282931_3_5_0_0_0,forward,0.6656212210655212,0.6703857183456421,0.00476449728012085,0.014945685863494873
71,nebDFT2k:mp-1282931_3_5_0_0_0,reverse,0.6656212210655212,0.685331404209137,0.019710183143615723,0.014945685863494873
71,nebDFT2k:mp-1282931_3_5_0_0_0,inference_symmetrised,0.6656212210655212,0.6778585612773895,0.012237340211868286,0.014945685863494873
71,nebDFT2k:mp-1284600_2_7_0_0_0,forward,0.41195741295814514,0.38512852787971497,0.026828885078430176,0.016583800315856934
71,nebDFT2k:mp-1284600_2_7_0_0_0,reverse,0.41195741295814514,0.4017123281955719,0.010245084762573242,0.016583800315856934
71,nebDFT2k:mp-1284600_2_7_0_0_0,inference_symmetrised,0.41195741295814514,0.39342042803764343,0.01853698492050171,0.016583800315856934
71,nebDFT2k:mp-1295192_1_1_1_0_0,forward,1.0270062685012817,0.9932866096496582,0.033719658851623535,0.011440575122833252
71,nebDFT2k:mp-1295192_1_1_1_0_0,reverse,1.0270062685012817,0.981846034526825,0.04516023397445679,0.011440575122833252
71,nebDFT2k:mp-1295192_1_1_1_0_0,inference_symmetrised,1.0270062685012817,0.9875663220882416,0.03943994641304016,0.011440575122833252
71,nebDFT2k:mp-1295192_3_3_1_0_0,forward,1.0451579093933105,1.000867486000061,0.04429042339324951,0.008727729320526123
71,nebDFT2k:mp-1295192_3_3_1_0_0,reverse,1.0451579093933105,0.9921397566795349,0.053018152713775635,0.008727729320526123
71,nebDFT2k:mp-1295192_3_3_1_0_0,inference_symmetrised,1.0451579093933105,0.996503621339798,0.04865428805351257,0.008727729320526123
71,nebDFT2k:mp-1297766_1_5_1_-1_0,forward,2.696653127670288,1.8981361389160156,0.7985169887542725,0.026968955993652344
71,nebDFT2k:mp-1297766_1_5_1_-1_0,reverse,2.696653127670288,1.8711671829223633,0.8254859447479248,0.026968955993652344
71,nebDFT2k:mp-1297766_1_5_1_-1_0,inference_symmetrised,2.696653127670288,1.8846516609191895,0.8120014667510986,0.026968955993652344
71,nebDFT2k:mp-1306251_7_5_1_1_0,forward,1.546714425086975,0.9398717284202576,0.6068426966667175,0.007559418678283691
71,nebDFT2k:mp-1306251_7_5_1_1_0,reverse,1.546714425086975,0.9323123097419739,0.6144021153450012,0.007559418678283691
71,nebDFT2k:mp-1306251_7_5_1_1_0,inference_symmetrised,1.546714425086975,0.9360920190811157,0.6106224060058594,0.007559418678283691
71,nebDFT2k:mp-1314006_1_0_0_1_-1,forward,0.2759045958518982,-0.04229700565338135,0.31820160150527954,0.062416255474090576
71,nebDFT2k:mp-1314006_1_0_0_1_-1,reverse,0.2759045958518982,0.02011924982070923,0.25578534603118896,0.062416255474090576
71,nebDFT2k:mp-1314006_1_0_0_1_-1,inference_symmetrised,0.2759045958518982,-0.01108887791633606,0.28699347376823425,0.062416255474090576
71,nebDFT2k:mp-1320203_8_0_0_1_0,forward,0.7955121994018555,0.6315689086914062,0.16394329071044922,0.03314000368118286
71,nebDFT2k:mp-1320203_8_0_0_1_0,reverse,0.7955121994018555,0.5984289050102234,0.19708329439163208,0.03314000368118286
71,nebDFT2k:mp-1320203_8_0_0_1_0,inference_symmetrised,0.7955121994018555,0.6149989068508148,0.18051329255104065,0.03314000368118286
71,nebDFT2k:mp-1641416_3_9_0_0_0,forward,0.38150760531425476,0.43553656339645386,0.0540289580821991,0.034624576568603516
71,nebDFT2k:mp-1641416_3_9_0_0_0,reverse,0.38150760531425476,0.40091198682785034,0.01940438151359558,0.034624576568603516
71,nebDFT2k:mp-1641416_3_9_0_0_0,inference_symmetrised,0.38150760531425476,0.4182242751121521,0.03671666979789734,0.034624576568603516
71,nebDFT2k:mp-25463_4_10_1_0_0,forward,0.6109094023704529,0.3746635913848877,0.23624581098556519,0.009528160095214844
71,nebDFT2k:mp-25463_4_10_1_0_0,reverse,0.6109094023704529,0.36513543128967285,0.24577397108078003,0.009528160095214844
71,nebDFT2k:mp-25463_4_10_1_0_0,inference_symmetrised,0.6109094023704529,0.3698995113372803,0.2410098910331726,0.009528160095214844
71,nebDFT2k:mp-25465_1_0_0_0_1,forward,0.857966959476471,0.5698279142379761,0.2881390452384949,0.0004496574401855469
71,nebDFT2k:mp-25465_1_0_0_0_1,reverse,0.857966959476471,0.5693782567977905,0.2885887026786804,0.0004496574401855469
71,nebDFT2k:mp-25465_1_0_0_0_1,inference_symmetrised,0.857966959476471,0.5696030855178833,0.28836387395858765,0.0004496574401855469
71,nebDFT2k:mp-25465_1_0_1_0_1,forward,0.22785605490207672,0.15734218060970306,0.07051387429237366,0.0013867169618606567
71,nebDFT2k:mp-25465_1_0_1_0_1,reverse,0.22785605490207672,0.15872889757156372,0.069127157330513,0.0013867169618606567
71,nebDFT2k:mp-25465_1_0_1_0_1,inference_symmetrised,0.22785605490207672,0.1580355390906334,0.06982051581144333,0.0013867169618606567
71,nebDFT2k:mp-26247_6_9_0_0_0,forward,0.6142609715461731,0.40252718329429626,0.21173378825187683,0.0058616697788238525
71,nebDFT2k:mp-26247_6_9_0_0_0,reverse,0.6142609715461731,0.3966655135154724,0.21759545803070068,0.0058616697788238525
71,nebDFT2k:mp-26247_6_9_0_0_0,inference_symmetrised,0.6142609715461731,0.39959634840488434,0.21466462314128876,0.0058616697788238525
71,nebDFT2k:mp-26351_0_2_0_0_0,forward,1.5798574686050415,1.0687775611877441,0.5110799074172974,0.033616065979003906
71,nebDFT2k:mp-26351_0_2_0_0_0,reverse,1.5798574686050415,1.102393627166748,0.47746384143829346,0.033616065979003906
71,nebDFT2k:mp-26351_0_2_0_0_0,inference_symmetrised,1.5798574686050415,1.085585594177246,0.4942718744277954,0.033616065979003906
71,nebDFT2k:mp-26721_0_1_0_0_0,forward,1.2890585660934448,0.5136118531227112,0.7754467129707336,0.02016758918762207
71,nebDFT2k:mp-26721_0_1_0_0_0,reverse,1.2890585660934448,0.4934442639350891,0.7956143021583557,0.02016758918762207
71,nebDFT2k:mp-26721_0_1_0_0_0,inference_symmetrised,1.2890585660934448,0.5035280585289001,0.7855305075645447,0.02016758918762207
71,nebDFT2k:mp-26965_0_2_0_1_0,forward,0.2988061010837555,0.34609657526016235,0.04729047417640686,0.0053792595863342285
71,nebDFT2k:mp-26965_0_2_0_1_0,reverse,0.2988061010837555,0.3407173156738281,0.04191121459007263,0.0053792595863342285
71,nebDFT2k:mp-26965_0_2_0_1_0,inference_symmetrised,0.2988061010837555,0.34340694546699524,0.044600844383239746,0.0053792595863342285
71,nebDFT2k:mp-28030_17_16_0_1_-1,forward,0.8980735540390015,0.7513526678085327,0.14672088623046875,0.0036956071853637695
71,nebDFT2k:mp-28030_17_16_0_1_-1,reverse,0.8980735540390015,0.7550482749938965,0.14302527904510498,0.0036956071853637695
71,nebDFT2k:mp-28030_17_16_0_1_-1,inference_symmetrised,0.8980735540390015,0.7532004714012146,0.14487308263778687,0.0036956071853637695
71,nebDFT2k:mp-28030_30_31_0_0_0,forward,0.9760967493057251,0.7831170558929443,0.19297969341278076,0.053052306175231934
71,nebDFT2k:mp-28030_30_31_0_0_0,reverse,0.9760967493057251,0.8361693620681763,0.13992738723754883,0.053052306175231934
71,nebDFT2k:mp-28030_30_31_0_0_0,inference_symmetrised,0.9760967493057251,0.8096432089805603,0.1664535403251648,0.053052306175231934
71,nebDFT2k:mp-28030_2_22_0_0_0,forward,0.8691693544387817,0.6263943314552307,0.24277502298355103,0.006802737712860107
71,nebDFT2k:mp-28030_2_22_0_0_0,reverse,0.8691693544387817,0.6195915937423706,0.24957776069641113,0.006802737712860107
71,nebDFT2k:mp-28030_2_22_0_0_0,inference_symmetrised,0.8691693544387817,0.6229929625988007,0.24617639183998108,0.006802737712860107
71,nebDFT2k:mp-28548_0_8_0_0_0,forward,0.11965204030275345,0.3829992115497589,0.26334717124700546,0.06637075543403625
71,nebDFT2k:mp-28548_0_8_0_0_0,reverse,0.11965204030275345,0.31662845611572266,0.1969764158129692,0.06637075543403625
71,nebDFT2k:mp-28548_0_8_0_0_0,inference_symmetrised,0.11965204030275345,0.3498138338327408,0.23016179352998734,0.06637075543403625
71,nebDFT2k:mp-29040_4_3_0_1_1,forward,0.4273566007614136,0.7361438274383545,0.3087872266769409,0.024068892002105713
71,nebDFT2k:mp-29040_4_3_0_1_1,reverse,0.4273566007614136,0.7120749354362488,0.2847183346748352,0.024068892002105713
71,nebDFT2k:mp-29040_4_3_0_1_1,inference_symmetrised,0.4273566007614136,0.7241093814373016,0.29675278067588806,0.024068892002105713
71,nebDFT2k:mp-29040_0_5_0_0_0,forward,0.8543699979782104,0.6916096210479736,0.16276037693023682,0.010331928730010986
71,nebDFT2k:mp-29040_0_5_0_0_0,reverse,0.8543699979782104,0.7019415497779846,0.15242844820022583,0.010331928730010986
71,nebDFT2k:mp-29040_0_5_0_0_0,inference_symmetrised,0.8543699979782104,0.6967755854129791,0.15759441256523132,0.010331928730010986
71,nebDFT2k:mp-29040_1_3_0_0_0,forward,0.1771891564130783,0.6983422040939331,0.5211530476808548,0.003948211669921875
71,nebDFT2k:mp-29040_1_3_0_0_0,reverse,0.1771891564130783,0.702290415763855,0.5251012593507767,0.003948211669921875
71,nebDFT2k:mp-29040_1_3_0_0_0,inference_symmetrised,0.1771891564130783,0.700316309928894,0.5231271535158157,0.003948211669921875
71,nebDFT2k:mp-34038_3_4_0_1_0,forward,1.1277568340301514,-0.07847070693969727,1.2062275409698486,0.815030038356781
71,nebDFT2k:mp-34038_3_4_0_1_0,reverse,1.1277568340301514,0.7365593314170837,0.3911975026130676,0.815030038356781
71,nebDFT2k:mp-34038_3_4_0_1_0,inference_symmetrised,1.1277568340301514,0.32904431223869324,0.7987125217914581,0.815030038356781
71,nebDFT2k:mp-34038_0_2_0_0_1,forward,0.7510952949523926,0.6730115413665771,0.07808375358581543,0.15115857124328613
71,nebDFT2k:mp-34038_0_2_0_0_1,reverse,0.7510952949523926,0.521852970123291,0.22924232482910156,0.15115857124328613
71,nebDFT2k:mp-34038_0_2_0_0_1,inference_symmetrised,0.7510952949523926,0.5974322557449341,0.1536630392074585,0.15115857124328613
71,nebDFT2k:mp-34038_2_0_0_1_-1,forward,0.7525688409805298,0.7224273681640625,0.030141472816467285,0.11832141876220703
71,nebDFT2k:mp-34038_2_0_0_1_-1,reverse,0.7525688409805298,0.8407487869262695,0.08817994594573975,0.11832141876220703
71,nebDFT2k:mp-34038_2_0_0_1_-1,inference_symmetrised,0.7525688409805298,0.781588077545166,0.02901923656463623,0.11832141876220703
71,nebDFT2k:mp-34038_0_1_1_1_0,forward,1.2990351915359497,0.2137131541967392,1.0853220373392105,0.019612953066825867
71,nebDFT2k:mp-34038_0_1_1_1_0,reverse,1.2990351915359497,0.19410020112991333,1.1049349904060364,0.019612953066825867
71,nebDFT2k:mp-34038_0_1_1_1_0,inference_symmetrised,1.2990351915359497,0.20390667766332626,1.0951285138726234,0.019612953066825867
71,nebDFT2k:mp-34038_4_4_0_1_0,forward,0.11014693975448608,-0.12205848097801208,0.23220542073249817,0.6715067327022552
71,nebDFT2k:mp-34038_4_4_0_1_0,reverse,0.11014693975448608,0.5494482517242432,0.4393013119697571,0.6715067327022552
71,nebDFT2k:mp-34038_4_4_0_1_0,inference_symmetrised,0.11014693975448608,0.21369488537311554,0.10354794561862946,0.6715067327022552
71,nebDFT2k:mp-34038_0_0_1_-1_0,forward,1.1750401258468628,0.6056733727455139,0.5693667531013489,0.15924865007400513
71,nebDFT2k:mp-34038_0_0_1_-1_0,reverse,1.1750401258468628,0.764922022819519,0.41011810302734375,0.15924865007400513
71,nebDFT2k:mp-34038_0_0_1_-1_0,inference_symmetrised,1.1750401258468628,0.6852976977825165,0.4897424280643463,0.15924865007400513
71,nebDFT2k:mp-3635_0_3_0_0_0,forward,0.6212753653526306,0.5365638732910156,0.08471149206161499,0.01569843292236328
71,nebDFT2k:mp-3635_0_3_0_0_0,reverse,0.6212753653526306,0.5208654403686523,0.10040992498397827,0.01569843292236328
71,nebDFT2k:mp-3635_0_3_0_0_0,inference_symmetrised,0.6212753653526306,0.528714656829834,0.09256070852279663,0.01569843292236328
71,nebDFT2k:mp-4002_0_1_0_0_0,forward,0.4607055187225342,0.6883573532104492,0.22765183448791504,0.01948714256286621
71,nebDFT2k:mp-4002_0_1_0_0_0,reverse,0.4607055187225342,0.7078444957733154,0.24713897705078125,0.01948714256286621
71,nebDFT2k:mp-4002_0_1_0_0_0,inference_symmetrised,0.4607055187225342,0.6981009244918823,0.23739540576934814,0.01948714256286621
71,nebDFT2k:mp-4117_3_0_1_0_1,forward,2.0165598392486572,1.754150629043579,0.2624092102050781,0.029542922973632812
71,nebDFT2k:mp-4117_3_0_1_0_1,reverse,2.0165598392486572,1.7246077060699463,0.29195213317871094,0.029542922973632812
71,nebDFT2k:mp-4117_3_0_1_0_1,inference_symmetrised,2.0165598392486572,1.7393791675567627,0.27718067169189453,0.029542922973632812
71,nebDFT2k:mp-556655_0_7_0_1_-1,forward,0.42521727085113525,0.4358917474746704,0.010674476623535156,0.00796663761138916
71,nebDFT2k:mp-556655_0_7_0_1_-1,reverse,0.42521727085113525,0.42792510986328125,0.002707839012145996,0.00796663761138916
71,nebDFT2k:mp-556655_0_7_0_1_-1,inference_symmetrised,0.42521727085113525,0.43190842866897583,0.006691157817840576,0.00796663761138916
71,nebDFT2k:mp-556655_1_4_0_0_0,forward,0.4567823112010956,0.2753753960132599,0.1814069151878357,0.04727989435195923
71,nebDFT2k:mp-556655_1_4_0_0_0,reverse,0.4567823112010956,0.3226552903652191,0.13412702083587646,0.04727989435195923
71,nebDFT2k:mp-556655_1_4_0_0_0,inference_symmetrised,0.4567823112010956,0.2990153431892395,0.15776696801185608,0.04727989435195923
71,nebDFT2k:mp-559680_0_2_0_0_1,forward,1.600379467010498,1.0116850137710571,0.5886944532394409,0.031764864921569824
71,nebDFT2k:mp-559680_0_2_0_0_1,reverse,1.600379467010498,1.043449878692627,0.5569295883178711,0.031764864921569824
71,nebDFT2k:mp-559680_0_2_0_0_1,inference_symmetrised,1.600379467010498,1.027567446231842,0.572812020778656,0.031764864921569824
71,nebDFT2k:mp-567474_0_1_0_0_0,forward,0.06772521883249283,0.20240691304206848,0.13468169420957565,0.5893093049526215
71,nebDFT2k:mp-567474_0_1_0_0_0,reverse,0.06772521883249283,0.7917162179946899,0.7239909991621971,0.5893093049526215
71,nebDFT2k:mp-567474_0_1_0_0_0,inference_symmetrised,0.06772521883249283,0.4970615655183792,0.4293363466858864,0.5893093049526215
71,nebDFT2k:mp-6745_0_1_1_0_0,forward,1.3544573783874512,1.5944459438323975,0.2399885654449463,0.005168437957763672
71,nebDFT2k:mp-6745_0_1_1_0_0,reverse,1.3544573783874512,1.5996143817901611,0.24515700340270996,0.005168437957763672
71,nebDFT2k:mp-6745_0_1_1_0_0,inference_symmetrised,1.3544573783874512,1.5970301628112793,0.24257278442382812,0.005168437957763672
71,nebDFT2k:mp-6745_0_1_0_0_0,forward,1.8797433376312256,1.4359021186828613,0.44384121894836426,0.015442132949829102
71,nebDFT2k:mp-6745_0_1_0_0_0,reverse,1.8797433376312256,1.4513442516326904,0.42839908599853516,0.015442132949829102
71,nebDFT2k:mp-6745_0_1_0_0_0,inference_symmetrised,1.8797433376312256,1.4436231851577759,0.4361201524734497,0.015442132949829102
71,nebDFT2k:mp-752552_2_7_0_1_1,forward,0.10932184755802155,0.46288734674453735,0.3535654991865158,0.09494662284851074
71,nebDFT2k:mp-752552_2_7_0_1_1,reverse,0.10932184755802155,0.3679407238960266,0.25861887633800507,0.09494662284851074
71,nebDFT2k:mp-752552_2_7_0_1_1,inference_symmetrised,0.10932184755802155,0.415414035320282,0.30609218776226044,0.09494662284851074
71,nebDFT2k:mp-752552_0_7_0_0_1,forward,0.11279285699129105,0.48030269145965576,0.3675098344683647,0.09948775172233582
71,nebDFT2k:mp-752552_0_7_0_0_1,reverse,0.11279285699129105,0.38081493973731995,0.2680220827460289,0.09948775172233582
71,nebDFT2k:mp-752552_0_7_0_0_1,inference_symmetrised,0.11279285699129105,0.43055881559848785,0.3177659586071968,0.09948775172233582
71,nebDFT2k:mp-752707_0_2_0_0_0,forward,0.6314464211463928,0.3193255662918091,0.31212085485458374,0.02275097370147705
71,nebDFT2k:mp-752707_0_2_0_0_0,reverse,0.6314464211463928,0.29657459259033203,0.3348718285560608,0.02275097370147705
71,nebDFT2k:mp-752707_0_2_0_0_0,inference_symmetrised,0.6314464211463928,0.30795007944107056,0.32349634170532227,0.02275097370147705
71,nebDFT2k:mp-753109_2_0_1_0_-1,forward,0.6892510056495667,0.5596622228622437,0.129588782787323,0.01940363645553589
71,nebDFT2k:mp-753109_2_0_1_0_-1,reverse,0.6892510056495667,0.5790658593177795,0.11018514633178711,0.01940363645553589
71,nebDFT2k:mp-753109_2_0_1_0_-1,inference_symmetrised,0.6892510056495667,0.5693640410900116,0.11988696455955505,0.01940363645553589
71,nebDFT2k:mp-753126_0_1_1_1_0,forward,1.355068564414978,1.0840415954589844,0.27102696895599365,0.0004940032958984375
71,nebDFT2k:mp-753126_0_1_1_1_0,reverse,1.355068564414978,1.0845355987548828,0.2705329656600952,0.0004940032958984375
71,nebDFT2k:mp-753126_0_1_1_1_0,inference_symmetrised,1.355068564414978,1.0842885971069336,0.27077996730804443,0.0004940032958984375
71,nebDFT2k:mp-753204_0_2_0_0_0,forward,0.5282348990440369,0.3845069408416748,0.14372795820236206,0.05065920948982239
71,nebDFT2k:mp-753204_0_2_0_0_0,reverse,0.5282348990440369,0.3338477313518524,0.19438716769218445,0.05065920948982239
71,nebDFT2k:mp-753204_0_2_0_0_0,inference_symmetrised,0.5282348990440369,0.3591773360967636,0.16905756294727325,0.05065920948982239
71,nebDFT2k:mp-753340_2_3_0_0_0,forward,0.5125430822372437,0.4772286117076874,0.035314470529556274,0.07728564739227295
71,nebDFT2k:mp-753340_2_3_0_0_0,reverse,0.5125430822372437,0.39994296431541443,0.11260011792182922,0.07728564739227295
71,nebDFT2k:mp-753340_2_3_0_0_0,inference_symmetrised,0.5125430822372437,0.4385857880115509,0.07395729422569275,0.07728564739227295
71,nebDFT2k:mp-753477_6_2_0_1_0,forward,1.7132000923156738,0.34308868646621704,1.3701114058494568,0.00010320544242858887
71,nebDFT2k:mp-753477_6_2_0_1_0,reverse,1.7132000923156738,0.34298548102378845,1.3702146112918854,0.00010320544242858887
71,nebDFT2k:mp-753477_6_2_0_1_0,inference_symmetrised,1.7132000923156738,0.34303708374500275,1.370163008570671,0.00010320544242858887
71,nebDFT2k:mp-753791_0_2_1_1_0,forward,0.5920940041542053,0.5545806288719177,0.0375133752822876,0.0182306170463562
71,nebDFT2k:mp-753791_0_2_1_1_0,reverse,0.5920940041542053,0.5363500118255615,0.0557439923286438,0.0182306170463562
71,nebDFT2k:mp-753791_0_2_1_1_0,inference_symmetrised,0.5920940041542053,0.5454653203487396,0.0466286838054657,0.0182306170463562
71,nebDFT2k:mp-753882_0_1_1_0_-1,forward,0.7118020057678223,0.4410741329193115,0.27072787284851074,0.02090620994567871
71,nebDFT2k:mp-753882_0_1_1_0_-1,reverse,0.7118020057678223,0.4201679229736328,0.29163408279418945,0.02090620994567871
71,nebDFT2k:mp-753882_0_1_1_0_-1,inference_symmetrised,0.7118020057678223,0.43062102794647217,0.2811809778213501,0.02090620994567871
71,nebDFT2k:mp-753882_0_3_1_0_0,forward,0.3007654845714569,0.3708548843860626,0.07008939981460571,0.08691093325614929
71,nebDFT2k:mp-753882_0_3_1_0_0,reverse,0.3007654845714569,0.28394395112991333,0.01682153344154358,0.08691093325614929
71,nebDFT2k:mp-753882_0_3_1_0_0,inference_symmetrised,0.3007654845714569,0.327399417757988,0.026633933186531067,0.08691093325614929
71,nebDFT2k:mp-753882_4_5_0_0_0,forward,0.26893350481987,0.27864861488342285,0.009715110063552856,0.03969834744930267
71,nebDFT2k:mp-753882_4_5_0_0_0,reverse,0.26893350481987,0.23895026743412018,0.029983237385749817,0.03969834744930267
71,nebDFT2k:mp-753882_4_5_0_0_0,inference_symmetrised,0.26893350481987,0.2587994411587715,0.01013406366109848,0.03969834744930267
71,nebDFT2k:mp-753882_3_2_0_1_0,forward,0.6040976047515869,0.3296945095062256,0.27440309524536133,0.010646969079971313
71,nebDFT2k:mp-753882_3_2_0_1_0,reverse,0.6040976047515869,0.3190475404262543,0.28505006432533264,0.010646969079971313
71,nebDFT2k:mp-753882_3_2_0_1_0,inference_symmetrised,0.6040976047515869,0.32437102496623993,0.279726579785347,0.010646969079971313
71,nebDFT2k:mp-753899_0_3_0_0_0,forward,3.2507238388061523,2.1630184650421143,1.087705373764038,0.009433746337890625
71,nebDFT2k:mp-753899_0_3_0_0_0,reverse,3.2507238388061523,2.172452211380005,1.0782716274261475,0.009433746337890625
71,nebDFT2k:mp-753899_0_3_0_0_0,inference_symmetrised,3.2507238388061523,2.1677353382110596,1.0829885005950928,0.009433746337890625
71,nebDFT2k:mp-754292_1_2_0_0_0,forward,0.9215542674064636,0.9434846043586731,0.021930336952209473,0.009085237979888916
71,nebDFT2k:mp-754292_1_2_0_0_0,reverse,0.9215542674064636,0.9343993663787842,0.012845098972320557,0.009085237979888916
71,nebDFT2k:mp-754292_1_2_0_0_0,inference_symmetrised,0.9215542674064636,0.9389419853687286,0.017387717962265015,0.009085237979888916
71,nebDFT2k:mp-754292_7_5_0_1_0,forward,0.47816863656044006,0.22345805168151855,0.2547105848789215,0.0025116652250289917
71,nebDFT2k:mp-754292_7_5_0_1_0,reverse,0.47816863656044006,0.22094638645648956,0.2572222501039505,0.0025116652250289917
71,nebDFT2k:mp-754292_7_5_0_1_0,inference_symmetrised,0.47816863656044006,0.22220221906900406,0.255966417491436,0.0025116652250289917
71,nebDFT2k:mp-754292_1_7_0_0_0,forward,0.2623552978038788,0.22937721014022827,0.03297808766365051,0.008590862154960632
71,nebDFT2k:mp-754292_1_7_0_0_0,reverse,0.2623552978038788,0.2379680722951889,0.02438722550868988,0.008590862154960632
71,nebDFT2k:mp-754292_1_7_0_0_0,inference_symmetrised,0.2623552978038788,0.2336726412177086,0.028682656586170197,0.008590862154960632
71,nebDFT2k:mp-754292_0_3_0_0_0,forward,0.9209744334220886,0.9448010325431824,0.02382659912109375,0.009335458278656006
71,nebDFT2k:mp-754292_0_3_0_0_0,reverse,0.9209744334220886,0.9354655742645264,0.014491140842437744,0.009335458278656006
71,nebDFT2k:mp-754292_0_3_0_0_0,inference_symmetrised,0.9209744334220886,0.9401333034038544,0.019158869981765747,0.009335458278656006
71,nebDFT2k:mp-754292_0_3_1_0_0,forward,0.7782686352729797,0.4879809617996216,0.29028767347335815,0.027059316635131836
71,nebDFT2k:mp-754292_0_3_1_0_0,reverse,0.7782686352729797,0.5150402784347534,0.2632283568382263,0.027059316635131836
71,nebDFT2k:mp-754292_0_3_1_0_0,inference_symmetrised,0.7782686352729797,0.5015106201171875,0.27675801515579224,0.027059316635131836
71,nebDFT2k:mp-754292_3_9_0_0_0,forward,0.2626491189002991,0.22933365404605865,0.03331546485424042,0.008508622646331787
71,nebDFT2k:mp-754292_3_9_0_0_0,reverse,0.2626491189002991,0.23784227669239044,0.02480684220790863,0.008508622646331787
71,nebDFT2k:mp-754292_3_9_0_0_0,inference_symmetrised,0.2626491189002991,0.23358796536922455,0.029061153531074524,0.008508622646331787
71,nebDFT2k:mp-754923_0_2_0_0_1,forward,0.42040032148361206,0.5391095876693726,0.1187092661857605,0.04429894685745239
71,nebDFT2k:mp-754923_0_2_0_0_1,reverse,0.42040032148361206,0.49481064081192017,0.0744103193283081,0.04429894685745239
71,nebDFT2k:mp-754923_0_2_0_0_1,inference_symmetrised,0.42040032148361206,0.5169601142406464,0.0965597927570343,0.04429894685745239
71,nebDFT2k:mp-755369_6_3_0_0_1,forward,2.607285737991333,2.1006343364715576,0.5066514015197754,0.00683903694152832
71,nebDFT2k:mp-755369_6_3_0_0_1,reverse,2.607285737991333,2.107473373413086,0.49981236457824707,0.00683903694152832
71,nebDFT2k:mp-755369_6_3_0_0_1,inference_symmetrised,2.607285737991333,2.1040538549423218,0.5032318830490112,0.00683903694152832
71,nebDFT2k:mp-755369_6_0_1_0_1,forward,0.9742417335510254,0.7026147842407227,0.27162694931030273,0.029784083366394043
71,nebDFT2k:mp-755369_6_0_1_0_1,reverse,0.9742417335510254,0.6728307008743286,0.3014110326766968,0.029784083366394043
71,nebDFT2k:mp-755369_6_0_1_0_1,inference_symmetrised,0.9742417335510254,0.6877227425575256,0.28651899099349976,0.029784083366394043
71,nebDFT2k:mp-755369_11_7_0_1_0,forward,2.6194679737091064,2.0245132446289062,0.5949547290802002,0.019895553588867188
71,nebDFT2k:mp-755369_11_7_0_1_0,reverse,2.6194679737091064,2.004617691040039,0.6148502826690674,0.019895553588867188
71,nebDFT2k:mp-755369_11_7_0_1_0,inference_symmetrised,2.6194679737091064,2.0145654678344727,0.6049025058746338,0.019895553588867188
71,nebDFT2k:mp-755369_2_0_1_0_1,forward,2.918403148651123,2.179783821105957,0.738619327545166,0.026221513748168945
71,nebDFT2k:mp-755369_2_0_1_0_1,reverse,2.918403148651123,2.206005334854126,0.7123978137969971,0.026221513748168945
71,nebDFT2k:mp-755369_2_0_1_0_1,inference_symmetrised,2.918403148651123,2.1928945779800415,0.7255085706710815,0.026221513748168945
71,nebDFT2k:mp-755369_10_8_1_-1_0,forward,0.637105405330658,0.6078411340713501,0.02926427125930786,0.005132555961608887
71,nebDFT2k:mp-755369_10_8_1_-1_0,reverse,0.637105405330658,0.612973690032959,0.024131715297698975,0.005132555961608887
71,nebDFT2k:mp-755369_10_8_1_-1_0,inference_symmetrised,0.637105405330658,0.6104074120521545,0.026697993278503418,0.005132555961608887
71,nebDFT2k:mp-755369_1_4_0_0_1,forward,2.7418344020843506,2.0224125385284424,0.7194218635559082,0.028540372848510742
71,nebDFT2k:mp-755369_1_4_0_0_1,reverse,2.7418344020843506,1.9938721656799316,0.747962236404419,0.028540372848510742
71,nebDFT2k:mp-755369_1_4_0_0_1,inference_symmetrised,2.7418344020843506,2.008142352104187,0.7336920499801636,0.028540372848510742
71,nebDFT2k:mp-755369_3_5_1_1_0,forward,0.9749377965927124,0.6517430543899536,0.3231947422027588,0.03813666105270386
71,nebDFT2k:mp-755369_3_5_1_1_0,reverse,0.9749377965927124,0.6898797154426575,0.28505808115005493,0.03813666105270386
71,nebDFT2k:mp-755369_3_5_1_1_0,inference_symmetrised,0.9749377965927124,0.6708113849163055,0.30412641167640686,0.03813666105270386
71,nebDFT2k:mp-755839_0_5_0_0_0,forward,0.5476699471473694,0.4559868574142456,0.09168308973312378,0.01931542158126831
71,nebDFT2k:mp-755839_0_5_0_0_0,reverse,0.5476699471473694,0.4753022789955139,0.07236766815185547,0.01931542158126831
71,nebDFT2k:mp-755839_0_5_0_0_0,inference_symmetrised,0.5476699471473694,0.46564456820487976,0.08202537894248962,0.01931542158126831
71,nebDFT2k:mp-756174_1_0_1_0_0,forward,0.6218590140342712,0.7769139409065247,0.15505492687225342,0.0041689276695251465
71,nebDFT2k:mp-756174_1_0_1_0_0,reverse,0.6218590140342712,0.7727450132369995,0.15088599920272827,0.0041689276695251465
71,nebDFT2k:mp-756174_1_0_1_0_0,inference_symmetrised,0.6218590140342712,0.7748294770717621,0.15297046303749084,0.0041689276695251465
71,nebDFT2k:mp-756174_0_1_0_0_0,forward,0.38954514265060425,0.5716778635978699,0.18213272094726562,0.002683103084564209
71,nebDFT2k:mp-756174_0_1_0_0_0,reverse,0.38954514265060425,0.5689947605133057,0.17944961786270142,0.002683103084564209
71,nebDFT2k:mp-756174_0_1_0_0_0,inference_symmetrised,0.38954514265060425,0.5703363120555878,0.18079116940498352,0.002683103084564209
71,nebDFT2k:mp-756912_1_1_1_0_0,forward,0.5701987743377686,1.275648593902588,0.7054498195648193,0.010970830917358398
71,nebDFT2k:mp-756912_1_1_1_0_0,reverse,0.5701987743377686,1.2646777629852295,0.6944789886474609,0.010970830917358398
71,nebDFT2k:mp-756912_1_1_1_0_0,inference_symmetrised,0.5701987743377686,1.2701631784439087,0.6999644041061401,0.010970830917358398
71,nebDFT2k:mp-757068_0_1_0_0_0,forward,0.049742020666599274,0.23868048191070557,0.1889384612441063,0.004690617322921753
71,nebDFT2k:mp-757068_0_1_0_0_0,reverse,0.049742020666599274,0.24337109923362732,0.19362907856702805,0.004690617322921753
71,nebDFT2k:mp-757068_0_1_0_0_0,inference_symmetrised,0.049742020666599274,0.24102579057216644,0.19128376990556717,0.004690617322921753
71,nebDFT2k:mp-757461_1_2_0_1_0,forward,0.19807608425617218,0.2558942437171936,0.05781815946102142,0.0008781850337982178
71,nebDFT2k:mp-757461_1_2_0_1_0,reverse,0.19807608425617218,0.2550160586833954,0.056939974427223206,0.0008781850337982178
71,nebDFT2k:mp-757461_1_2_0_1_0,inference_symmetrised,0.19807608425617218,0.2554551512002945,0.057379066944122314,0.0008781850337982178
71,nebDFT2k:mp-757693_0_2_0_0_0,forward,0.40716037154197693,0.49787116050720215,0.09071078896522522,0.006310462951660156
71,nebDFT2k:mp-757693_0_2_0_0_0,reverse,0.40716037154197693,0.5041816234588623,0.09702125191688538,0.006310462951660156
71,nebDFT2k:mp-757693_0_2_0_0_0,inference_symmetrised,0.40716037154197693,0.5010263919830322,0.0938660204410553,0.006310462951660156
71,nebDFT2k:mp-757714_2_3_0_0_0,forward,0.05814062058925629,0.22583234310150146,0.16769172251224518,0.003935962915420532
71,nebDFT2k:mp-757714_2_3_0_0_0,reverse,0.05814062058925629,0.22189638018608093,0.16375575959682465,0.003935962915420532
71,nebDFT2k:mp-757714_2_3_0_0_0,inference_symmetrised,0.05814062058925629,0.2238643616437912,0.1657237410545349,0.003935962915420532
71,nebDFT2k:mp-757800_1_4_0_0_0,forward,1.2522964477539062,1.2595195770263672,0.0072231292724609375,0.04780411720275879
71,nebDFT2k:mp-757800_1_4_0_0_0,reverse,1.2522964477539062,1.2117154598236084,0.04058098793029785,0.04780411720275879
71,nebDFT2k:mp-757800_1_4_0_0_0,inference_symmetrised,1.2522964477539062,1.2356175184249878,0.016678929328918457,0.04780411720275879
71,nebDFT2k:mp-758282_1_1_1_0_0,forward,0.12165363132953644,0.3288707137107849,0.20721708238124847,0.010530143976211548
71,nebDFT2k:mp-758282_1_1_1_0_0,reverse,0.12165363132953644,0.31834056973457336,0.19668693840503693,0.010530143976211548
71,nebDFT2k:mp-758282_1_1_1_0_0,inference_symmetrised,0.12165363132953644,0.32360564172267914,0.2019520103931427,0.010530143976211548
71,nebDFT2k:mp-758282_0_2_0_0_0,forward,0.28606387972831726,0.33584800362586975,0.04978412389755249,0.008211523294448853
71,nebDFT2k:mp-758282_0_2_0_0_0,reverse,0.28606387972831726,0.3276364803314209,0.04157260060310364,0.008211523294448853
71,nebDFT2k:mp-758282_0_2_0_0_0,inference_symmetrised,0.28606387972831726,0.3317422419786453,0.045678362250328064,0.008211523294448853
71,nebDFT2k:mp-758380_3_8_0_0_0,forward,2.9573986530303955,1.977339744567871,0.9800589084625244,0.07444214820861816
71,nebDFT2k:mp-758380_3_8_0_0_0,reverse,2.9573986530303955,2.0517818927764893,0.9056167602539062,0.07444214820861816
71,nebDFT2k:mp-758380_3_8_0_0_0,inference_symmetrised,2.9573986530303955,2.01456081867218,0.9428378343582153,0.07444214820861816
71,nebDFT2k:mp-758486_3_0_1_0_1,forward,0.44390058517456055,0.33485227823257446,0.10904830694198608,0.11580291390419006
71,nebDFT2k:mp-758486_3_0_1_0_1,reverse,0.44390058517456055,0.2190493643283844,0.22485122084617615,0.11580291390419006
71,nebDFT2k:mp-758486_3_0_1_0_1,inference_symmetrised,0.44390058517456055,0.27695082128047943,0.16694976389408112,0.11580291390419006
71,nebDFT2k:mp-758720_0_3_1_0_0,forward,0.4760017991065979,0.46031010150909424,0.015691697597503662,0.03744515776634216
71,nebDFT2k:mp-758720_0_3_1_0_0,reverse,0.4760017991065979,0.4977552592754364,0.0217534601688385,0.03744515776634216
71,nebDFT2k:mp-758720_0_3_1_0_0,inference_symmetrised,0.4760017991065979,0.4790326803922653,0.0030308812856674194,0.03744515776634216
71,nebDFT2k:mp-758793_0_1_0_0_0,forward,0.22866390645503998,0.4076458215713501,0.17898191511631012,0.02838537096977234
71,nebDFT2k:mp-758793_0_1_0_0_0,reverse,0.22866390645503998,0.37926045060157776,0.15059654414653778,0.02838537096977234
71,nebDFT2k:mp-758793_0_1_0_0_0,inference_symmetrised,0.22866390645503998,0.39345313608646393,0.16478922963142395,0.02838537096977234
71,nebDFT2k:mp-759082_0_2_0_0_0,forward,0.825259804725647,0.663761556148529,0.16149824857711792,0.0016703009605407715
71,nebDFT2k:mp-759082_0_2_0_0_0,reverse,0.825259804725647,0.6654318571090698,0.15982794761657715,0.0016703009605407715
71,nebDFT2k:mp-759082_0_2_0_0_0,inference_symmetrised,0.825259804725647,0.6645967066287994,0.16066309809684753,0.0016703009605407715
71,nebDFT2k:mp-759082_0_2_1_0_0,forward,0.2511012852191925,0.24069586396217346,0.010405421257019043,0.0008408576250076294
71,nebDFT2k:mp-759082_0_2_1_0_0,reverse,0.2511012852191925,0.23985500633716583,0.011246278882026672,0.0008408576250076294
71,nebDFT2k:mp-759082_0_2_1_0_0,inference_symmetrised,0.2511012852191925,0.24027543514966965,0.010825850069522858,0.0008408576250076294
71,nebDFT2k:mp-759082_1_0_0_1_0,forward,0.25766751170158386,0.31783872842788696,0.0601712167263031,0.017469823360443115
71,nebDFT2k:mp-759082_1_0_0_1_0,reverse,0.25766751170158386,0.30036890506744385,0.042701393365859985,0.017469823360443115
71,nebDFT2k:mp-759082_1_0_0_1_0,inference_symmetrised,0.25766751170158386,0.3091038167476654,0.05143630504608154,0.017469823360443115
71,nebDFT2k:mp-759132_4_3_0_0_1,forward,0.341912180185318,0.3793511688709259,0.03743898868560791,0.006380736827850342
71,nebDFT2k:mp-759132_4_3_0_0_1,reverse,0.341912180185318,0.37297043204307556,0.03105825185775757,0.006380736827850342
71,nebDFT2k:mp-759132_4_3_0_0_1,inference_symmetrised,0.341912180185318,0.37616080045700073,0.03424862027168274,0.006380736827850342
71,nebDFT2k:mp-759139_2_1_1_0_0,forward,0.70079106092453,0.5174607038497925,0.18333035707473755,0.04717552661895752
71,nebDFT2k:mp-759139_2_1_1_0_0,reverse,0.70079106092453,0.56463623046875,0.13615483045578003,0.04717552661895752
71,nebDFT2k:mp-759139_2_1_1_0_0,inference_symmetrised,0.70079106092453,0.5410484671592712,0.1597425937652588,0.04717552661895752
71,nebDFT2k:mp-759220_0_15_0_0_0,forward,0.21688345074653625,0.2691176235675812,0.05223417282104492,0.009248048067092896
71,nebDFT2k:mp-759220_0_15_0_0_0,reverse,0.21688345074653625,0.2783656716346741,0.06148222088813782,0.009248048067092896
71,nebDFT2k:mp-759220_0_15_0_0_0,inference_symmetrised,0.21688345074653625,0.2737416476011276,0.05685819685459137,0.009248048067092896
71,nebDFT2k:mp-759229_3_6_0_1_0,forward,0.6168773174285889,0.639462411403656,0.02258509397506714,0.030668556690216064
71,nebDFT2k:mp-759229_3_6_0_1_0,reverse,0.6168773174285889,0.6701309680938721,0.0532536506652832,0.030668556690216064
71,nebDFT2k:mp-759229_3_6_0_1_0,inference_symmetrised,0.6168773174285889,0.654796689748764,0.03791937232017517,0.030668556690216064
71,nebDFT2k:mp-759244_7_6_1_0_0,forward,1.0818796157836914,1.1559070348739624,0.074027419090271,0.008675217628479004
71,nebDFT2k:mp-759244_7_6_1_0_0,reverse,1.0818796157836914,1.1472318172454834,0.06535220146179199,0.008675217628479004
71,nebDFT2k:mp-759244_7_6_1_0_0,inference_symmetrised,1.0818796157836914,1.151569426059723,0.0696898102760315,0.008675217628479004
71,nebDFT2k:mp-759244_6_10_0_0_1,forward,0.9319226145744324,1.1110103130340576,0.17908769845962524,0.005418062210083008
71,nebDFT2k:mp-759244_6_10_0_0_1,reverse,0.9319226145744324,1.1164283752441406,0.18450576066970825,0.005418062210083008
71,nebDFT2k:mp-759244_6_10_0_0_1,inference_symmetrised,0.9319226145744324,1.1137193441390991,0.18179672956466675,0.005418062210083008
71,nebDFT2k:mp-759244_0_2_0_0_0,forward,0.9603694081306458,1.088740587234497,0.12837117910385132,0.04470181465148926
71,nebDFT2k:mp-759244_0_2_0_0_0,reverse,0.9603694081306458,1.1334424018859863,0.17307299375534058,0.04470181465148926
71,nebDFT2k:mp-759244_0_2_0_0_0,inference_symmetrised,0.9603694081306458,1.1110914945602417,0.15072208642959595,0.04470181465148926
71,nebDFT2k:mp-759244_4_6_0_0_0,forward,0.9483169913291931,1.0934038162231445,0.14508682489395142,0.015192627906799316
71,nebDFT2k:mp-759244_4_6_0_0_0,reverse,0.9483169913291931,1.0782111883163452,0.1298941969871521,0.015192627906799316
71,nebDFT2k:mp-759244_4_6_0_0_0,inference_symmetrised,0.9483169913291931,1.0858075022697449,0.13749051094055176,0.015192627906799316
71,nebDFT2k:mp-759244_5_10_1_0_0,forward,0.9148608446121216,0.9894452095031738,0.07458436489105225,0.042027950286865234
71,nebDFT2k:mp-759244_5_10_1_0_0,reverse,0.9148608446121216,1.031473159790039,0.11661231517791748,0.042027950286865234
71,nebDFT2k:mp-759244_5_10_1_0_0,inference_symmetrised,0.9148608446121216,1.0104591846466064,0.09559834003448486,0.042027950286865234
71,nebDFT2k:mp-759667_2_4_0_0_0,forward,0.3889327943325043,0.5720945596694946,0.18316176533699036,0.015897512435913086
71,nebDFT2k:mp-759667_2_4_0_0_0,reverse,0.3889327943325043,0.5879920721054077,0.19905927777290344,0.015897512435913086
71,nebDFT2k:mp-759667_2_4_0_0_0,inference_symmetrised,0.3889327943325043,0.5800433158874512,0.1911105215549469,0.015897512435913086
71,nebDFT2k:mp-759667_3_4_0_1_0,forward,0.41363847255706787,0.3944703936576843,0.019168078899383545,0.032046735286712646
71,nebDFT2k:mp-759667_3_4_0_1_0,reverse,0.41363847255706787,0.426517128944397,0.012878656387329102,0.032046735286712646
71,nebDFT2k:mp-759667_3_4_0_1_0,inference_symmetrised,0.41363847255706787,0.41049376130104065,0.0031447112560272217,0.032046735286712646
71,nebDFT2k:mp-759667_2_1_1_1_0,forward,0.6992021203041077,0.8069229125976562,0.10772079229354858,0.04942256212234497
71,nebDFT2k:mp-759667_2_1_1_1_0,reverse,0.6992021203041077,0.8563454747200012,0.15714335441589355,0.04942256212234497
71,nebDFT2k:mp-759667_2_1_1_1_0,inference_symmetrised,0.6992021203041077,0.8316341936588287,0.13243207335472107,0.04942256212234497
71,nebDFT2k:mp-759753_4_0_0_0_1,forward,0.6141039729118347,0.39718490839004517,0.21691906452178955,0.028766989707946777
71,nebDFT2k:mp-759753_4_0_0_0_1,reverse,0.6141039729118347,0.3684179186820984,0.24568605422973633,0.028766989707946777
71,nebDFT2k:mp-759753_4_0_0_0_1,inference_symmetrised,0.6141039729118347,0.3828014135360718,0.23130255937576294,0.028766989707946777
71,nebDFT2k:mp-759783_2_3_1_0_0,forward,0.6149086356163025,0.668013870716095,0.05310523509979248,0.0017192959785461426
71,nebDFT2k:mp-759783_2_3_1_0_0,reverse,0.6149086356163025,0.6662945747375488,0.05138593912124634,0.0017192959785461426
71,nebDFT2k:mp-759783_2_3_1_0_0,inference_symmetrised,0.6149086356163025,0.6671542227268219,0.05224558711051941,0.0017192959785461426
71,nebDFT2k:mp-759783_4_3_0_1_0,forward,0.2746150493621826,0.3132120966911316,0.038597047328948975,0.009865283966064453
71,nebDFT2k:mp-759783_4_3_0_1_0,reverse,0.2746150493621826,0.30334681272506714,0.02873176336288452,0.009865283966064453
71,nebDFT2k:mp-759783_4_3_0_1_0,inference_symmetrised,0.2746150493621826,0.30827945470809937,0.03366440534591675,0.009865283966064453
71,nebDFT2k:mp-760344_7_5_0_1_1,forward,1.048827052116394,0.8509241938591003,0.1979028582572937,0.07436025142669678
71,nebDFT2k:mp-760344_7_5_0_1_1,reverse,1.048827052116394,0.9252844452857971,0.12354260683059692,0.07436025142669678
71,nebDFT2k:mp-760344_7_5_0_1_1,inference_symmetrised,1.048827052116394,0.8881043195724487,0.1607227325439453,0.07436025142669678
71,nebDFT2k:mp-760344_4_8_0_0_0,forward,0.2822485864162445,0.38273048400878906,0.10048189759254456,0.10617399215698242
71,nebDFT2k:mp-760344_4_8_0_0_0,reverse,0.2822485864162445,0.27655649185180664,0.005692094564437866,0.10617399215698242
71,nebDFT2k:mp-760344_4_8_0_0_0,inference_symmetrised,0.2822485864162445,0.32964348793029785,0.047394901514053345,0.10617399215698242
71,nebDFT2k:mp-760344_6_8_0_1_0,forward,0.5260669589042664,0.42155832052230835,0.10450863838195801,0.07612583041191101
71,nebDFT2k:mp-760344_6_8_0_1_0,reverse,0.5260669589042664,0.34543249011039734,0.18063446879386902,0.07612583041191101
71,nebDFT2k:mp-760344_6_8_0_1_0,inference_symmetrised,0.5260669589042664,0.38349540531635284,0.1425715535879135,0.07612583041191101
71,nebDFT2k:mp-760344_4_6_1_-1_0,forward,1.0547842979431152,1.0430963039398193,0.011687994003295898,0.05424529314041138
71,nebDFT2k:mp-760344_4_6_1_-1_0,reverse,1.0547842979431152,0.988851010799408,0.06593328714370728,0.05424529314041138
71,nebDFT2k:mp-760344_4_6_1_-1_0,inference_symmetrised,1.0547842979431152,1.0159736573696136,0.03881064057350159,0.05424529314041138
71,nebDFT2k:mp-760344_7_4_0_1_0,forward,0.6875642538070679,0.6153415441513062,0.07222270965576172,0.04112297296524048
71,nebDFT2k:mp-760344_7_4_0_1_0,reverse,0.6875642538070679,0.5742185711860657,0.1133456826210022,0.04112297296524048
71,nebDFT2k:mp-760344_7_4_0_1_0,inference_symmetrised,0.6875642538070679,0.5947800576686859,0.09278419613838196,0.04112297296524048
71,nebDFT2k:mp-760344_7_9_0_1_1,forward,0.5207509994506836,0.41789743304252625,0.10285356640815735,0.07131466269493103
71,nebDFT2k:mp-760344_7_9_0_1_1,reverse,0.5207509994506836,0.3465827703475952,0.17416822910308838,0.07131466269493103
71,nebDFT2k:mp-760344_7_9_0_1_1,inference_symmetrised,0.5207509994506836,0.38224010169506073,0.13851089775562286,0.07131466269493103
71,nebDFT2k:mp-760344_10_9_0_0_1,forward,1.8200701475143433,1.7512493133544922,0.06882083415985107,0.14479994773864746
71,nebDFT2k:mp-760344_10_9_0_0_1,reverse,1.8200701475143433,1.8960492610931396,0.07597911357879639,0.14479994773864746
71,nebDFT2k:mp-760344_10_9_0_0_1,inference_symmetrised,1.8200701475143433,1.823649287223816,0.0035791397094726562,0.14479994773864746
71,nebDFT2k:mp-760344_6_4_0_1_0,forward,0.6860505938529968,0.5138370394706726,0.17221355438232422,0.027326732873916626
71,nebDFT2k:mp-760344_6_4_0_1_0,reverse,0.6860505938529968,0.486510306596756,0.19954028725624084,0.027326732873916626
71,nebDFT2k:mp-760344_6_4_0_1_0,inference_symmetrised,0.6860505938529968,0.5001736730337143,0.18587692081928253,0.027326732873916626
71,nebDFT2k:mp-760344_10_4_0_1_0,forward,0.5244383215904236,0.3661481738090515,0.15829014778137207,0.05019557476043701
71,nebDFT2k:mp-760344_10_4_0_1_0,reverse,0.5244383215904236,0.3159525990486145,0.20848572254180908,0.05019557476043701
71,nebDFT2k:mp-760344_10_4_0_1_0,inference_symmetrised,0.5244383215904236,0.341050386428833,0.18338793516159058,0.05019557476043701
71,nebDFT2k:mp-760344_9_5_1_0_0,forward,0.2818312644958496,0.3024328947067261,0.020601630210876465,0.010981947183609009
71,nebDFT2k:mp-760344_9_5_1_0_0,reverse,0.2818312644958496,0.29145094752311707,0.009619683027267456,0.010981947183609009
71,nebDFT2k:mp-760344_9_5_1_0_0,inference_symmetrised,0.2818312644958496,0.29694192111492157,0.01511065661907196,0.010981947183609009
71,nebDFT2k:mp-761094_0_2_0_0_1,forward,4.479324817657471,3.001603364944458,1.4777214527130127,0.07364940643310547
71,nebDFT2k:mp-761094_0_2_0_0_1,reverse,4.479324817657471,3.0752527713775635,1.4040720462799072,0.07364940643310547
71,nebDFT2k:mp-761094_0_2_0_0_1,inference_symmetrised,4.479324817657471,3.0384280681610107,1.44089674949646,0.07364940643310547
71,nebDFT2k:mp-761094_1_5_0_1_0,forward,2.0980730056762695,2.0528414249420166,0.04523158073425293,0.010273933410644531
71,nebDFT2k:mp-761094_1_5_0_1_0,reverse,2.0980730056762695,2.042567491531372,0.05550551414489746,0.010273933410644531
71,nebDFT2k:mp-761094_1_5_0_1_0,inference_symmetrised,2.0980730056762695,2.0477044582366943,0.050368547439575195,0.010273933410644531
71,nebDFT2k:mp-761269_2_1_1_-1_0,forward,1.5785481929779053,1.8388516902923584,0.2603034973144531,0.0387873649597168
71,nebDFT2k:mp-761269_2_1_1_-1_0,reverse,1.5785481929779053,1.8776390552520752,0.2990908622741699,0.0387873649597168
71,nebDFT2k:mp-761269_2_1_1_-1_0,inference_symmetrised,1.5785481929779053,1.8582453727722168,0.2796971797943115,0.0387873649597168
71,nebDFT2k:mp-761849_6_5_1_0_0,forward,0.6407798528671265,0.7893261313438416,0.1485462784767151,0.06000739336013794
71,nebDFT2k:mp-761849_6_5_1_0_0,reverse,0.6407798528671265,0.7293187379837036,0.08853888511657715,0.06000739336013794
71,nebDFT2k:mp-761849_6_5_1_0_0,inference_symmetrised,0.6407798528671265,0.7593224346637726,0.11854258179664612,0.06000739336013794
71,nebDFT2k:mp-761849_5_7_0_0_1,forward,0.30204570293426514,0.8988683819770813,0.5968226790428162,0.05555802583694458
71,nebDFT2k:mp-761849_5_7_0_0_1,reverse,0.30204570293426514,0.8433103561401367,0.5412646532058716,0.05555802583694458
71,nebDFT2k:mp-761849_5_7_0_0_1,inference_symmetrised,0.30204570293426514,0.871089369058609,0.5690436661243439,0.05555802583694458
71,nebDFT2k:mp-762319_14_26_0_0_0,forward,0.28081613779067993,0.4977852702140808,0.21696913242340088,0.008791685104370117
71,nebDFT2k:mp-762319_14_26_0_0_0,reverse,0.28081613779067993,0.4889935851097107,0.20817744731903076,0.008791685104370117
71,nebDFT2k:mp-762319_14_26_0_0_0,inference_symmetrised,0.28081613779067993,0.49338942766189575,0.21257328987121582,0.008791685104370117
71,nebDFT2k:mp-763177_1_3_0_1_-1,forward,0.45973682403564453,0.8999173045158386,0.4401804804801941,0.019169390201568604
71,nebDFT2k:mp-763177_1_3_0_1_-1,reverse,0.45973682403564453,0.9190866947174072,0.4593498706817627,0.019169390201568604
71,nebDFT2k:mp-763177_1_3_0_1_-1,inference_symmetrised,0.45973682403564453,0.9095019996166229,0.4497651755809784,0.019169390201568604
71,nebDFT2k:mp-764867_1_8_0_1_1,forward,1.519494652748108,0.6801673769950867,0.8393272757530212,0.008486509323120117
71,nebDFT2k:mp-764867_1_8_0_1_1,reverse,1.519494652748108,0.6716808676719666,0.8478137850761414,0.008486509323120117
71,nebDFT2k:mp-764867_1_8_0_1_1,inference_symmetrised,1.519494652748108,0.6759241223335266,0.8435705304145813,0.008486509323120117
71,nebDFT2k:mp-765411_1_6_0_0_0,forward,0.46725958585739136,0.4025660455226898,0.06469354033470154,0.015051931142807007
71,nebDFT2k:mp-765411_1_6_0_0_0,reverse,0.46725958585739136,0.3875141143798828,0.07974547147750854,0.015051931142807007
71,nebDFT2k:mp-765411_1_6_0_0_0,inference_symmetrised,0.46725958585739136,0.3950400799512863,0.07221950590610504,0.015051931142807007
71,nebDFT2k:mp-765501_2_0_1_0_0,forward,2.584408760070801,2.0362014770507812,0.5482072830200195,0.009585380554199219
71,nebDFT2k:mp-765501_2_0_1_0_0,reverse,2.584408760070801,2.0457868576049805,0.5386219024658203,0.009585380554199219
71,nebDFT2k:mp-765501_2_0_1_0_0,inference_symmetrised,2.584408760070801,2.040994167327881,0.5434145927429199,0.009585380554199219
71,nebDFT2k:mp-765964_0_6_1_0_0,forward,1.0074282884597778,1.935955286026001,0.9285269975662231,0.03470253944396973
71,nebDFT2k:mp-765964_0_6_1_0_0,reverse,1.0074282884597778,1.9706578254699707,0.9632295370101929,0.03470253944396973
71,nebDFT2k:mp-765964_0_6_1_0_0,inference_symmetrised,1.0074282884597778,1.9533065557479858,0.945878267288208,0.03470253944396973
71,nebDFT2k:mp-766130_4_2_1_0_0,forward,1.5168014764785767,0.6937136650085449,0.8230878114700317,0.040624141693115234
71,nebDFT2k:mp-766130_4_2_1_0_0,reverse,1.5168014764785767,0.7343378067016602,0.7824636697769165,0.040624141693115234
71,nebDFT2k:mp-766130_4_2_1_0_0,inference_symmetrised,1.5168014764785767,0.7140257358551025,0.8027757406234741,0.040624141693115234
71,nebDFT2k:mp-766612_6_10_0_0_0,forward,0.1816573143005371,0.14409592747688293,0.037561386823654175,0.11849883198738098
71,nebDFT2k:mp-766612_6_10_0_0_0,reverse,0.1816573143005371,0.2625947594642639,0.0809374451637268,0.11849883198738098
71,nebDFT2k:mp-766612_6_10_0_0_0,inference_symmetrised,0.1816573143005371,0.20334534347057343,0.021688029170036316,0.11849883198738098
71,nebDFT2k:mp-768421_3_7_0_0_0,forward,0.7170935273170471,0.4885621964931488,0.22853133082389832,0.023124486207962036
71,nebDFT2k:mp-768421_3_7_0_0_0,reverse,0.7170935273170471,0.46543771028518677,0.25165581703186035,0.023124486207962036
71,nebDFT2k:mp-768421_3_7_0_0_0,inference_symmetrised,0.7170935273170471,0.4769999533891678,0.24009357392787933,0.023124486207962036
71,nebDFT2k:mp-768433_7_19_0_0_0,forward,0.5162459015846252,0.4221966564655304,0.09404924511909485,0.015115320682525635
71,nebDFT2k:mp-768433_7_19_0_0_0,reverse,0.5162459015846252,0.40708133578300476,0.10916456580162048,0.015115320682525635
71,nebDFT2k:mp-768433_7_19_0_0_0,inference_symmetrised,0.5162459015846252,0.4146389961242676,0.10160690546035767,0.015115320682525635
71,nebDFT2k:mp-768508_3_7_0_0_0,forward,0.7297331094741821,0.4708389341831207,0.2588941752910614,0.03908818960189819
71,nebDFT2k:mp-768508_3_7_0_0_0,reverse,0.7297331094741821,0.43175074458122253,0.2979823648929596,0.03908818960189819
71,nebDFT2k:mp-768508_3_7_0_0_0,inference_symmetrised,0.7297331094741821,0.45129483938217163,0.2784382700920105,0.03908818960189819
71,nebDFT2k:mp-768738_3_2_1_1_0,forward,1.1438137292861938,1.1662003993988037,0.022386670112609863,0.043946266174316406
71,nebDFT2k:mp-768738_3_2_1_1_0,reverse,1.1438137292861938,1.2101466655731201,0.06633293628692627,0.043946266174316406
71,nebDFT2k:mp-768738_3_2_1_1_0,inference_symmetrised,1.1438137292861938,1.188173532485962,0.044359803199768066,0.043946266174316406
71,nebDFT2k:mp-768843_14_11_0_1_1,forward,0.3818668723106384,0.3945780396461487,0.012711167335510254,0.014714092016220093
71,nebDFT2k:mp-768843_14_11_0_1_1,reverse,0.3818668723106384,0.3798639476299286,0.002002924680709839,0.014714092016220093
71,nebDFT2k:mp-768843_14_11_0_1_1,inference_symmetrised,0.3818668723106384,0.38722099363803864,0.0053541213274002075,0.014714092016220093
71,nebDFT2k:mp-769036_28_3_0_1_1,forward,0.43523257970809937,0.3429798185825348,0.09225276112556458,0.0008209943771362305
71,nebDFT2k:mp-769036_28_3_0_1_1,reverse,0.43523257970809937,0.34215882420539856,0.0930737555027008,0.0008209943771362305
71,nebDFT2k:mp-769036_28_3_0_1_1,inference_symmetrised,0.43523257970809937,0.3425693213939667,0.09266325831413269,0.0008209943771362305
71,nebDFT2k:mp-769036_8_9_1_0_0,forward,0.42775994539260864,0.34410130977630615,0.08365863561630249,9.766221046447754e-05
71,nebDFT2k:mp-769036_8_9_1_0_0,reverse,0.42775994539260864,0.3440036475658417,0.08375629782676697,9.766221046447754e-05
71,nebDFT2k:mp-769036_8_9_1_0_0,inference_symmetrised,0.42775994539260864,0.3440524786710739,0.08370746672153473,9.766221046447754e-05
71,nebDFT2k:mp-769036_8_10_0_0_0,forward,0.42633527517318726,0.343498557806015,0.08283671736717224,7.733702659606934e-05
71,nebDFT2k:mp-769036_8_10_0_0_0,reverse,0.42633527517318726,0.34342122077941895,0.08291405439376831,7.733702659606934e-05
71,nebDFT2k:mp-769036_8_10_0_0_0,inference_symmetrised,0.42633527517318726,0.343459889292717,0.08287538588047028,7.733702659606934e-05
71,nebDFT2k:mp-770232_3_11_0_0_1,forward,0.5057204365730286,0.5006429553031921,0.005077481269836426,0.03571176528930664
71,nebDFT2k:mp-770232_3_11_0_0_1,reverse,0.5057204365730286,0.4649311900138855,0.040789246559143066,0.03571176528930664
71,nebDFT2k:mp-770232_3_11_0_0_1,inference_symmetrised,0.5057204365730286,0.4827870726585388,0.022933363914489746,0.03571176528930664
71,nebDFT2k:mp-770551_3_4_0_0_1,forward,0.399429053068161,0.3010035753250122,0.0984254777431488,0.0062257349491119385
71,nebDFT2k:mp-770551_3_4_0_0_1,reverse,0.399429053068161,0.29477784037590027,0.10465121269226074,0.0062257349491119385
71,nebDFT2k:mp-770551_3_4_0_0_1,inference_symmetrised,0.399429053068161,0.29789070785045624,0.10153834521770477,0.0062257349491119385
71,nebDFT2k:mp-770649_0_3_0_1_0,forward,0.4358738660812378,0.5119903683662415,0.07611650228500366,0.020973503589630127
71,nebDFT2k:mp-770649_0_3_0_1_0,reverse,0.4358738660812378,0.49101686477661133,0.055142998695373535,0.020973503589630127
71,nebDFT2k:mp-770649_0_3_0_1_0,inference_symmetrised,0.4358738660812378,0.5015036165714264,0.0656297504901886,0.020973503589630127
71,nebDFT2k:mp-770749_2_4_0_0_0,forward,0.3400055170059204,0.38736143708229065,0.04735592007637024,0.01582089066505432
71,nebDFT2k:mp-770749_2_4_0_0_0,reverse,0.3400055170059204,0.37154054641723633,0.03153502941131592,0.01582089066505432
71,nebDFT2k:mp-770749_2_4_0_0_0,inference_symmetrised,0.3400055170059204,0.3794509917497635,0.03944547474384308,0.01582089066505432
71,nebDFT2k:mp-770861_11_9_0_1_0,forward,0.8088666796684265,0.4488050639629364,0.3600616157054901,0.02270716428756714
71,nebDFT2k:mp-770861_11_9_0_1_0,reverse,0.8088666796684265,0.42609789967536926,0.38276877999305725,0.02270716428756714
71,nebDFT2k:mp-770861_11_9_0_1_0,inference_symmetrised,0.8088666796684265,0.43745148181915283,0.3714151978492737,0.02270716428756714
71,nebDFT2k:mp-770876_2_3_0_1_0,forward,1.0284104347229004,0.9278332591056824,0.10057717561721802,0.0017130374908447266
71,nebDFT2k:mp-770876_2_3_0_1_0,reverse,1.0284104347229004,0.9261202216148376,0.10229021310806274,0.0017130374908447266
71,nebDFT2k:mp-770876_2_3_0_1_0,inference_symmetrised,1.0284104347229004,0.92697674036026,0.10143369436264038,0.0017130374908447266
71,nebDFT2k:mp-770921_0_4_0_1_0,forward,0.37256544828414917,0.5126243829727173,0.14005893468856812,0.07332444190979004
71,nebDFT2k:mp-770921_0_4_0_1_0,reverse,0.37256544828414917,0.43929994106292725,0.06673449277877808,0.07332444190979004
71,nebDFT2k:mp-770921_0_4_0_1_0,inference_symmetrised,0.37256544828414917,0.47596216201782227,0.1033967137336731,0.07332444190979004
71,nebDFT2k:mp-770939_10_9_1_0_0,forward,0.40068763494491577,0.2985087037086487,0.10217893123626709,0.0001226663589477539
71,nebDFT2k:mp-770939_10_9_1_0_0,reverse,0.40068763494491577,0.2983860373497009,0.10230159759521484,0.0001226663589477539
71,nebDFT2k:mp-770939_10_9_1_0_0,inference_symmetrised,0.40068763494491577,0.2984473705291748,0.10224026441574097,0.0001226663589477539
71,nebDFT2k:mp-770939_2_10_0_0_0,forward,0.47966933250427246,0.39601656794548035,0.08365276455879211,0.005465686321258545
71,nebDFT2k:mp-770939_2_10_0_0_0,reverse,0.47966933250427246,0.4014822542667389,0.07818707823753357,0.005465686321258545
71,nebDFT2k:mp-770939_2_10_0_0_0,inference_symmetrised,0.47966933250427246,0.3987494111061096,0.08091992139816284,0.005465686321258545
71,nebDFT2k:mp-770939_10_1_1_0_1,forward,0.33471783995628357,0.3642742931842804,0.029556453227996826,0.040798962116241455
71,nebDFT2k:mp-770939_10_1_1_0_1,reverse,0.33471783995628357,0.32347533106803894,0.011242508888244629,0.040798962116241455
71,nebDFT2k:mp-770939_10_1_1_0_1,inference_symmetrised,0.33471783995628357,0.34387481212615967,0.009156972169876099,0.040798962116241455
71,nebDFT2k:mp-770939_3_11_1_0_0,forward,0.4799911677837372,0.3959267735481262,0.08406439423561096,0.005438506603240967
71,nebDFT2k:mp-770939_3_11_1_0_0,reverse,0.4799911677837372,0.4013652801513672,0.07862588763237,0.005438506603240967
71,nebDFT2k:mp-770939_3_11_1_0_0,inference_symmetrised,0.4799911677837372,0.3986460268497467,0.08134514093399048,0.005438506603240967
71,nebDFT2k:mp-770939_11_0_0_0_1,forward,0.33606410026550293,0.3644203245639801,0.028356224298477173,0.04062965512275696
71,nebDFT2k:mp-770939_11_0_0_0_1,reverse,0.33606410026550293,0.32379066944122314,0.012273430824279785,0.04062965512275696
71,nebDFT2k:mp-770939_11_0_0_0_1,inference_symmetrised,0.33606410026550293,0.3441054970026016,0.008041396737098694,0.04062965512275696
71,nebDFT2k:mp-770939_2_5_0_0_1,forward,0.3350597321987152,0.3680104911327362,0.032950758934020996,0.030671924352645874
71,nebDFT2k:mp-770939_2_5_0_0_1,reverse,0.3350597321987152,0.33733856678009033,0.002278834581375122,0.030671924352645874
71,nebDFT2k:mp-770939_2_5_0_0_1,inference_symmetrised,0.3350597321987152,0.35267452895641327,0.01761479675769806,0.030671924352645874
71,nebDFT2k:mp-770939_8_11_0_0_0,forward,0.391576886177063,0.3117417097091675,0.07983517646789551,0.028393149375915527
71,nebDFT2k:mp-770939_8_11_0_0_0,reverse,0.391576886177063,0.28334856033325195,0.10822832584381104,0.028393149375915527
71,nebDFT2k:mp-770939_8_11_0_0_0,inference_symmetrised,0.391576886177063,0.2975451350212097,0.09403175115585327,0.028393149375915527
71,nebDFT2k:mp-770939_2_6_0_0_1,forward,0.3225223422050476,0.37252920866012573,0.050006866455078125,0.03255078196525574
71,nebDFT2k:mp-770939_2_6_0_0_1,reverse,0.3225223422050476,0.33997842669487,0.017456084489822388,0.03255078196525574
71,nebDFT2k:mp-770939_2_6_0_0_1,inference_symmetrised,0.3225223422050476,0.35625381767749786,0.033731475472450256,0.03255078196525574
71,nebDFT2k:mp-770939_2_9_0_0_0,forward,0.13303782045841217,0.37178972363471985,0.23875190317630768,0.08211305737495422
71,nebDFT2k:mp-770939_2_9_0_0_0,reverse,0.13303782045841217,0.2896766662597656,0.15663884580135345,0.08211305737495422
71,nebDFT2k:mp-770939_2_9_0_0_0,inference_symmetrised,0.13303782045841217,0.33073319494724274,0.19769537448883057,0.08211305737495422
71,nebDFT2k:mp-771011_2_1_1_-1_0,forward,0.6420322060585022,0.5787408351898193,0.06329137086868286,0.02814769744873047
71,nebDFT2k:mp-771011_2_1_1_-1_0,reverse,0.6420322060585022,0.5505931377410889,0.09143906831741333,0.02814769744873047
71,nebDFT2k:mp-771011_2_1_1_-1_0,inference_symmetrised,0.6420322060585022,0.5646669864654541,0.0773652195930481,0.02814769744873047
71,nebDFT2k:mp-771011_3_0_1_-1_0,forward,0.6453012228012085,0.6577898859977722,0.01248866319656372,0.0362093448638916
71,nebDFT2k:mp-771011_3_0_1_-1_0,reverse,0.6453012228012085,0.6215805411338806,0.02372068166732788,0.0362093448638916
71,nebDFT2k:mp-771011_3_0_1_-1_0,inference_symmetrised,0.6453012228012085,0.6396852135658264,0.00561600923538208,0.0362093448638916
71,nebDFT2k:mp-771019_2_5_1_1_0,forward,0.09585042297840118,0.49717798829078674,0.40132756531238556,0.020087748765945435
71,nebDFT2k:mp-771019_2_5_1_1_0,reverse,0.09585042297840118,0.4770902395248413,0.3812398165464401,0.020087748765945435
71,nebDFT2k:mp-771019_2_5_1_1_0,inference_symmetrised,0.09585042297840118,0.487134113907814,0.39128369092941284,0.020087748765945435
71,nebDFT2k:mp-771821_0_2_0_0_0,forward,0.1138739287853241,0.13215026259422302,0.018276333808898926,0.02310948073863983
71,nebDFT2k:mp-771821_0_2_0_0_0,reverse,0.1138739287853241,0.10904078185558319,0.004833146929740906,0.02310948073863983
71,nebDFT2k:mp-771821_0_2_0_0_0,inference_symmetrised,0.1138739287853241,0.1205955222249031,0.00672159343957901,0.02310948073863983
71,nebDFT2k:mp-771906_1_0_1_0_0,forward,0.4369984269142151,0.4503095746040344,0.013311147689819336,0.06944224238395691
71,nebDFT2k:mp-771906_1_0_1_0_0,reverse,0.4369984269142151,0.3808673322200775,0.05613109469413757,0.06944224238395691
71,nebDFT2k:mp-771906_1_0_1_0_0,inference_symmetrised,0.4369984269142151,0.41558845341205597,0.02140997350215912,0.06944224238395691
71,nebDFT2k:mp-772502_1_2_0_0_0,forward,1.4095782041549683,0.8939722180366516,0.5156059861183167,0.04137849807739258
71,nebDFT2k:mp-772502_1_2_0_0_0,reverse,1.4095782041549683,0.9353507161140442,0.4742274880409241,0.04137849807739258
71,nebDFT2k:mp-772502_1_2_0_0_0,inference_symmetrised,1.4095782041549683,0.9146614670753479,0.49491673707962036,0.04137849807739258
71,nebDFT2k:mp-772542_0_2_0_0_0,forward,0.24687078595161438,0.22660985589027405,0.020260930061340332,0.047494396567344666
71,nebDFT2k:mp-772542_0_2_0_0_0,reverse,0.24687078595161438,0.17911545932292938,0.067755326628685,0.047494396567344666
71,nebDFT2k:mp-772542_0_2_0_0_0,inference_symmetrised,0.24687078595161438,0.20286265760660172,0.044008128345012665,0.047494396567344666
71,nebDFT2k:mp-772613_0_1_0_0_0,forward,0.4315532147884369,0.5285071134567261,0.09695389866828918,0.018943846225738525
71,nebDFT2k:mp-772613_0_1_0_0_0,reverse,0.4315532147884369,0.5095632672309875,0.07801005244255066,0.018943846225738525
71,nebDFT2k:mp-772613_0_1_0_0_0,inference_symmetrised,0.4315532147884369,0.5190351903438568,0.08748197555541992,0.018943846225738525
71,nebDFT2k:mp-772658_3_3_1_0_0,forward,1.721060872077942,0.7610130310058594,0.9600478410720825,0.02050614356994629
71,nebDFT2k:mp-772658_3_3_1_0_0,reverse,1.721060872077942,0.7405068874359131,0.9805539846420288,0.02050614356994629
71,nebDFT2k:mp-772658_3_3_1_0_0,inference_symmetrised,1.721060872077942,0.7507599592208862,0.9703009128570557,0.02050614356994629
71,nebDFT2k:mp-772851_6_10_0_1_0,forward,0.6534039378166199,0.8926162123680115,0.2392122745513916,0.02906632423400879
71,nebDFT2k:mp-772851_6_10_0_1_0,reverse,0.6534039378166199,0.8635498881340027,0.2101459503173828,0.02906632423400879
71,nebDFT2k:mp-772851_6_10_0_1_0,inference_symmetrised,0.6534039378166199,0.8780830502510071,0.2246791124343872,0.02906632423400879
71,nebDFT2k:mp-772981_0_2_0_0_0,forward,1.138868808746338,1.0274133682250977,0.11145544052124023,0.030124902725219727
71,nebDFT2k:mp-772981_0_2_0_0_0,reverse,1.138868808746338,1.0575382709503174,0.08133053779602051,0.030124902725219727
71,nebDFT2k:mp-772981_0_2_0_0_0,inference_symmetrised,1.138868808746338,1.0424758195877075,0.09639298915863037,0.030124902725219727
71,nebDFT2k:mp-772981_1_2_0_0_0,forward,3.077207326889038,1.9277470111846924,1.1494603157043457,0.02906489372253418
71,nebDFT2k:mp-772981_1_2_0_0_0,reverse,3.077207326889038,1.8986821174621582,1.1785252094268799,0.02906489372253418
71,nebDFT2k:mp-772981_1_2_0_0_0,inference_symmetrised,3.077207326889038,1.9132145643234253,1.1639927625656128,0.02906489372253418
71,nebDFT2k:mp-774843_2_3_0_0_0,forward,1.0624136924743652,0.6568335294723511,0.40558016300201416,0.08916378021240234
71,nebDFT2k:mp-774843_2_3_0_0_0,reverse,1.0624136924743652,0.5676697492599487,0.4947439432144165,0.08916378021240234
71,nebDFT2k:mp-774843_2_3_0_0_0,inference_symmetrised,1.0624136924743652,0.6122516393661499,0.45016205310821533,0.08916378021240234
71,nebDFT2k:mp-774843_2_3_1_0_0,forward,0.8142358660697937,0.5806995630264282,0.23353630304336548,0.1528686285018921
71,nebDFT2k:mp-774843_2_3_1_0_0,reverse,0.8142358660697937,0.42783093452453613,0.38640493154525757,0.1528686285018921
71,nebDFT2k:mp-774843_2_3_1_0_0,inference_symmetrised,0.8142358660697937,0.5042652487754822,0.3099706172943115,0.1528686285018921
71,nebDFT2k:mp-774843_2_3_0_1_0,forward,0.8414992690086365,0.6642213463783264,0.17727792263031006,0.08913731575012207
71,nebDFT2k:mp-774843_2_3_0_1_0,reverse,0.8414992690086365,0.5750840306282043,0.26641523838043213,0.08913731575012207
71,nebDFT2k:mp-774843_2_3_0_1_0,inference_symmetrised,0.8414992690086365,0.6196526885032654,0.2218465805053711,0.08913731575012207
71,nebDFT2k:mp-774843_2_0_0_1_0,forward,3.6757445335388184,2.916963577270508,0.7587809562683105,0.07532596588134766
71,nebDFT2k:mp-774843_2_0_0_1_0,reverse,3.6757445335388184,2.9922895431518555,0.6834549903869629,0.07532596588134766
71,nebDFT2k:mp-774843_2_0_0_1_0,inference_symmetrised,3.6757445335388184,2.9546265602111816,0.7211179733276367,0.07532596588134766
71,nebDFT2k:mp-774843_0_1_0_0_0,forward,0.8201401233673096,0.4465806484222412,0.37355947494506836,0.13341867923736572
71,nebDFT2k:mp-774843_0_1_0_0_0,reverse,0.8201401233673096,0.5799993276596069,0.24014079570770264,0.13341867923736572
71,nebDFT2k:mp-774843_0_1_0_0_0,inference_symmetrised,0.8201401233673096,0.5132899880409241,0.3068501353263855,0.13341867923736572
71,nebDFT2k:mp-774946_0_2_0_0_0,forward,0.6453417539596558,0.473978191614151,0.17136356234550476,0.03191491961479187
71,nebDFT2k:mp-774946_0_2_0_0_0,reverse,0.6453417539596558,0.5058931112289429,0.1394486427307129,0.03191491961479187
71,nebDFT2k:mp-774946_0_2_0_0_0,inference_symmetrised,0.6453417539596558,0.48993565142154694,0.15540610253810883,0.03191491961479187
71,nebDFT2k:mp-775195_1_5_0_1_0,forward,0.11352421343326569,0.2551136016845703,0.14158938825130463,0.058058977127075195
71,nebDFT2k:mp-775195_1_5_0_1_0,reverse,0.11352421343326569,0.19705462455749512,0.08353041112422943,0.058058977127075195
71,nebDFT2k:mp-775195_1_5_0_1_0,inference_symmetrised,0.11352421343326569,0.22608411312103271,0.11255989968776703,0.058058977127075195
71,nebDFT2k:mp-776519_1_0_0_1_0,forward,1.0567388534545898,0.7513819932937622,0.30535686016082764,0.10313349962234497
71,nebDFT2k:mp-776519_1_0_0_1_0,reverse,1.0567388534545898,0.8545154929161072,0.20222336053848267,0.10313349962234497
71,nebDFT2k:mp-776519_1_0_0_1_0,inference_symmetrised,1.0567388534545898,0.8029487431049347,0.25379011034965515,0.10313349962234497
71,nebDFT2k:mp-776806_0_1_0_0_0,forward,0.8505998849868774,0.5663750767707825,0.28422480821609497,0.09890133142471313
71,nebDFT2k:mp-776806_0_1_0_0_0,reverse,0.8505998849868774,0.6652764081954956,0.18532347679138184,0.09890133142471313
71,nebDFT2k:mp-776806_0_1_0_0_0,inference_symmetrised,0.8505998849868774,0.615825742483139,0.2347741425037384,0.09890133142471313
71,nebDFT2k:mp-776806_3_2_1_1_0,forward,0.6594776511192322,0.6568253636360168,0.002652287483215332,0.09229028224945068
71,nebDFT2k:mp-776806_3_2_1_1_0,reverse,0.6594776511192322,0.7491156458854675,0.08963799476623535,0.09229028224945068
71,nebDFT2k:mp-776806_3_2_1_1_0,inference_symmetrised,0.6594776511192322,0.7029705047607422,0.04349285364151001,0.09229028224945068
71,nebDFT2k:mp-777279_19_7_1_0_0,forward,0.389350026845932,0.6050892472267151,0.21573922038078308,0.01077049970626831
71,nebDFT2k:mp-777279_19_7_1_0_0,reverse,0.389350026845932,0.6158597469329834,0.2265097200870514,0.01077049970626831
71,nebDFT2k:mp-777279_19_7_1_0_0,inference_symmetrised,0.389350026845932,0.6104744970798492,0.22112447023391724,0.01077049970626831
71,nebDFT2k:mp-777670_0_1_0_0_0,forward,0.7413540482521057,0.48756980895996094,0.2537842392921448,0.06248056888580322
71,nebDFT2k:mp-777670_0_1_0_0_0,reverse,0.7413540482521057,0.5500503778457642,0.19130367040634155,0.06248056888580322
71,nebDFT2k:mp-777670_0_1_0_0_0,inference_symmetrised,0.7413540482521057,0.5188100934028625,0.22254395484924316,0.06248056888580322
71,nebDFT2k:mp-777670_0_2_0_1_0,forward,4.522794723510742,2.6571943759918213,1.865600347518921,0.008223295211791992
71,nebDFT2k:mp-777670_0_2_0_1_0,reverse,4.522794723510742,2.6489710807800293,1.873823642730713,0.008223295211791992
71,nebDFT2k:mp-777670_0_2_0_1_0,inference_symmetrised,4.522794723510742,2.6530827283859253,1.869711995124817,0.008223295211791992
71,nebDFT2k:mp-777670_1_0_0_1_0,forward,0.6251729130744934,0.6087701320648193,0.016402781009674072,0.04503166675567627
71,nebDFT2k:mp-777670_1_0_0_1_0,reverse,0.6251729130744934,0.5637384653091431,0.06143444776535034,0.04503166675567627
71,nebDFT2k:mp-777670_1_0_0_1_0,inference_symmetrised,0.6251729130744934,0.5862542986869812,0.03891861438751221,0.04503166675567627
71,nebDFT2k:mp-778325_0_1_0_0_0,forward,0.6744814515113831,0.56697016954422,0.10751128196716309,0.11095654964447021
71,nebDFT2k:mp-778325_0_1_0_0_0,reverse,0.6744814515113831,0.6779267191886902,0.003445267677307129,0.11095654964447021
71,nebDFT2k:mp-778325_0_1_0_0_0,inference_symmetrised,0.6744814515113831,0.6224484443664551,0.05203300714492798,0.11095654964447021
71,nebDFT2k:mp-778830_1_9_1_1_0,forward,0.25904756784439087,0.5832865238189697,0.32423895597457886,0.029567360877990723
71,nebDFT2k:mp-778830_1_9_1_1_0,reverse,0.25904756784439087,0.553719162940979,0.29467159509658813,0.029567360877990723
71,nebDFT2k:mp-778830_1_9_1_1_0,inference_symmetrised,0.25904756784439087,0.5685028433799744,0.3094552755355835,0.029567360877990723
71,nebDFT2k:mp-778830_4_0_1_-1_-1,forward,0.2582642734050751,0.47697895765304565,0.21871468424797058,0.07116776704788208
71,nebDFT2k:mp-778830_4_0_1_-1_-1,reverse,0.2582642734050751,0.5481467247009277,0.28988245129585266,0.07116776704788208
71,nebDFT2k:mp-778830_4_0_1_-1_-1,inference_symmetrised,0.2582642734050751,0.5125628411769867,0.2542985677719116,0.07116776704788208
71,nebDFT2k:mp-779432_2_7_0_1_0,forward,0.17155316472053528,0.28110089898109436,0.10954773426055908,0.06431405246257782
71,nebDFT2k:mp-779432_2_7_0_1_0,reverse,0.17155316472053528,0.21678684651851654,0.04523368179798126,0.06431405246257782
71,nebDFT2k:mp-779432_2_7_0_1_0,inference_symmetrised,0.17155316472053528,0.24894387274980545,0.07739070802927017,0.06431405246257782
71,nebDFT2k:mp-779720_1_4_0_0_0,forward,0.3813576102256775,0.23349088430404663,0.14786672592163086,0.02707749605178833
71,nebDFT2k:mp-779720_1_4_0_0_0,reverse,0.3813576102256775,0.26056838035583496,0.12078922986984253,0.02707749605178833
71,nebDFT2k:mp-779720_1_4_0_0_0,inference_symmetrised,0.3813576102256775,0.2470296323299408,0.1343279778957367,0.02707749605178833
71,nebDFT2k:mp-779720_0_6_0_0_0,forward,0.876657247543335,0.4862859845161438,0.39037126302719116,0.009830832481384277
71,nebDFT2k:mp-779720_0_6_0_0_0,reverse,0.876657247543335,0.4764551520347595,0.40020209550857544,0.009830832481384277
71,nebDFT2k:mp-779720_0_6_0_0_0,inference_symmetrised,0.876657247543335,0.48137056827545166,0.3952866792678833,0.009830832481384277
71,nebDFT2k:mp-779720_12_22_0_0_0,forward,0.6643123030662537,0.3482849597930908,0.31602734327316284,0.10943710803985596
71,nebDFT2k:mp-779720_12_22_0_0_0,reverse,0.6643123030662537,0.4577220678329468,0.20659023523330688,0.10943710803985596
71,nebDFT2k:mp-779720_12_22_0_0_0,inference_symmetrised,0.6643123030662537,0.4030035138130188,0.26130878925323486,0.10943710803985596
71,nebDFT2k:mp-779720_4_8_0_1_0,forward,0.4980355501174927,0.5211169719696045,0.023081421852111816,0.09676659107208252
71,nebDFT2k:mp-779720_4_8_0_1_0,reverse,0.4980355501174927,0.424350380897522,0.0736851692199707,0.09676659107208252
71,nebDFT2k:mp-779720_4_8_0_1_0,inference_symmetrised,0.4980355501174927,0.47273367643356323,0.025301873683929443,0.09676659107208252
71,nebDFT2k:mp-781596_1_3_0_1_0,forward,0.12982939183712006,0.35262560844421387,0.2227962166070938,0.07709938287734985
71,nebDFT2k:mp-781596_1_3_0_1_0,reverse,0.12982939183712006,0.275526225566864,0.14569683372974396,0.07709938287734985
71,nebDFT2k:mp-781596_1_3_0_1_0,inference_symmetrised,0.12982939183712006,0.31407591700553894,0.18424652516841888,0.07709938287734985
71,nebDFT2k:mp-849351_1_0_1_0_-1,forward,1.591550588607788,0.4367139935493469,1.1548365950584412,0.005799531936645508
71,nebDFT2k:mp-849351_1_0_1_0_-1,reverse,1.591550588607788,0.44251352548599243,1.1490370631217957,0.005799531936645508
71,nebDFT2k:mp-849351_1_0_1_0_-1,inference_symmetrised,1.591550588607788,0.4396137595176697,1.1519368290901184,0.005799531936645508
71,nebDFT2k:mp-849386_8_8_1_0_0,forward,1.0149714946746826,0.531449556350708,0.4835219383239746,0.04962757229804993
71,nebDFT2k:mp-849386_8_8_1_0_0,reverse,1.0149714946746826,0.4818219840526581,0.5331495106220245,0.04962757229804993
71,nebDFT2k:mp-849386_8_8_1_0_0,inference_symmetrised,1.0149714946746826,0.506635770201683,0.5083357244729996,0.04962757229804993
71,nebDFT2k:mp-850532_0_1_0_1_0,forward,0.5237549543380737,0.4552672505378723,0.06848770380020142,0.002764672040939331
71,nebDFT2k:mp-850532_0_1_0_1_0,reverse,0.5237549543380737,0.452502578496933,0.07125237584114075,0.002764672040939331
71,nebDFT2k:mp-850532_0_1_0_1_0,inference_symmetrised,0.5237549543380737,0.45388491451740265,0.06987003982067108,0.002764672040939331
89,nebDFT2k:mp-1020056_0_0_1_1_0,forward,2.066868543624878,2.654115915298462,0.587247371673584,0.04727339744567871
89,nebDFT2k:mp-1020056_0_0_1_1_0,reverse,2.066868543624878,2.606842517852783,0.5399739742279053,0.04727339744567871
89,nebDFT2k:mp-1020056_0_0_1_1_0,inference_symmetrised,2.066868543624878,2.6304792165756226,0.5636106729507446,0.04727339744567871
89,nebDFT2k:mp-1020056_0_2_1_0_0,forward,0.13001933693885803,0.7685259580612183,0.6385066211223602,0.04383891820907593
89,nebDFT2k:mp-1020056_0_2_1_0_0,reverse,0.13001933693885803,0.7246870398521423,0.5946677029132843,0.04383891820907593
89,nebDFT2k:mp-1020056_0_2_1_0_0,inference_symmetrised,0.13001933693885803,0.7466064989566803,0.6165871620178223,0.04383891820907593
89,nebDFT2k:mp-1020056_2_2_1_1_0,forward,1.452639102935791,2.307753562927246,0.8551144599914551,0.05993080139160156
89,nebDFT2k:mp-1020056_2_2_1_1_0,reverse,1.452639102935791,2.2478227615356445,0.7951836585998535,0.05993080139160156
89,nebDFT2k:mp-1020056_2_2_1_1_0,inference_symmetrised,1.452639102935791,2.2777881622314453,0.8251490592956543,0.05993080139160156
89,nebDFT2k:mp-1147726_4_6_1_0_0,forward,0.1745581477880478,0.2365647554397583,0.06200660765171051,0.009787142276763916
89,nebDFT2k:mp-1147726_4_6_1_0_0,reverse,0.1745581477880478,0.22677761316299438,0.052219465374946594,0.009787142276763916
89,nebDFT2k:mp-1147726_4_6_1_0_0,inference_symmetrised,0.1745581477880478,0.23167118430137634,0.05711303651332855,0.009787142276763916
89,nebDFT2k:mp-1174212_5_7_0_0_0,forward,0.8727639317512512,0.33168140053749084,0.5410825312137604,0.007905393838882446
89,nebDFT2k:mp-1174212_5_7_0_0_0,reverse,0.8727639317512512,0.3237760066986084,0.5489879250526428,0.007905393838882446
89,nebDFT2k:mp-1174212_5_7_0_0_0,inference_symmetrised,0.8727639317512512,0.3277287036180496,0.5450352281332016,0.007905393838882446
89,nebDFT2k:mp-1175313_9_13_0_0_0,forward,0.5736613869667053,0.3194379210472107,0.25422346591949463,0.007362276315689087
89,nebDFT2k:mp-1175313_9_13_0_0_0,reverse,0.5736613869667053,0.3120756447315216,0.2615857422351837,0.007362276315689087
89,nebDFT2k:mp-1175313_9_13_0_0_0,inference_symmetrised,0.5736613869667053,0.31575678288936615,0.2579046040773392,0.007362276315689087
89,nebDFT2k:mp-1175624_0_3_0_1_0,forward,0.40710362792015076,0.4702923595905304,0.06318873167037964,0.00809478759765625
89,nebDFT2k:mp-1175624_0_3_0_1_0,reverse,0.40710362792015076,0.46219757199287415,0.05509394407272339,0.00809478759765625
89,nebDFT2k:mp-1175624_0_3_0_1_0,inference_symmetrised,0.40710362792015076,0.46624496579170227,0.059141337871551514,0.00809478759765625
89,nebDFT2k:mp-1175840_1_1_1_0_0,forward,2.172025442123413,1.7714682817459106,0.40055716037750244,0.023119449615478516
89,nebDFT2k:mp-1175840_1_1_1_0_0,reverse,2.172025442123413,1.7945877313613892,0.3774377107620239,0.023119449615478516
89,nebDFT2k:mp-1175840_1_1_1_0_0,inference_symmetrised,2.172025442123413,1.78302800655365,0.3889974355697632,0.023119449615478516
89,nebDFT2k:mp-1176566_0_2_0_0_0,forward,0.17504152655601501,0.42852693796157837,0.25348541140556335,0.03682747483253479
89,nebDFT2k:mp-1176566_0_2_0_0_0,reverse,0.17504152655601501,0.3916994631290436,0.21665793657302856,0.03682747483253479
89,nebDFT2k:mp-1176566_0_2_0_0_0,inference_symmetrised,0.17504152655601501,0.410113200545311,0.23507167398929596,0.03682747483253479
89,nebDFT2k:mp-1176566_0_2_0_1_0,forward,2.848614454269409,1.9041534662246704,0.9444609880447388,0.00647282600402832
89,nebDFT2k:mp-1176566_0_2_0_1_0,reverse,2.848614454269409,1.9106262922286987,0.9379881620407104,0.00647282600402832
89,nebDFT2k:mp-1176566_0_2_0_1_0,inference_symmetrised,2.848614454269409,1.9073898792266846,0.9412245750427246,0.00647282600402832
89,nebDFT2k:mp-1176649_6_7_0_0_0,forward,0.9662818312644958,1.4247239828109741,0.45844215154647827,0.02570521831512451
89,nebDFT2k:mp-1176649_6_7_0_0_0,reverse,0.9662818312644958,1.4504292011260986,0.4841473698616028,0.02570521831512451
89,nebDFT2k:mp-1176649_6_7_0_0_0,inference_symmetrised,0.9662818312644958,1.4375765919685364,0.4712947607040405,0.02570521831512451
89,nebDFT2k:mp-1176994_9_9_1_0_0,forward,2.2720789909362793,2.318415403366089,0.04633641242980957,0.010163068771362305
89,nebDFT2k:mp-1176994_9_9_1_0_0,reverse,2.2720789909362793,2.3082523345947266,0.036173343658447266,0.010163068771362305
89,nebDFT2k:mp-1176994_9_9_1_0_0,inference_symmetrised,2.2720789909362793,2.3133338689804077,0.04125487804412842,0.010163068771362305
89,nebDFT2k:mp-1177804_0_1_0_0_1,forward,1.6887457370758057,2.0771899223327637,0.388444185256958,0.01668262481689453
89,nebDFT2k:mp-1177804_0_1_0_0_1,reverse,1.6887457370758057,2.060507297515869,0.3717615604400635,0.01668262481689453
89,nebDFT2k:mp-1177804_0_1_0_0_1,inference_symmetrised,1.6887457370758057,2.0688486099243164,0.38010287284851074,0.01668262481689453
89,nebDFT2k:mp-1177804_0_2_0_0_1,forward,0.3489684462547302,0.3769669234752655,0.02799847722053528,0.019904762506484985
89,nebDFT2k:mp-1177804_0_2_0_0_1,reverse,0.3489684462547302,0.3570621609687805,0.008093714714050293,0.019904762506484985
89,nebDFT2k:mp-1177804_0_2_0_0_1,inference_symmetrised,0.3489684462547302,0.367014542222023,0.018046095967292786,0.019904762506484985
89,nebDFT2k:mp-1177943_4_7_0_0_0,forward,0.9865845441818237,0.9268758296966553,0.05970871448516846,0.04190695285797119
89,nebDFT2k:mp-1177943_4_7_0_0_0,reverse,0.9865845441818237,0.8849688768386841,0.10161566734313965,0.04190695285797119
89,nebDFT2k:mp-1177943_4_7_0_0_0,inference_symmetrised,0.9865845441818237,0.9059223532676697,0.08066219091415405,0.04190695285797119
89,nebDFT2k:mp-1178166_8_9_0_0_1,forward,0.8422648310661316,1.4300119876861572,0.5877471566200256,0.02931523323059082
89,nebDFT2k:mp-1178166_8_9_0_0_1,reverse,0.8422648310661316,1.4006967544555664,0.5584319233894348,0.02931523323059082
89,nebDFT2k:mp-1178166_8_9_0_0_1,inference_symmetrised,0.8422648310661316,1.4153543710708618,0.5730895400047302,0.02931523323059082
89,nebDFT2k:mp-1202443_0_6_0_0_1,forward,1.9113332033157349,1.2488250732421875,0.6625081300735474,0.020043134689331055
89,nebDFT2k:mp-1202443_0_6_0_0_1,reverse,1.9113332033157349,1.2287819385528564,0.6825512647628784,0.020043134689331055
89,nebDFT2k:mp-1202443_0_6_0_0_1,inference_symmetrised,1.9113332033157349,1.238803505897522,0.6725296974182129,0.020043134689331055
89,nebDFT2k:mp-1222404_0_0_0_1_-1,forward,0.4571089446544647,0.4455065131187439,0.011602431535720825,0.037261754274368286
89,nebDFT2k:mp-1222404_0_0_0_1_-1,reverse,0.4571089446544647,0.4827682673931122,0.02565932273864746,0.037261754274368286
89,nebDFT2k:mp-1222404_0_0_0_1_-1,inference_symmetrised,0.4571089446544647,0.46413739025592804,0.007028445601463318,0.037261754274368286
89,nebDFT2k:mp-1222469_0_0_0_1_0,forward,1.3453915119171143,1.3465479612350464,0.001156449317932129,0.005054831504821777
89,nebDFT2k:mp-1222469_0_0_0_1_0,reverse,1.3453915119171143,1.3414931297302246,0.0038983821868896484,0.005054831504821777
89,nebDFT2k:mp-1222469_0_0_0_1_0,inference_symmetrised,1.3453915119171143,1.3440205454826355,0.0013709664344787598,0.005054831504821777
89,nebDFT2k:mp-1222510_2_2_0_1_0,forward,1.738020896911621,2.023024320602417,0.2850034236907959,0.03656113147735596
89,nebDFT2k:mp-1222510_2_2_0_1_0,reverse,1.738020896911621,1.986463189125061,0.24844229221343994,0.03656113147735596
89,nebDFT2k:mp-1222510_2_2_0_1_0,inference_symmetrised,1.738020896911621,2.004743754863739,0.2667228579521179,0.03656113147735596
89,nebDFT2k:mp-1222575_1_2_0_0_0,forward,1.200072169303894,1.4003372192382812,0.2002650499343872,9.298324584960938e-05
89,nebDFT2k:mp-1222575_1_2_0_0_0,reverse,1.200072169303894,1.4002442359924316,0.2001720666885376,9.298324584960938e-05
89,nebDFT2k:mp-1222575_1_2_0_0_0,inference_symmetrised,1.200072169303894,1.4002907276153564,0.2002185583114624,9.298324584960938e-05
89,nebDFT2k:mp-1222575_0_2_0_0_0,forward,4.537822246551514,3.3453192710876465,1.1925029754638672,0.044300079345703125
89,nebDFT2k:mp-1222575_0_2_0_0_0,reverse,4.537822246551514,3.3010191917419434,1.2368030548095703,0.044300079345703125
89,nebDFT2k:mp-1222575_0_2_0_0_0,inference_symmetrised,4.537822246551514,3.323169231414795,1.2146530151367188,0.044300079345703125
89,nebDFT2k:mp-1222591_0_0_0_1_0,forward,0.4859350323677063,0.5399224758148193,0.05398744344711304,0.020054876804351807
89,nebDFT2k:mp-1222591_0_0_0_1_0,reverse,0.4859350323677063,0.5198675990104675,0.03393256664276123,0.020054876804351807
89,nebDFT2k:mp-1222591_0_0_0_1_0,inference_symmetrised,0.4859350323677063,0.5298950374126434,0.043960005044937134,0.020054876804351807
89,nebDFT2k:mp-1277038_4_0_0_1_0,forward,0.685222327709198,1.013417363166809,0.3281950354576111,0.02750527858734131
89,nebDFT2k:mp-1277038_4_0_0_1_0,reverse,0.685222327709198,0.9859120845794678,0.3006897568702698,0.02750527858734131
89,nebDFT2k:mp-1277038_4_0_0_1_0,inference_symmetrised,0.685222327709198,0.9996647238731384,0.31444239616394043,0.02750527858734131
89,nebDFT2k:mp-1277589_2_0_1_0_0,forward,0.5733042359352112,0.7977921366691589,0.22448790073394775,0.029135406017303467
89,nebDFT2k:mp-1277589_2_0_1_0_0,reverse,0.5733042359352112,0.7686567306518555,0.1953524947166443,0.029135406017303467
89,nebDFT2k:mp-1277589_2_0_1_0_0,inference_symmetrised,0.5733042359352112,0.7832244336605072,0.20992019772529602,0.029135406017303467
89,nebDFT2k:mp-1277613_3_1_1_-1_0,forward,0.5781484246253967,0.4718259274959564,0.10632249712944031,0.050645023584365845
89,nebDFT2k:mp-1277613_3_1_1_-1_0,reverse,0.5781484246253967,0.4211809039115906,0.15696752071380615,0.050645023584365845
89,nebDFT2k:mp-1277613_3_1_1_-1_0,inference_symmetrised,0.5781484246253967,0.4465034157037735,0.13164500892162323,0.050645023584365845
89,nebDFT2k:mp-1277613_2_0_0_0_1,forward,0.5695000886917114,0.4556081295013428,0.11389195919036865,0.05164143443107605
89,nebDFT2k:mp-1277613_2_0_0_0_1,reverse,0.5695000886917114,0.4039666950702667,0.1655333936214447,0.05164143443107605
89,nebDFT2k:mp-1277613_2_0_0_0_1,inference_symmetrised,0.5695000886917114,0.42978741228580475,0.13971267640590668,0.05164143443107605
89,nebDFT2k:mp-1277814_5_7_0_1_0,forward,2.58870530128479,0.6398094296455383,1.9488958716392517,0.15354099869728088
89,nebDFT2k:mp-1277814_5_7_0_1_0,reverse,2.58870530128479,0.48626843094825745,2.1024368703365326,0.15354099869728088
89,nebDFT2k:mp-1277814_5_7_0_1_0,inference_symmetrised,2.58870530128479,0.5630389302968979,2.025666370987892,0.15354099869728088
89,nebDFT2k:mp-1277814_6_10_1_-1_0,forward,2.7002744674682617,1.690374493598938,1.0098999738693237,0.06454575061798096
89,nebDFT2k:mp-1277814_6_10_1_-1_0,reverse,2.7002744674682617,1.625828742980957,1.0744457244873047,0.06454575061798096
89,nebDFT2k:mp-1277814_6_10_1_-1_0,inference_symmetrised,2.7002744674682617,1.6581016182899475,1.0421728491783142,0.06454575061798096
89,nebDFT2k:mp-1277814_1_2_0_1_0,forward,0.4587925672531128,0.6466203927993774,0.18782782554626465,0.13902884721755981
89,nebDFT2k:mp-1277814_1_2_0_1_0,reverse,0.4587925672531128,0.5075915455818176,0.048798978328704834,0.13902884721755981
89,nebDFT2k:mp-1277814_1_2_0_1_0,inference_symmetrised,0.4587925672531128,0.5771059691905975,0.11831340193748474,0.13902884721755981
89,nebDFT2k:mp-1277814_9_2_1_1_0,forward,2.4481306076049805,1.653432011604309,0.7946985960006714,0.06900215148925781
89,nebDFT2k:mp-1277814_9_2_1_1_0,reverse,2.4481306076049805,1.5844298601150513,0.8637007474899292,0.06900215148925781
89,nebDFT2k:mp-1277814_9_2_1_1_0,inference_symmetrised,2.4481306076049805,1.6189309358596802,0.8291996717453003,0.06900215148925781
89,nebDFT2k:mp-1282211_3_0_0_0_1,forward,3.475863456726074,1.9606642723083496,1.5151991844177246,0.060549259185791016
89,nebDFT2k:mp-1282211_3_0_0_0_1,reverse,3.475863456726074,2.0212135314941406,1.4546499252319336,0.060549259185791016
89,nebDFT2k:mp-1282211_3_0_0_0_1,inference_symmetrised,3.475863456726074,1.9909389019012451,1.484924554824829,0.060549259185791016
89,nebDFT2k:mp-1282761_2_1_1_1_0,forward,0.2802552878856659,0.6887416839599609,0.40848639607429504,0.015118241310119629
89,nebDFT2k:mp-1282761_2_1_1_1_0,reverse,0.2802552878856659,0.6736234426498413,0.3933681547641754,0.015118241310119629
89,nebDFT2k:mp-1282761_2_1_1_1_0,inference_symmetrised,0.2802552878856659,0.6811825633049011,0.40092727541923523,0.015118241310119629
89,nebDFT2k:mp-1282761_3_0_0_0_1,forward,0.28042837977409363,0.7068790793418884,0.4264506995677948,0.016593575477600098
89,nebDFT2k:mp-1282761_3_0_0_0_1,reverse,0.28042837977409363,0.6902855038642883,0.4098571240901947,0.016593575477600098
89,nebDFT2k:mp-1282761_3_0_0_0_1,inference_symmetrised,0.28042837977409363,0.6985822916030884,0.41815391182899475,0.016593575477600098
89,nebDFT2k:mp-1282869_0_3_0_0_0,forward,0.5327412486076355,0.1006937026977539,0.4320475459098816,0.019782543182373047
89,nebDFT2k:mp-1282869_0_3_0_0_0,reverse,0.5327412486076355,0.08091115951538086,0.45183008909225464,0.019782543182373047
89,nebDFT2k:mp-1282869_0_3_0_0_0,inference_symmetrised,0.5327412486076355,0.09080243110656738,0.4419388175010681,0.019782543182373047
89,nebDFT2k:mp-1282869_1_2_1_0_0,forward,0.531970202922821,0.1301192045211792,0.40185099840164185,0.028415977954864502
89,nebDFT2k:mp-1282869_1_2_1_0_0,reverse,0.531970202922821,0.1017032265663147,0.43026697635650635,0.028415977954864502
89,nebDFT2k:mp-1282869_1_2_1_0_0,inference_symmetrised,0.531970202922821,0.11591121554374695,0.4160589873790741,0.028415977954864502
89,nebDFT2k:mp-1282931_3_5_0_0_0,forward,0.6656212210655212,0.4743528962135315,0.19126832485198975,0.03603079915046692
89,nebDFT2k:mp-1282931_3_5_0_0_0,reverse,0.6656212210655212,0.4383220970630646,0.22729912400245667,0.03603079915046692
89,nebDFT2k:mp-1282931_3_5_0_0_0,inference_symmetrised,0.6656212210655212,0.45633749663829803,0.2092837244272232,0.03603079915046692
89,nebDFT2k:mp-1284600_2_7_0_0_0,forward,0.41195741295814514,0.37726926803588867,0.03468814492225647,0.022995948791503906
89,nebDFT2k:mp-1284600_2_7_0_0_0,reverse,0.41195741295814514,0.35427331924438477,0.057684093713760376,0.022995948791503906
89,nebDFT2k:mp-1284600_2_7_0_0_0,inference_symmetrised,0.41195741295814514,0.3657712936401367,0.04618611931800842,0.022995948791503906
89,nebDFT2k:mp-1295192_1_1_1_0_0,forward,1.0270062685012817,0.9747961759567261,0.052210092544555664,0.013747096061706543
89,nebDFT2k:mp-1295192_1_1_1_0_0,reverse,1.0270062685012817,0.9610490798950195,0.06595718860626221,0.013747096061706543
89,nebDFT2k:mp-1295192_1_1_1_0_0,inference_symmetrised,1.0270062685012817,0.9679226279258728,0.059083640575408936,0.013747096061706543
89,nebDFT2k:mp-1295192_3_3_1_0_0,forward,1.0451579093933105,0.9814455509185791,0.06371235847473145,0.012274026870727539
89,nebDFT2k:mp-1295192_3_3_1_0_0,reverse,1.0451579093933105,0.9691715240478516,0.07598638534545898,0.012274026870727539
89,nebDFT2k:mp-1295192_3_3_1_0_0,inference_symmetrised,1.0451579093933105,0.9753085374832153,0.06984937191009521,0.012274026870727539
89,nebDFT2k:mp-1297766_1_5_1_-1_0,forward,2.696653127670288,1.8659917116165161,0.830661416053772,5.602836608886719e-06
89,nebDFT2k:mp-1297766_1_5_1_-1_0,reverse,2.696653127670288,1.8659861087799072,0.8306670188903809,5.602836608886719e-06
89,nebDFT2k:mp-1297766_1_5_1_-1_0,inference_symmetrised,2.696653127670288,1.8659889101982117,0.8306642174720764,5.602836608886719e-06
89,nebDFT2k:mp-1306251_7_5_1_1_0,forward,1.546714425086975,1.042739748954773,0.5039746761322021,0.010584712028503418
89,nebDFT2k:mp-1306251_7_5_1_1_0,reverse,1.546714425086975,1.0321550369262695,0.5145593881607056,0.010584712028503418
89,nebDFT2k:mp-1306251_7_5_1_1_0,inference_symmetrised,1.546714425086975,1.0374473929405212,0.5092670321464539,0.010584712028503418
89,nebDFT2k:mp-1314006_1_0_0_1_-1,forward,0.2759045958518982,0.3649434447288513,0.08903884887695312,0.007283926010131836
89,nebDFT2k:mp-1314006_1_0_0_1_-1,reverse,0.2759045958518982,0.3576595187187195,0.08175492286682129,0.007283926010131836
89,nebDFT2k:mp-1314006_1_0_0_1_-1,inference_symmetrised,0.2759045958518982,0.3613014817237854,0.08539688587188721,0.007283926010131836
89,nebDFT2k:mp-1320203_8_0_0_1_0,forward,0.7955121994018555,0.5110012292861938,0.2845109701156616,0.01070636510848999
89,nebDFT2k:mp-1320203_8_0_0_1_0,reverse,0.7955121994018555,0.5002948641777039,0.2952173352241516,0.01070636510848999
89,nebDFT2k:mp-1320203_8_0_0_1_0,inference_symmetrised,0.7955121994018555,0.5056480467319489,0.2898641526699066,0.01070636510848999
89,nebDFT2k:mp-1641416_3_9_0_0_0,forward,0.38150760531425476,0.3329671025276184,0.04854050278663635,0.034557998180389404
89,nebDFT2k:mp-1641416_3_9_0_0_0,reverse,0.38150760531425476,0.298409104347229,0.08309850096702576,0.034557998180389404
89,nebDFT2k:mp-1641416_3_9_0_0_0,inference_symmetrised,0.38150760531425476,0.3156881034374237,0.06581950187683105,0.034557998180389404
89,nebDFT2k:mp-25463_4_10_1_0_0,forward,0.6109094023704529,0.7647289037704468,0.1538195013999939,0.030003786087036133
89,nebDFT2k:mp-25463_4_10_1_0_0,reverse,0.6109094023704529,0.7347251176834106,0.12381571531295776,0.030003786087036133
89,nebDFT2k:mp-25463_4_10_1_0_0,inference_symmetrised,0.6109094023704529,0.7497270107269287,0.13881760835647583,0.030003786087036133
89,nebDFT2k:mp-25465_1_0_0_0_1,forward,0.857966959476471,1.3534672260284424,0.49550026655197144,0.013551712036132812
89,nebDFT2k:mp-25465_1_0_0_0_1,reverse,0.857966959476471,1.3399155139923096,0.4819485545158386,0.013551712036132812
89,nebDFT2k:mp-25465_1_0_0_0_1,inference_symmetrised,0.857966959476471,1.346691370010376,0.48872441053390503,0.013551712036132812
89,nebDFT2k:mp-25465_1_0_1_0_1,forward,0.22785605490207672,0.18632423877716064,0.04153181612491608,0.033659934997558594
89,nebDFT2k:mp-25465_1_0_1_0_1,reverse,0.22785605490207672,0.15266430377960205,0.07519175112247467,0.033659934997558594
89,nebDFT2k:mp-25465_1_0_1_0_1,inference_symmetrised,0.22785605490207672,0.16949427127838135,0.058361783623695374,0.033659934997558594
89,nebDFT2k:mp-26247_6_9_0_0_0,forward,0.6142609715461731,0.557244598865509,0.05701637268066406,0.02533167600631714
89,nebDFT2k:mp-26247_6_9_0_0_0,reverse,0.6142609715461731,0.5319129228591919,0.0823480486869812,0.02533167600631714
89,nebDFT2k:mp-26247_6_9_0_0_0,inference_symmetrised,0.6142609715461731,0.5445787608623505,0.06968221068382263,0.02533167600631714
89,nebDFT2k:mp-26351_0_2_0_0_0,forward,1.5798574686050415,1.4882967472076416,0.0915607213973999,0.004729628562927246
89,nebDFT2k:mp-26351_0_2_0_0_0,reverse,1.5798574686050415,1.4930263757705688,0.08683109283447266,0.004729628562927246
89,nebDFT2k:mp-26351_0_2_0_0_0,inference_symmetrised,1.5798574686050415,1.4906615614891052,0.08919590711593628,0.004729628562927246
89,nebDFT2k:mp-26721_0_1_0_0_0,forward,1.2890585660934448,0.5395075082778931,0.7495510578155518,0.004613518714904785
89,nebDFT2k:mp-26721_0_1_0_0_0,reverse,1.2890585660934448,0.5348939895629883,0.7541645765304565,0.004613518714904785
89,nebDFT2k:mp-26721_0_1_0_0_0,inference_symmetrised,1.2890585660934448,0.5372007489204407,0.7518578171730042,0.004613518714904785
89,nebDFT2k:mp-26965_0_2_0_1_0,forward,0.2988061010837555,0.31676432490348816,0.017958223819732666,0.015994399785995483
89,nebDFT2k:mp-26965_0_2_0_1_0,reverse,0.2988061010837555,0.3007699251174927,0.0019638240337371826,0.015994399785995483
89,nebDFT2k:mp-26965_0_2_0_1_0,inference_symmetrised,0.2988061010837555,0.3087671250104904,0.009961023926734924,0.015994399785995483
89,nebDFT2k:mp-28030_17_16_0_1_-1,forward,0.8980735540390015,0.7615309357643127,0.13654261827468872,0.04781275987625122
89,nebDFT2k:mp-28030_17_16_0_1_-1,reverse,0.8980735540390015,0.7137181758880615,0.18435537815093994,0.04781275987625122
89,nebDFT2k:mp-28030_17_16_0_1_-1,inference_symmetrised,0.8980735540390015,0.7376245558261871,0.16044899821281433,0.04781275987625122
89,nebDFT2k:mp-28030_30_31_0_0_0,forward,0.9760967493057251,0.9152102470397949,0.060886502265930176,0.02252596616744995
89,nebDFT2k:mp-28030_30_31_0_0_0,reverse,0.9760967493057251,0.9377362132072449,0.038360536098480225,0.02252596616744995
89,nebDFT2k:mp-28030_30_31_0_0_0,inference_symmetrised,0.9760967493057251,0.9264732301235199,0.0496235191822052,0.02252596616744995
89,nebDFT2k:mp-28030_2_22_0_0_0,forward,0.8691693544387817,0.5505993962287903,0.31856995820999146,0.0046228766441345215
89,nebDFT2k:mp-28030_2_22_0_0_0,reverse,0.8691693544387817,0.5552222728729248,0.31394708156585693,0.0046228766441345215
89,nebDFT2k:mp-28030_2_22_0_0_0,inference_symmetrised,0.8691693544387817,0.5529108345508575,0.3162585198879242,0.0046228766441345215
89,nebDFT2k:mp-28548_0_8_0_0_0,forward,0.11965204030275345,0.3725014925003052,0.2528494521975517,0.03159099817276001
89,nebDFT2k:mp-28548_0_8_0_0_0,reverse,0.11965204030275345,0.34091049432754517,0.22125845402479172,0.03159099817276001
89,nebDFT2k:mp-28548_0_8_0_0_0,inference_symmetrised,0.11965204030275345,0.35670599341392517,0.23705395311117172,0.03159099817276001
89,nebDFT2k:mp-29040_4_3_0_1_1,forward,0.4273566007614136,0.3288392722606659,0.09851732850074768,0.07590535283088684
89,nebDFT2k:mp-29040_4_3_0_1_1,reverse,0.4273566007614136,0.40474462509155273,0.02261197566986084,0.07590535283088684
89,nebDFT2k:mp-29040_4_3_0_1_1,inference_symmetrised,0.4273566007614136,0.3667919486761093,0.06056465208530426,0.07590535283088684
89,nebDFT2k:mp-29040_0_5_0_0_0,forward,0.8543699979782104,0.6612251400947571,0.19314485788345337,0.02364403009414673
89,nebDFT2k:mp-29040_0_5_0_0_0,reverse,0.8543699979782104,0.6375811100006104,0.2167888879776001,0.02364403009414673
89,nebDFT2k:mp-29040_0_5_0_0_0,inference_symmetrised,0.8543699979782104,0.6494031250476837,0.20496687293052673,0.02364403009414673
89,nebDFT2k:mp-29040_1_3_0_0_0,forward,0.1771891564130783,0.5376253724098206,0.36043621599674225,0.06646507978439331
89,nebDFT2k:mp-29040_1_3_0_0_0,reverse,0.1771891564130783,0.47116029262542725,0.29397113621234894,0.06646507978439331
89,nebDFT2k:mp-29040_1_3_0_0_0,inference_symmetrised,0.1771891564130783,0.5043928325176239,0.3272036761045456,0.06646507978439331
89,nebDFT2k:mp-34038_3_4_0_1_0,forward,1.1277568340301514,0.8527782559394836,0.2749785780906677,0.05218148231506348
89,nebDFT2k:mp-34038_3_4_0_1_0,reverse,1.1277568340301514,0.9049597382545471,0.22279709577560425,0.05218148231506348
89,nebDFT2k:mp-34038_3_4_0_1_0,inference_symmetrised,1.1277568340301514,0.8788689970970154,0.248887836933136,0.05218148231506348
89,nebDFT2k:mp-34038_0_2_0_0_1,forward,0.7510952949523926,0.3946146070957184,0.3564806878566742,0.08226680755615234
89,nebDFT2k:mp-34038_0_2_0_0_1,reverse,0.7510952949523926,0.4768814146518707,0.27421388030052185,0.08226680755615234
89,nebDFT2k:mp-34038_0_2_0_0_1,inference_symmetrised,0.7510952949523926,0.43574801087379456,0.315347284078598,0.08226680755615234
89,nebDFT2k:mp-34038_2_0_0_1_-1,forward,0.7525688409805298,0.7819892764091492,0.029420435428619385,0.16934823989868164
89,nebDFT2k:mp-34038_2_0_0_1_-1,reverse,0.7525688409805298,0.6126410365104675,0.13992780447006226,0.16934823989868164
89,nebDFT2k:mp-34038_2_0_0_1_-1,inference_symmetrised,0.7525688409805298,0.6973151564598083,0.055253684520721436,0.16934823989868164
89,nebDFT2k:mp-34038_0_1_1_1_0,forward,1.2990351915359497,0.25371086597442627,1.0453243255615234,0.062463581562042236
89,nebDFT2k:mp-34038_0_1_1_1_0,reverse,1.2990351915359497,0.3161744475364685,0.9828607439994812,0.062463581562042236
89,nebDFT2k:mp-34038_0_1_1_1_0,inference_symmetrised,1.2990351915359497,0.2849426567554474,1.0140925347805023,0.062463581562042236
89,nebDFT2k:mp-34038_4_4_0_1_0,forward,0.11014693975448608,0.515134871006012,0.4049879312515259,0.09219396114349365
89,nebDFT2k:mp-34038_4_4_0_1_0,reverse,0.11014693975448608,0.4229409098625183,0.3127939701080322,0.09219396114349365
89,nebDFT2k:mp-34038_4_4_0_1_0,inference_symmetrised,0.11014693975448608,0.46903789043426514,0.35889095067977905,0.09219396114349365
89,nebDFT2k:mp-34038_0_0_1_-1_0,forward,1.1750401258468628,0.7919984459877014,0.3830416798591614,0.09372437000274658
89,nebDFT2k:mp-34038_0_0_1_-1_0,reverse,1.1750401258468628,0.6982740759849548,0.47676604986190796,0.09372437000274658
89,nebDFT2k:mp-34038_0_0_1_-1_0,inference_symmetrised,1.1750401258468628,0.7451362609863281,0.42990386486053467,0.09372437000274658
89,nebDFT2k:mp-3635_0_3_0_0_0,forward,0.6212753653526306,0.5533759593963623,0.06789940595626831,0.04787933826446533
89,nebDFT2k:mp-3635_0_3_0_0_0,reverse,0.6212753653526306,0.505496621131897,0.11577874422073364,0.04787933826446533
89,nebDFT2k:mp-3635_0_3_0_0_0,inference_symmetrised,0.6212753653526306,0.5294362902641296,0.09183907508850098,0.04787933826446533
89,nebDFT2k:mp-4002_0_1_0_0_0,forward,0.4607055187225342,0.1847049593925476,0.2760005593299866,0.07655638456344604
89,nebDFT2k:mp-4002_0_1_0_0_0,reverse,0.4607055187225342,0.10814857482910156,0.3525569438934326,0.07655638456344604
89,nebDFT2k:mp-4002_0_1_0_0_0,inference_symmetrised,0.4607055187225342,0.14642676711082458,0.3142787516117096,0.07655638456344604
89,nebDFT2k:mp-4117_3_0_1_0_1,forward,2.0165598392486572,2.825899600982666,0.8093397617340088,0.0037965774536132812
89,nebDFT2k:mp-4117_3_0_1_0_1,reverse,2.0165598392486572,2.8296961784362793,0.8131363391876221,0.0037965774536132812
89,nebDFT2k:mp-4117_3_0_1_0_1,inference_symmetrised,2.0165598392486572,2.8277978897094727,0.8112380504608154,0.0037965774536132812
89,nebDFT2k:mp-556655_0_7_0_1_-1,forward,0.42521727085113525,0.6197459697723389,0.1945286989212036,0.0074656009674072266
89,nebDFT2k:mp-556655_0_7_0_1_-1,reverse,0.42521727085113525,0.6122803688049316,0.1870630979537964,0.0074656009674072266
89,nebDFT2k:mp-556655_0_7_0_1_-1,inference_symmetrised,0.42521727085113525,0.6160131692886353,0.1907958984375,0.0074656009674072266
89,nebDFT2k:mp-556655_1_4_0_0_0,forward,0.4567823112010956,0.3452187180519104,0.11156359314918518,0.00967472791671753
89,nebDFT2k:mp-556655_1_4_0_0_0,reverse,0.4567823112010956,0.33554399013519287,0.12123832106590271,0.00967472791671753
89,nebDFT2k:mp-556655_1_4_0_0_0,inference_symmetrised,0.4567823112010956,0.34038135409355164,0.11640095710754395,0.00967472791671753
89,nebDFT2k:mp-559680_0_2_0_0_1,forward,1.600379467010498,1.1975843906402588,0.40279507637023926,0.021297454833984375
89,nebDFT2k:mp-559680_0_2_0_0_1,reverse,1.600379467010498,1.1762869358062744,0.42409253120422363,0.021297454833984375
89,nebDFT2k:mp-559680_0_2_0_0_1,inference_symmetrised,1.600379467010498,1.1869356632232666,0.41344380378723145,0.021297454833984375
89,nebDFT2k:mp-567474_0_1_0_0_0,forward,0.06772521883249283,0.09607803821563721,0.02835281938314438,0.006552278995513916
89,nebDFT2k:mp-567474_0_1_0_0_0,reverse,0.06772521883249283,0.10263031721115112,0.034905098378658295,0.006552278995513916
89,nebDFT2k:mp-567474_0_1_0_0_0,inference_symmetrised,0.06772521883249283,0.09935417771339417,0.03162895888090134,0.006552278995513916
89,nebDFT2k:mp-6745_0_1_1_0_0,forward,1.3544573783874512,1.5172916650772095,0.1628342866897583,0.013069987297058105
89,nebDFT2k:mp-6745_0_1_1_0_0,reverse,1.3544573783874512,1.5042216777801514,0.1497642993927002,0.013069987297058105
89,nebDFT2k:mp-6745_0_1_1_0_0,inference_symmetrised,1.3544573783874512,1.5107566714286804,0.15629929304122925,0.013069987297058105
89,nebDFT2k:mp-6745_0_1_0_0_0,forward,1.8797433376312256,1.4381171464920044,0.4416261911392212,0.0007766485214233398
89,nebDFT2k:mp-6745_0_1_0_0_0,reverse,1.8797433376312256,1.437340497970581,0.44240283966064453,0.0007766485214233398
89,nebDFT2k:mp-6745_0_1_0_0_0,inference_symmetrised,1.8797433376312256,1.4377288222312927,0.44201451539993286,0.0007766485214233398
89,nebDFT2k:mp-752552_2_7_0_1_1,forward,0.10932184755802155,0.2574409246444702,0.14811907708644867,0.0021497905254364014
89,nebDFT2k:mp-752552_2_7_0_1_1,reverse,0.10932184755802155,0.2552911341190338,0.14596928656101227,0.0021497905254364014
89,nebDFT2k:mp-752552_2_7_0_1_1,inference_symmetrised,0.10932184755802155,0.256366029381752,0.14704418182373047,0.0021497905254364014
89,nebDFT2k:mp-752552_0_7_0_0_1,forward,0.11279285699129105,0.27877336740493774,0.1659805104136467,0.0004260241985321045
89,nebDFT2k:mp-752552_0_7_0_0_1,reverse,0.11279285699129105,0.27919939160346985,0.1664065346121788,0.0004260241985321045
89,nebDFT2k:mp-752552_0_7_0_0_1,inference_symmetrised,0.11279285699129105,0.2789863795042038,0.16619352251291275,0.0004260241985321045
89,nebDFT2k:mp-752707_0_2_0_0_0,forward,0.6314464211463928,0.5013099908828735,0.1301364302635193,0.07421988248825073
89,nebDFT2k:mp-752707_0_2_0_0_0,reverse,0.6314464211463928,0.4270901083946228,0.20435631275177002,0.07421988248825073
89,nebDFT2k:mp-752707_0_2_0_0_0,inference_symmetrised,0.6314464211463928,0.46420004963874817,0.16724637150764465,0.07421988248825073
89,nebDFT2k:mp-753109_2_0_1_0_-1,forward,0.6892510056495667,0.5597548484802246,0.12949615716934204,0.004784882068634033
89,nebDFT2k:mp-753109_2_0_1_0_-1,reverse,0.6892510056495667,0.5549699664115906,0.13428103923797607,0.004784882068634033
89,nebDFT2k:mp-753109_2_0_1_0_-1,inference_symmetrised,0.6892510056495667,0.5573624074459076,0.13188859820365906,0.004784882068634033
89,nebDFT2k:mp-753126_0_1_1_1_0,forward,1.355068564414978,1.3524094820022583,0.0026590824127197266,0.036440491676330566
89,nebDFT2k:mp-753126_0_1_1_1_0,reverse,1.355068564414978,1.3888499736785889,0.03378140926361084,0.036440491676330566
89,nebDFT2k:mp-753126_0_1_1_1_0,inference_symmetrised,1.355068564414978,1.3706297278404236,0.015561163425445557,0.036440491676330566
89,nebDFT2k:mp-753204_0_2_0_0_0,forward,0.5282348990440369,0.31173646450042725,0.21649843454360962,0.0010100901126861572
89,nebDFT2k:mp-753204_0_2_0_0_0,reverse,0.5282348990440369,0.3127465546131134,0.21548834443092346,0.0010100901126861572
89,nebDFT2k:mp-753204_0_2_0_0_0,inference_symmetrised,0.5282348990440369,0.3122415095567703,0.21599338948726654,0.0010100901126861572
89,nebDFT2k:mp-753340_2_3_0_0_0,forward,0.5125430822372437,0.27607542276382446,0.2364676594734192,0.053480297327041626
89,nebDFT2k:mp-753340_2_3_0_0_0,reverse,0.5125430822372437,0.22259512543678284,0.2899479568004608,0.053480297327041626
89,nebDFT2k:mp-753340_2_3_0_0_0,inference_symmetrised,0.5125430822372437,0.24933527410030365,0.26320780813694,0.053480297327041626
89,nebDFT2k:mp-753477_6_2_0_1_0,forward,1.7132000923156738,0.2763838469982147,1.436816245317459,0.01504606008529663
89,nebDFT2k:mp-753477_6_2_0_1_0,reverse,1.7132000923156738,0.2613377869129181,1.4518623054027557,0.01504606008529663
89,nebDFT2k:mp-753477_6_2_0_1_0,inference_symmetrised,1.7132000923156738,0.2688608169555664,1.4443392753601074,0.01504606008529663
89,nebDFT2k:mp-753791_0_2_1_1_0,forward,0.5920940041542053,0.7542893886566162,0.1621953845024109,0.027773141860961914
89,nebDFT2k:mp-753791_0_2_1_1_0,reverse,0.5920940041542053,0.7265162467956543,0.13442224264144897,0.027773141860961914
89,nebDFT2k:mp-753791_0_2_1_1_0,inference_symmetrised,0.5920940041542053,0.7404028177261353,0.14830881357192993,0.027773141860961914
89,nebDFT2k:mp-753882_0_1_1_0_-1,forward,0.7118020057678223,0.5477805733680725,0.16402143239974976,0.026077449321746826
89,nebDFT2k:mp-753882_0_1_1_0_-1,reverse,0.7118020057678223,0.5217031240463257,0.19009888172149658,0.026077449321746826
89,nebDFT2k:mp-753882_0_1_1_0_-1,inference_symmetrised,0.7118020057678223,0.5347418487071991,0.17706015706062317,0.026077449321746826
89,nebDFT2k:mp-753882_0_3_1_0_0,forward,0.3007654845714569,0.3625507950782776,0.06178531050682068,0.04376041889190674
89,nebDFT2k:mp-753882_0_3_1_0_0,reverse,0.3007654845714569,0.31879037618637085,0.01802489161491394,0.04376041889190674
89,nebDFT2k:mp-753882_0_3_1_0_0,inference_symmetrised,0.3007654845714569,0.3406705856323242,0.03990510106086731,0.04376041889190674
89,nebDFT2k:mp-753882_4_5_0_0_0,forward,0.26893350481987,0.32646337151527405,0.05752986669540405,0.062232524156570435
89,nebDFT2k:mp-753882_4_5_0_0_0,reverse,0.26893350481987,0.2642308473587036,0.004702657461166382,0.062232524156570435
89,nebDFT2k:mp-753882_4_5_0_0_0,inference_symmetrised,0.26893350481987,0.29534710943698883,0.026413604617118835,0.062232524156570435
89,nebDFT2k:mp-753882_3_2_0_1_0,forward,0.6040976047515869,0.6496129035949707,0.04551529884338379,0.03600764274597168
89,nebDFT2k:mp-753882_3_2_0_1_0,reverse,0.6040976047515869,0.613605260848999,0.00950765609741211,0.03600764274597168
89,nebDFT2k:mp-753882_3_2_0_1_0,inference_symmetrised,0.6040976047515869,0.6316090822219849,0.02751147747039795,0.03600764274597168
89,nebDFT2k:mp-753899_0_3_0_0_0,forward,3.2507238388061523,1.617784857749939,1.6329389810562134,0.0007994174957275391
89,nebDFT2k:mp-753899_0_3_0_0_0,reverse,3.2507238388061523,1.6185842752456665,1.6321395635604858,0.0007994174957275391
89,nebDFT2k:mp-753899_0_3_0_0_0,inference_symmetrised,3.2507238388061523,1.6181845664978027,1.6325392723083496,0.0007994174957275391
89,nebDFT2k:mp-754292_1_2_0_0_0,forward,0.9215542674064636,1.331956386566162,0.4104021191596985,0.013774871826171875
89,nebDFT2k:mp-754292_1_2_0_0_0,reverse,0.9215542674064636,1.3181815147399902,0.3966272473335266,0.013774871826171875
89,nebDFT2k:mp-754292_1_2_0_0_0,inference_symmetrised,0.9215542674064636,1.3250689506530762,0.40351468324661255,0.013774871826171875
89,nebDFT2k:mp-754292_7_5_0_1_0,forward,0.47816863656044006,0.416785329580307,0.06138330698013306,0.030907362699508667
89,nebDFT2k:mp-754292_7_5_0_1_0,reverse,0.47816863656044006,0.38587796688079834,0.09229066967964172,0.030907362699508667
89,nebDFT2k:mp-754292_7_5_0_1_0,inference_symmetrised,0.47816863656044006,0.4013316482305527,0.07683698832988739,0.030907362699508667
89,nebDFT2k:mp-754292_1_7_0_0_0,forward,0.2623552978038788,0.3212794065475464,0.0589241087436676,0.04792290925979614
89,nebDFT2k:mp-754292_1_7_0_0_0,reverse,0.2623552978038788,0.27335649728775024,0.01100119948387146,0.04792290925979614
89,nebDFT2k:mp-754292_1_7_0_0_0,inference_symmetrised,0.2623552978038788,0.2973179519176483,0.03496265411376953,0.04792290925979614
89,nebDFT2k:mp-754292_0_3_0_0_0,forward,0.9209744334220886,1.3329719305038452,0.4119974970817566,0.0135420560836792
89,nebDFT2k:mp-754292_0_3_0_0_0,reverse,0.9209744334220886,1.319429874420166,0.3984554409980774,0.0135420560836792
89,nebDFT2k:mp-754292_0_3_0_0_0,inference_symmetrised,0.9209744334220886,1.3262009024620056,0.405226469039917,0.0135420560836792
89,nebDFT2k:mp-754292_0_3_1_0_0,forward,0.7782686352729797,0.8083381652832031,0.03006953001022339,0.014338314533233643
89,nebDFT2k:mp-754292_0_3_1_0_0,reverse,0.7782686352729797,0.7939998507499695,0.015731215476989746,0.014338314533233643
89,nebDFT2k:mp-754292_0_3_1_0_0,inference_symmetrised,0.7782686352729797,0.8011690080165863,0.022900372743606567,0.014338314533233643
89,nebDFT2k:mp-754292_3_9_0_0_0,forward,0.2626491189002991,0.3210150897502899,0.058365970849990845,0.04793485999107361
89,nebDFT2k:mp-754292_3_9_0_0_0,reverse,0.2626491189002991,0.2730802297592163,0.010431110858917236,0.04793485999107361
89,nebDFT2k:mp-754292_3_9_0_0_0,inference_symmetrised,0.2626491189002991,0.2970476597547531,0.03439854085445404,0.04793485999107361
89,nebDFT2k:mp-754923_0_2_0_0_1,forward,0.42040032148361206,0.5510947704315186,0.1306944489479065,0.09073182940483093
89,nebDFT2k:mp-754923_0_2_0_0_1,reverse,0.42040032148361206,0.4603629410266876,0.03996261954307556,0.09073182940483093
89,nebDFT2k:mp-754923_0_2_0_0_1,inference_symmetrised,0.42040032148361206,0.5057288557291031,0.08532853424549103,0.09073182940483093
89,nebDFT2k:mp-755369_6_3_0_0_1,forward,2.607285737991333,2.18904709815979,0.41823863983154297,0.0136871337890625
89,nebDFT2k:mp-755369_6_3_0_0_1,reverse,2.607285737991333,2.1753599643707275,0.43192577362060547,0.0136871337890625
89,nebDFT2k:mp-755369_6_3_0_0_1,inference_symmetrised,2.607285737991333,2.182203531265259,0.4250822067260742,0.0136871337890625
89,nebDFT2k:mp-755369_6_0_1_0_1,forward,0.9742417335510254,0.6624796986579895,0.3117620348930359,0.024098694324493408
89,nebDFT2k:mp-755369_6_0_1_0_1,reverse,0.9742417335510254,0.6383810043334961,0.3358607292175293,0.024098694324493408
89,nebDFT2k:mp-755369_6_0_1_0_1,inference_symmetrised,0.9742417335510254,0.6504303514957428,0.3238113820552826,0.024098694324493408
89,nebDFT2k:mp-755369_11_7_0_1_0,forward,2.6194679737091064,2.099090576171875,0.5203773975372314,0.01202702522277832
89,nebDFT2k:mp-755369_11_7_0_1_0,reverse,2.6194679737091064,2.0870635509490967,0.5324044227600098,0.01202702522277832
89,nebDFT2k:mp-755369_11_7_0_1_0,inference_symmetrised,2.6194679737091064,2.093077063560486,0.5263909101486206,0.01202702522277832
89,nebDFT2k:mp-755369_2_0_1_0_1,forward,2.918403148651123,2.3227944374084473,0.5956087112426758,0.005056858062744141
89,nebDFT2k:mp-755369_2_0_1_0_1,reverse,2.918403148651123,2.317737579345703,0.6006655693054199,0.005056858062744141
89,nebDFT2k:mp-755369_2_0_1_0_1,inference_symmetrised,2.918403148651123,2.320266008377075,0.5981371402740479,0.005056858062744141
89,nebDFT2k:mp-755369_10_8_1_-1_0,forward,0.637105405330658,0.5996767282485962,0.03742867708206177,0.030532360076904297
89,nebDFT2k:mp-755369_10_8_1_-1_0,reverse,0.637105405330658,0.5691443681716919,0.06796103715896606,0.030532360076904297
89,nebDFT2k:mp-755369_10_8_1_-1_0,inference_symmetrised,0.637105405330658,0.584410548210144,0.052694857120513916,0.030532360076904297
89,nebDFT2k:mp-755369_1_4_0_0_1,forward,2.7418344020843506,2.1260695457458496,0.615764856338501,0.013272285461425781
89,nebDFT2k:mp-755369_1_4_0_0_1,reverse,2.7418344020843506,2.112797260284424,0.6290371417999268,0.013272285461425781
89,nebDFT2k:mp-755369_1_4_0_0_1,inference_symmetrised,2.7418344020843506,2.1194334030151367,0.6224009990692139,0.013272285461425781
89,nebDFT2k:mp-755369_3_5_1_1_0,forward,0.9749377965927124,0.591645359992981,0.38329243659973145,0.0017459392547607422
89,nebDFT2k:mp-755369_3_5_1_1_0,reverse,0.9749377965927124,0.5898994207382202,0.3850383758544922,0.0017459392547607422
89,nebDFT2k:mp-755369_3_5_1_1_0,inference_symmetrised,0.9749377965927124,0.5907723903656006,0.3841654062271118,0.0017459392547607422
89,nebDFT2k:mp-755839_0_5_0_0_0,forward,0.5476699471473694,0.5644805431365967,0.016810595989227295,0.020474791526794434
89,nebDFT2k:mp-755839_0_5_0_0_0,reverse,0.5476699471473694,0.5440057516098022,0.0036641955375671387,0.020474791526794434
89,nebDFT2k:mp-755839_0_5_0_0_0,inference_symmetrised,0.5476699471473694,0.5542431473731995,0.006573200225830078,0.020474791526794434
89,nebDFT2k:mp-756174_1_0_1_0_0,forward,0.6218590140342712,0.44252514839172363,0.1793338656425476,0.06361138820648193
89,nebDFT2k:mp-756174_1_0_1_0_0,reverse,0.6218590140342712,0.3789137601852417,0.24294525384902954,0.06361138820648193
89,nebDFT2k:mp-756174_1_0_1_0_0,inference_symmetrised,0.6218590140342712,0.41071945428848267,0.21113955974578857,0.06361138820648193
89,nebDFT2k:mp-756174_0_1_0_0_0,forward,0.38954514265060425,0.5682418346405029,0.17869669198989868,0.07327473163604736
89,nebDFT2k:mp-756174_0_1_0_0_0,reverse,0.38954514265060425,0.49496710300445557,0.10542196035385132,0.07327473163604736
89,nebDFT2k:mp-756174_0_1_0_0_0,inference_symmetrised,0.38954514265060425,0.5316044688224792,0.142059326171875,0.07327473163604736
89,nebDFT2k:mp-756912_1_1_1_0_0,forward,0.5701987743377686,2.1441047191619873,1.5739059448242188,0.03672933578491211
89,nebDFT2k:mp-756912_1_1_1_0_0,reverse,0.5701987743377686,2.107375383377075,1.5371766090393066,0.03672933578491211
89,nebDFT2k:mp-756912_1_1_1_0_0,inference_symmetrised,0.5701987743377686,2.1257400512695312,1.5555412769317627,0.03672933578491211
89,nebDFT2k:mp-757068_0_1_0_0_0,forward,0.049742020666599274,0.2820478081703186,0.23230578750371933,0.05333596467971802
89,nebDFT2k:mp-757068_0_1_0_0_0,reverse,0.049742020666599274,0.22871184349060059,0.1789698228240013,0.05333596467971802
89,nebDFT2k:mp-757068_0_1_0_0_0,inference_symmetrised,0.049742020666599274,0.2553798258304596,0.20563780516386032,0.05333596467971802
89,nebDFT2k:mp-757461_1_2_0_1_0,forward,0.19807608425617218,0.36117711663246155,0.16310103237628937,0.02094253897666931
89,nebDFT2k:mp-757461_1_2_0_1_0,reverse,0.19807608425617218,0.34023457765579224,0.14215849339962006,0.02094253897666931
89,nebDFT2k:mp-757461_1_2_0_1_0,inference_symmetrised,0.19807608425617218,0.3507058471441269,0.1526297628879547,0.02094253897666931
89,nebDFT2k:mp-757693_0_2_0_0_0,forward,0.40716037154197693,0.4193629324436188,0.012202560901641846,0.005189329385757446
89,nebDFT2k:mp-757693_0_2_0_0_0,reverse,0.40716037154197693,0.41417360305786133,0.007013231515884399,0.005189329385757446
89,nebDFT2k:mp-757693_0_2_0_0_0,inference_symmetrised,0.40716037154197693,0.41676826775074005,0.009607896208763123,0.005189329385757446
89,nebDFT2k:mp-757714_2_3_0_0_0,forward,0.05814062058925629,0.28540632128715515,0.22726570069789886,0.05769512057304382
89,nebDFT2k:mp-757714_2_3_0_0_0,reverse,0.05814062058925629,0.22771120071411133,0.16957058012485504,0.05769512057304382
89,nebDFT2k:mp-757714_2_3_0_0_0,inference_symmetrised,0.05814062058925629,0.25655876100063324,0.19841814041137695,0.05769512057304382
89,nebDFT2k:mp-757800_1_4_0_0_0,forward,1.2522964477539062,1.9014863967895508,0.6491899490356445,0.0776982307434082
89,nebDFT2k:mp-757800_1_4_0_0_0,reverse,1.2522964477539062,1.8237881660461426,0.5714917182922363,0.0776982307434082
89,nebDFT2k:mp-757800_1_4_0_0_0,inference_symmetrised,1.2522964477539062,1.8626372814178467,0.6103408336639404,0.0776982307434082
89,nebDFT2k:mp-758282_1_1_1_0_0,forward,0.12165363132953644,0.31190305948257446,0.19024942815303802,0.011616170406341553
89,nebDFT2k:mp-758282_1_1_1_0_0,reverse,0.12165363132953644,0.323519229888916,0.20186559855937958,0.011616170406341553
89,nebDFT2k:mp-758282_1_1_1_0_0,inference_symmetrised,0.12165363132953644,0.31771114468574524,0.1960575133562088,0.011616170406341553
89,nebDFT2k:mp-758282_0_2_0_0_0,forward,0.28606387972831726,0.3079613149166107,0.021897435188293457,0.021853506565093994
89,nebDFT2k:mp-758282_0_2_0_0_0,reverse,0.28606387972831726,0.2861078083515167,4.392862319946289e-05,0.021853506565093994
89,nebDFT2k:mp-758282_0_2_0_0_0,inference_symmetrised,0.28606387972831726,0.2970345616340637,0.01097068190574646,0.021853506565093994
89,nebDFT2k:mp-758380_3_8_0_0_0,forward,2.9573986530303955,1.6350778341293335,1.322320818901062,0.041751861572265625
89,nebDFT2k:mp-758380_3_8_0_0_0,reverse,2.9573986530303955,1.6768296957015991,1.2805689573287964,0.041751861572265625
89,nebDFT2k:mp-758380_3_8_0_0_0,inference_symmetrised,2.9573986530303955,1.6559537649154663,1.3014448881149292,0.041751861572265625
89,nebDFT2k:mp-758486_3_0_1_0_1,forward,0.44390058517456055,0.3443267345428467,0.09957385063171387,0.11345553398132324
89,nebDFT2k:mp-758486_3_0_1_0_1,reverse,0.44390058517456055,0.4577822685241699,0.013881683349609375,0.11345553398132324
89,nebDFT2k:mp-758486_3_0_1_0_1,inference_symmetrised,0.44390058517456055,0.4010545015335083,0.042846083641052246,0.11345553398132324
89,nebDFT2k:mp-758720_0_3_1_0_0,forward,0.4760017991065979,0.6432665586471558,0.16726475954055786,0.08798640966415405
89,nebDFT2k:mp-758720_0_3_1_0_0,reverse,0.4760017991065979,0.5552801489830017,0.07927834987640381,0.08798640966415405
89,nebDFT2k:mp-758720_0_3_1_0_0,inference_symmetrised,0.4760017991065979,0.5992733538150787,0.12327155470848083,0.08798640966415405
89,nebDFT2k:mp-758793_0_1_0_0_0,forward,0.22866390645503998,0.5256178379058838,0.2969539314508438,0.08806502819061279
89,nebDFT2k:mp-758793_0_1_0_0_0,reverse,0.22866390645503998,0.437552809715271,0.20888890326023102,0.08806502819061279
89,nebDFT2k:mp-758793_0_1_0_0_0,inference_symmetrised,0.22866390645503998,0.4815853238105774,0.2529214173555374,0.08806502819061279
89,nebDFT2k:mp-759082_0_2_0_0_0,forward,0.825259804725647,1.272636890411377,0.44737708568573,0.03449594974517822
89,nebDFT2k:mp-759082_0_2_0_0_0,reverse,0.825259804725647,1.2381409406661987,0.41288113594055176,0.03449594974517822
89,nebDFT2k:mp-759082_0_2_0_0_0,inference_symmetrised,0.825259804725647,1.2553889155387878,0.43012911081314087,0.03449594974517822
89,nebDFT2k:mp-759082_0_2_1_0_0,forward,0.2511012852191925,0.4102920889854431,0.1591908037662506,0.0009893178939819336
89,nebDFT2k:mp-759082_0_2_1_0_0,reverse,0.2511012852191925,0.4093027710914612,0.15820148587226868,0.0009893178939819336
89,nebDFT2k:mp-759082_0_2_1_0_0,inference_symmetrised,0.2511012852191925,0.40979743003845215,0.15869614481925964,0.0009893178939819336
89,nebDFT2k:mp-759082_1_0_0_1_0,forward,0.25766751170158386,0.34844720363616943,0.09077969193458557,0.03565225005149841
89,nebDFT2k:mp-759082_1_0_0_1_0,reverse,0.25766751170158386,0.312794953584671,0.05512744188308716,0.03565225005149841
89,nebDFT2k:mp-759082_1_0_0_1_0,inference_symmetrised,0.25766751170158386,0.3306210786104202,0.07295356690883636,0.03565225005149841
89,nebDFT2k:mp-759132_4_3_0_0_1,forward,0.341912180185318,0.34911656379699707,0.007204383611679077,0.07983788847923279
89,nebDFT2k:mp-759132_4_3_0_0_1,reverse,0.341912180185318,0.2692786753177643,0.07263350486755371,0.07983788847923279
89,nebDFT2k:mp-759132_4_3_0_0_1,inference_symmetrised,0.341912180185318,0.3091976195573807,0.03271456062793732,0.07983788847923279
89,nebDFT2k:mp-759139_2_1_1_0_0,forward,0.70079106092453,0.7186304330825806,0.017839372158050537,0.057933032512664795
89,nebDFT2k:mp-759139_2_1_1_0_0,reverse,0.70079106092453,0.6606974005699158,0.04009366035461426,0.057933032512664795
89,nebDFT2k:mp-759139_2_1_1_0_0,inference_symmetrised,0.70079106092453,0.6896639168262482,0.01112714409828186,0.057933032512664795
89,nebDFT2k:mp-759220_0_15_0_0_0,forward,0.21688345074653625,0.43417033553123474,0.2172868847846985,0.042604655027389526
89,nebDFT2k:mp-759220_0_15_0_0_0,reverse,0.21688345074653625,0.3915656805038452,0.17468222975730896,0.042604655027389526
89,nebDFT2k:mp-759220_0_15_0_0_0,inference_symmetrised,0.21688345074653625,0.41286800801754,0.19598455727100372,0.042604655027389526
89,nebDFT2k:mp-759229_3_6_0_1_0,forward,0.6168773174285889,0.4524047374725342,0.1644725799560547,0.030269384384155273
89,nebDFT2k:mp-759229_3_6_0_1_0,reverse,0.6168773174285889,0.4221353530883789,0.19474196434020996,0.030269384384155273
89,nebDFT2k:mp-759229_3_6_0_1_0,inference_symmetrised,0.6168773174285889,0.43727004528045654,0.17960727214813232,0.030269384384155273
89,nebDFT2k:mp-759244_7_6_1_0_0,forward,1.0818796157836914,1.397770643234253,0.3158910274505615,0.04248690605163574
89,nebDFT2k:mp-759244_7_6_1_0_0,reverse,1.0818796157836914,1.3552837371826172,0.2734041213989258,0.04248690605163574
89,nebDFT2k:mp-759244_7_6_1_0_0,inference_symmetrised,1.0818796157836914,1.376527190208435,0.29464757442474365,0.04248690605163574
89,nebDFT2k:mp-759244_6_10_0_0_1,forward,0.9319226145744324,1.396904706954956,0.4649820923805237,0.051046133041381836
89,nebDFT2k:mp-759244_6_10_0_0_1,reverse,0.9319226145744324,1.3458585739135742,0.41393595933914185,0.051046133041381836
89,nebDFT2k:mp-759244_6_10_0_0_1,inference_symmetrised,0.9319226145744324,1.3713816404342651,0.43945902585983276,0.051046133041381836
89,nebDFT2k:mp-759244_0_2_0_0_0,forward,0.9603694081306458,1.308074712753296,0.34770530462265015,0.008620023727416992
89,nebDFT2k:mp-759244_0_2_0_0_0,reverse,0.9603694081306458,1.316694736480713,0.35632532835006714,0.008620023727416992
89,nebDFT2k:mp-759244_0_2_0_0_0,inference_symmetrised,0.9603694081306458,1.3123847246170044,0.35201531648635864,0.008620023727416992
89,nebDFT2k:mp-759244_4_6_0_0_0,forward,0.9483169913291931,1.3477118015289307,0.39939481019973755,0.048653364181518555
89,nebDFT2k:mp-759244_4_6_0_0_0,reverse,0.9483169913291931,1.299058437347412,0.350741446018219,0.048653364181518555
89,nebDFT2k:mp-759244_4_6_0_0_0,inference_symmetrised,0.9483169913291931,1.3233851194381714,0.37506812810897827,0.048653364181518555
89,nebDFT2k:mp-759244_5_10_1_0_0,forward,0.9148608446121216,1.2443740367889404,0.32951319217681885,0.011696815490722656
89,nebDFT2k:mp-759244_5_10_1_0_0,reverse,0.9148608446121216,1.256070852279663,0.3412100076675415,0.011696815490722656
89,nebDFT2k:mp-759244_5_10_1_0_0,inference_symmetrised,0.9148608446121216,1.2502224445343018,0.3353615999221802,0.011696815490722656
89,nebDFT2k:mp-759667_2_4_0_0_0,forward,0.3889327943325043,0.7450704574584961,0.3561376631259918,0.05605369806289673
89,nebDFT2k:mp-759667_2_4_0_0_0,reverse,0.3889327943325043,0.6890167593955994,0.3000839650630951,0.05605369806289673
89,nebDFT2k:mp-759667_2_4_0_0_0,inference_symmetrised,0.3889327943325043,0.7170436084270477,0.32811081409454346,0.05605369806289673
89,nebDFT2k:mp-759667_3_4_0_1_0,forward,0.41363847255706787,0.4613983631134033,0.04775989055633545,0.007437229156494141
89,nebDFT2k:mp-759667_3_4_0_1_0,reverse,0.41363847255706787,0.4539611339569092,0.04032266139984131,0.007437229156494141
89,nebDFT2k:mp-759667_3_4_0_1_0,inference_symmetrised,0.41363847255706787,0.45767974853515625,0.04404127597808838,0.007437229156494141
89,nebDFT2k:mp-759667_2_1_1_1_0,forward,0.6992021203041077,0.9202421307563782,0.2210400104522705,0.005824923515319824
89,nebDFT2k:mp-759667_2_1_1_1_0,reverse,0.6992021203041077,0.9144172072410583,0.21521508693695068,0.005824923515319824
89,nebDFT2k:mp-759667_2_1_1_1_0,inference_symmetrised,0.6992021203041077,0.9173296689987183,0.2181275486946106,0.005824923515319824
89,nebDFT2k:mp-759753_4_0_0_0_1,forward,0.6141039729118347,0.37333184480667114,0.24077212810516357,0.025426745414733887
89,nebDFT2k:mp-759753_4_0_0_0_1,reverse,0.6141039729118347,0.39875859022140503,0.2153453826904297,0.025426745414733887
89,nebDFT2k:mp-759753_4_0_0_0_1,inference_symmetrised,0.6141039729118347,0.3860452175140381,0.22805875539779663,0.025426745414733887
89,nebDFT2k:mp-759783_2_3_1_0_0,forward,0.6149086356163025,1.2534726858139038,0.6385640501976013,0.03401744365692139
89,nebDFT2k:mp-759783_2_3_1_0_0,reverse,0.6149086356163025,1.2194552421569824,0.6045466065406799,0.03401744365692139
89,nebDFT2k:mp-759783_2_3_1_0_0,inference_symmetrised,0.6149086356163025,1.2364639639854431,0.6215553283691406,0.03401744365692139
89,nebDFT2k:mp-759783_4_3_0_1_0,forward,0.2746150493621826,0.2995481491088867,0.0249330997467041,0.03513956069946289
89,nebDFT2k:mp-759783_4_3_0_1_0,reverse,0.2746150493621826,0.26440858840942383,0.010206460952758789,0.03513956069946289
89,nebDFT2k:mp-759783_4_3_0_1_0,inference_symmetrised,0.2746150493621826,0.2819783687591553,0.007363319396972656,0.03513956069946289
89,nebDFT2k:mp-760344_7_5_0_1_1,forward,1.048827052116394,1.3953847885131836,0.34655773639678955,0.014790058135986328
89,nebDFT2k:mp-760344_7_5_0_1_1,reverse,1.048827052116394,1.3805947303771973,0.3317676782608032,0.014790058135986328
89,nebDFT2k:mp-760344_7_5_0_1_1,inference_symmetrised,1.048827052116394,1.3879897594451904,0.3391627073287964,0.014790058135986328
89,nebDFT2k:mp-760344_4_8_0_0_0,forward,0.2822485864162445,0.29275408387184143,0.010505497455596924,0.040235668420791626
89,nebDFT2k:mp-760344_4_8_0_0_0,reverse,0.2822485864162445,0.2525184154510498,0.029730170965194702,0.040235668420791626
89,nebDFT2k:mp-760344_4_8_0_0_0,inference_symmetrised,0.2822485864162445,0.2726362496614456,0.00961233675479889,0.040235668420791626
89,nebDFT2k:mp-760344_6_8_0_1_0,forward,0.5260669589042664,0.4147799611091614,0.11128699779510498,0.035867154598236084
89,nebDFT2k:mp-760344_6_8_0_1_0,reverse,0.5260669589042664,0.3789128065109253,0.14715415239334106,0.035867154598236084
89,nebDFT2k:mp-760344_6_8_0_1_0,inference_symmetrised,0.5260669589042664,0.39684638381004333,0.12922057509422302,0.035867154598236084
89,nebDFT2k:mp-760344_4_6_1_-1_0,forward,1.0547842979431152,1.5738601684570312,0.519075870513916,0.07194912433624268
89,nebDFT2k:mp-760344_4_6_1_-1_0,reverse,1.0547842979431152,1.5019110441207886,0.44712674617767334,0.07194912433624268
89,nebDFT2k:mp-760344_4_6_1_-1_0,inference_symmetrised,1.0547842979431152,1.53788560628891,0.4831013083457947,0.07194912433624268
89,nebDFT2k:mp-760344_7_4_0_1_0,forward,0.6875642538070679,0.929693341255188,0.24212908744812012,0.05634331703186035
89,nebDFT2k:mp-760344_7_4_0_1_0,reverse,0.6875642538070679,0.8733500242233276,0.18578577041625977,0.05634331703186035
89,nebDFT2k:mp-760344_7_4_0_1_0,inference_symmetrised,0.6875642538070679,0.9015216827392578,0.21395742893218994,0.05634331703186035
89,nebDFT2k:mp-760344_7_9_0_1_1,forward,0.5207509994506836,0.41558074951171875,0.10517024993896484,0.040250301361083984
89,nebDFT2k:mp-760344_7_9_0_1_1,reverse,0.5207509994506836,0.37533044815063477,0.14542055130004883,0.040250301361083984
89,nebDFT2k:mp-760344_7_9_0_1_1,inference_symmetrised,0.5207509994506836,0.39545559883117676,0.12529540061950684,0.040250301361083984
89,nebDFT2k:mp-760344_10_9_0_0_1,forward,1.8200701475143433,2.134276866912842,0.31420671939849854,0.10576009750366211
89,nebDFT2k:mp-760344_10_9_0_0_1,reverse,1.8200701475143433,2.240036964416504,0.41996681690216064,0.10576009750366211
89,nebDFT2k:mp-760344_10_9_0_0_1,inference_symmetrised,1.8200701475143433,2.187156915664673,0.3670867681503296,0.10576009750366211
89,nebDFT2k:mp-760344_6_4_0_1_0,forward,0.6860505938529968,0.7373093962669373,0.05125880241394043,0.01251155138015747
89,nebDFT2k:mp-760344_6_4_0_1_0,reverse,0.6860505938529968,0.7498209476470947,0.0637703537940979,0.01251155138015747
89,nebDFT2k:mp-760344_6_4_0_1_0,inference_symmetrised,0.6860505938529968,0.743565171957016,0.057514578104019165,0.01251155138015747
89,nebDFT2k:mp-760344_10_4_0_1_0,forward,0.5244383215904236,0.3225158751010895,0.2019224464893341,0.025979429483413696
89,nebDFT2k:mp-760344_10_4_0_1_0,reverse,0.5244383215904236,0.2965364456176758,0.2279018759727478,0.025979429483413696
89,nebDFT2k:mp-760344_10_4_0_1_0,inference_symmetrised,0.5244383215904236,0.30952616035938263,0.21491216123104095,0.025979429483413696
89,nebDFT2k:mp-760344_9_5_1_0_0,forward,0.2818312644958496,0.26597872376441956,0.015852540731430054,0.016300499439239502
89,nebDFT2k:mp-760344_9_5_1_0_0,reverse,0.2818312644958496,0.24967822432518005,0.032153040170669556,0.016300499439239502
89,nebDFT2k:mp-760344_9_5_1_0_0,inference_symmetrised,0.2818312644958496,0.2578284740447998,0.024002790451049805,0.016300499439239502
89,nebDFT2k:mp-761094_0_2_0_0_1,forward,4.479324817657471,4.060811996459961,0.41851282119750977,0.00837087631225586
89,nebDFT2k:mp-761094_0_2_0_0_1,reverse,4.479324817657471,4.052441120147705,0.4268836975097656,0.00837087631225586
89,nebDFT2k:mp-761094_0_2_0_0_1,inference_symmetrised,4.479324817657471,4.056626558303833,0.4226982593536377,0.00837087631225586
89,nebDFT2k:mp-761094_1_5_0_1_0,forward,2.0980730056762695,1.9835747480392456,0.11449825763702393,0.028145194053649902
89,nebDFT2k:mp-761094_1_5_0_1_0,reverse,2.0980730056762695,1.9554295539855957,0.14264345169067383,0.028145194053649902
89,nebDFT2k:mp-761094_1_5_0_1_0,inference_symmetrised,2.0980730056762695,1.9695021510124207,0.12857085466384888,0.028145194053649902
89,nebDFT2k:mp-761269_2_1_1_-1_0,forward,1.5785481929779053,1.6121610403060913,0.033612847328186035,0.01929950714111328
89,nebDFT2k:mp-761269_2_1_1_-1_0,reverse,1.5785481929779053,1.592861533164978,0.014313340187072754,0.01929950714111328
89,nebDFT2k:mp-761269_2_1_1_-1_0,inference_symmetrised,1.5785481929779053,1.6025112867355347,0.023963093757629395,0.01929950714111328
89,nebDFT2k:mp-761849_6_5_1_0_0,forward,0.6407798528671265,0.7149607539176941,0.07418090105056763,0.04735618829727173
89,nebDFT2k:mp-761849_6_5_1_0_0,reverse,0.6407798528671265,0.6676045656204224,0.0268247127532959,0.04735618829727173
89,nebDFT2k:mp-761849_6_5_1_0_0,inference_symmetrised,0.6407798528671265,0.6912826597690582,0.05050280690193176,0.04735618829727173
89,nebDFT2k:mp-761849_5_7_0_0_1,forward,0.30204570293426514,0.8302778601646423,0.5282321572303772,0.07519227266311646
89,nebDFT2k:mp-761849_5_7_0_0_1,reverse,0.30204570293426514,0.7550855875015259,0.45303988456726074,0.07519227266311646
89,nebDFT2k:mp-761849_5_7_0_0_1,inference_symmetrised,0.30204570293426514,0.7926817238330841,0.49063602089881897,0.07519227266311646
89,nebDFT2k:mp-762319_14_26_0_0_0,forward,0.28081613779067993,0.46396777033805847,0.18315163254737854,0.048870474100112915
89,nebDFT2k:mp-762319_14_26_0_0_0,reverse,0.28081613779067993,0.41509729623794556,0.13428115844726562,0.048870474100112915
89,nebDFT2k:mp-762319_14_26_0_0_0,inference_symmetrised,0.28081613779067993,0.439532533288002,0.15871639549732208,0.048870474100112915
89,nebDFT2k:mp-763177_1_3_0_1_-1,forward,0.45973682403564453,0.8307256698608398,0.3709888458251953,0.015938222408294678
89,nebDFT2k:mp-763177_1_3_0_1_-1,reverse,0.45973682403564453,0.8466638922691345,0.38692706823349,0.015938222408294678
89,nebDFT2k:mp-763177_1_3_0_1_-1,inference_symmetrised,0.45973682403564453,0.8386947810649872,0.37895795702934265,0.015938222408294678
89,nebDFT2k:mp-764867_1_8_0_1_1,forward,1.519494652748108,1.1745758056640625,0.3449188470840454,0.03773355484008789
89,nebDFT2k:mp-764867_1_8_0_1_1,reverse,1.519494652748108,1.1368422508239746,0.3826524019241333,0.03773355484008789
89,nebDFT2k:mp-764867_1_8_0_1_1,inference_symmetrised,1.519494652748108,1.1557090282440186,0.36378562450408936,0.03773355484008789
89,nebDFT2k:mp-765411_1_6_0_0_0,forward,0.46725958585739136,0.5017608404159546,0.03450125455856323,0.03171548247337341
89,nebDFT2k:mp-765411_1_6_0_0_0,reverse,0.46725958585739136,0.4700453579425812,0.0027857720851898193,0.03171548247337341
89,nebDFT2k:mp-765411_1_6_0_0_0,inference_symmetrised,0.46725958585739136,0.4859030991792679,0.018643513321876526,0.03171548247337341
89,nebDFT2k:mp-765501_2_0_1_0_0,forward,2.584408760070801,2.2881669998168945,0.29624176025390625,0.023220062255859375
89,nebDFT2k:mp-765501_2_0_1_0_0,reverse,2.584408760070801,2.264946937561035,0.3194618225097656,0.023220062255859375
89,nebDFT2k:mp-765501_2_0_1_0_0,inference_symmetrised,2.584408760070801,2.276556968688965,0.30785179138183594,0.023220062255859375
89,nebDFT2k:mp-765964_0_6_1_0_0,forward,1.0074282884597778,1.8381623029708862,0.8307340145111084,0.05839896202087402
89,nebDFT2k:mp-765964_0_6_1_0_0,reverse,1.0074282884597778,1.7797633409500122,0.7723350524902344,0.05839896202087402
89,nebDFT2k:mp-765964_0_6_1_0_0,inference_symmetrised,1.0074282884597778,1.8089628219604492,0.8015345335006714,0.05839896202087402
89,nebDFT2k:mp-766130_4_2_1_0_0,forward,1.5168014764785767,1.1282086372375488,0.38859283924102783,0.0022072792053222656
89,nebDFT2k:mp-766130_4_2_1_0_0,reverse,1.5168014764785767,1.130415916442871,0.38638556003570557,0.0022072792053222656
89,nebDFT2k:mp-766130_4_2_1_0_0,inference_symmetrised,1.5168014764785767,1.12931227684021,0.3874891996383667,0.0022072792053222656
89,nebDFT2k:mp-766612_6_10_0_0_0,forward,0.1816573143005371,0.230263352394104,0.048606038093566895,0.013489454984664917
89,nebDFT2k:mp-766612_6_10_0_0_0,reverse,0.1816573143005371,0.2167738974094391,0.03511658310890198,0.013489454984664917
89,nebDFT2k:mp-766612_6_10_0_0_0,inference_symmetrised,0.1816573143005371,0.22351862490177155,0.041861310601234436,0.013489454984664917
89,nebDFT2k:mp-768421_3_7_0_0_0,forward,0.7170935273170471,0.5005862712860107,0.21650725603103638,0.001117020845413208
89,nebDFT2k:mp-768421_3_7_0_0_0,reverse,0.7170935273170471,0.49946925044059753,0.21762427687644958,0.001117020845413208
89,nebDFT2k:mp-768421_3_7_0_0_0,inference_symmetrised,0.7170935273170471,0.5000277608633041,0.21706576645374298,0.001117020845413208
89,nebDFT2k:mp-768433_7_19_0_0_0,forward,0.5162459015846252,0.4092114269733429,0.10703447461128235,0.01996767520904541
89,nebDFT2k:mp-768433_7_19_0_0_0,reverse,0.5162459015846252,0.3892437517642975,0.12700214982032776,0.01996767520904541
89,nebDFT2k:mp-768433_7_19_0_0_0,inference_symmetrised,0.5162459015846252,0.3992275893688202,0.11701831221580505,0.01996767520904541
89,nebDFT2k:mp-768508_3_7_0_0_0,forward,0.7297331094741821,0.5709213018417358,0.1588118076324463,0.01722276210784912
89,nebDFT2k:mp-768508_3_7_0_0_0,reverse,0.7297331094741821,0.588144063949585,0.14158904552459717,0.01722276210784912
89,nebDFT2k:mp-768508_3_7_0_0_0,inference_symmetrised,0.7297331094741821,0.5795326828956604,0.15020042657852173,0.01722276210784912
89,nebDFT2k:mp-768738_3_2_1_1_0,forward,1.1438137292861938,1.5159705877304077,0.37215685844421387,0.01222836971282959
89,nebDFT2k:mp-768738_3_2_1_1_0,reverse,1.1438137292861938,1.5037422180175781,0.3599284887313843,0.01222836971282959
89,nebDFT2k:mp-768738_3_2_1_1_0,inference_symmetrised,1.1438137292861938,1.509856402873993,0.3660426735877991,0.01222836971282959
89,nebDFT2k:mp-768843_14_11_0_1_1,forward,0.3818668723106384,0.405731201171875,0.023864328861236572,0.006245076656341553
89,nebDFT2k:mp-768843_14_11_0_1_1,reverse,0.3818668723106384,0.39948612451553345,0.01761925220489502,0.006245076656341553
89,nebDFT2k:mp-768843_14_11_0_1_1,inference_symmetrised,0.3818668723106384,0.4026086628437042,0.020741790533065796,0.006245076656341553
89,nebDFT2k:mp-769036_28_3_0_1_1,forward,0.43523257970809937,0.6154417395591736,0.18020915985107422,0.007986366748809814
89,nebDFT2k:mp-769036_28_3_0_1_1,reverse,0.43523257970809937,0.6074553728103638,0.1722227931022644,0.007986366748809814
89,nebDFT2k:mp-769036_28_3_0_1_1,inference_symmetrised,0.43523257970809937,0.6114485561847687,0.1762159764766693,0.007986366748809814
89,nebDFT2k:mp-769036_8_9_1_0_0,forward,0.42775994539260864,0.44289615750312805,0.01513621211051941,0.0011374056339263916
89,nebDFT2k:mp-769036_8_9_1_0_0,reverse,0.42775994539260864,0.44175875186920166,0.013998806476593018,0.0011374056339263916
89,nebDFT2k:mp-769036_8_9_1_0_0,inference_symmetrised,0.42775994539260864,0.44232745468616486,0.014567509293556213,0.0011374056339263916
89,nebDFT2k:mp-769036_8_10_0_0_0,forward,0.42633527517318726,0.36901357769966125,0.057321697473526,0.001505047082901001
89,nebDFT2k:mp-769036_8_10_0_0_0,reverse,0.42633527517318726,0.37051862478256226,0.055816650390625,0.001505047082901001
89,nebDFT2k:mp-769036_8_10_0_0_0,inference_symmetrised,0.42633527517318726,0.36976610124111176,0.0565691739320755,0.001505047082901001
89,nebDFT2k:mp-770232_3_11_0_0_1,forward,0.5057204365730286,0.4697674512863159,0.035952985286712646,0.04541623592376709
89,nebDFT2k:mp-770232_3_11_0_0_1,reverse,0.5057204365730286,0.42435121536254883,0.08136922121047974,0.04541623592376709
89,nebDFT2k:mp-770232_3_11_0_0_1,inference_symmetrised,0.5057204365730286,0.4470593333244324,0.05866110324859619,0.04541623592376709
89,nebDFT2k:mp-770551_3_4_0_0_1,forward,0.399429053068161,0.28112557530403137,0.11830347776412964,0.014210015535354614
89,nebDFT2k:mp-770551_3_4_0_0_1,reverse,0.399429053068161,0.26691555976867676,0.13251349329948425,0.014210015535354614
89,nebDFT2k:mp-770551_3_4_0_0_1,inference_symmetrised,0.399429053068161,0.27402056753635406,0.12540848553180695,0.014210015535354614
89,nebDFT2k:mp-770649_0_3_0_1_0,forward,0.4358738660812378,0.3933550715446472,0.042518794536590576,0.03505218029022217
89,nebDFT2k:mp-770649_0_3_0_1_0,reverse,0.4358738660812378,0.35830289125442505,0.07757097482681274,0.03505218029022217
89,nebDFT2k:mp-770649_0_3_0_1_0,inference_symmetrised,0.4358738660812378,0.37582898139953613,0.06004488468170166,0.03505218029022217
89,nebDFT2k:mp-770749_2_4_0_0_0,forward,0.3400055170059204,0.39365366101264954,0.053648144006729126,0.021152496337890625
89,nebDFT2k:mp-770749_2_4_0_0_0,reverse,0.3400055170059204,0.41480615735054016,0.07480064034461975,0.021152496337890625
89,nebDFT2k:mp-770749_2_4_0_0_0,inference_symmetrised,0.3400055170059204,0.40422990918159485,0.06422439217567444,0.021152496337890625
89,nebDFT2k:mp-770861_11_9_0_1_0,forward,0.8088666796684265,0.6295859813690186,0.17928069829940796,0.01944214105606079
89,nebDFT2k:mp-770861_11_9_0_1_0,reverse,0.8088666796684265,0.6101438403129578,0.19872283935546875,0.01944214105606079
89,nebDFT2k:mp-770861_11_9_0_1_0,inference_symmetrised,0.8088666796684265,0.6198649108409882,0.18900176882743835,0.01944214105606079
89,nebDFT2k:mp-770876_2_3_0_1_0,forward,1.0284104347229004,1.1012277603149414,0.07281732559204102,0.036869168281555176
89,nebDFT2k:mp-770876_2_3_0_1_0,reverse,1.0284104347229004,1.0643585920333862,0.03594815731048584,0.036869168281555176
89,nebDFT2k:mp-770876_2_3_0_1_0,inference_symmetrised,1.0284104347229004,1.0827931761741638,0.05438274145126343,0.036869168281555176
89,nebDFT2k:mp-770921_0_4_0_1_0,forward,0.37256544828414917,0.378244012594223,0.0056785643100738525,0.03776201605796814
89,nebDFT2k:mp-770921_0_4_0_1_0,reverse,0.37256544828414917,0.41600602865219116,0.04344058036804199,0.03776201605796814
89,nebDFT2k:mp-770921_0_4_0_1_0,inference_symmetrised,0.37256544828414917,0.3971250206232071,0.024559572339057922,0.03776201605796814
89,nebDFT2k:mp-770939_10_9_1_0_0,forward,0.40068763494491577,0.22841918468475342,0.17226845026016235,0.014391064643859863
89,nebDFT2k:mp-770939_10_9_1_0_0,reverse,0.40068763494491577,0.21402812004089355,0.18665951490402222,0.014391064643859863
89,nebDFT2k:mp-770939_10_9_1_0_0,inference_symmetrised,0.40068763494491577,0.2212236523628235,0.17946398258209229,0.014391064643859863
89,nebDFT2k:mp-770939_2_10_0_0_0,forward,0.47966933250427246,0.4591157138347626,0.020553618669509888,0.03972846269607544
89,nebDFT2k:mp-770939_2_10_0_0_0,reverse,0.47966933250427246,0.41938725113868713,0.06028208136558533,0.03972846269607544
89,nebDFT2k:mp-770939_2_10_0_0_0,inference_symmetrised,0.47966933250427246,0.43925148248672485,0.04041785001754761,0.03972846269607544
89,nebDFT2k:mp-770939_10_1_1_0_1,forward,0.33471783995628357,0.3705344498157501,0.03581660985946655,0.0020964443683624268
89,nebDFT2k:mp-770939_10_1_1_0_1,reverse,0.33471783995628357,0.37263089418411255,0.03791305422782898,0.0020964443683624268
89,nebDFT2k:mp-770939_10_1_1_0_1,inference_symmetrised,0.33471783995628357,0.37158267199993134,0.036864832043647766,0.0020964443683624268
89,nebDFT2k:mp-770939_3_11_1_0_0,forward,0.4799911677837372,0.4590098261833191,0.02098134160041809,0.039692699909210205
89,nebDFT2k:mp-770939_3_11_1_0_0,reverse,0.4799911677837372,0.4193171262741089,0.060674041509628296,0.039692699909210205
89,nebDFT2k:mp-770939_3_11_1_0_0,inference_symmetrised,0.4799911677837372,0.439163476228714,0.04082769155502319,0.039692699909210205
89,nebDFT2k:mp-770939_11_0_0_0_1,forward,0.33606410026550293,0.3713154196739197,0.03525131940841675,0.0022453367710113525
89,nebDFT2k:mp-770939_11_0_0_0_1,reverse,0.33606410026550293,0.37356075644493103,0.0374966561794281,0.0022453367710113525
89,nebDFT2k:mp-770939_11_0_0_0_1,inference_symmetrised,0.33606410026550293,0.37243808805942535,0.036373987793922424,0.0022453367710113525
89,nebDFT2k:mp-770939_2_5_0_0_1,forward,0.3350597321987152,0.4393675625324249,0.10430783033370972,0.047518134117126465
89,nebDFT2k:mp-770939_2_5_0_0_1,reverse,0.3350597321987152,0.39184942841529846,0.05678969621658325,0.047518134117126465
89,nebDFT2k:mp-770939_2_5_0_0_1,inference_symmetrised,0.3350597321987152,0.4156084954738617,0.08054876327514648,0.047518134117126465
89,nebDFT2k:mp-770939_8_11_0_0_0,forward,0.391576886177063,0.23416268825531006,0.15741419792175293,0.028627604246139526
89,nebDFT2k:mp-770939_8_11_0_0_0,reverse,0.391576886177063,0.20553508400917053,0.18604180216789246,0.028627604246139526
89,nebDFT2k:mp-770939_8_11_0_0_0,inference_symmetrised,0.391576886177063,0.2198488861322403,0.1717280000448227,0.028627604246139526
89,nebDFT2k:mp-770939_2_6_0_0_1,forward,0.3225223422050476,0.4430992901325226,0.12057694792747498,0.04738050699234009
89,nebDFT2k:mp-770939_2_6_0_0_1,reverse,0.3225223422050476,0.3957187831401825,0.07319644093513489,0.04738050699234009
89,nebDFT2k:mp-770939_2_6_0_0_1,inference_symmetrised,0.3225223422050476,0.41940903663635254,0.09688669443130493,0.04738050699234009
89,nebDFT2k:mp-770939_2_9_0_0_0,forward,0.13303782045841217,0.38755935430526733,0.25452153384685516,0.06721329689025879
89,nebDFT2k:mp-770939_2_9_0_0_0,reverse,0.13303782045841217,0.32034605741500854,0.18730823695659637,0.06721329689025879
89,nebDFT2k:mp-770939_2_9_0_0_0,inference_symmetrised,0.13303782045841217,0.35395270586013794,0.22091488540172577,0.06721329689025879
89,nebDFT2k:mp-771011_2_1_1_-1_0,forward,0.6420322060585022,0.6455137133598328,0.0034815073013305664,0.043396949768066406
89,nebDFT2k:mp-771011_2_1_1_-1_0,reverse,0.6420322060585022,0.6021167635917664,0.03991544246673584,0.043396949768066406
89,nebDFT2k:mp-771011_2_1_1_-1_0,inference_symmetrised,0.6420322060585022,0.6238152384757996,0.018216967582702637,0.043396949768066406
89,nebDFT2k:mp-771011_3_0_1_-1_0,forward,0.6453012228012085,0.7225030660629272,0.07720184326171875,0.03037393093109131
89,nebDFT2k:mp-771011_3_0_1_-1_0,reverse,0.6453012228012085,0.6921291351318359,0.04682791233062744,0.03037393093109131
89,nebDFT2k:mp-771011_3_0_1_-1_0,inference_symmetrised,0.6453012228012085,0.7073161005973816,0.062014877796173096,0.03037393093109131
89,nebDFT2k:mp-771019_2_5_1_1_0,forward,0.09585042297840118,0.6189998388290405,0.5231494158506393,0.02043592929840088
89,nebDFT2k:mp-771019_2_5_1_1_0,reverse,0.09585042297840118,0.5985639095306396,0.5027134865522385,0.02043592929840088
89,nebDFT2k:mp-771019_2_5_1_1_0,inference_symmetrised,0.09585042297840118,0.6087818741798401,0.5129314512014389,0.02043592929840088
89,nebDFT2k:mp-771821_0_2_0_0_0,forward,0.1138739287853241,0.2012607753276825,0.0873868465423584,0.042504698038101196
89,nebDFT2k:mp-771821_0_2_0_0_0,reverse,0.1138739287853241,0.1587560772895813,0.0448821485042572,0.042504698038101196
89,nebDFT2k:mp-771821_0_2_0_0_0,inference_symmetrised,0.1138739287853241,0.1800084263086319,0.0661344975233078,0.042504698038101196
89,nebDFT2k:mp-771906_1_0_1_0_0,forward,0.4369984269142151,0.5305225849151611,0.09352415800094604,0.05195164680480957
89,nebDFT2k:mp-771906_1_0_1_0_0,reverse,0.4369984269142151,0.47857093811035156,0.041572511196136475,0.05195164680480957
89,nebDFT2k:mp-771906_1_0_1_0_0,inference_symmetrised,0.4369984269142151,0.5045467615127563,0.06754833459854126,0.05195164680480957
89,nebDFT2k:mp-772502_1_2_0_0_0,forward,1.4095782041549683,1.0559887886047363,0.35358941555023193,0.014908194541931152
89,nebDFT2k:mp-772502_1_2_0_0_0,reverse,1.4095782041549683,1.0708969831466675,0.3386812210083008,0.014908194541931152
89,nebDFT2k:mp-772502_1_2_0_0_0,inference_symmetrised,1.4095782041549683,1.063442885875702,0.34613531827926636,0.014908194541931152
89,nebDFT2k:mp-772542_0_2_0_0_0,forward,0.24687078595161438,0.14183783531188965,0.10503295063972473,0.032304227352142334
89,nebDFT2k:mp-772542_0_2_0_0_0,reverse,0.24687078595161438,0.10953360795974731,0.13733717799186707,0.032304227352142334
89,nebDFT2k:mp-772542_0_2_0_0_0,inference_symmetrised,0.24687078595161438,0.12568572163581848,0.1211850643157959,0.032304227352142334
89,nebDFT2k:mp-772613_0_1_0_0_0,forward,0.4315532147884369,0.9362690448760986,0.5047158300876617,0.14979511499404907
89,nebDFT2k:mp-772613_0_1_0_0_0,reverse,0.4315532147884369,0.7864739298820496,0.35492071509361267,0.14979511499404907
89,nebDFT2k:mp-772613_0_1_0_0_0,inference_symmetrised,0.4315532147884369,0.8613714873790741,0.4298182725906372,0.14979511499404907
89,nebDFT2k:mp-772658_3_3_1_0_0,forward,1.721060872077942,0.8293942213058472,0.8916666507720947,0.023847579956054688
89,nebDFT2k:mp-772658_3_3_1_0_0,reverse,1.721060872077942,0.8532418012619019,0.86781907081604,0.023847579956054688
89,nebDFT2k:mp-772658_3_3_1_0_0,inference_symmetrised,1.721060872077942,0.8413180112838745,0.8797428607940674,0.023847579956054688
89,nebDFT2k:mp-772851_6_10_0_1_0,forward,0.6534039378166199,1.118151307106018,0.4647473692893982,0.039765000343322754
89,nebDFT2k:mp-772851_6_10_0_1_0,reverse,0.6534039378166199,1.0783863067626953,0.42498236894607544,0.039765000343322754
89,nebDFT2k:mp-772851_6_10_0_1_0,inference_symmetrised,0.6534039378166199,1.0982688069343567,0.4448648691177368,0.039765000343322754
89,nebDFT2k:mp-772981_0_2_0_0_0,forward,1.138868808746338,1.1350674629211426,0.0038013458251953125,0.0009499788284301758
89,nebDFT2k:mp-772981_0_2_0_0_0,reverse,1.138868808746338,1.1360174417495728,0.0028513669967651367,0.0009499788284301758
89,nebDFT2k:mp-772981_0_2_0_0_0,inference_symmetrised,1.138868808746338,1.1355424523353577,0.0033263564109802246,0.0009499788284301758
89,nebDFT2k:mp-772981_1_2_0_0_0,forward,3.077207326889038,2.0889387130737305,0.9882686138153076,0.0011870861053466797
89,nebDFT2k:mp-772981_1_2_0_0_0,reverse,3.077207326889038,2.090125799179077,0.9870815277099609,0.0011870861053466797
89,nebDFT2k:mp-772981_1_2_0_0_0,inference_symmetrised,3.077207326889038,2.089532256126404,0.9876750707626343,0.0011870861053466797
89,nebDFT2k:mp-774843_2_3_0_0_0,forward,1.0624136924743652,0.7633312344551086,0.2990824580192566,0.041769564151763916
89,nebDFT2k:mp-774843_2_3_0_0_0,reverse,1.0624136924743652,0.8051007986068726,0.2573128938674927,0.041769564151763916
89,nebDFT2k:mp-774843_2_3_0_0_0,inference_symmetrised,1.0624136924743652,0.7842160165309906,0.27819767594337463,0.041769564151763916
89,nebDFT2k:mp-774843_2_3_1_0_0,forward,0.8142358660697937,0.45759186148643494,0.35664400458335876,0.034031182527542114
89,nebDFT2k:mp-774843_2_3_1_0_0,reverse,0.8142358660697937,0.49162304401397705,0.32261282205581665,0.034031182527542114
89,nebDFT2k:mp-774843_2_3_1_0_0,inference_symmetrised,0.8142358660697937,0.474607452750206,0.3396284133195877,0.034031182527542114
89,nebDFT2k:mp-774843_2_3_0_1_0,forward,0.8414992690086365,0.8131743669509888,0.028324902057647705,0.05229353904724121
89,nebDFT2k:mp-774843_2_3_0_1_0,reverse,0.8414992690086365,0.86546790599823,0.023968636989593506,0.05229353904724121
89,nebDFT2k:mp-774843_2_3_0_1_0,inference_symmetrised,0.8414992690086365,0.8393211364746094,0.0021781325340270996,0.05229353904724121
89,nebDFT2k:mp-774843_2_0_0_1_0,forward,3.6757445335388184,3.057706356048584,0.6180381774902344,0.031210899353027344
89,nebDFT2k:mp-774843_2_0_0_1_0,reverse,3.6757445335388184,3.0889172554016113,0.586827278137207,0.031210899353027344
89,nebDFT2k:mp-774843_2_0_0_1_0,inference_symmetrised,3.6757445335388184,3.0733118057250977,0.6024327278137207,0.031210899353027344
89,nebDFT2k:mp-774843_0_1_0_0_0,forward,0.8201401233673096,0.6716567873954773,0.14848333597183228,0.07420796155929565
89,nebDFT2k:mp-774843_0_1_0_0_0,reverse,0.8201401233673096,0.5974488258361816,0.22269129753112793,0.07420796155929565
89,nebDFT2k:mp-774843_0_1_0_0_0,inference_symmetrised,0.8201401233673096,0.6345528066158295,0.1855873167514801,0.07420796155929565
89,nebDFT2k:mp-774946_0_2_0_0_0,forward,0.6453417539596558,0.5476652979850769,0.09767645597457886,0.0072113871574401855
89,nebDFT2k:mp-774946_0_2_0_0_0,reverse,0.6453417539596558,0.5404539108276367,0.10488784313201904,0.0072113871574401855
89,nebDFT2k:mp-774946_0_2_0_0_0,inference_symmetrised,0.6453417539596558,0.5440596044063568,0.10128214955329895,0.0072113871574401855
89,nebDFT2k:mp-775195_1_5_0_1_0,forward,0.11352421343326569,0.30068710446357727,0.18716289103031158,0.06459999084472656
89,nebDFT2k:mp-775195_1_5_0_1_0,reverse,0.11352421343326569,0.2360871136188507,0.12256290018558502,0.06459999084472656
89,nebDFT2k:mp-775195_1_5_0_1_0,inference_symmetrised,0.11352421343326569,0.268387109041214,0.1548628956079483,0.06459999084472656
89,nebDFT2k:mp-776519_1_0_0_1_0,forward,1.0567388534545898,0.9075740575790405,0.14916479587554932,0.04047149419784546
89,nebDFT2k:mp-776519_1_0_0_1_0,reverse,1.0567388534545898,0.948045551776886,0.10869330167770386,0.04047149419784546
89,nebDFT2k:mp-776519_1_0_0_1_0,inference_symmetrised,1.0567388534545898,0.9278098046779633,0.1289290487766266,0.04047149419784546
89,nebDFT2k:mp-776806_0_1_0_0_0,forward,0.8505998849868774,0.8265564441680908,0.02404344081878662,0.10556590557098389
89,nebDFT2k:mp-776806_0_1_0_0_0,reverse,0.8505998849868774,0.7209905385971069,0.1296093463897705,0.10556590557098389
89,nebDFT2k:mp-776806_0_1_0_0_0,inference_symmetrised,0.8505998849868774,0.7737734913825989,0.07682639360427856,0.10556590557098389
89,nebDFT2k:mp-776806_3_2_1_1_0,forward,0.6594776511192322,0.7020686864852905,0.04259103536605835,0.09787130355834961
89,nebDFT2k:mp-776806_3_2_1_1_0,reverse,0.6594776511192322,0.6041973829269409,0.05528026819229126,0.09787130355834961
89,nebDFT2k:mp-776806_3_2_1_1_0,inference_symmetrised,0.6594776511192322,0.6531330347061157,0.006344616413116455,0.09787130355834961
89,nebDFT2k:mp-777279_19_7_1_0_0,forward,0.389350026845932,0.5615664720535278,0.17221644520759583,0.055756449699401855
89,nebDFT2k:mp-777279_19_7_1_0_0,reverse,0.389350026845932,0.505810022354126,0.11645999550819397,0.055756449699401855
89,nebDFT2k:mp-777279_19_7_1_0_0,inference_symmetrised,0.389350026845932,0.5336882472038269,0.1443382203578949,0.055756449699401855
89,nebDFT2k:mp-777670_0_1_0_0_0,forward,0.7413540482521057,0.6815282106399536,0.0598258376121521,0.0957108736038208
89,nebDFT2k:mp-777670_0_1_0_0_0,reverse,0.7413540482521057,0.5858173370361328,0.1555367112159729,0.0957108736038208
89,nebDFT2k:mp-777670_0_1_0_0_0,inference_symmetrised,0.7413540482521057,0.6336727738380432,0.1076812744140625,0.0957108736038208
89,nebDFT2k:mp-777670_0_2_0_1_0,forward,4.522794723510742,2.8180127143859863,1.7047820091247559,0.0850210189819336
89,nebDFT2k:mp-777670_0_2_0_1_0,reverse,4.522794723510742,2.7329916954040527,1.7898030281066895,0.0850210189819336
89,nebDFT2k:mp-777670_0_2_0_1_0,inference_symmetrised,4.522794723510742,2.7755022048950195,1.7472925186157227,0.0850210189819336
89,nebDFT2k:mp-777670_1_0_0_1_0,forward,0.6251729130744934,0.71479332447052,0.08962041139602661,0.0951392650604248
89,nebDFT2k:mp-777670_1_0_0_1_0,reverse,0.6251729130744934,0.8099325895309448,0.18475967645645142,0.0951392650604248
89,nebDFT2k:mp-777670_1_0_0_1_0,inference_symmetrised,0.6251729130744934,0.7623629570007324,0.137190043926239,0.0951392650604248
89,nebDFT2k:mp-778325_0_1_0_0_0,forward,0.6744814515113831,0.9631338715553284,0.2886524200439453,0.1499333381652832
89,nebDFT2k:mp-778325_0_1_0_0_0,reverse,0.6744814515113831,0.8132005333900452,0.1387190818786621,0.1499333381652832
89,nebDFT2k:mp-778325_0_1_0_0_0,inference_symmetrised,0.6744814515113831,0.8881672024726868,0.2136857509613037,0.1499333381652832
89,nebDFT2k:mp-778830_1_9_1_1_0,forward,0.25904756784439087,0.5217097997665405,0.26266223192214966,0.010508596897125244
89,nebDFT2k:mp-778830_1_9_1_1_0,reverse,0.25904756784439087,0.5112012028694153,0.2521536350250244,0.010508596897125244
89,nebDFT2k:mp-778830_1_9_1_1_0,inference_symmetrised,0.25904756784439087,0.5164555013179779,0.25740793347358704,0.010508596897125244
89,nebDFT2k:mp-778830_4_0_1_-1_-1,forward,0.2582642734050751,0.42580142617225647,0.1675371527671814,0.005005866289138794
89,nebDFT2k:mp-778830_4_0_1_-1_-1,reverse,0.2582642734050751,0.43080729246139526,0.1725430190563202,0.005005866289138794
89,nebDFT2k:mp-778830_4_0_1_-1_-1,inference_symmetrised,0.2582642734050751,0.42830435931682587,0.1700400859117508,0.005005866289138794
89,nebDFT2k:mp-779432_2_7_0_1_0,forward,0.17155316472053528,0.17083710432052612,0.0007160604000091553,0.046035706996917725
89,nebDFT2k:mp-779432_2_7_0_1_0,reverse,0.17155316472053528,0.1248013973236084,0.04675176739692688,0.046035706996917725
89,nebDFT2k:mp-779432_2_7_0_1_0,inference_symmetrised,0.17155316472053528,0.14781925082206726,0.023733913898468018,0.046035706996917725
89,nebDFT2k:mp-779720_1_4_0_0_0,forward,0.3813576102256775,0.19364416599273682,0.18771344423294067,0.035543859004974365
89,nebDFT2k:mp-779720_1_4_0_0_0,reverse,0.3813576102256775,0.15810030698776245,0.22325730323791504,0.035543859004974365
89,nebDFT2k:mp-779720_1_4_0_0_0,inference_symmetrised,0.3813576102256775,0.17587223649024963,0.20548537373542786,0.035543859004974365
89,nebDFT2k:mp-779720_0_6_0_0_0,forward,0.876657247543335,0.3116685748100281,0.5649886727333069,0.0018221139907836914
89,nebDFT2k:mp-779720_0_6_0_0_0,reverse,0.876657247543335,0.3098464608192444,0.5668107867240906,0.0018221139907836914
89,nebDFT2k:mp-779720_0_6_0_0_0,inference_symmetrised,0.876657247543335,0.31075751781463623,0.5658997297286987,0.0018221139907836914
89,nebDFT2k:mp-779720_12_22_0_0_0,forward,0.6643123030662537,0.30955666303634644,0.3547556400299072,0.08853781223297119
89,nebDFT2k:mp-779720_12_22_0_0_0,reverse,0.6643123030662537,0.22101885080337524,0.4432934522628784,0.08853781223297119
89,nebDFT2k:mp-779720_12_22_0_0_0,inference_symmetrised,0.6643123030662537,0.26528775691986084,0.3990245461463928,0.08853781223297119
89,nebDFT2k:mp-779720_4_8_0_1_0,forward,0.4980355501174927,0.33728572726249695,0.16074982285499573,0.01458519697189331
89,nebDFT2k:mp-779720_4_8_0_1_0,reverse,0.4980355501174927,0.32270053029060364,0.17533501982688904,0.01458519697189331
89,nebDFT2k:mp-779720_4_8_0_1_0,inference_symmetrised,0.4980355501174927,0.3299931287765503,0.16804242134094238,0.01458519697189331
89,nebDFT2k:mp-781596_1_3_0_1_0,forward,0.12982939183712006,0.2896566390991211,0.15982724726200104,0.0591941773891449
89,nebDFT2k:mp-781596_1_3_0_1_0,reverse,0.12982939183712006,0.2304624617099762,0.10063306987285614,0.0591941773891449
89,nebDFT2k:mp-781596_1_3_0_1_0,inference_symmetrised,0.12982939183712006,0.26005955040454865,0.1302301585674286,0.0591941773891449
89,nebDFT2k:mp-849351_1_0_1_0_-1,forward,1.591550588607788,0.4342494010925293,1.1573011875152588,0.00427556037902832
89,nebDFT2k:mp-849351_1_0_1_0_-1,reverse,1.591550588607788,0.429973840713501,1.161576747894287,0.00427556037902832
89,nebDFT2k:mp-849351_1_0_1_0_-1,inference_symmetrised,1.591550588607788,0.43211162090301514,1.159438967704773,0.00427556037902832
89,nebDFT2k:mp-849386_8_8_1_0_0,forward,1.0149714946746826,0.6023226976394653,0.4126487970352173,0.012930870056152344
89,nebDFT2k:mp-849386_8_8_1_0_0,reverse,1.0149714946746826,0.589391827583313,0.42557966709136963,0.012930870056152344
89,nebDFT2k:mp-849386_8_8_1_0_0,inference_symmetrised,1.0149714946746826,0.5958572626113892,0.41911423206329346,0.012930870056152344
89,nebDFT2k:mp-850532_0_1_0_1_0,forward,0.5237549543380737,0.5238486528396606,9.369850158691406e-05,0.024711549282073975
89,nebDFT2k:mp-850532_0_1_0_1_0,reverse,0.5237549543380737,0.49913710355758667,0.02461785078048706,0.024711549282073975
89,nebDFT2k:mp-850532_0_1_0_1_0,inference_symmetrised,0.5237549543380737,0.5114928781986237,0.012262076139450073,0.024711549282073975
101,nebDFT2k:mp-1020056_0_0_1_1_0,forward,2.066868543624878,2.85764479637146,0.790776252746582,0.07026100158691406
101,nebDFT2k:mp-1020056_0_0_1_1_0,reverse,2.066868543624878,2.927905797958374,0.8610372543334961,0.07026100158691406
101,nebDFT2k:mp-1020056_0_0_1_1_0,inference_symmetrised,2.066868543624878,2.892775297164917,0.8259067535400391,0.07026100158691406
101,nebDFT2k:mp-1020056_0_2_1_0_0,forward,0.13001933693885803,0.7915701866149902,0.6615508496761322,0.020833849906921387
101,nebDFT2k:mp-1020056_0_2_1_0_0,reverse,0.13001933693885803,0.8124040365219116,0.6823846995830536,0.020833849906921387
101,nebDFT2k:mp-1020056_0_2_1_0_0,inference_symmetrised,0.13001933693885803,0.8019871115684509,0.6719677746295929,0.020833849906921387
101,nebDFT2k:mp-1020056_2_2_1_1_0,forward,1.452639102935791,2.48116135597229,1.028522253036499,0.1100010871887207
101,nebDFT2k:mp-1020056_2_2_1_1_0,reverse,1.452639102935791,2.5911624431610107,1.1385233402252197,0.1100010871887207
101,nebDFT2k:mp-1020056_2_2_1_1_0,inference_symmetrised,1.452639102935791,2.5361618995666504,1.0835227966308594,0.1100010871887207
101,nebDFT2k:mp-1147726_4_6_1_0_0,forward,0.1745581477880478,0.331074059009552,0.1565159112215042,0.02422592043876648
101,nebDFT2k:mp-1147726_4_6_1_0_0,reverse,0.1745581477880478,0.3068481385707855,0.13228999078273773,0.02422592043876648
101,nebDFT2k:mp-1147726_4_6_1_0_0,inference_symmetrised,0.1745581477880478,0.31896109879016876,0.14440295100212097,0.02422592043876648
101,nebDFT2k:mp-1174212_5_7_0_0_0,forward,0.8727639317512512,0.40921735763549805,0.4635465741157532,0.024504125118255615
101,nebDFT2k:mp-1174212_5_7_0_0_0,reverse,0.8727639317512512,0.38471323251724243,0.4880506992340088,0.024504125118255615
101,nebDFT2k:mp-1174212_5_7_0_0_0,inference_symmetrised,0.8727639317512512,0.39696529507637024,0.475798636674881,0.024504125118255615
101,nebDFT2k:mp-1175313_9_13_0_0_0,forward,0.5736613869667053,0.43393340706825256,0.13972797989845276,0.006716042757034302
101,nebDFT2k:mp-1175313_9_13_0_0_0,reverse,0.5736613869667053,0.44064944982528687,0.13301193714141846,0.006716042757034302
101,nebDFT2k:mp-1175313_9_13_0_0_0,inference_symmetrised,0.5736613869667053,0.4372914284467697,0.1363699585199356,0.006716042757034302
101,nebDFT2k:mp-1175624_0_3_0_1_0,forward,0.40710362792015076,0.6059755086898804,0.19887188076972961,0.0138053297996521
101,nebDFT2k:mp-1175624_0_3_0_1_0,reverse,0.40710362792015076,0.6197808384895325,0.2126772105693817,0.0138053297996521
101,nebDFT2k:mp-1175624_0_3_0_1_0,inference_symmetrised,0.40710362792015076,0.6128781735897064,0.20577454566955566,0.0138053297996521
101,nebDFT2k:mp-1175840_1_1_1_0_0,forward,2.172025442123413,2.1123270988464355,0.05969834327697754,0.059488534927368164
101,nebDFT2k:mp-1175840_1_1_1_0_0,reverse,2.172025442123413,2.1718156337738037,0.000209808349609375,0.059488534927368164
101,nebDFT2k:mp-1175840_1_1_1_0_0,inference_symmetrised,2.172025442123413,2.1420713663101196,0.029954075813293457,0.059488534927368164
101,nebDFT2k:mp-1176566_0_2_0_0_0,forward,0.17504152655601501,0.5362355709075928,0.36119404435157776,0.012758076190948486
101,nebDFT2k:mp-1176566_0_2_0_0_0,reverse,0.17504152655601501,0.5489936470985413,0.37395212054252625,0.012758076190948486
101,nebDFT2k:mp-1176566_0_2_0_0_0,inference_symmetrised,0.17504152655601501,0.542614609003067,0.367573082447052,0.012758076190948486
101,nebDFT2k:mp-1176566_0_2_0_1_0,forward,2.848614454269409,1.9943844079971313,0.8542300462722778,0.006091952323913574
101,nebDFT2k:mp-1176566_0_2_0_1_0,reverse,2.848614454269409,1.9882924556732178,0.8603219985961914,0.006091952323913574
101,nebDFT2k:mp-1176566_0_2_0_1_0,inference_symmetrised,2.848614454269409,1.9913384318351746,0.8572760224342346,0.006091952323913574
101,nebDFT2k:mp-1176649_6_7_0_0_0,forward,0.9662818312644958,1.239404320716858,0.27312248945236206,0.08440446853637695
101,nebDFT2k:mp-1176649_6_7_0_0_0,reverse,0.9662818312644958,1.3238087892532349,0.357526957988739,0.08440446853637695
101,nebDFT2k:mp-1176649_6_7_0_0_0,inference_symmetrised,0.9662818312644958,1.2816065549850464,0.31532472372055054,0.08440446853637695
101,nebDFT2k:mp-1176994_9_9_1_0_0,forward,2.2720789909362793,2.1754310131073,0.09664797782897949,0.02108478546142578
101,nebDFT2k:mp-1176994_9_9_1_0_0,reverse,2.2720789909362793,2.1965157985687256,0.07556319236755371,0.02108478546142578
101,nebDFT2k:mp-1176994_9_9_1_0_0,inference_symmetrised,2.2720789909362793,2.1859734058380127,0.0861055850982666,0.02108478546142578
101,nebDFT2k:mp-1177804_0_1_0_0_1,forward,1.6887457370758057,2.1773886680603027,0.48864293098449707,0.004049777984619141
101,nebDFT2k:mp-1177804_0_1_0_0_1,reverse,1.6887457370758057,2.1733388900756836,0.48459315299987793,0.004049777984619141
101,nebDFT2k:mp-1177804_0_1_0_0_1,inference_symmetrised,1.6887457370758057,2.175363779067993,0.4866180419921875,0.004049777984619141
101,nebDFT2k:mp-1177804_0_2_0_0_1,forward,0.3489684462547302,0.5730078220367432,0.22403937578201294,0.013543665409088135
101,nebDFT2k:mp-1177804_0_2_0_0_1,reverse,0.3489684462547302,0.5865514874458313,0.23758304119110107,0.013543665409088135
101,nebDFT2k:mp-1177804_0_2_0_0_1,inference_symmetrised,0.3489684462547302,0.5797796547412872,0.230811208486557,0.013543665409088135
101,nebDFT2k:mp-1177943_4_7_0_0_0,forward,0.9865845441818237,1.0281182527542114,0.041533708572387695,0.06499123573303223
101,nebDFT2k:mp-1177943_4_7_0_0_0,reverse,0.9865845441818237,1.0931094884872437,0.10652494430541992,0.06499123573303223
101,nebDFT2k:mp-1177943_4_7_0_0_0,inference_symmetrised,0.9865845441818237,1.0606138706207275,0.07402932643890381,0.06499123573303223
101,nebDFT2k:mp-1178166_8_9_0_0_1,forward,0.8422648310661316,1.106510043144226,0.2642452120780945,0.1027061939239502
101,nebDFT2k:mp-1178166_8_9_0_0_1,reverse,0.8422648310661316,1.2092162370681763,0.3669514060020447,0.1027061939239502
101,nebDFT2k:mp-1178166_8_9_0_0_1,inference_symmetrised,0.8422648310661316,1.1578631401062012,0.3155983090400696,0.1027061939239502
101,nebDFT2k:mp-1202443_0_6_0_0_1,forward,1.9113332033157349,0.7110764980316162,1.2002567052841187,0.004770994186401367
101,nebDFT2k:mp-1202443_0_6_0_0_1,reverse,1.9113332033157349,0.7063055038452148,1.20502769947052,0.004770994186401367
101,nebDFT2k:mp-1202443_0_6_0_0_1,inference_symmetrised,1.9113332033157349,0.7086910009384155,1.2026422023773193,0.004770994186401367
101,nebDFT2k:mp-1222404_0_0_0_1_-1,forward,0.4571089446544647,0.40639397501945496,0.050714969635009766,0.0025372207164764404
101,nebDFT2k:mp-1222404_0_0_0_1_-1,reverse,0.4571089446544647,0.4089311957359314,0.048177748918533325,0.0025372207164764404
101,nebDFT2k:mp-1222404_0_0_0_1_-1,inference_symmetrised,0.4571089446544647,0.4076625853776932,0.049446359276771545,0.0025372207164764404
101,nebDFT2k:mp-1222469_0_0_0_1_0,forward,1.3453915119171143,1.2928346395492554,0.05255687236785889,0.00600123405456543
101,nebDFT2k:mp-1222469_0_0_0_1_0,reverse,1.3453915119171143,1.2988358736038208,0.04655563831329346,0.00600123405456543
101,nebDFT2k:mp-1222469_0_0_0_1_0,inference_symmetrised,1.3453915119171143,1.295835256576538,0.04955625534057617,0.00600123405456543
101,nebDFT2k:mp-1222510_2_2_0_1_0,forward,1.738020896911621,2.0824532508850098,0.34443235397338867,0.008007049560546875
101,nebDFT2k:mp-1222510_2_2_0_1_0,reverse,1.738020896911621,2.0904603004455566,0.35243940353393555,0.008007049560546875
101,nebDFT2k:mp-1222510_2_2_0_1_0,inference_symmetrised,1.738020896911621,2.086456775665283,0.3484358787536621,0.008007049560546875
101,nebDFT2k:mp-1222575_1_2_0_0_0,forward,1.200072169303894,1.6299525499343872,0.42988038063049316,0.0020056962966918945
101,nebDFT2k:mp-1222575_1_2_0_0_0,reverse,1.200072169303894,1.6279468536376953,0.42787468433380127,0.0020056962966918945
101,nebDFT2k:mp-1222575_1_2_0_0_0,inference_symmetrised,1.200072169303894,1.6289497017860413,0.4288775324821472,0.0020056962966918945
101,nebDFT2k:mp-1222575_0_2_0_0_0,forward,4.537822246551514,2.990957260131836,1.5468649864196777,0.11100459098815918
101,nebDFT2k:mp-1222575_0_2_0_0_0,reverse,4.537822246551514,3.101961851119995,1.4358603954315186,0.11100459098815918
101,nebDFT2k:mp-1222575_0_2_0_0_0,inference_symmetrised,4.537822246551514,3.0464595556259155,1.4913626909255981,0.11100459098815918
101,nebDFT2k:mp-1222591_0_0_0_1_0,forward,0.4859350323677063,0.5878857970237732,0.1019507646560669,0.027247846126556396
101,nebDFT2k:mp-1222591_0_0_0_1_0,reverse,0.4859350323677063,0.6151336431503296,0.1291986107826233,0.027247846126556396
101,nebDFT2k:mp-1222591_0_0_0_1_0,inference_symmetrised,0.4859350323677063,0.6015097200870514,0.11557468771934509,0.027247846126556396
101,nebDFT2k:mp-1277038_4_0_0_1_0,forward,0.685222327709198,0.9779402017593384,0.2927178740501404,0.011826395988464355
101,nebDFT2k:mp-1277038_4_0_0_1_0,reverse,0.685222327709198,0.9897665977478027,0.30454427003860474,0.011826395988464355
101,nebDFT2k:mp-1277038_4_0_0_1_0,inference_symmetrised,0.685222327709198,0.9838533997535706,0.29863107204437256,0.011826395988464355
101,nebDFT2k:mp-1277589_2_0_1_0_0,forward,0.5733042359352112,0.645775556564331,0.07247132062911987,0.003960072994232178
101,nebDFT2k:mp-1277589_2_0_1_0_0,reverse,0.5733042359352112,0.6497356295585632,0.07643139362335205,0.003960072994232178
101,nebDFT2k:mp-1277589_2_0_1_0_0,inference_symmetrised,0.5733042359352112,0.6477555930614471,0.07445135712623596,0.003960072994232178
101,nebDFT2k:mp-1277613_3_1_1_-1_0,forward,0.5781484246253967,0.49570319056510925,0.08244523406028748,0.025034219026565552
101,nebDFT2k:mp-1277613_3_1_1_-1_0,reverse,0.5781484246253967,0.5207374095916748,0.057411015033721924,0.025034219026565552
101,nebDFT2k:mp-1277613_3_1_1_-1_0,inference_symmetrised,0.5781484246253967,0.508220300078392,0.0699281245470047,0.025034219026565552
101,nebDFT2k:mp-1277613_2_0_0_0_1,forward,0.5695000886917114,0.48224616050720215,0.08725392818450928,0.017514824867248535
101,nebDFT2k:mp-1277613_2_0_0_0_1,reverse,0.5695000886917114,0.4997609853744507,0.06973910331726074,0.017514824867248535
101,nebDFT2k:mp-1277613_2_0_0_0_1,inference_symmetrised,0.5695000886917114,0.4910035729408264,0.07849651575088501,0.017514824867248535
101,nebDFT2k:mp-1277814_5_7_0_1_0,forward,2.58870530128479,0.26518797874450684,2.323517322540283,0.001108616590499878
101,nebDFT2k:mp-1277814_5_7_0_1_0,reverse,2.58870530128479,0.2662965953350067,2.3224087059497833,0.001108616590499878
101,nebDFT2k:mp-1277814_5_7_0_1_0,inference_symmetrised,2.58870530128479,0.2657422870397568,2.3229630142450333,0.001108616590499878
101,nebDFT2k:mp-1277814_6_10_1_-1_0,forward,2.7002744674682617,1.5237592458724976,1.1765152215957642,0.07533633708953857
101,nebDFT2k:mp-1277814_6_10_1_-1_0,reverse,2.7002744674682617,1.5990955829620361,1.1011788845062256,0.07533633708953857
101,nebDFT2k:mp-1277814_6_10_1_-1_0,inference_symmetrised,2.7002744674682617,1.5614274144172668,1.1388470530509949,0.07533633708953857
101,nebDFT2k:mp-1277814_1_2_0_1_0,forward,0.4587925672531128,0.3052002191543579,0.15359234809875488,0.007859200239181519
101,nebDFT2k:mp-1277814_1_2_0_1_0,reverse,0.4587925672531128,0.2973410189151764,0.1614515483379364,0.007859200239181519
101,nebDFT2k:mp-1277814_1_2_0_1_0,inference_symmetrised,0.4587925672531128,0.30127061903476715,0.15752194821834564,0.007859200239181519
101,nebDFT2k:mp-1277814_9_2_1_1_0,forward,2.4481306076049805,1.4547924995422363,0.9933381080627441,0.06447958946228027
101,nebDFT2k:mp-1277814_9_2_1_1_0,reverse,2.4481306076049805,1.5192720890045166,0.9288585186004639,0.06447958946228027
101,nebDFT2k:mp-1277814_9_2_1_1_0,inference_symmetrised,2.4481306076049805,1.4870322942733765,0.961098313331604,0.06447958946228027
101,nebDFT2k:mp-1282211_3_0_0_0_1,forward,3.475863456726074,2.6206367015838623,0.8552267551422119,0.135359525680542
101,nebDFT2k:mp-1282211_3_0_0_0_1,reverse,3.475863456726074,2.4852771759033203,0.9905862808227539,0.135359525680542
101,nebDFT2k:mp-1282211_3_0_0_0_1,inference_symmetrised,3.475863456726074,2.5529569387435913,0.9229065179824829,0.135359525680542
101,nebDFT2k:mp-1282761_2_1_1_1_0,forward,0.2802552878856659,0.7421720027923584,0.4619167149066925,0.010681986808776855
101,nebDFT2k:mp-1282761_2_1_1_1_0,reverse,0.2802552878856659,0.7528539896011353,0.47259870171546936,0.010681986808776855
101,nebDFT2k:mp-1282761_2_1_1_1_0,inference_symmetrised,0.2802552878856659,0.7475129961967468,0.46725770831108093,0.010681986808776855
101,nebDFT2k:mp-1282761_3_0_0_0_1,forward,0.28042837977409363,0.7448792457580566,0.464450865983963,0.01110219955444336
101,nebDFT2k:mp-1282761_3_0_0_0_1,reverse,0.28042837977409363,0.7559814453125,0.47555306553840637,0.01110219955444336
101,nebDFT2k:mp-1282761_3_0_0_0_1,inference_symmetrised,0.28042837977409363,0.7504303455352783,0.4700019657611847,0.01110219955444336
101,nebDFT2k:mp-1282869_0_3_0_0_0,forward,0.5327412486076355,0.5494725704193115,0.016731321811676025,0.0018718242645263672
101,nebDFT2k:mp-1282869_0_3_0_0_0,reverse,0.5327412486076355,0.5476007461547852,0.014859497547149658,0.0018718242645263672
101,nebDFT2k:mp-1282869_0_3_0_0_0,inference_symmetrised,0.5327412486076355,0.5485366582870483,0.015795409679412842,0.0018718242645263672
101,nebDFT2k:mp-1282869_1_2_1_0_0,forward,0.531970202922821,0.5505636930465698,0.01859349012374878,0.00011360645294189453
101,nebDFT2k:mp-1282869_1_2_1_0_0,reverse,0.531970202922821,0.5504500865936279,0.018479883670806885,0.00011360645294189453
101,nebDFT2k:mp-1282869_1_2_1_0_0,inference_symmetrised,0.531970202922821,0.5505068898200989,0.018536686897277832,0.00011360645294189453
101,nebDFT2k:mp-1282931_3_5_0_0_0,forward,0.6656212210655212,0.431379109621048,0.23424211144447327,0.006606101989746094
101,nebDFT2k:mp-1282931_3_5_0_0_0,reverse,0.6656212210655212,0.43798521161079407,0.22763600945472717,0.006606101989746094
101,nebDFT2k:mp-1282931_3_5_0_0_0,inference_symmetrised,0.6656212210655212,0.434682160615921,0.23093906044960022,0.006606101989746094
101,nebDFT2k:mp-1284600_2_7_0_0_0,forward,0.41195741295814514,0.5843381881713867,0.17238077521324158,0.015764236450195312
101,nebDFT2k:mp-1284600_2_7_0_0_0,reverse,0.41195741295814514,0.600102424621582,0.1881450116634369,0.015764236450195312
101,nebDFT2k:mp-1284600_2_7_0_0_0,inference_symmetrised,0.41195741295814514,0.5922203063964844,0.18026289343833923,0.015764236450195312
101,nebDFT2k:mp-1295192_1_1_1_0_0,forward,1.0270062685012817,0.971912145614624,0.055094122886657715,0.018836379051208496
101,nebDFT2k:mp-1295192_1_1_1_0_0,reverse,1.0270062685012817,0.9907485246658325,0.03625774383544922,0.018836379051208496
101,nebDFT2k:mp-1295192_1_1_1_0_0,inference_symmetrised,1.0270062685012817,0.9813303351402283,0.04567593336105347,0.018836379051208496
101,nebDFT2k:mp-1295192_3_3_1_0_0,forward,1.0451579093933105,0.983845591545105,0.061312317848205566,0.01770651340484619
101,nebDFT2k:mp-1295192_3_3_1_0_0,reverse,1.0451579093933105,1.0015521049499512,0.043605804443359375,0.01770651340484619
101,nebDFT2k:mp-1295192_3_3_1_0_0,inference_symmetrised,1.0451579093933105,0.9926988482475281,0.05245906114578247,0.01770651340484619
101,nebDFT2k:mp-1297766_1_5_1_-1_0,forward,2.696653127670288,2.1343729496002197,0.5622801780700684,0.01828908920288086
101,nebDFT2k:mp-1297766_1_5_1_-1_0,reverse,2.696653127670288,2.1526620388031006,0.5439910888671875,0.01828908920288086
101,nebDFT2k:mp-1297766_1_5_1_-1_0,inference_symmetrised,2.696653127670288,2.14351749420166,0.5531356334686279,0.01828908920288086
101,nebDFT2k:mp-1306251_7_5_1_1_0,forward,1.546714425086975,1.2786208391189575,0.2680935859680176,0.0322723388671875
101,nebDFT2k:mp-1306251_7_5_1_1_0,reverse,1.546714425086975,1.310893177986145,0.23582124710083008,0.0322723388671875
101,nebDFT2k:mp-1306251_7_5_1_1_0,inference_symmetrised,1.546714425086975,1.2947570085525513,0.25195741653442383,0.0322723388671875
101,nebDFT2k:mp-1314006_1_0_0_1_-1,forward,0.2759045958518982,0.49746787548065186,0.22156327962875366,0.0006082057952880859
101,nebDFT2k:mp-1314006_1_0_0_1_-1,reverse,0.2759045958518982,0.49685966968536377,0.22095507383346558,0.0006082057952880859
101,nebDFT2k:mp-1314006_1_0_0_1_-1,inference_symmetrised,0.2759045958518982,0.4971637725830078,0.22125917673110962,0.0006082057952880859
101,nebDFT2k:mp-1320203_8_0_0_1_0,forward,0.7955121994018555,0.47181010246276855,0.3237020969390869,0.014575451612472534
101,nebDFT2k:mp-1320203_8_0_0_1_0,reverse,0.7955121994018555,0.4863855540752411,0.3091266453266144,0.014575451612472534
101,nebDFT2k:mp-1320203_8_0_0_1_0,inference_symmetrised,0.7955121994018555,0.4790978282690048,0.31641437113285065,0.014575451612472534
101,nebDFT2k:mp-1641416_3_9_0_0_0,forward,0.38150760531425476,0.41444382071495056,0.0329362154006958,0.0037647485733032227
101,nebDFT2k:mp-1641416_3_9_0_0_0,reverse,0.38150760531425476,0.4182085692882538,0.03670096397399902,0.0037647485733032227
101,nebDFT2k:mp-1641416_3_9_0_0_0,inference_symmetrised,0.38150760531425476,0.4163261950016022,0.03481858968734741,0.0037647485733032227
101,nebDFT2k:mp-25463_4_10_1_0_0,forward,0.6109094023704529,0.7276280522346497,0.11671864986419678,0.034910738468170166
101,nebDFT2k:mp-25463_4_10_1_0_0,reverse,0.6109094023704529,0.7625387907028198,0.15162938833236694,0.034910738468170166
101,nebDFT2k:mp-25463_4_10_1_0_0,inference_symmetrised,0.6109094023704529,0.7450834214687347,0.13417401909828186,0.034910738468170166
101,nebDFT2k:mp-25465_1_0_0_0_1,forward,0.857966959476471,0.8062529563903809,0.05171400308609009,0.011981725692749023
101,nebDFT2k:mp-25465_1_0_0_0_1,reverse,0.857966959476471,0.8182346820831299,0.039732277393341064,0.011981725692749023
101,nebDFT2k:mp-25465_1_0_0_0_1,inference_symmetrised,0.857966959476471,0.8122438192367554,0.045723140239715576,0.011981725692749023
101,nebDFT2k:mp-25465_1_0_1_0_1,forward,0.22785605490207672,0.25499507784843445,0.027139022946357727,0.020208537578582764
101,nebDFT2k:mp-25465_1_0_1_0_1,reverse,0.22785605490207672,0.2752036154270172,0.04734756052494049,0.020208537578582764
101,nebDFT2k:mp-25465_1_0_1_0_1,inference_symmetrised,0.22785605490207672,0.26509934663772583,0.03724329173564911,0.020208537578582764
101,nebDFT2k:mp-26247_6_9_0_0_0,forward,0.6142609715461731,0.4998292922973633,0.11443167924880981,0.001165151596069336
101,nebDFT2k:mp-26247_6_9_0_0_0,reverse,0.6142609715461731,0.5009944438934326,0.11326652765274048,0.001165151596069336
101,nebDFT2k:mp-26247_6_9_0_0_0,inference_symmetrised,0.6142609715461731,0.500411868095398,0.11384910345077515,0.001165151596069336
101,nebDFT2k:mp-26351_0_2_0_0_0,forward,1.5798574686050415,1.8572815656661987,0.2774240970611572,0.07975292205810547
101,nebDFT2k:mp-26351_0_2_0_0_0,reverse,1.5798574686050415,1.9370344877243042,0.3571770191192627,0.07975292205810547
101,nebDFT2k:mp-26351_0_2_0_0_0,inference_symmetrised,1.5798574686050415,1.8971580266952515,0.31730055809020996,0.07975292205810547
101,nebDFT2k:mp-26721_0_1_0_0_0,forward,1.2890585660934448,0.3937450647354126,0.8953135013580322,0.01965951919555664
101,nebDFT2k:mp-26721_0_1_0_0_0,reverse,1.2890585660934448,0.41340458393096924,0.8756539821624756,0.01965951919555664
101,nebDFT2k:mp-26721_0_1_0_0_0,inference_symmetrised,1.2890585660934448,0.4035748243331909,0.8854837417602539,0.01965951919555664
101,nebDFT2k:mp-26965_0_2_0_1_0,forward,0.2988061010837555,0.21936440467834473,0.07944169640541077,0.0009488165378570557
101,nebDFT2k:mp-26965_0_2_0_1_0,reverse,0.2988061010837555,0.22031322121620178,0.07849287986755371,0.0009488165378570557
101,nebDFT2k:mp-26965_0_2_0_1_0,inference_symmetrised,0.2988061010837555,0.21983881294727325,0.07896728813648224,0.0009488165378570557
101,nebDFT2k:mp-28030_17_16_0_1_-1,forward,0.8980735540390015,1.231170415878296,0.33309686183929443,0.06301426887512207
101,nebDFT2k:mp-28030_17_16_0_1_-1,reverse,0.8980735540390015,1.294184684753418,0.3961111307144165,0.06301426887512207
101,nebDFT2k:mp-28030_17_16_0_1_-1,inference_symmetrised,0.8980735540390015,1.262677550315857,0.36460399627685547,0.06301426887512207
101,nebDFT2k:mp-28030_30_31_0_0_0,forward,0.9760967493057251,1.4988716840744019,0.5227749347686768,0.0030372142791748047
101,nebDFT2k:mp-28030_30_31_0_0_0,reverse,0.9760967493057251,1.495834469795227,0.519737720489502,0.0030372142791748047
101,nebDFT2k:mp-28030_30_31_0_0_0,inference_symmetrised,0.9760967493057251,1.4973530769348145,0.5212563276290894,0.0030372142791748047
101,nebDFT2k:mp-28030_2_22_0_0_0,forward,0.8691693544387817,0.6195286512374878,0.24964070320129395,0.03405642509460449
101,nebDFT2k:mp-28030_2_22_0_0_0,reverse,0.8691693544387817,0.5854722261428833,0.28369712829589844,0.03405642509460449
101,nebDFT2k:mp-28030_2_22_0_0_0,inference_symmetrised,0.8691693544387817,0.6025004386901855,0.2666689157485962,0.03405642509460449
101,nebDFT2k:mp-28548_0_8_0_0_0,forward,0.11965204030275345,0.38198763132095337,0.2623355910181999,0.0011013150215148926
101,nebDFT2k:mp-28548_0_8_0_0_0,reverse,0.11965204030275345,0.3808863162994385,0.26123427599668503,0.0011013150215148926
101,nebDFT2k:mp-28548_0_8_0_0_0,inference_symmetrised,0.11965204030275345,0.3814369738101959,0.2617849335074425,0.0011013150215148926
101,nebDFT2k:mp-29040_4_3_0_1_1,forward,0.4273566007614136,0.4547386169433594,0.0273820161819458,0.03735879063606262
101,nebDFT2k:mp-29040_4_3_0_1_1,reverse,0.4273566007614136,0.492097407579422,0.06474080681800842,0.03735879063606262
101,nebDFT2k:mp-29040_4_3_0_1_1,inference_symmetrised,0.4273566007614136,0.4734180122613907,0.04606141149997711,0.03735879063606262
101,nebDFT2k:mp-29040_0_5_0_0_0,forward,0.8543699979782104,0.3786270022392273,0.47574299573898315,0.0005949139595031738
101,nebDFT2k:mp-29040_0_5_0_0_0,reverse,0.8543699979782104,0.37922191619873047,0.47514808177948,0.0005949139595031738
101,nebDFT2k:mp-29040_0_5_0_0_0,inference_symmetrised,0.8543699979782104,0.3789244592189789,0.47544553875923157,0.0005949139595031738
101,nebDFT2k:mp-29040_1_3_0_0_0,forward,0.1771891564130783,0.4115300476551056,0.23434089124202728,0.037717342376708984
101,nebDFT2k:mp-29040_1_3_0_0_0,reverse,0.1771891564130783,0.3738127052783966,0.1966235488653183,0.037717342376708984
101,nebDFT2k:mp-29040_1_3_0_0_0,inference_symmetrised,0.1771891564130783,0.3926713764667511,0.2154822200536728,0.037717342376708984
101,nebDFT2k:mp-34038_3_4_0_1_0,forward,1.1277568340301514,0.6294350624084473,0.4983217716217041,0.1194571852684021
101,nebDFT2k:mp-34038_3_4_0_1_0,reverse,1.1277568340301514,0.5099778771400452,0.6177789568901062,0.1194571852684021
101,nebDFT2k:mp-34038_3_4_0_1_0,inference_symmetrised,1.1277568340301514,0.5697064697742462,0.5580503642559052,0.1194571852684021
101,nebDFT2k:mp-34038_0_2_0_0_1,forward,0.7510952949523926,0.6323703527450562,0.11872494220733643,0.009469568729400635
101,nebDFT2k:mp-34038_0_2_0_0_1,reverse,0.7510952949523926,0.6418399214744568,0.10925537347793579,0.009469568729400635
101,nebDFT2k:mp-34038_0_2_0_0_1,inference_symmetrised,0.7510952949523926,0.6371051371097565,0.11399015784263611,0.009469568729400635
101,nebDFT2k:mp-34038_2_0_0_1_-1,forward,0.7525688409805298,0.42197948694229126,0.3305893540382385,0.07028397917747498
101,nebDFT2k:mp-34038_2_0_0_1_-1,reverse,0.7525688409805298,0.49226346611976624,0.26030537486076355,0.07028397917747498
101,nebDFT2k:mp-34038_2_0_0_1_-1,inference_symmetrised,0.7525688409805298,0.45712147653102875,0.29544736444950104,0.07028397917747498
101,nebDFT2k:mp-34038_0_1_1_1_0,forward,1.2990351915359497,0.29335880279541016,1.0056763887405396,0.020802170038223267
101,nebDFT2k:mp-34038_0_1_1_1_0,reverse,1.2990351915359497,0.3141609728336334,0.9848742187023163,0.020802170038223267
101,nebDFT2k:mp-34038_0_1_1_1_0,inference_symmetrised,1.2990351915359497,0.3037598878145218,0.9952753037214279,0.020802170038223267
101,nebDFT2k:mp-34038_4_4_0_1_0,forward,0.11014693975448608,0.3914116621017456,0.2812647223472595,0.04117143154144287
101,nebDFT2k:mp-34038_4_4_0_1_0,reverse,0.11014693975448608,0.35024023056030273,0.24009329080581665,0.04117143154144287
101,nebDFT2k:mp-34038_4_4_0_1_0,inference_symmetrised,0.11014693975448608,0.37082594633102417,0.2606790065765381,0.04117143154144287
101,nebDFT2k:mp-34038_0_0_1_-1_0,forward,1.1750401258468628,0.5476149320602417,0.6274251937866211,0.09992814064025879
101,nebDFT2k:mp-34038_0_0_1_-1_0,reverse,1.1750401258468628,0.6475430727005005,0.5274970531463623,0.09992814064025879
101,nebDFT2k:mp-34038_0_0_1_-1_0,inference_symmetrised,1.1750401258468628,0.5975790023803711,0.5774611234664917,0.09992814064025879
101,nebDFT2k:mp-3635_0_3_0_0_0,forward,0.6212753653526306,0.7096319198608398,0.08835655450820923,0.010472118854522705
101,nebDFT2k:mp-3635_0_3_0_0_0,reverse,0.6212753653526306,0.6991598010063171,0.07788443565368652,0.010472118854522705
101,nebDFT2k:mp-3635_0_3_0_0_0,inference_symmetrised,0.6212753653526306,0.7043958604335785,0.08312049508094788,0.010472118854522705
101,nebDFT2k:mp-4002_0_1_0_0_0,forward,0.4607055187225342,0.43575066328048706,0.02495485544204712,0.03237605094909668
101,nebDFT2k:mp-4002_0_1_0_0_0,reverse,0.4607055187225342,0.4033746123313904,0.0573309063911438,0.03237605094909668
101,nebDFT2k:mp-4002_0_1_0_0_0,inference_symmetrised,0.4607055187225342,0.4195626378059387,0.04114288091659546,0.03237605094909668
101,nebDFT2k:mp-4117_3_0_1_0_1,forward,2.0165598392486572,2.6799042224884033,0.6633443832397461,0.0033202171325683594
101,nebDFT2k:mp-4117_3_0_1_0_1,reverse,2.0165598392486572,2.676584005355835,0.6600241661071777,0.0033202171325683594
101,nebDFT2k:mp-4117_3_0_1_0_1,inference_symmetrised,2.0165598392486572,2.678244113922119,0.6616842746734619,0.0033202171325683594
101,nebDFT2k:mp-556655_0_7_0_1_-1,forward,0.42521727085113525,0.5257949829101562,0.100577712059021,0.0030614137649536133
101,nebDFT2k:mp-556655_0_7_0_1_-1,reverse,0.42521727085113525,0.5288563966751099,0.10363912582397461,0.0030614137649536133
101,nebDFT2k:mp-556655_0_7_0_1_-1,inference_symmetrised,0.42521727085113525,0.5273256897926331,0.1021084189414978,0.0030614137649536133
101,nebDFT2k:mp-556655_1_4_0_0_0,forward,0.4567823112010956,0.39889103174209595,0.057891279458999634,0.016298890113830566
101,nebDFT2k:mp-556655_1_4_0_0_0,reverse,0.4567823112010956,0.3825921416282654,0.0741901695728302,0.016298890113830566
101,nebDFT2k:mp-556655_1_4_0_0_0,inference_symmetrised,0.4567823112010956,0.39074158668518066,0.06604072451591492,0.016298890113830566
101,nebDFT2k:mp-559680_0_2_0_0_1,forward,1.600379467010498,0.9319326877593994,0.6684467792510986,0.017899274826049805
101,nebDFT2k:mp-559680_0_2_0_0_1,reverse,1.600379467010498,0.9140334129333496,0.6863460540771484,0.017899274826049805
101,nebDFT2k:mp-559680_0_2_0_0_1,inference_symmetrised,1.600379467010498,0.9229830503463745,0.6773964166641235,0.017899274826049805
101,nebDFT2k:mp-567474_0_1_0_0_0,forward,0.06772521883249283,0.4429548978805542,0.37522967904806137,0.10717582702636719
101,nebDFT2k:mp-567474_0_1_0_0_0,reverse,0.06772521883249283,0.335779070854187,0.2680538520216942,0.10717582702636719
101,nebDFT2k:mp-567474_0_1_0_0_0,inference_symmetrised,0.06772521883249283,0.3893669843673706,0.3216417655348778,0.10717582702636719
101,nebDFT2k:mp-6745_0_1_1_0_0,forward,1.3544573783874512,1.8763518333435059,0.5218944549560547,0.019865036010742188
101,nebDFT2k:mp-6745_0_1_1_0_0,reverse,1.3544573783874512,1.896216869354248,0.5417594909667969,0.019865036010742188
101,nebDFT2k:mp-6745_0_1_1_0_0,inference_symmetrised,1.3544573783874512,1.886284351348877,0.5318269729614258,0.019865036010742188
101,nebDFT2k:mp-6745_0_1_0_0_0,forward,1.8797433376312256,1.686840534210205,0.1929028034210205,0.029688715934753418
101,nebDFT2k:mp-6745_0_1_0_0_0,reverse,1.8797433376312256,1.6571518182754517,0.22259151935577393,0.029688715934753418
101,nebDFT2k:mp-6745_0_1_0_0_0,inference_symmetrised,1.8797433376312256,1.6719961762428284,0.20774716138839722,0.029688715934753418
101,nebDFT2k:mp-752552_2_7_0_1_1,forward,0.10932184755802155,0.20935027301311493,0.10002842545509338,0.014484956860542297
101,nebDFT2k:mp-752552_2_7_0_1_1,reverse,0.10932184755802155,0.22383522987365723,0.11451338231563568,0.014484956860542297
101,nebDFT2k:mp-752552_2_7_0_1_1,inference_symmetrised,0.10932184755802155,0.21659275144338608,0.10727090388536453,0.014484956860542297
101,nebDFT2k:mp-752552_0_7_0_0_1,forward,0.11279285699129105,0.2586595416069031,0.14586668461561203,0.014720708131790161
101,nebDFT2k:mp-752552_0_7_0_0_1,reverse,0.11279285699129105,0.27338024973869324,0.1605873927474022,0.014720708131790161
101,nebDFT2k:mp-752552_0_7_0_0_1,inference_symmetrised,0.11279285699129105,0.26601989567279816,0.1532270386815071,0.014720708131790161
101,nebDFT2k:mp-752707_0_2_0_0_0,forward,0.6314464211463928,0.6860029697418213,0.05455654859542847,0.02887970209121704
101,nebDFT2k:mp-752707_0_2_0_0_0,reverse,0.6314464211463928,0.7148826718330383,0.08343625068664551,0.02887970209121704
101,nebDFT2k:mp-752707_0_2_0_0_0,inference_symmetrised,0.6314464211463928,0.7004428207874298,0.06899639964103699,0.02887970209121704
101,nebDFT2k:mp-753109_2_0_1_0_-1,forward,0.6892510056495667,0.7082852125167847,0.019034206867218018,0.023735523223876953
101,nebDFT2k:mp-753109_2_0_1_0_-1,reverse,0.6892510056495667,0.7320207357406616,0.04276973009109497,0.023735523223876953
101,nebDFT2k:mp-753109_2_0_1_0_-1,inference_symmetrised,0.6892510056495667,0.7201529741287231,0.030901968479156494,0.023735523223876953
101,nebDFT2k:mp-753126_0_1_1_1_0,forward,1.355068564414978,1.255649447441101,0.09941911697387695,0.0004878044128417969
101,nebDFT2k:mp-753126_0_1_1_1_0,reverse,1.355068564414978,1.2551616430282593,0.09990692138671875,0.0004878044128417969
101,nebDFT2k:mp-753126_0_1_1_1_0,inference_symmetrised,1.355068564414978,1.2554055452346802,0.09966301918029785,0.0004878044128417969
101,nebDFT2k:mp-753204_0_2_0_0_0,forward,0.5282348990440369,0.47020769119262695,0.05802720785140991,0.024393826723098755
101,nebDFT2k:mp-753204_0_2_0_0_0,reverse,0.5282348990440369,0.4946015179157257,0.03363338112831116,0.024393826723098755
101,nebDFT2k:mp-753204_0_2_0_0_0,inference_symmetrised,0.5282348990440369,0.48240460455417633,0.045830294489860535,0.024393826723098755
101,nebDFT2k:mp-753340_2_3_0_0_0,forward,0.5125430822372437,0.22998511791229248,0.28255796432495117,0.005091279745101929
101,nebDFT2k:mp-753340_2_3_0_0_0,reverse,0.5125430822372437,0.2350763976573944,0.27746668457984924,0.005091279745101929
101,nebDFT2k:mp-753340_2_3_0_0_0,inference_symmetrised,0.5125430822372437,0.23253075778484344,0.2800123244524002,0.005091279745101929
101,nebDFT2k:mp-753477_6_2_0_1_0,forward,1.7132000923156738,0.39325258135795593,1.319947510957718,0.00027114152908325195
101,nebDFT2k:mp-753477_6_2_0_1_0,reverse,1.7132000923156738,0.3929814398288727,1.3202186524868011,0.00027114152908325195
101,nebDFT2k:mp-753477_6_2_0_1_0,inference_symmetrised,1.7132000923156738,0.3931170105934143,1.3200830817222595,0.00027114152908325195
101,nebDFT2k:mp-753791_0_2_1_1_0,forward,0.5920940041542053,0.6906282901763916,0.09853428602218628,0.03738510608673096
101,nebDFT2k:mp-753791_0_2_1_1_0,reverse,0.5920940041542053,0.7280133962631226,0.13591939210891724,0.03738510608673096
101,nebDFT2k:mp-753791_0_2_1_1_0,inference_symmetrised,0.5920940041542053,0.7093208432197571,0.11722683906555176,0.03738510608673096
101,nebDFT2k:mp-753882_0_1_1_0_-1,forward,0.7118020057678223,0.41815200448036194,0.2936500012874603,0.009902715682983398
101,nebDFT2k:mp-753882_0_1_1_0_-1,reverse,0.7118020057678223,0.42805472016334534,0.28374728560447693,0.009902715682983398
101,nebDFT2k:mp-753882_0_1_1_0_-1,inference_symmetrised,0.7118020057678223,0.42310336232185364,0.28869864344596863,0.009902715682983398
101,nebDFT2k:mp-753882_0_3_1_0_0,forward,0.3007654845714569,0.32405751943588257,0.02329203486442566,0.01603245735168457
101,nebDFT2k:mp-753882_0_3_1_0_0,reverse,0.3007654845714569,0.34008997678756714,0.03932449221611023,0.01603245735168457
101,nebDFT2k:mp-753882_0_3_1_0_0,inference_symmetrised,0.3007654845714569,0.33207374811172485,0.031308263540267944,0.01603245735168457
101,nebDFT2k:mp-753882_4_5_0_0_0,forward,0.26893350481987,0.42799437046051025,0.15906086564064026,0.01159214973449707
101,nebDFT2k:mp-753882_4_5_0_0_0,reverse,0.26893350481987,0.4395865201950073,0.17065301537513733,0.01159214973449707
101,nebDFT2k:mp-753882_4_5_0_0_0,inference_symmetrised,0.26893350481987,0.4337904453277588,0.1648569405078888,0.01159214973449707
101,nebDFT2k:mp-753882_3_2_0_1_0,forward,0.6040976047515869,0.6120593547821045,0.007961750030517578,0.025810837745666504
101,nebDFT2k:mp-753882_3_2_0_1_0,reverse,0.6040976047515869,0.637870192527771,0.03377258777618408,0.025810837745666504
101,nebDFT2k:mp-753882_3_2_0_1_0,inference_symmetrised,0.6040976047515869,0.6249647736549377,0.02086716890335083,0.025810837745666504
101,nebDFT2k:mp-753899_0_3_0_0_0,forward,3.2507238388061523,1.435259222984314,1.8154646158218384,0.002656221389770508
101,nebDFT2k:mp-753899_0_3_0_0_0,reverse,3.2507238388061523,1.4379154443740845,1.8128083944320679,0.002656221389770508
101,nebDFT2k:mp-753899_0_3_0_0_0,inference_symmetrised,3.2507238388061523,1.4365873336791992,1.8141365051269531,0.002656221389770508
101,nebDFT2k:mp-754292_1_2_0_0_0,forward,0.9215542674064636,0.9466044902801514,0.025050222873687744,0.02272820472717285
101,nebDFT2k:mp-754292_1_2_0_0_0,reverse,0.9215542674064636,0.9693326950073242,0.047778427600860596,0.02272820472717285
101,nebDFT2k:mp-754292_1_2_0_0_0,inference_symmetrised,0.9215542674064636,0.9579685926437378,0.03641432523727417,0.02272820472717285
101,nebDFT2k:mp-754292_7_5_0_1_0,forward,0.47816863656044006,0.43219542503356934,0.04597321152687073,0.01752963662147522
101,nebDFT2k:mp-754292_7_5_0_1_0,reverse,0.47816863656044006,0.44972506165504456,0.028443574905395508,0.01752963662147522
101,nebDFT2k:mp-754292_7_5_0_1_0,inference_symmetrised,0.47816863656044006,0.44096024334430695,0.03720839321613312,0.01752963662147522
101,nebDFT2k:mp-754292_1_7_0_0_0,forward,0.2623552978038788,0.3903162181377411,0.1279609203338623,0.011778533458709717
101,nebDFT2k:mp-754292_1_7_0_0_0,reverse,0.2623552978038788,0.37853768467903137,0.11618238687515259,0.011778533458709717
101,nebDFT2k:mp-754292_1_7_0_0_0,inference_symmetrised,0.2623552978038788,0.38442695140838623,0.12207165360450745,0.011778533458709717
101,nebDFT2k:mp-754292_0_3_0_0_0,forward,0.9209744334220886,0.9471213817596436,0.02614694833755493,0.022835135459899902
101,nebDFT2k:mp-754292_0_3_0_0_0,reverse,0.9209744334220886,0.9699565172195435,0.048982083797454834,0.022835135459899902
101,nebDFT2k:mp-754292_0_3_0_0_0,inference_symmetrised,0.9209744334220886,0.9585389494895935,0.03756451606750488,0.022835135459899902
101,nebDFT2k:mp-754292_0_3_1_0_0,forward,0.7782686352729797,0.6224244832992554,0.15584415197372437,0.011406898498535156
101,nebDFT2k:mp-754292_0_3_1_0_0,reverse,0.7782686352729797,0.6338313817977905,0.1444372534751892,0.011406898498535156
101,nebDFT2k:mp-754292_0_3_1_0_0,inference_symmetrised,0.7782686352729797,0.628127932548523,0.1501407027244568,0.011406898498535156
101,nebDFT2k:mp-754292_3_9_0_0_0,forward,0.2626491189002991,0.39016789197921753,0.12751877307891846,0.01177564263343811
101,nebDFT2k:mp-754292_3_9_0_0_0,reverse,0.2626491189002991,0.3783922493457794,0.11574313044548035,0.01177564263343811
101,nebDFT2k:mp-754292_3_9_0_0_0,inference_symmetrised,0.2626491189002991,0.3842800706624985,0.1216309517621994,0.01177564263343811
101,nebDFT2k:mp-754923_0_2_0_0_1,forward,0.42040032148361206,0.5041189193725586,0.08371859788894653,0.010580182075500488
101,nebDFT2k:mp-754923_0_2_0_0_1,reverse,0.42040032148361206,0.5146991014480591,0.09429877996444702,0.010580182075500488
101,nebDFT2k:mp-754923_0_2_0_0_1,inference_symmetrised,0.42040032148361206,0.5094090104103088,0.08900868892669678,0.010580182075500488
101,nebDFT2k:mp-755369_6_3_0_0_1,forward,2.607285737991333,2.282470464706421,0.3248152732849121,0.008426904678344727
101,nebDFT2k:mp-755369_6_3_0_0_1,reverse,2.607285737991333,2.2908973693847656,0.3163883686065674,0.008426904678344727
101,nebDFT2k:mp-755369_6_3_0_0_1,inference_symmetrised,2.607285737991333,2.2866839170455933,0.32060182094573975,0.008426904678344727
101,nebDFT2k:mp-755369_6_0_1_0_1,forward,0.9742417335510254,0.9605085849761963,0.013733148574829102,0.028686046600341797
101,nebDFT2k:mp-755369_6_0_1_0_1,reverse,0.9742417335510254,0.9891946315765381,0.014952898025512695,0.028686046600341797
101,nebDFT2k:mp-755369_6_0_1_0_1,inference_symmetrised,0.9742417335510254,0.9748516082763672,0.0006098747253417969,0.028686046600341797
101,nebDFT2k:mp-755369_11_7_0_1_0,forward,2.6194679737091064,2.180454730987549,0.4390132427215576,0.02725386619567871
101,nebDFT2k:mp-755369_11_7_0_1_0,reverse,2.6194679737091064,2.2077085971832275,0.4117593765258789,0.02725386619567871
101,nebDFT2k:mp-755369_11_7_0_1_0,inference_symmetrised,2.6194679737091064,2.194081664085388,0.42538630962371826,0.02725386619567871
101,nebDFT2k:mp-755369_2_0_1_0_1,forward,2.918403148651123,2.4131553173065186,0.5052478313446045,0.016002178192138672
101,nebDFT2k:mp-755369_2_0_1_0_1,reverse,2.918403148651123,2.4291574954986572,0.4892456531524658,0.016002178192138672
101,nebDFT2k:mp-755369_2_0_1_0_1,inference_symmetrised,2.918403148651123,2.421156406402588,0.49724674224853516,0.016002178192138672
101,nebDFT2k:mp-755369_10_8_1_-1_0,forward,0.637105405330658,0.7478132247924805,0.11070781946182251,0.012797117233276367
101,nebDFT2k:mp-755369_10_8_1_-1_0,reverse,0.637105405330658,0.7606103420257568,0.12350493669509888,0.012797117233276367
101,nebDFT2k:mp-755369_10_8_1_-1_0,inference_symmetrised,0.637105405330658,0.7542117834091187,0.1171063780784607,0.012797117233276367
101,nebDFT2k:mp-755369_1_4_0_0_1,forward,2.7418344020843506,2.257880687713623,0.48395371437072754,0.008727550506591797
101,nebDFT2k:mp-755369_1_4_0_0_1,reverse,2.7418344020843506,2.266608238220215,0.47522616386413574,0.008727550506591797
101,nebDFT2k:mp-755369_1_4_0_0_1,inference_symmetrised,2.7418344020843506,2.262244462966919,0.47958993911743164,0.008727550506591797
101,nebDFT2k:mp-755369_3_5_1_1_0,forward,0.9749377965927124,0.8954418897628784,0.07949590682983398,0.003068089485168457
101,nebDFT2k:mp-755369_3_5_1_1_0,reverse,0.9749377965927124,0.8985099792480469,0.07642781734466553,0.003068089485168457
101,nebDFT2k:mp-755369_3_5_1_1_0,inference_symmetrised,0.9749377965927124,0.8969759345054626,0.07796186208724976,0.003068089485168457
101,nebDFT2k:mp-755839_0_5_0_0_0,forward,0.5476699471473694,0.48359936475753784,0.06407058238983154,0.0038799047470092773
101,nebDFT2k:mp-755839_0_5_0_0_0,reverse,0.5476699471473694,0.4874792695045471,0.060190677642822266,0.0038799047470092773
101,nebDFT2k:mp-755839_0_5_0_0_0,inference_symmetrised,0.5476699471473694,0.4855393171310425,0.062130630016326904,0.0038799047470092773
101,nebDFT2k:mp-756174_1_0_1_0_0,forward,0.6218590140342712,0.7170672416687012,0.09520822763442993,0.026996374130249023
101,nebDFT2k:mp-756174_1_0_1_0_0,reverse,0.6218590140342712,0.7440636157989502,0.12220460176467896,0.026996374130249023
101,nebDFT2k:mp-756174_1_0_1_0_0,inference_symmetrised,0.6218590140342712,0.7305654287338257,0.10870641469955444,0.026996374130249023
101,nebDFT2k:mp-756174_0_1_0_0_0,forward,0.38954514265060425,0.6247556209564209,0.23521047830581665,0.019233226776123047
101,nebDFT2k:mp-756174_0_1_0_0_0,reverse,0.38954514265060425,0.643988847732544,0.2544437050819397,0.019233226776123047
101,nebDFT2k:mp-756174_0_1_0_0_0,inference_symmetrised,0.38954514265060425,0.6343722343444824,0.24482709169387817,0.019233226776123047
101,nebDFT2k:mp-756912_1_1_1_0_0,forward,0.5701987743377686,1.6584886312484741,1.0882898569107056,0.007997989654541016
101,nebDFT2k:mp-756912_1_1_1_0_0,reverse,0.5701987743377686,1.650490641593933,1.0802918672561646,0.007997989654541016
101,nebDFT2k:mp-756912_1_1_1_0_0,inference_symmetrised,0.5701987743377686,1.6544896364212036,1.084290862083435,0.007997989654541016
101,nebDFT2k:mp-757068_0_1_0_0_0,forward,0.049742020666599274,0.29714730381965637,0.2474052831530571,0.004586070775985718
101,nebDFT2k:mp-757068_0_1_0_0_0,reverse,0.049742020666599274,0.3017333745956421,0.2519913539290428,0.004586070775985718
101,nebDFT2k:mp-757068_0_1_0_0_0,inference_symmetrised,0.049742020666599274,0.29944033920764923,0.24969831854104996,0.004586070775985718
101,nebDFT2k:mp-757461_1_2_0_1_0,forward,0.19807608425617218,0.4786776304244995,0.28060154616832733,0.009878367185592651
101,nebDFT2k:mp-757461_1_2_0_1_0,reverse,0.19807608425617218,0.46879926323890686,0.2707231789827347,0.009878367185592651
101,nebDFT2k:mp-757461_1_2_0_1_0,inference_symmetrised,0.19807608425617218,0.4737384468317032,0.275662362575531,0.009878367185592651
101,nebDFT2k:mp-757693_0_2_0_0_0,forward,0.40716037154197693,0.4692533612251282,0.062092989683151245,0.006083130836486816
101,nebDFT2k:mp-757693_0_2_0_0_0,reverse,0.40716037154197693,0.46317023038864136,0.05600985884666443,0.006083130836486816
101,nebDFT2k:mp-757693_0_2_0_0_0,inference_symmetrised,0.40716037154197693,0.46621179580688477,0.05905142426490784,0.006083130836486816
101,nebDFT2k:mp-757714_2_3_0_0_0,forward,0.05814062058925629,0.3358508348464966,0.2777102142572403,0.013430804014205933
101,nebDFT2k:mp-757714_2_3_0_0_0,reverse,0.05814062058925629,0.3492816388607025,0.29114101827144623,0.013430804014205933
101,nebDFT2k:mp-757714_2_3_0_0_0,inference_symmetrised,0.05814062058925629,0.34256623685359955,0.28442561626434326,0.013430804014205933
101,nebDFT2k:mp-757800_1_4_0_0_0,forward,1.2522964477539062,1.9031548500061035,0.6508584022521973,0.014749884605407715
101,nebDFT2k:mp-757800_1_4_0_0_0,reverse,1.2522964477539062,1.8884049654006958,0.6361085176467896,0.014749884605407715
101,nebDFT2k:mp-757800_1_4_0_0_0,inference_symmetrised,1.2522964477539062,1.8957799077033997,0.6434834599494934,0.014749884605407715
101,nebDFT2k:mp-758282_1_1_1_0_0,forward,0.12165363132953644,0.31293871998786926,0.19128508865833282,0.0018852651119232178
101,nebDFT2k:mp-758282_1_1_1_0_0,reverse,0.12165363132953644,0.3148239850997925,0.19317035377025604,0.0018852651119232178
101,nebDFT2k:mp-758282_1_1_1_0_0,inference_symmetrised,0.12165363132953644,0.31388135254383087,0.19222772121429443,0.0018852651119232178
101,nebDFT2k:mp-758282_0_2_0_0_0,forward,0.28606387972831726,0.2990274131298065,0.012963533401489258,0.0022319257259368896
101,nebDFT2k:mp-758282_0_2_0_0_0,reverse,0.28606387972831726,0.3012593388557434,0.015195459127426147,0.0022319257259368896
101,nebDFT2k:mp-758282_0_2_0_0_0,inference_symmetrised,0.28606387972831726,0.30014337599277496,0.014079496264457703,0.0022319257259368896
101,nebDFT2k:mp-758380_3_8_0_0_0,forward,2.9573986530303955,1.5458214282989502,1.4115772247314453,0.013533234596252441
101,nebDFT2k:mp-758380_3_8_0_0_0,reverse,2.9573986530303955,1.5593546628952026,1.3980439901351929,0.013533234596252441
101,nebDFT2k:mp-758380_3_8_0_0_0,inference_symmetrised,2.9573986530303955,1.5525880455970764,1.404810607433319,0.013533234596252441
101,nebDFT2k:mp-758486_3_0_1_0_1,forward,0.44390058517456055,0.2715229094028473,0.17237767577171326,0.017598062753677368
101,nebDFT2k:mp-758486_3_0_1_0_1,reverse,0.44390058517456055,0.28912097215652466,0.1547796130180359,0.017598062753677368
101,nebDFT2k:mp-758486_3_0_1_0_1,inference_symmetrised,0.44390058517456055,0.280321940779686,0.16357864439487457,0.017598062753677368
101,nebDFT2k:mp-758720_0_3_1_0_0,forward,0.4760017991065979,0.4630107283592224,0.012991070747375488,0.03323879837989807
101,nebDFT2k:mp-758720_0_3_1_0_0,reverse,0.4760017991065979,0.42977192997932434,0.04622986912727356,0.03323879837989807
101,nebDFT2k:mp-758720_0_3_1_0_0,inference_symmetrised,0.4760017991065979,0.4463913291692734,0.029610469937324524,0.03323879837989807
101,nebDFT2k:mp-758793_0_1_0_0_0,forward,0.22866390645503998,0.5833432674407959,0.3546793609857559,0.00036203861236572266
101,nebDFT2k:mp-758793_0_1_0_0_0,reverse,0.22866390645503998,0.5829812288284302,0.3543173223733902,0.00036203861236572266
101,nebDFT2k:mp-758793_0_1_0_0_0,inference_symmetrised,0.22866390645503998,0.583162248134613,0.35449834167957306,0.00036203861236572266
101,nebDFT2k:mp-759082_0_2_0_0_0,forward,0.825259804725647,0.9545888900756836,0.12932908535003662,0.02568197250366211
101,nebDFT2k:mp-759082_0_2_0_0_0,reverse,0.825259804725647,0.9802708625793457,0.15501105785369873,0.02568197250366211
101,nebDFT2k:mp-759082_0_2_0_0_0,inference_symmetrised,0.825259804725647,0.9674298763275146,0.14217007160186768,0.02568197250366211
101,nebDFT2k:mp-759082_0_2_1_0_0,forward,0.2511012852191925,0.3247504234313965,0.07364913821220398,0.00555691123008728
101,nebDFT2k:mp-759082_0_2_1_0_0,reverse,0.2511012852191925,0.3191935122013092,0.0680922269821167,0.00555691123008728
101,nebDFT2k:mp-759082_0_2_1_0_0,inference_symmetrised,0.2511012852191925,0.32197196781635284,0.07087068259716034,0.00555691123008728
101,nebDFT2k:mp-759082_1_0_0_1_0,forward,0.25766751170158386,0.3825645446777344,0.12489703297615051,0.0021606087684631348
101,nebDFT2k:mp-759082_1_0_0_1_0,reverse,0.25766751170158386,0.38040393590927124,0.12273642420768738,0.0021606087684631348
101,nebDFT2k:mp-759082_1_0_0_1_0,inference_symmetrised,0.25766751170158386,0.3814842402935028,0.12381672859191895,0.0021606087684631348
101,nebDFT2k:mp-759132_4_3_0_0_1,forward,0.341912180185318,0.2621128261089325,0.0797993540763855,0.003019958734512329
101,nebDFT2k:mp-759132_4_3_0_0_1,reverse,0.341912180185318,0.25909286737442017,0.08281931281089783,0.003019958734512329
101,nebDFT2k:mp-759132_4_3_0_0_1,inference_symmetrised,0.341912180185318,0.26060284674167633,0.08130933344364166,0.003019958734512329
101,nebDFT2k:mp-759139_2_1_1_0_0,forward,0.70079106092453,0.5800055861473083,0.12078547477722168,0.007488429546356201
101,nebDFT2k:mp-759139_2_1_1_0_0,reverse,0.70079106092453,0.5725171566009521,0.12827390432357788,0.007488429546356201
101,nebDFT2k:mp-759139_2_1_1_0_0,inference_symmetrised,0.70079106092453,0.5762613713741302,0.12452968955039978,0.007488429546356201
101,nebDFT2k:mp-759220_0_15_0_0_0,forward,0.21688345074653625,0.5089897513389587,0.2921063005924225,0.0011734962463378906
101,nebDFT2k:mp-759220_0_15_0_0_0,reverse,0.21688345074653625,0.5078162550926208,0.2909328043460846,0.0011734962463378906
101,nebDFT2k:mp-759220_0_15_0_0_0,inference_symmetrised,0.21688345074653625,0.5084030032157898,0.29151955246925354,0.0011734962463378906
101,nebDFT2k:mp-759229_3_6_0_1_0,forward,0.6168773174285889,1.0786316394805908,0.46175432205200195,0.008301377296447754
101,nebDFT2k:mp-759229_3_6_0_1_0,reverse,0.6168773174285889,1.070330262184143,0.4534529447555542,0.008301377296447754
101,nebDFT2k:mp-759229_3_6_0_1_0,inference_symmetrised,0.6168773174285889,1.074480950832367,0.4576036334037781,0.008301377296447754
101,nebDFT2k:mp-759244_7_6_1_0_0,forward,1.0818796157836914,1.1512569189071655,0.06937730312347412,0.09128344058990479
101,nebDFT2k:mp-759244_7_6_1_0_0,reverse,1.0818796157836914,1.2425403594970703,0.1606607437133789,0.09128344058990479
101,nebDFT2k:mp-759244_7_6_1_0_0,inference_symmetrised,1.0818796157836914,1.196898639202118,0.11501902341842651,0.09128344058990479
101,nebDFT2k:mp-759244_6_10_0_0_1,forward,0.9319226145744324,1.1261662244796753,0.19424360990524292,0.09899473190307617
101,nebDFT2k:mp-759244_6_10_0_0_1,reverse,0.9319226145744324,1.2251609563827515,0.2932383418083191,0.09899473190307617
101,nebDFT2k:mp-759244_6_10_0_0_1,inference_symmetrised,0.9319226145744324,1.1756635904312134,0.243740975856781,0.09899473190307617
101,nebDFT2k:mp-759244_0_2_0_0_0,forward,0.9603694081306458,1.138453483581543,0.17808407545089722,0.046722412109375
101,nebDFT2k:mp-759244_0_2_0_0_0,reverse,0.9603694081306458,1.091731071472168,0.13136166334152222,0.046722412109375
101,nebDFT2k:mp-759244_0_2_0_0_0,inference_symmetrised,0.9603694081306458,1.1150922775268555,0.15472286939620972,0.046722412109375
101,nebDFT2k:mp-759244_4_6_0_0_0,forward,0.9483169913291931,1.0747816562652588,0.12646466493606567,0.09381353855133057
101,nebDFT2k:mp-759244_4_6_0_0_0,reverse,0.9483169913291931,1.1685951948165894,0.22027820348739624,0.09381353855133057
101,nebDFT2k:mp-759244_4_6_0_0_0,inference_symmetrised,0.9483169913291931,1.121688425540924,0.17337143421173096,0.09381353855133057
101,nebDFT2k:mp-759244_5_10_1_0_0,forward,0.9148608446121216,1.039969563484192,0.1251087188720703,0.04605233669281006
101,nebDFT2k:mp-759244_5_10_1_0_0,reverse,0.9148608446121216,0.9939172267913818,0.07905638217926025,0.04605233669281006
101,nebDFT2k:mp-759244_5_10_1_0_0,inference_symmetrised,0.9148608446121216,1.0169433951377869,0.10208255052566528,0.04605233669281006
101,nebDFT2k:mp-759667_2_4_0_0_0,forward,0.3889327943325043,0.6637567281723022,0.274823933839798,0.0015587806701660156
101,nebDFT2k:mp-759667_2_4_0_0_0,reverse,0.3889327943325043,0.6653155088424683,0.276382714509964,0.0015587806701660156
101,nebDFT2k:mp-759667_2_4_0_0_0,inference_symmetrised,0.3889327943325043,0.6645361185073853,0.275603324174881,0.0015587806701660156
101,nebDFT2k:mp-759667_3_4_0_1_0,forward,0.41363847255706787,0.5271210670471191,0.11348259449005127,0.008365631103515625
101,nebDFT2k:mp-759667_3_4_0_1_0,reverse,0.41363847255706787,0.5187554359436035,0.10511696338653564,0.008365631103515625
101,nebDFT2k:mp-759667_3_4_0_1_0,inference_symmetrised,0.41363847255706787,0.5229382514953613,0.10929977893829346,0.008365631103515625
101,nebDFT2k:mp-759667_2_1_1_1_0,forward,0.6992021203041077,0.7671338319778442,0.06793171167373657,0.027348041534423828
101,nebDFT2k:mp-759667_2_1_1_1_0,reverse,0.6992021203041077,0.7944818735122681,0.0952797532081604,0.027348041534423828
101,nebDFT2k:mp-759667_2_1_1_1_0,inference_symmetrised,0.6992021203041077,0.7808078527450562,0.08160573244094849,0.027348041534423828
101,nebDFT2k:mp-759753_4_0_0_0_1,forward,0.6141039729118347,0.29218560457229614,0.3219183683395386,0.011445164680480957
101,nebDFT2k:mp-759753_4_0_0_0_1,reverse,0.6141039729118347,0.3036307692527771,0.3104732036590576,0.011445164680480957
101,nebDFT2k:mp-759753_4_0_0_0_1,inference_symmetrised,0.6141039729118347,0.2979081869125366,0.3161957859992981,0.011445164680480957
101,nebDFT2k:mp-759783_2_3_1_0_0,forward,0.6149086356163025,0.8230531215667725,0.20814448595046997,0.0036464333534240723
101,nebDFT2k:mp-759783_2_3_1_0_0,reverse,0.6149086356163025,0.8266995549201965,0.21179091930389404,0.0036464333534240723
101,nebDFT2k:mp-759783_2_3_1_0_0,inference_symmetrised,0.6149086356163025,0.8248763382434845,0.209967702627182,0.0036464333534240723
101,nebDFT2k:mp-759783_4_3_0_1_0,forward,0.2746150493621826,0.36631453037261963,0.09169948101043701,0.0018209218978881836
101,nebDFT2k:mp-759783_4_3_0_1_0,reverse,0.2746150493621826,0.36449360847473145,0.08987855911254883,0.0018209218978881836
101,nebDFT2k:mp-759783_4_3_0_1_0,inference_symmetrised,0.2746150493621826,0.36540406942367554,0.09078902006149292,0.0018209218978881836
101,nebDFT2k:mp-760344_7_5_0_1_1,forward,1.048827052116394,0.794093132019043,0.2547339200973511,0.008595943450927734
101,nebDFT2k:mp-760344_7_5_0_1_1,reverse,1.048827052116394,0.8026890754699707,0.24613797664642334,0.008595943450927734
101,nebDFT2k:mp-760344_7_5_0_1_1,inference_symmetrised,1.048827052116394,0.7983911037445068,0.2504359483718872,0.008595943450927734
101,nebDFT2k:mp-760344_4_8_0_0_0,forward,0.2822485864162445,0.3353389501571655,0.05309036374092102,0.012497037649154663
101,nebDFT2k:mp-760344_4_8_0_0_0,reverse,0.2822485864162445,0.3478359878063202,0.06558740139007568,0.012497037649154663
101,nebDFT2k:mp-760344_4_8_0_0_0,inference_symmetrised,0.2822485864162445,0.34158746898174286,0.05933888256549835,0.012497037649154663
101,nebDFT2k:mp-760344_6_8_0_1_0,forward,0.5260669589042664,0.3714023232460022,0.15466463565826416,0.007185757160186768
101,nebDFT2k:mp-760344_6_8_0_1_0,reverse,0.5260669589042664,0.37858808040618896,0.1474788784980774,0.007185757160186768
101,nebDFT2k:mp-760344_6_8_0_1_0,inference_symmetrised,0.5260669589042664,0.3749952018260956,0.15107175707817078,0.007185757160186768
101,nebDFT2k:mp-760344_4_6_1_-1_0,forward,1.0547842979431152,0.8909046649932861,0.1638796329498291,0.02411365509033203
101,nebDFT2k:mp-760344_4_6_1_-1_0,reverse,1.0547842979431152,0.9150183200836182,0.13976597785949707,0.02411365509033203
101,nebDFT2k:mp-760344_4_6_1_-1_0,inference_symmetrised,1.0547842979431152,0.9029614925384521,0.15182280540466309,0.02411365509033203
101,nebDFT2k:mp-760344_7_4_0_1_0,forward,0.6875642538070679,0.5323521494865417,0.15521210432052612,0.0182533860206604
101,nebDFT2k:mp-760344_7_4_0_1_0,reverse,0.6875642538070679,0.5506055355072021,0.13695871829986572,0.0182533860206604
101,nebDFT2k:mp-760344_7_4_0_1_0,inference_symmetrised,0.6875642538070679,0.541478842496872,0.14608541131019592,0.0182533860206604
101,nebDFT2k:mp-760344_7_9_0_1_1,forward,0.5207509994506836,0.3684060573577881,0.1523449420928955,0.0066887736320495605
101,nebDFT2k:mp-760344_7_9_0_1_1,reverse,0.5207509994506836,0.37509483098983765,0.14565616846084595,0.0066887736320495605
101,nebDFT2k:mp-760344_7_9_0_1_1,inference_symmetrised,0.5207509994506836,0.37175044417381287,0.14900055527687073,0.0066887736320495605
101,nebDFT2k:mp-760344_10_9_0_0_1,forward,1.8200701475143433,2.6023030281066895,0.7822328805923462,0.027640104293823242
101,nebDFT2k:mp-760344_10_9_0_0_1,reverse,1.8200701475143433,2.574662923812866,0.754592776298523,0.027640104293823242
101,nebDFT2k:mp-760344_10_9_0_0_1,inference_symmetrised,1.8200701475143433,2.588482975959778,0.7684128284454346,0.027640104293823242
101,nebDFT2k:mp-760344_6_4_0_1_0,forward,0.6860505938529968,0.4951612055301666,0.1908893883228302,0.007786065340042114
101,nebDFT2k:mp-760344_6_4_0_1_0,reverse,0.6860505938529968,0.5029472708702087,0.18310332298278809,0.007786065340042114
101,nebDFT2k:mp-760344_6_4_0_1_0,inference_symmetrised,0.6860505938529968,0.4990542382001877,0.18699635565280914,0.007786065340042114
101,nebDFT2k:mp-760344_10_4_0_1_0,forward,0.5244383215904236,0.34041744470596313,0.18402087688446045,0.009719282388687134
101,nebDFT2k:mp-760344_10_4_0_1_0,reverse,0.5244383215904236,0.35013672709465027,0.17430159449577332,0.009719282388687134
101,nebDFT2k:mp-760344_10_4_0_1_0,inference_symmetrised,0.5244383215904236,0.3452770859003067,0.17916123569011688,0.009719282388687134
101,nebDFT2k:mp-760344_9_5_1_0_0,forward,0.2818312644958496,0.3582989573478699,0.07646769285202026,0.003114044666290283
101,nebDFT2k:mp-760344_9_5_1_0_0,reverse,0.2818312644958496,0.36141300201416016,0.07958173751831055,0.003114044666290283
101,nebDFT2k:mp-760344_9_5_1_0_0,inference_symmetrised,0.2818312644958496,0.359855979681015,0.0780247151851654,0.003114044666290283
101,nebDFT2k:mp-761094_0_2_0_0_1,forward,4.479324817657471,4.206417560577393,0.2729072570800781,0.08434247970581055
101,nebDFT2k:mp-761094_0_2_0_0_1,reverse,4.479324817657471,4.122075080871582,0.35724973678588867,0.08434247970581055
101,nebDFT2k:mp-761094_0_2_0_0_1,inference_symmetrised,4.479324817657471,4.164246320724487,0.3150784969329834,0.08434247970581055
101,nebDFT2k:mp-761094_1_5_0_1_0,forward,2.0980730056762695,2.09377121925354,0.004301786422729492,0.011514663696289062
101,nebDFT2k:mp-761094_1_5_0_1_0,reverse,2.0980730056762695,2.105285882949829,0.00721287727355957,0.011514663696289062
101,nebDFT2k:mp-761094_1_5_0_1_0,inference_symmetrised,2.0980730056762695,2.0995285511016846,0.001455545425415039,0.011514663696289062
101,nebDFT2k:mp-761269_2_1_1_-1_0,forward,1.5785481929779053,1.496508240699768,0.08203995227813721,0.001257181167602539
101,nebDFT2k:mp-761269_2_1_1_-1_0,reverse,1.5785481929779053,1.4977654218673706,0.08078277111053467,0.001257181167602539
101,nebDFT2k:mp-761269_2_1_1_-1_0,inference_symmetrised,1.5785481929779053,1.4971368312835693,0.08141136169433594,0.001257181167602539
101,nebDFT2k:mp-761849_6_5_1_0_0,forward,0.6407798528671265,0.7707400321960449,0.12996017932891846,0.02319324016571045
101,nebDFT2k:mp-761849_6_5_1_0_0,reverse,0.6407798528671265,0.7939332723617554,0.1531534194946289,0.02319324016571045
101,nebDFT2k:mp-761849_6_5_1_0_0,inference_symmetrised,0.6407798528671265,0.7823366522789001,0.14155679941177368,0.02319324016571045
101,nebDFT2k:mp-761849_5_7_0_0_1,forward,0.30204570293426514,0.8196635842323303,0.5176178812980652,0.04386693239212036
101,nebDFT2k:mp-761849_5_7_0_0_1,reverse,0.30204570293426514,0.8635305166244507,0.5614848136901855,0.04386693239212036
101,nebDFT2k:mp-761849_5_7_0_0_1,inference_symmetrised,0.30204570293426514,0.8415970504283905,0.5395513474941254,0.04386693239212036
101,nebDFT2k:mp-762319_14_26_0_0_0,forward,0.28081613779067993,0.445873498916626,0.16505736112594604,0.05206140875816345
101,nebDFT2k:mp-762319_14_26_0_0_0,reverse,0.28081613779067993,0.49793490767478943,0.2171187698841095,0.05206140875816345
101,nebDFT2k:mp-762319_14_26_0_0_0,inference_symmetrised,0.28081613779067993,0.4719042032957077,0.19108806550502777,0.05206140875816345
101,nebDFT2k:mp-763177_1_3_0_1_-1,forward,0.45973682403564453,1.0267586708068848,0.5670218467712402,0.002028226852416992
101,nebDFT2k:mp-763177_1_3_0_1_-1,reverse,0.45973682403564453,1.0247304439544678,0.5649936199188232,0.002028226852416992
101,nebDFT2k:mp-763177_1_3_0_1_-1,inference_symmetrised,0.45973682403564453,1.0257445573806763,0.5660077333450317,0.002028226852416992
101,nebDFT2k:mp-764867_1_8_0_1_1,forward,1.519494652748108,1.1742916107177734,0.3452030420303345,0.033601999282836914
101,nebDFT2k:mp-764867_1_8_0_1_1,reverse,1.519494652748108,1.2078936100006104,0.31160104274749756,0.033601999282836914
101,nebDFT2k:mp-764867_1_8_0_1_1,inference_symmetrised,1.519494652748108,1.191092610359192,0.328402042388916,0.033601999282836914
101,nebDFT2k:mp-765411_1_6_0_0_0,forward,0.46725958585739136,0.5070288181304932,0.03976923227310181,0.012172460556030273
101,nebDFT2k:mp-765411_1_6_0_0_0,reverse,0.46725958585739136,0.5192012786865234,0.05194169282913208,0.012172460556030273
101,nebDFT2k:mp-765411_1_6_0_0_0,inference_symmetrised,0.46725958585739136,0.5131150484085083,0.04585546255111694,0.012172460556030273
101,nebDFT2k:mp-765501_2_0_1_0_0,forward,2.584408760070801,2.0271661281585693,0.5572426319122314,0.0366816520690918
101,nebDFT2k:mp-765501_2_0_1_0_0,reverse,2.584408760070801,2.063847780227661,0.5205609798431396,0.0366816520690918
101,nebDFT2k:mp-765501_2_0_1_0_0,inference_symmetrised,2.584408760070801,2.0455069541931152,0.5389018058776855,0.0366816520690918
101,nebDFT2k:mp-765964_0_6_1_0_0,forward,1.0074282884597778,1.869578242301941,0.8621499538421631,0.05927538871765137
101,nebDFT2k:mp-765964_0_6_1_0_0,reverse,1.0074282884597778,1.9288536310195923,0.9214253425598145,0.05927538871765137
101,nebDFT2k:mp-765964_0_6_1_0_0,inference_symmetrised,1.0074282884597778,1.8992159366607666,0.8917876482009888,0.05927538871765137
101,nebDFT2k:mp-766130_4_2_1_0_0,forward,1.5168014764785767,1.2475666999816895,0.2692347764968872,0.017625808715820312
101,nebDFT2k:mp-766130_4_2_1_0_0,reverse,1.5168014764785767,1.2299408912658691,0.2868605852127075,0.017625808715820312
101,nebDFT2k:mp-766130_4_2_1_0_0,inference_symmetrised,1.5168014764785767,1.2387537956237793,0.27804768085479736,0.017625808715820312
101,nebDFT2k:mp-766612_6_10_0_0_0,forward,0.1816573143005371,0.2809428572654724,0.0992855429649353,0.005442529916763306
101,nebDFT2k:mp-766612_6_10_0_0_0,reverse,0.1816573143005371,0.2755003273487091,0.093843013048172,0.005442529916763306
101,nebDFT2k:mp-766612_6_10_0_0_0,inference_symmetrised,0.1816573143005371,0.27822159230709076,0.09656427800655365,0.005442529916763306
101,nebDFT2k:mp-768421_3_7_0_0_0,forward,0.7170935273170471,0.5434839725494385,0.17360955476760864,0.017977774143218994
101,nebDFT2k:mp-768421_3_7_0_0_0,reverse,0.7170935273170471,0.5255061984062195,0.19158732891082764,0.017977774143218994
101,nebDFT2k:mp-768421_3_7_0_0_0,inference_symmetrised,0.7170935273170471,0.534495085477829,0.18259844183921814,0.017977774143218994
101,nebDFT2k:mp-768433_7_19_0_0_0,forward,0.5162459015846252,0.5428174138069153,0.02657151222229004,0.025099456310272217
101,nebDFT2k:mp-768433_7_19_0_0_0,reverse,0.5162459015846252,0.5177179574966431,0.0014720559120178223,0.025099456310272217
101,nebDFT2k:mp-768433_7_19_0_0_0,inference_symmetrised,0.5162459015846252,0.5302676856517792,0.01402178406715393,0.025099456310272217
101,nebDFT2k:mp-768508_3_7_0_0_0,forward,0.7297331094741821,0.46312567591667175,0.2666074335575104,0.008959144353866577
101,nebDFT2k:mp-768508_3_7_0_0_0,reverse,0.7297331094741821,0.47208482027053833,0.2576482892036438,0.008959144353866577
101,nebDFT2k:mp-768508_3_7_0_0_0,inference_symmetrised,0.7297331094741821,0.46760524809360504,0.2621278613805771,0.008959144353866577
101,nebDFT2k:mp-768738_3_2_1_1_0,forward,1.1438137292861938,1.0075815916061401,0.1362321376800537,0.0031745433807373047
101,nebDFT2k:mp-768738_3_2_1_1_0,reverse,1.1438137292861938,1.0044070482254028,0.13940668106079102,0.0031745433807373047
101,nebDFT2k:mp-768738_3_2_1_1_0,inference_symmetrised,1.1438137292861938,1.0059943199157715,0.13781940937042236,0.0031745433807373047
101,nebDFT2k:mp-768843_14_11_0_1_1,forward,0.3818668723106384,0.4471413493156433,0.06527447700500488,0.00814807415008545
101,nebDFT2k:mp-768843_14_11_0_1_1,reverse,0.3818668723106384,0.43899327516555786,0.057126402854919434,0.00814807415008545
101,nebDFT2k:mp-768843_14_11_0_1_1,inference_symmetrised,0.3818668723106384,0.4430673122406006,0.06120043992996216,0.00814807415008545
101,nebDFT2k:mp-769036_28_3_0_1_1,forward,0.43523257970809937,0.9315191507339478,0.4962865710258484,0.0185544490814209
101,nebDFT2k:mp-769036_28_3_0_1_1,reverse,0.43523257970809937,0.9129647016525269,0.4777321219444275,0.0185544490814209
101,nebDFT2k:mp-769036_28_3_0_1_1,inference_symmetrised,0.43523257970809937,0.9222419261932373,0.48700934648513794,0.0185544490814209
101,nebDFT2k:mp-769036_8_9_1_0_0,forward,0.42775994539260864,0.43605634570121765,0.008296400308609009,0.00499117374420166
101,nebDFT2k:mp-769036_8_9_1_0_0,reverse,0.42775994539260864,0.431065171957016,0.0033052265644073486,0.00499117374420166
101,nebDFT2k:mp-769036_8_9_1_0_0,inference_symmetrised,0.42775994539260864,0.4335607588291168,0.005800813436508179,0.00499117374420166
101,nebDFT2k:mp-769036_8_10_0_0_0,forward,0.42633527517318726,0.3812656104564667,0.04506966471672058,0.002875417470932007
101,nebDFT2k:mp-769036_8_10_0_0_0,reverse,0.42633527517318726,0.3841410279273987,0.042194247245788574,0.002875417470932007
101,nebDFT2k:mp-769036_8_10_0_0_0,inference_symmetrised,0.42633527517318726,0.3827033191919327,0.04363195598125458,0.002875417470932007
101,nebDFT2k:mp-770232_3_11_0_0_1,forward,0.5057204365730286,0.48933079838752747,0.0163896381855011,0.020834624767303467
101,nebDFT2k:mp-770232_3_11_0_0_1,reverse,0.5057204365730286,0.468496173620224,0.037224262952804565,0.020834624767303467
101,nebDFT2k:mp-770232_3_11_0_0_1,inference_symmetrised,0.5057204365730286,0.47891348600387573,0.026806950569152832,0.020834624767303467
101,nebDFT2k:mp-770551_3_4_0_0_1,forward,0.399429053068161,0.3683702051639557,0.031058847904205322,0.002367675304412842
101,nebDFT2k:mp-770551_3_4_0_0_1,reverse,0.399429053068161,0.37073788046836853,0.02869117259979248,0.002367675304412842
101,nebDFT2k:mp-770551_3_4_0_0_1,inference_symmetrised,0.399429053068161,0.3695540428161621,0.0298750102519989,0.002367675304412842
101,nebDFT2k:mp-770649_0_3_0_1_0,forward,0.4358738660812378,0.4832942485809326,0.047420382499694824,0.014526128768920898
101,nebDFT2k:mp-770649_0_3_0_1_0,reverse,0.4358738660812378,0.4978203773498535,0.06194651126861572,0.014526128768920898
101,nebDFT2k:mp-770649_0_3_0_1_0,inference_symmetrised,0.4358738660812378,0.49055731296539307,0.05468344688415527,0.014526128768920898
101,nebDFT2k:mp-770749_2_4_0_0_0,forward,0.3400055170059204,0.5446655750274658,0.2046600580215454,0.026003599166870117
101,nebDFT2k:mp-770749_2_4_0_0_0,reverse,0.3400055170059204,0.5186619758605957,0.1786564588546753,0.026003599166870117
101,nebDFT2k:mp-770749_2_4_0_0_0,inference_symmetrised,0.3400055170059204,0.5316637754440308,0.19165825843811035,0.026003599166870117
101,nebDFT2k:mp-770861_11_9_0_1_0,forward,0.8088666796684265,0.7799509763717651,0.028915703296661377,0.012173891067504883
101,nebDFT2k:mp-770861_11_9_0_1_0,reverse,0.8088666796684265,0.79212486743927,0.016741812229156494,0.012173891067504883
101,nebDFT2k:mp-770861_11_9_0_1_0,inference_symmetrised,0.8088666796684265,0.7860379219055176,0.022828757762908936,0.012173891067504883
101,nebDFT2k:mp-770876_2_3_0_1_0,forward,1.0284104347229004,0.8619822263717651,0.16642820835113525,0.012314558029174805
101,nebDFT2k:mp-770876_2_3_0_1_0,reverse,1.0284104347229004,0.8742967844009399,0.15411365032196045,0.012314558029174805
101,nebDFT2k:mp-770876_2_3_0_1_0,inference_symmetrised,1.0284104347229004,0.8681395053863525,0.16027092933654785,0.012314558029174805
101,nebDFT2k:mp-770921_0_4_0_1_0,forward,0.37256544828414917,0.4372003674507141,0.06463491916656494,0.024667412042617798
101,nebDFT2k:mp-770921_0_4_0_1_0,reverse,0.37256544828414917,0.4618677794933319,0.08930233120918274,0.024667412042617798
101,nebDFT2k:mp-770921_0_4_0_1_0,inference_symmetrised,0.37256544828414917,0.449534073472023,0.07696862518787384,0.024667412042617798
101,nebDFT2k:mp-770939_10_9_1_0_0,forward,0.40068763494491577,0.3947124481201172,0.005975186824798584,0.00343930721282959
101,nebDFT2k:mp-770939_10_9_1_0_0,reverse,0.40068763494491577,0.3912731409072876,0.009414494037628174,0.00343930721282959
101,nebDFT2k:mp-770939_10_9_1_0_0,inference_symmetrised,0.40068763494491577,0.3929927945137024,0.007694840431213379,0.00343930721282959
101,nebDFT2k:mp-770939_2_10_0_0_0,forward,0.47966933250427246,0.44302064180374146,0.036648690700531006,0.014360487461090088
101,nebDFT2k:mp-770939_2_10_0_0_0,reverse,0.47966933250427246,0.45738112926483154,0.022288203239440918,0.014360487461090088
101,nebDFT2k:mp-770939_2_10_0_0_0,inference_symmetrised,0.47966933250427246,0.4502008855342865,0.029468446969985962,0.014360487461090088
101,nebDFT2k:mp-770939_10_1_1_0_1,forward,0.33471783995628357,0.37366485595703125,0.03894701600074768,0.008887290954589844
101,nebDFT2k:mp-770939_10_1_1_0_1,reverse,0.33471783995628357,0.3825521469116211,0.047834306955337524,0.008887290954589844
101,nebDFT2k:mp-770939_10_1_1_0_1,inference_symmetrised,0.33471783995628357,0.37810850143432617,0.0433906614780426,0.008887290954589844
101,nebDFT2k:mp-770939_3_11_1_0_0,forward,0.4799911677837372,0.4429916441440582,0.036999523639678955,0.014332205057144165
101,nebDFT2k:mp-770939_3_11_1_0_0,reverse,0.4799911677837372,0.4573238492012024,0.02266731858253479,0.014332205057144165
101,nebDFT2k:mp-770939_3_11_1_0_0,inference_symmetrised,0.4799911677837372,0.4501577466726303,0.029833421111106873,0.014332205057144165
101,nebDFT2k:mp-770939_11_0_0_0_1,forward,0.33606410026550293,0.374186635017395,0.03812253475189209,0.008879125118255615
101,nebDFT2k:mp-770939_11_0_0_0_1,reverse,0.33606410026550293,0.38306576013565063,0.047001659870147705,0.008879125118255615
101,nebDFT2k:mp-770939_11_0_0_0_1,inference_symmetrised,0.33606410026550293,0.3786261975765228,0.0425620973110199,0.008879125118255615
101,nebDFT2k:mp-770939_2_5_0_0_1,forward,0.3350597321987152,0.3828388750553131,0.0477791428565979,0.010098278522491455
101,nebDFT2k:mp-770939_2_5_0_0_1,reverse,0.3350597321987152,0.39293715357780457,0.057877421379089355,0.010098278522491455
101,nebDFT2k:mp-770939_2_5_0_0_1,inference_symmetrised,0.3350597321987152,0.38788801431655884,0.05282828211784363,0.010098278522491455
101,nebDFT2k:mp-770939_8_11_0_0_0,forward,0.391576886177063,0.38895171880722046,0.0026251673698425293,0.007174789905548096
101,nebDFT2k:mp-770939_8_11_0_0_0,reverse,0.391576886177063,0.39612650871276855,0.004549622535705566,0.007174789905548096
101,nebDFT2k:mp-770939_8_11_0_0_0,inference_symmetrised,0.391576886177063,0.3925391137599945,0.0009622275829315186,0.007174789905548096
101,nebDFT2k:mp-770939_2_6_0_0_1,forward,0.3225223422050476,0.3839857280254364,0.061463385820388794,0.01101180911064148
101,nebDFT2k:mp-770939_2_6_0_0_1,reverse,0.3225223422050476,0.3949975371360779,0.07247519493103027,0.01101180911064148
101,nebDFT2k:mp-770939_2_6_0_0_1,inference_symmetrised,0.3225223422050476,0.38949163258075714,0.06696929037570953,0.01101180911064148
101,nebDFT2k:mp-770939_2_9_0_0_0,forward,0.13303782045841217,0.3532664179801941,0.22022859752178192,0.010198771953582764
101,nebDFT2k:mp-770939_2_9_0_0_0,reverse,0.13303782045841217,0.36346518993377686,0.23042736947536469,0.010198771953582764
101,nebDFT2k:mp-770939_2_9_0_0_0,inference_symmetrised,0.13303782045841217,0.3583658039569855,0.2253279834985733,0.010198771953582764
101,nebDFT2k:mp-771011_2_1_1_-1_0,forward,0.6420322060585022,0.4298573136329651,0.2121748924255371,0.005155384540557861
101,nebDFT2k:mp-771011_2_1_1_-1_0,reverse,0.6420322060585022,0.4247019290924072,0.21733027696609497,0.005155384540557861
101,nebDFT2k:mp-771011_2_1_1_-1_0,inference_symmetrised,0.6420322060585022,0.42727962136268616,0.21475258469581604,0.005155384540557861
101,nebDFT2k:mp-771011_3_0_1_-1_0,forward,0.6453012228012085,0.4533175826072693,0.1919836401939392,0.029805481433868408
101,nebDFT2k:mp-771011_3_0_1_-1_0,reverse,0.6453012228012085,0.4831230640411377,0.1621781587600708,0.029805481433868408
101,nebDFT2k:mp-771011_3_0_1_-1_0,inference_symmetrised,0.6453012228012085,0.4682203233242035,0.177080899477005,0.029805481433868408
101,nebDFT2k:mp-771019_2_5_1_1_0,forward,0.09585042297840118,0.6100542545318604,0.5142038315534592,0.016028761863708496
101,nebDFT2k:mp-771019_2_5_1_1_0,reverse,0.09585042297840118,0.6260830163955688,0.5302325934171677,0.016028761863708496
101,nebDFT2k:mp-771019_2_5_1_1_0,inference_symmetrised,0.09585042297840118,0.6180686354637146,0.5222182124853134,0.016028761863708496
101,nebDFT2k:mp-771821_0_2_0_0_0,forward,0.1138739287853241,0.41647976636886597,0.30260583758354187,0.009936869144439697
101,nebDFT2k:mp-771821_0_2_0_0_0,reverse,0.1138739287853241,0.42641663551330566,0.31254270672798157,0.009936869144439697
101,nebDFT2k:mp-771821_0_2_0_0_0,inference_symmetrised,0.1138739287853241,0.4214482009410858,0.3075742721557617,0.009936869144439697
101,nebDFT2k:mp-771906_1_0_1_0_0,forward,0.4369984269142151,0.4091648459434509,0.02783358097076416,0.02976834774017334
101,nebDFT2k:mp-771906_1_0_1_0_0,reverse,0.4369984269142151,0.43893319368362427,0.0019347667694091797,0.02976834774017334
101,nebDFT2k:mp-771906_1_0_1_0_0,inference_symmetrised,0.4369984269142151,0.4240490198135376,0.01294940710067749,0.02976834774017334
101,nebDFT2k:mp-772502_1_2_0_0_0,forward,1.4095782041549683,1.2023690938949585,0.20720911026000977,0.06076633930206299
101,nebDFT2k:mp-772502_1_2_0_0_0,reverse,1.4095782041549683,1.2631354331970215,0.14644277095794678,0.06076633930206299
101,nebDFT2k:mp-772502_1_2_0_0_0,inference_symmetrised,1.4095782041549683,1.23275226354599,0.17682594060897827,0.06076633930206299
101,nebDFT2k:mp-772542_0_2_0_0_0,forward,0.24687078595161438,0.4096248149871826,0.16275402903556824,0.011633336544036865
101,nebDFT2k:mp-772542_0_2_0_0_0,reverse,0.24687078595161438,0.4212581515312195,0.1743873655796051,0.011633336544036865
101,nebDFT2k:mp-772542_0_2_0_0_0,inference_symmetrised,0.24687078595161438,0.41544148325920105,0.16857069730758667,0.011633336544036865
101,nebDFT2k:mp-772613_0_1_0_0_0,forward,0.4315532147884369,0.6688152551651001,0.2372620403766632,0.06168258190155029
101,nebDFT2k:mp-772613_0_1_0_0_0,reverse,0.4315532147884369,0.7304978370666504,0.2989446222782135,0.06168258190155029
101,nebDFT2k:mp-772613_0_1_0_0_0,inference_symmetrised,0.4315532147884369,0.6996565461158752,0.26810333132743835,0.06168258190155029
101,nebDFT2k:mp-772658_3_3_1_0_0,forward,1.721060872077942,0.8015871047973633,0.9194737672805786,0.0305100679397583
101,nebDFT2k:mp-772658_3_3_1_0_0,reverse,1.721060872077942,0.8320971727371216,0.8889636993408203,0.0305100679397583
101,nebDFT2k:mp-772658_3_3_1_0_0,inference_symmetrised,1.721060872077942,0.8168421387672424,0.9042187333106995,0.0305100679397583
101,nebDFT2k:mp-772851_6_10_0_1_0,forward,0.6534039378166199,0.7738367915153503,0.12043285369873047,0.00507742166519165
101,nebDFT2k:mp-772851_6_10_0_1_0,reverse,0.6534039378166199,0.778914213180542,0.12551027536392212,0.00507742166519165
101,nebDFT2k:mp-772851_6_10_0_1_0,inference_symmetrised,0.6534039378166199,0.7763755023479462,0.1229715645313263,0.00507742166519165
101,nebDFT2k:mp-772981_0_2_0_0_0,forward,1.138868808746338,0.6863981485366821,0.45247066020965576,0.003310084342956543
101,nebDFT2k:mp-772981_0_2_0_0_0,reverse,1.138868808746338,0.6830880641937256,0.4557807445526123,0.003310084342956543
101,nebDFT2k:mp-772981_0_2_0_0_0,inference_symmetrised,1.138868808746338,0.6847431063652039,0.45412570238113403,0.003310084342956543
101,nebDFT2k:mp-772981_1_2_0_0_0,forward,3.077207326889038,1.558872938156128,1.5183343887329102,0.010675191879272461
101,nebDFT2k:mp-772981_1_2_0_0_0,reverse,3.077207326889038,1.5695481300354004,1.5076591968536377,0.010675191879272461
101,nebDFT2k:mp-772981_1_2_0_0_0,inference_symmetrised,3.077207326889038,1.5642105340957642,1.512996792793274,0.010675191879272461
101,nebDFT2k:mp-774843_2_3_0_0_0,forward,1.0624136924743652,0.6684097051620483,0.3940039873123169,0.0019130706787109375
101,nebDFT2k:mp-774843_2_3_0_0_0,reverse,1.0624136924743652,0.6664966344833374,0.39591705799102783,0.0019130706787109375
101,nebDFT2k:mp-774843_2_3_0_0_0,inference_symmetrised,1.0624136924743652,0.6674531698226929,0.39496052265167236,0.0019130706787109375
101,nebDFT2k:mp-774843_2_3_1_0_0,forward,0.8142358660697937,0.5027992725372314,0.31143659353256226,0.0104350745677948
101,nebDFT2k:mp-774843_2_3_1_0_0,reverse,0.8142358660697937,0.49236419796943665,0.32187166810035706,0.0104350745677948
101,nebDFT2k:mp-774843_2_3_1_0_0,inference_symmetrised,0.8142358660697937,0.49758173525333405,0.31665413081645966,0.0104350745677948
101,nebDFT2k:mp-774843_2_3_0_1_0,forward,0.8414992690086365,0.776502251625061,0.06499701738357544,0.0017397403717041016
101,nebDFT2k:mp-774843_2_3_0_1_0,reverse,0.8414992690086365,0.7747625112533569,0.06673675775527954,0.0017397403717041016
101,nebDFT2k:mp-774843_2_3_0_1_0,inference_symmetrised,0.8414992690086365,0.775632381439209,0.06586688756942749,0.0017397403717041016
101,nebDFT2k:mp-774843_2_0_0_1_0,forward,3.6757445335388184,4.03264856338501,0.3569040298461914,0.08635473251342773
101,nebDFT2k:mp-774843_2_0_0_1_0,reverse,3.6757445335388184,3.946293830871582,0.27054929733276367,0.08635473251342773
101,nebDFT2k:mp-774843_2_0_0_1_0,inference_symmetrised,3.6757445335388184,3.989471197128296,0.31372666358947754,0.08635473251342773
101,nebDFT2k:mp-774843_0_1_0_0_0,forward,0.8201401233673096,0.548296332359314,0.2718437910079956,0.02114158868789673
101,nebDFT2k:mp-774843_0_1_0_0_0,reverse,0.8201401233673096,0.5694379210472107,0.2507022023200989,0.02114158868789673
101,nebDFT2k:mp-774843_0_1_0_0_0,inference_symmetrised,0.8201401233673096,0.5588671267032623,0.26127299666404724,0.02114158868789673
101,nebDFT2k:mp-774946_0_2_0_0_0,forward,0.6453417539596558,0.5739487409591675,0.07139301300048828,0.0022388696670532227
101,nebDFT2k:mp-774946_0_2_0_0_0,reverse,0.6453417539596558,0.5761876106262207,0.06915414333343506,0.0022388696670532227
101,nebDFT2k:mp-774946_0_2_0_0_0,inference_symmetrised,0.6453417539596558,0.5750681757926941,0.07027357816696167,0.0022388696670532227
101,nebDFT2k:mp-775195_1_5_0_1_0,forward,0.11352421343326569,0.31003665924072266,0.19651244580745697,0.002372235059738159
101,nebDFT2k:mp-775195_1_5_0_1_0,reverse,0.11352421343326569,0.3124088943004608,0.19888468086719513,0.002372235059738159
101,nebDFT2k:mp-775195_1_5_0_1_0,inference_symmetrised,0.11352421343326569,0.31122277677059174,0.19769856333732605,0.002372235059738159
101,nebDFT2k:mp-776519_1_0_0_1_0,forward,1.0567388534545898,0.7142090797424316,0.3425297737121582,0.002656221389770508
101,nebDFT2k:mp-776519_1_0_0_1_0,reverse,1.0567388534545898,0.7115528583526611,0.3451859951019287,0.002656221389770508
101,nebDFT2k:mp-776519_1_0_0_1_0,inference_symmetrised,1.0567388534545898,0.7128809690475464,0.34385788440704346,0.002656221389770508
101,nebDFT2k:mp-776806_0_1_0_0_0,forward,0.8505998849868774,0.7156410217285156,0.13495886325836182,0.029770195484161377
101,nebDFT2k:mp-776806_0_1_0_0_0,reverse,0.8505998849868774,0.745411217212677,0.10518866777420044,0.029770195484161377
101,nebDFT2k:mp-776806_0_1_0_0_0,inference_symmetrised,0.8505998849868774,0.7305261194705963,0.12007376551628113,0.029770195484161377
101,nebDFT2k:mp-776806_3_2_1_1_0,forward,0.6594776511192322,0.5749307870864868,0.08454686403274536,0.0037376880645751953
101,nebDFT2k:mp-776806_3_2_1_1_0,reverse,0.6594776511192322,0.578668475151062,0.08080917596817017,0.0037376880645751953
101,nebDFT2k:mp-776806_3_2_1_1_0,inference_symmetrised,0.6594776511192322,0.5767996311187744,0.08267802000045776,0.0037376880645751953
101,nebDFT2k:mp-777279_19_7_1_0_0,forward,0.389350026845932,0.5391258597373962,0.14977583289146423,0.009270131587982178
101,nebDFT2k:mp-777279_19_7_1_0_0,reverse,0.389350026845932,0.5483959913253784,0.1590459644794464,0.009270131587982178
101,nebDFT2k:mp-777279_19_7_1_0_0,inference_symmetrised,0.389350026845932,0.5437609255313873,0.15441089868545532,0.009270131587982178
101,nebDFT2k:mp-777670_0_1_0_0_0,forward,0.7413540482521057,0.5502033233642578,0.1911507248878479,0.022107422351837158
101,nebDFT2k:mp-777670_0_1_0_0_0,reverse,0.7413540482521057,0.572310745716095,0.16904330253601074,0.022107422351837158
101,nebDFT2k:mp-777670_0_1_0_0_0,inference_symmetrised,0.7413540482521057,0.5612570345401764,0.18009701371192932,0.022107422351837158
101,nebDFT2k:mp-777670_0_2_0_1_0,forward,4.522794723510742,3.1803040504455566,1.3424906730651855,0.14706635475158691
101,nebDFT2k:mp-777670_0_2_0_1_0,reverse,4.522794723510742,3.3273704051971436,1.1954243183135986,0.14706635475158691
101,nebDFT2k:mp-777670_0_2_0_1_0,inference_symmetrised,4.522794723510742,3.25383722782135,1.268957495689392,0.14706635475158691
101,nebDFT2k:mp-777670_1_0_0_1_0,forward,0.6251729130744934,0.6920979022979736,0.06692498922348022,0.022597551345825195
101,nebDFT2k:mp-777670_1_0_0_1_0,reverse,0.6251729130744934,0.6695003509521484,0.04432743787765503,0.022597551345825195
101,nebDFT2k:mp-777670_1_0_0_1_0,inference_symmetrised,0.6251729130744934,0.680799126625061,0.05562621355056763,0.022597551345825195
101,nebDFT2k:mp-778325_0_1_0_0_0,forward,0.6744814515113831,0.7116292715072632,0.03714781999588013,0.027905702590942383
101,nebDFT2k:mp-778325_0_1_0_0_0,reverse,0.6744814515113831,0.7395349740982056,0.06505352258682251,0.027905702590942383
101,nebDFT2k:mp-778325_0_1_0_0_0,inference_symmetrised,0.6744814515113831,0.7255821228027344,0.05110067129135132,0.027905702590942383
101,nebDFT2k:mp-778830_1_9_1_1_0,forward,0.25904756784439087,0.37527889013290405,0.11623132228851318,0.003380298614501953
101,nebDFT2k:mp-778830_1_9_1_1_0,reverse,0.25904756784439087,0.3718985915184021,0.11285102367401123,0.003380298614501953
101,nebDFT2k:mp-778830_1_9_1_1_0,inference_symmetrised,0.25904756784439087,0.3735887408256531,0.11454117298126221,0.003380298614501953
101,nebDFT2k:mp-778830_4_0_1_-1_-1,forward,0.2582642734050751,0.38013291358947754,0.12186864018440247,0.00458875298500061
101,nebDFT2k:mp-778830_4_0_1_-1_-1,reverse,0.2582642734050751,0.37554416060447693,0.11727988719940186,0.00458875298500061
101,nebDFT2k:mp-778830_4_0_1_-1_-1,inference_symmetrised,0.2582642734050751,0.37783853709697723,0.11957426369190216,0.00458875298500061
101,nebDFT2k:mp-779432_2_7_0_1_0,forward,0.17155316472053528,0.17542877793312073,0.0038756132125854492,0.011590242385864258
101,nebDFT2k:mp-779432_2_7_0_1_0,reverse,0.17155316472053528,0.18701902031898499,0.015465855598449707,0.011590242385864258
101,nebDFT2k:mp-779432_2_7_0_1_0,inference_symmetrised,0.17155316472053528,0.18122389912605286,0.009670734405517578,0.011590242385864258
101,nebDFT2k:mp-779720_1_4_0_0_0,forward,0.3813576102256775,0.29365718364715576,0.08770042657852173,0.011426448822021484
101,nebDFT2k:mp-779720_1_4_0_0_0,reverse,0.3813576102256775,0.2822307348251343,0.09912687540054321,0.011426448822021484
101,nebDFT2k:mp-779720_1_4_0_0_0,inference_symmetrised,0.3813576102256775,0.287943959236145,0.09341365098953247,0.011426448822021484
101,nebDFT2k:mp-779720_0_6_0_0_0,forward,0.876657247543335,0.4380648732185364,0.4385923743247986,0.007944196462631226
101,nebDFT2k:mp-779720_0_6_0_0_0,reverse,0.876657247543335,0.43012067675590515,0.4465365707874298,0.007944196462631226
101,nebDFT2k:mp-779720_0_6_0_0_0,inference_symmetrised,0.876657247543335,0.43409277498722076,0.4425644725561142,0.007944196462631226
101,nebDFT2k:mp-779720_12_22_0_0_0,forward,0.6643123030662537,0.3860572874546051,0.27825501561164856,0.00902453064918518
101,nebDFT2k:mp-779720_12_22_0_0_0,reverse,0.6643123030662537,0.3950818181037903,0.2692304849624634,0.00902453064918518
101,nebDFT2k:mp-779720_12_22_0_0_0,inference_symmetrised,0.6643123030662537,0.3905695527791977,0.27374275028705597,0.00902453064918518
101,nebDFT2k:mp-779720_4_8_0_1_0,forward,0.4980355501174927,0.38175246119499207,0.11628308892250061,0.024310648441314697
101,nebDFT2k:mp-779720_4_8_0_1_0,reverse,0.4980355501174927,0.40606310963630676,0.09197244048118591,0.024310648441314697
101,nebDFT2k:mp-779720_4_8_0_1_0,inference_symmetrised,0.4980355501174927,0.3939077854156494,0.10412776470184326,0.024310648441314697
101,nebDFT2k:mp-781596_1_3_0_1_0,forward,0.12982939183712006,0.4138173758983612,0.28398798406124115,0.007197469472885132
101,nebDFT2k:mp-781596_1_3_0_1_0,reverse,0.12982939183712006,0.42101484537124634,0.2911854535341263,0.007197469472885132
101,nebDFT2k:mp-781596_1_3_0_1_0,inference_symmetrised,0.12982939183712006,0.41741611063480377,0.2875867187976837,0.007197469472885132
101,nebDFT2k:mp-849351_1_0_1_0_-1,forward,1.591550588607788,0.3238539397716522,1.2676966488361359,0.000425875186920166
101,nebDFT2k:mp-849351_1_0_1_0_-1,reverse,1.591550588607788,0.3242798149585724,1.2672707736492157,0.000425875186920166
101,nebDFT2k:mp-849351_1_0_1_0_-1,inference_symmetrised,1.591550588607788,0.3240668773651123,1.2674837112426758,0.000425875186920166
101,nebDFT2k:mp-849386_8_8_1_0_0,forward,1.0149714946746826,0.6873393058776855,0.32763218879699707,0.023482084274291992
101,nebDFT2k:mp-849386_8_8_1_0_0,reverse,1.0149714946746826,0.6638572216033936,0.35111427307128906,0.023482084274291992
101,nebDFT2k:mp-849386_8_8_1_0_0,inference_symmetrised,1.0149714946746826,0.6755982637405396,0.33937323093414307,0.023482084274291992
101,nebDFT2k:mp-850532_0_1_0_1_0,forward,0.5237549543380737,0.47318264842033386,0.05057230591773987,0.002920180559158325
101,nebDFT2k:mp-850532_0_1_0_1_0,reverse,0.5237549543380737,0.4761028289794922,0.04765212535858154,0.002920180559158325
101,nebDFT2k:mp-850532_0_1_0_1_0,inference_symmetrised,0.5237549543380737,0.474642738699913,0.049112215638160706,0.002920180559158325
131,nebDFT2k:mp-1020056_0_0_1_1_0,forward,2.066868543624878,2.6117258071899414,0.5448572635650635,0.1250009536743164
131,nebDFT2k:mp-1020056_0_0_1_1_0,reverse,2.066868543624878,2.486724853515625,0.41985630989074707,0.1250009536743164
131,nebDFT2k:mp-1020056_0_0_1_1_0,inference_symmetrised,2.066868543624878,2.549225330352783,0.4823567867279053,0.1250009536743164
131,nebDFT2k:mp-1020056_0_2_1_0_0,forward,0.13001933693885803,0.9181928634643555,0.7881735265254974,0.02696669101715088
131,nebDFT2k:mp-1020056_0_2_1_0_0,reverse,0.13001933693885803,0.8912261724472046,0.7612068355083466,0.02696669101715088
131,nebDFT2k:mp-1020056_0_2_1_0_0,inference_symmetrised,0.13001933693885803,0.90470951795578,0.774690181016922,0.02696669101715088
131,nebDFT2k:mp-1020056_2_2_1_1_0,forward,1.452639102935791,2.284078598022461,0.8314394950866699,0.16038846969604492
131,nebDFT2k:mp-1020056_2_2_1_1_0,reverse,1.452639102935791,2.123690128326416,0.671051025390625,0.16038846969604492
131,nebDFT2k:mp-1020056_2_2_1_1_0,inference_symmetrised,1.452639102935791,2.2038843631744385,0.7512452602386475,0.16038846969604492
131,nebDFT2k:mp-1147726_4_6_1_0_0,forward,0.1745581477880478,0.3031706213951111,0.1286124736070633,0.027610838413238525
131,nebDFT2k:mp-1147726_4_6_1_0_0,reverse,0.1745581477880478,0.3307814598083496,0.15622331202030182,0.027610838413238525
131,nebDFT2k:mp-1147726_4_6_1_0_0,inference_symmetrised,0.1745581477880478,0.31697604060173035,0.14241789281368256,0.027610838413238525
131,nebDFT2k:mp-1174212_5_7_0_0_0,forward,0.8727639317512512,0.3435385823249817,0.5292253494262695,0.014299482107162476
131,nebDFT2k:mp-1174212_5_7_0_0_0,reverse,0.8727639317512512,0.3292391002178192,0.543524831533432,0.014299482107162476
131,nebDFT2k:mp-1174212_5_7_0_0_0,inference_symmetrised,0.8727639317512512,0.33638884127140045,0.5363750904798508,0.014299482107162476
131,nebDFT2k:mp-1175313_9_13_0_0_0,forward,0.5736613869667053,0.5044629573822021,0.06919842958450317,0.018655836582183838
131,nebDFT2k:mp-1175313_9_13_0_0_0,reverse,0.5736613869667053,0.4858071208000183,0.08785426616668701,0.018655836582183838
131,nebDFT2k:mp-1175313_9_13_0_0_0,inference_symmetrised,0.5736613869667053,0.49513503909111023,0.07852634787559509,0.018655836582183838
131,nebDFT2k:mp-1175624_0_3_0_1_0,forward,0.40710362792015076,0.7495540380477905,0.34245041012763977,0.0241091251373291
131,nebDFT2k:mp-1175624_0_3_0_1_0,reverse,0.40710362792015076,0.7736631631851196,0.36655953526496887,0.0241091251373291
131,nebDFT2k:mp-1175624_0_3_0_1_0,inference_symmetrised,0.40710362792015076,0.7616086006164551,0.3545049726963043,0.0241091251373291
131,nebDFT2k:mp-1175840_1_1_1_0_0,forward,2.172025442123413,2.0884580612182617,0.08356738090515137,0.09364974498748779
131,nebDFT2k:mp-1175840_1_1_1_0_0,reverse,2.172025442123413,1.994808316230774,0.17721712589263916,0.09364974498748779
131,nebDFT2k:mp-1175840_1_1_1_0_0,inference_symmetrised,2.172025442123413,2.041633188724518,0.13039225339889526,0.09364974498748779
131,nebDFT2k:mp-1176566_0_2_0_0_0,forward,0.17504152655601501,0.38565728068351746,0.21061575412750244,0.03396269679069519
131,nebDFT2k:mp-1176566_0_2_0_0_0,reverse,0.17504152655601501,0.41961997747421265,0.24457845091819763,0.03396269679069519
131,nebDFT2k:mp-1176566_0_2_0_0_0,inference_symmetrised,0.17504152655601501,0.40263862907886505,0.22759710252285004,0.03396269679069519
131,nebDFT2k:mp-1176566_0_2_0_1_0,forward,2.848614454269409,2.045794725418091,0.8028197288513184,0.09491729736328125
131,nebDFT2k:mp-1176566_0_2_0_1_0,reverse,2.848614454269409,1.9508774280548096,0.8977370262145996,0.09491729736328125
131,nebDFT2k:mp-1176566_0_2_0_1_0,inference_symmetrised,2.848614454269409,1.9983360767364502,0.850278377532959,0.09491729736328125
131,nebDFT2k:mp-1176649_6_7_0_0_0,forward,0.9662818312644958,1.5959296226501465,0.6296477913856506,0.020843982696533203
131,nebDFT2k:mp-1176649_6_7_0_0_0,reverse,0.9662818312644958,1.5750856399536133,0.6088038086891174,0.020843982696533203
131,nebDFT2k:mp-1176649_6_7_0_0_0,inference_symmetrised,0.9662818312644958,1.5855076313018799,0.619225800037384,0.020843982696533203
131,nebDFT2k:mp-1176994_9_9_1_0_0,forward,2.2720789909362793,2.4189224243164062,0.14684343338012695,0.047893524169921875
131,nebDFT2k:mp-1176994_9_9_1_0_0,reverse,2.2720789909362793,2.3710289001464844,0.09894990921020508,0.047893524169921875
131,nebDFT2k:mp-1176994_9_9_1_0_0,inference_symmetrised,2.2720789909362793,2.3949756622314453,0.12289667129516602,0.047893524169921875
131,nebDFT2k:mp-1177804_0_1_0_0_1,forward,1.6887457370758057,2.0560250282287598,0.3672792911529541,0.021532058715820312
131,nebDFT2k:mp-1177804_0_1_0_0_1,reverse,1.6887457370758057,2.0344929695129395,0.3457472324371338,0.021532058715820312
131,nebDFT2k:mp-1177804_0_1_0_0_1,inference_symmetrised,1.6887457370758057,2.0452589988708496,0.35651326179504395,0.021532058715820312
131,nebDFT2k:mp-1177804_0_2_0_0_1,forward,0.3489684462547302,0.5301283001899719,0.1811598539352417,0.008999347686767578
131,nebDFT2k:mp-1177804_0_2_0_0_1,reverse,0.3489684462547302,0.5391276478767395,0.19015920162200928,0.008999347686767578
131,nebDFT2k:mp-1177804_0_2_0_0_1,inference_symmetrised,0.3489684462547302,0.5346279740333557,0.1856595277786255,0.008999347686767578
131,nebDFT2k:mp-1177943_4_7_0_0_0,forward,0.9865845441818237,0.6588613390922546,0.3277232050895691,0.0040038228034973145
131,nebDFT2k:mp-1177943_4_7_0_0_0,reverse,0.9865845441818237,0.662865161895752,0.3237193822860718,0.0040038228034973145
131,nebDFT2k:mp-1177943_4_7_0_0_0,inference_symmetrised,0.9865845441818237,0.6608632504940033,0.32572129368782043,0.0040038228034973145
131,nebDFT2k:mp-1178166_8_9_0_0_1,forward,0.8422648310661316,1.0389158725738525,0.19665104150772095,0.12944650650024414
131,nebDFT2k:mp-1178166_8_9_0_0_1,reverse,0.8422648310661316,1.1683623790740967,0.3260975480079651,0.12944650650024414
131,nebDFT2k:mp-1178166_8_9_0_0_1,inference_symmetrised,0.8422648310661316,1.1036391258239746,0.261374294757843,0.12944650650024414
131,nebDFT2k:mp-1202443_0_6_0_0_1,forward,1.9113332033157349,1.2532930374145508,0.6580401659011841,0.018835067749023438
131,nebDFT2k:mp-1202443_0_6_0_0_1,reverse,1.9113332033157349,1.2721281051635742,0.6392050981521606,0.018835067749023438
131,nebDFT2k:mp-1202443_0_6_0_0_1,inference_symmetrised,1.9113332033157349,1.2627105712890625,0.6486226320266724,0.018835067749023438
131,nebDFT2k:mp-1222404_0_0_0_1_-1,forward,0.4571089446544647,0.39659976959228516,0.060509175062179565,0.009110897779464722
131,nebDFT2k:mp-1222404_0_0_0_1_-1,reverse,0.4571089446544647,0.38748887181282043,0.06962007284164429,0.009110897779464722
131,nebDFT2k:mp-1222404_0_0_0_1_-1,inference_symmetrised,0.4571089446544647,0.3920443207025528,0.06506462395191193,0.009110897779464722
131,nebDFT2k:mp-1222469_0_0_0_1_0,forward,1.3453915119171143,1.007964015007019,0.3374274969100952,0.009766340255737305
131,nebDFT2k:mp-1222469_0_0_0_1_0,reverse,1.3453915119171143,1.0177303552627563,0.3276611566543579,0.009766340255737305
131,nebDFT2k:mp-1222469_0_0_0_1_0,inference_symmetrised,1.3453915119171143,1.0128471851348877,0.33254432678222656,0.009766340255737305
131,nebDFT2k:mp-1222510_2_2_0_1_0,forward,1.738020896911621,1.9676724672317505,0.2296515703201294,0.08713531494140625
131,nebDFT2k:mp-1222510_2_2_0_1_0,reverse,1.738020896911621,1.8805371522903442,0.14251625537872314,0.08713531494140625
131,nebDFT2k:mp-1222510_2_2_0_1_0,inference_symmetrised,1.738020896911621,1.9241048097610474,0.18608391284942627,0.08713531494140625
131,nebDFT2k:mp-1222575_1_2_0_0_0,forward,1.200072169303894,1.6398272514343262,0.43975508213043213,0.09991037845611572
131,nebDFT2k:mp-1222575_1_2_0_0_0,reverse,1.200072169303894,1.739737629890442,0.5396654605865479,0.09991037845611572
131,nebDFT2k:mp-1222575_1_2_0_0_0,inference_symmetrised,1.200072169303894,1.689782440662384,0.48971027135849,0.09991037845611572
131,nebDFT2k:mp-1222575_0_2_0_0_0,forward,4.537822246551514,3.359848976135254,1.1779732704162598,0.0015826225280761719
131,nebDFT2k:mp-1222575_0_2_0_0_0,reverse,4.537822246551514,3.3582663536071777,1.179555892944336,0.0015826225280761719
131,nebDFT2k:mp-1222575_0_2_0_0_0,inference_symmetrised,4.537822246551514,3.359057664871216,1.1787645816802979,0.0015826225280761719
131,nebDFT2k:mp-1222591_0_0_0_1_0,forward,0.4859350323677063,0.7721313834190369,0.28619635105133057,0.03519076108932495
131,nebDFT2k:mp-1222591_0_0_0_1_0,reverse,0.4859350323677063,0.8073221445083618,0.3213871121406555,0.03519076108932495
131,nebDFT2k:mp-1222591_0_0_0_1_0,inference_symmetrised,0.4859350323677063,0.7897267639636993,0.30379173159599304,0.03519076108932495
131,nebDFT2k:mp-1277038_4_0_0_1_0,forward,0.685222327709198,1.153269648551941,0.4680473208427429,0.0751042366027832
131,nebDFT2k:mp-1277038_4_0_0_1_0,reverse,0.685222327709198,1.0781654119491577,0.3929430842399597,0.0751042366027832
131,nebDFT2k:mp-1277038_4_0_0_1_0,inference_symmetrised,0.685222327709198,1.1157175302505493,0.4304952025413513,0.0751042366027832
131,nebDFT2k:mp-1277589_2_0_1_0_0,forward,0.5733042359352112,0.6565521955490112,0.08324795961380005,0.00710982084274292
131,nebDFT2k:mp-1277589_2_0_1_0_0,reverse,0.5733042359352112,0.6636620163917542,0.09035778045654297,0.00710982084274292
131,nebDFT2k:mp-1277589_2_0_1_0_0,inference_symmetrised,0.5733042359352112,0.6601071059703827,0.08680287003517151,0.00710982084274292
131,nebDFT2k:mp-1277613_3_1_1_-1_0,forward,0.5781484246253967,0.39896994829177856,0.17917847633361816,0.004812002182006836
131,nebDFT2k:mp-1277613_3_1_1_-1_0,reverse,0.5781484246253967,0.4037819504737854,0.17436647415161133,0.004812002182006836
131,nebDFT2k:mp-1277613_3_1_1_-1_0,inference_symmetrised,0.5781484246253967,0.401375949382782,0.17677247524261475,0.004812002182006836
131,nebDFT2k:mp-1277613_2_0_0_0_1,forward,0.5695000886917114,0.38567858934402466,0.18382149934768677,0.006310135126113892
131,nebDFT2k:mp-1277613_2_0_0_0_1,reverse,0.5695000886917114,0.39198872447013855,0.17751136422157288,0.006310135126113892
131,nebDFT2k:mp-1277613_2_0_0_0_1,inference_symmetrised,0.5695000886917114,0.3888336569070816,0.18066643178462982,0.006310135126113892
131,nebDFT2k:mp-1277814_5_7_0_1_0,forward,2.58870530128479,0.5345188975334167,2.0541864037513733,0.08080369234085083
131,nebDFT2k:mp-1277814_5_7_0_1_0,reverse,2.58870530128479,0.6153225898742676,1.9733827114105225,0.08080369234085083
131,nebDFT2k:mp-1277814_5_7_0_1_0,inference_symmetrised,2.58870530128479,0.5749207437038422,2.013784557580948,0.08080369234085083
131,nebDFT2k:mp-1277814_6_10_1_-1_0,forward,2.7002744674682617,1.7604626417160034,0.9398118257522583,0.05569493770599365
131,nebDFT2k:mp-1277814_6_10_1_-1_0,reverse,2.7002744674682617,1.7047677040100098,0.995506763458252,0.05569493770599365
131,nebDFT2k:mp-1277814_6_10_1_-1_0,inference_symmetrised,2.7002744674682617,1.7326151728630066,0.9676592946052551,0.05569493770599365
131,nebDFT2k:mp-1277814_1_2_0_1_0,forward,0.4587925672531128,0.5578429698944092,0.09905040264129639,0.11146283149719238
131,nebDFT2k:mp-1277814_1_2_0_1_0,reverse,0.4587925672531128,0.6693058013916016,0.21051323413848877,0.11146283149719238
131,nebDFT2k:mp-1277814_1_2_0_1_0,inference_symmetrised,0.4587925672531128,0.6135743856430054,0.15478181838989258,0.11146283149719238
131,nebDFT2k:mp-1277814_9_2_1_1_0,forward,2.4481306076049805,1.701513648033142,0.7466169595718384,0.04697704315185547
131,nebDFT2k:mp-1277814_9_2_1_1_0,reverse,2.4481306076049805,1.6545366048812866,0.7935940027236938,0.04697704315185547
131,nebDFT2k:mp-1277814_9_2_1_1_0,inference_symmetrised,2.4481306076049805,1.6780251264572144,0.7701054811477661,0.04697704315185547
131,nebDFT2k:mp-1282211_3_0_0_0_1,forward,3.475863456726074,2.212057113647461,1.2638063430786133,0.04038190841674805
131,nebDFT2k:mp-1282211_3_0_0_0_1,reverse,3.475863456726074,2.252439022064209,1.2234244346618652,0.04038190841674805
131,nebDFT2k:mp-1282211_3_0_0_0_1,inference_symmetrised,3.475863456726074,2.232248067855835,1.2436153888702393,0.04038190841674805
131,nebDFT2k:mp-1282761_2_1_1_1_0,forward,0.2802552878856659,0.6911640763282776,0.4109087884426117,0.001122593879699707
131,nebDFT2k:mp-1282761_2_1_1_1_0,reverse,0.2802552878856659,0.6922866702079773,0.4120313823223114,0.001122593879699707
131,nebDFT2k:mp-1282761_2_1_1_1_0,inference_symmetrised,0.2802552878856659,0.6917253732681274,0.41147008538246155,0.001122593879699707
131,nebDFT2k:mp-1282761_3_0_0_0_1,forward,0.28042837977409363,0.6932361125946045,0.41280773282051086,0.004456698894500732
131,nebDFT2k:mp-1282761_3_0_0_0_1,reverse,0.28042837977409363,0.6976928114891052,0.4172644317150116,0.004456698894500732
131,nebDFT2k:mp-1282761_3_0_0_0_1,inference_symmetrised,0.28042837977409363,0.6954644620418549,0.41503608226776123,0.004456698894500732
131,nebDFT2k:mp-1282869_0_3_0_0_0,forward,0.5327412486076355,0.5450645089149475,0.012323260307312012,0.008826673030853271
131,nebDFT2k:mp-1282869_0_3_0_0_0,reverse,0.5327412486076355,0.5538911819458008,0.021149933338165283,0.008826673030853271
131,nebDFT2k:mp-1282869_0_3_0_0_0,inference_symmetrised,0.5327412486076355,0.5494778454303741,0.016736596822738647,0.008826673030853271
131,nebDFT2k:mp-1282869_1_2_1_0_0,forward,0.531970202922821,0.5605847239494324,0.028614521026611328,0.006669282913208008
131,nebDFT2k:mp-1282869_1_2_1_0_0,reverse,0.531970202922821,0.5672540068626404,0.035283803939819336,0.006669282913208008
131,nebDFT2k:mp-1282869_1_2_1_0_0,inference_symmetrised,0.531970202922821,0.5639193654060364,0.03194916248321533,0.006669282913208008
131,nebDFT2k:mp-1282931_3_5_0_0_0,forward,0.6656212210655212,0.7389901876449585,0.07336896657943726,0.07543671131134033
131,nebDFT2k:mp-1282931_3_5_0_0_0,reverse,0.6656212210655212,0.8144268989562988,0.1488056778907776,0.07543671131134033
131,nebDFT2k:mp-1282931_3_5_0_0_0,inference_symmetrised,0.6656212210655212,0.7767085433006287,0.11108732223510742,0.07543671131134033
131,nebDFT2k:mp-1284600_2_7_0_0_0,forward,0.41195741295814514,0.4981699585914612,0.08621254563331604,0.016718924045562744
131,nebDFT2k:mp-1284600_2_7_0_0_0,reverse,0.41195741295814514,0.5148888826370239,0.10293146967887878,0.016718924045562744
131,nebDFT2k:mp-1284600_2_7_0_0_0,inference_symmetrised,0.41195741295814514,0.5065294206142426,0.09457200765609741,0.016718924045562744
131,nebDFT2k:mp-1295192_1_1_1_0_0,forward,1.0270062685012817,1.2699477672576904,0.2429414987564087,0.03264331817626953
131,nebDFT2k:mp-1295192_1_1_1_0_0,reverse,1.0270062685012817,1.237304449081421,0.21029818058013916,0.03264331817626953
131,nebDFT2k:mp-1295192_1_1_1_0_0,inference_symmetrised,1.0270062685012817,1.2536261081695557,0.22661983966827393,0.03264331817626953
131,nebDFT2k:mp-1295192_3_3_1_0_0,forward,1.0451579093933105,1.2891340255737305,0.24397611618041992,0.035959601402282715
131,nebDFT2k:mp-1295192_3_3_1_0_0,reverse,1.0451579093933105,1.2531744241714478,0.2080165147781372,0.035959601402282715
131,nebDFT2k:mp-1295192_3_3_1_0_0,inference_symmetrised,1.0451579093933105,1.2711542248725891,0.22599631547927856,0.035959601402282715
131,nebDFT2k:mp-1297766_1_5_1_-1_0,forward,2.696653127670288,2.0785679817199707,0.6180851459503174,0.04147481918334961
131,nebDFT2k:mp-1297766_1_5_1_-1_0,reverse,2.696653127670288,2.037093162536621,0.659559965133667,0.04147481918334961
131,nebDFT2k:mp-1297766_1_5_1_-1_0,inference_symmetrised,2.696653127670288,2.057830572128296,0.6388225555419922,0.04147481918334961
131,nebDFT2k:mp-1306251_7_5_1_1_0,forward,1.546714425086975,0.7609912157058716,0.7857232093811035,0.015753090381622314
131,nebDFT2k:mp-1306251_7_5_1_1_0,reverse,1.546714425086975,0.7452381253242493,0.8014762997627258,0.015753090381622314
131,nebDFT2k:mp-1306251_7_5_1_1_0,inference_symmetrised,1.546714425086975,0.7531146705150604,0.7935997545719147,0.015753090381622314
131,nebDFT2k:mp-1314006_1_0_0_1_-1,forward,0.2759045958518982,0.4130313992500305,0.13712680339813232,0.0033953189849853516
131,nebDFT2k:mp-1314006_1_0_0_1_-1,reverse,0.2759045958518982,0.41642671823501587,0.14052212238311768,0.0033953189849853516
131,nebDFT2k:mp-1314006_1_0_0_1_-1,inference_symmetrised,0.2759045958518982,0.4147290587425232,0.138824462890625,0.0033953189849853516
131,nebDFT2k:mp-1320203_8_0_0_1_0,forward,0.7955121994018555,0.8033566474914551,0.00784444808959961,0.0791856050491333
131,nebDFT2k:mp-1320203_8_0_0_1_0,reverse,0.7955121994018555,0.7241710424423218,0.07134115695953369,0.0791856050491333
131,nebDFT2k:mp-1320203_8_0_0_1_0,inference_symmetrised,0.7955121994018555,0.7637638449668884,0.03174835443496704,0.0791856050491333
131,nebDFT2k:mp-1641416_3_9_0_0_0,forward,0.38150760531425476,0.4256857931613922,0.04417818784713745,0.06195184588432312
131,nebDFT2k:mp-1641416_3_9_0_0_0,reverse,0.38150760531425476,0.48763763904571533,0.10613003373146057,0.06195184588432312
131,nebDFT2k:mp-1641416_3_9_0_0_0,inference_symmetrised,0.38150760531425476,0.45666171610355377,0.07515411078929901,0.06195184588432312
131,nebDFT2k:mp-25463_4_10_1_0_0,forward,0.6109094023704529,1.0830037593841553,0.4720943570137024,0.2817869186401367
131,nebDFT2k:mp-25463_4_10_1_0_0,reverse,0.6109094023704529,1.364790678024292,0.7538812756538391,0.2817869186401367
131,nebDFT2k:mp-25463_4_10_1_0_0,inference_symmetrised,0.6109094023704529,1.2238972187042236,0.6129878163337708,0.2817869186401367
131,nebDFT2k:mp-25465_1_0_0_0_1,forward,0.857966959476471,1.2089582681655884,0.35099130868911743,0.0221022367477417
131,nebDFT2k:mp-25465_1_0_0_0_1,reverse,0.857966959476471,1.23106050491333,0.37309354543685913,0.0221022367477417
131,nebDFT2k:mp-25465_1_0_0_0_1,inference_symmetrised,0.857966959476471,1.2200093865394592,0.3620424270629883,0.0221022367477417
131,nebDFT2k:mp-25465_1_0_1_0_1,forward,0.22785605490207672,0.4634782373905182,0.23562218248844147,0.1326718032360077
131,nebDFT2k:mp-25465_1_0_1_0_1,reverse,0.22785605490207672,0.5961500406265259,0.36829398572444916,0.1326718032360077
131,nebDFT2k:mp-25465_1_0_1_0_1,inference_symmetrised,0.22785605490207672,0.529814139008522,0.3019580841064453,0.1326718032360077
131,nebDFT2k:mp-26247_6_9_0_0_0,forward,0.6142609715461731,0.4637098014354706,0.15055117011070251,0.06644466519355774
131,nebDFT2k:mp-26247_6_9_0_0_0,reverse,0.6142609715461731,0.5301544666290283,0.08410650491714478,0.06644466519355774
131,nebDFT2k:mp-26247_6_9_0_0_0,inference_symmetrised,0.6142609715461731,0.49693213403224945,0.11732883751392365,0.06644466519355774
131,nebDFT2k:mp-26351_0_2_0_0_0,forward,1.5798574686050415,1.7331420183181763,0.15328454971313477,0.1949303150177002
131,nebDFT2k:mp-26351_0_2_0_0_0,reverse,1.5798574686050415,1.9280723333358765,0.34821486473083496,0.1949303150177002
131,nebDFT2k:mp-26351_0_2_0_0_0,inference_symmetrised,1.5798574686050415,1.8306071758270264,0.25074970722198486,0.1949303150177002
131,nebDFT2k:mp-26721_0_1_0_0_0,forward,1.2890585660934448,0.501937747001648,0.7871208190917969,0.018023252487182617
131,nebDFT2k:mp-26721_0_1_0_0_0,reverse,1.2890585660934448,0.5199609994888306,0.7690975666046143,0.018023252487182617
131,nebDFT2k:mp-26721_0_1_0_0_0,inference_symmetrised,1.2890585660934448,0.5109493732452393,0.7781091928482056,0.018023252487182617
131,nebDFT2k:mp-26965_0_2_0_1_0,forward,0.2988061010837555,0.37431269884109497,0.07550659775733948,0.010281741619110107
131,nebDFT2k:mp-26965_0_2_0_1_0,reverse,0.2988061010837555,0.36403095722198486,0.06522485613822937,0.010281741619110107
131,nebDFT2k:mp-26965_0_2_0_1_0,inference_symmetrised,0.2988061010837555,0.3691718280315399,0.07036572694778442,0.010281741619110107
131,nebDFT2k:mp-28030_17_16_0_1_-1,forward,0.8980735540390015,1.2558510303497314,0.35777747631073,0.11920309066772461
131,nebDFT2k:mp-28030_17_16_0_1_-1,reverse,0.8980735540390015,1.375054121017456,0.4769805669784546,0.11920309066772461
131,nebDFT2k:mp-28030_17_16_0_1_-1,inference_symmetrised,0.8980735540390015,1.3154525756835938,0.4173790216445923,0.11920309066772461
131,nebDFT2k:mp-28030_30_31_0_0_0,forward,0.9760967493057251,1.561266303062439,0.5851695537567139,0.16993927955627441
131,nebDFT2k:mp-28030_30_31_0_0_0,reverse,0.9760967493057251,1.7312055826187134,0.7551088333129883,0.16993927955627441
131,nebDFT2k:mp-28030_30_31_0_0_0,inference_symmetrised,0.9760967493057251,1.6462359428405762,0.6701391935348511,0.16993927955627441
131,nebDFT2k:mp-28030_2_22_0_0_0,forward,0.8691693544387817,0.5490207672119141,0.3201485872268677,0.034047484397888184
131,nebDFT2k:mp-28030_2_22_0_0_0,reverse,0.8691693544387817,0.5830682516098022,0.2861011028289795,0.034047484397888184
131,nebDFT2k:mp-28030_2_22_0_0_0,inference_symmetrised,0.8691693544387817,0.5660445094108582,0.3031248450279236,0.034047484397888184
131,nebDFT2k:mp-28548_0_8_0_0_0,forward,0.11965204030275345,0.46863853931427,0.34898649901151657,0.05575203895568848
131,nebDFT2k:mp-28548_0_8_0_0_0,reverse,0.11965204030275345,0.5243905782699585,0.40473853796720505,0.05575203895568848
131,nebDFT2k:mp-28548_0_8_0_0_0,inference_symmetrised,0.11965204030275345,0.49651455879211426,0.3768625184893608,0.05575203895568848
131,nebDFT2k:mp-29040_4_3_0_1_1,forward,0.4273566007614136,0.6427220106124878,0.21536540985107422,0.004040956497192383
131,nebDFT2k:mp-29040_4_3_0_1_1,reverse,0.4273566007614136,0.6386810541152954,0.21132445335388184,0.004040956497192383
131,nebDFT2k:mp-29040_4_3_0_1_1,inference_symmetrised,0.4273566007614136,0.6407015323638916,0.21334493160247803,0.004040956497192383
131,nebDFT2k:mp-29040_0_5_0_0_0,forward,0.8543699979782104,0.6508758664131165,0.203494131565094,0.0028821229934692383
131,nebDFT2k:mp-29040_0_5_0_0_0,reverse,0.8543699979782104,0.6479937434196472,0.20637625455856323,0.0028821229934692383
131,nebDFT2k:mp-29040_0_5_0_0_0,inference_symmetrised,0.8543699979782104,0.6494348049163818,0.2049351930618286,0.0028821229934692383
131,nebDFT2k:mp-29040_1_3_0_0_0,forward,0.1771891564130783,0.6394562125205994,0.46226705610752106,0.00762563943862915
131,nebDFT2k:mp-29040_1_3_0_0_0,reverse,0.1771891564130783,0.6470818519592285,0.4698926955461502,0.00762563943862915
131,nebDFT2k:mp-29040_1_3_0_0_0,inference_symmetrised,0.1771891564130783,0.6432690322399139,0.46607987582683563,0.00762563943862915
131,nebDFT2k:mp-34038_3_4_0_1_0,forward,1.1277568340301514,0.5519675612449646,0.5757892727851868,0.06350564956665039
131,nebDFT2k:mp-34038_3_4_0_1_0,reverse,1.1277568340301514,0.615473210811615,0.5122836232185364,0.06350564956665039
131,nebDFT2k:mp-34038_3_4_0_1_0,inference_symmetrised,1.1277568340301514,0.5837203860282898,0.5440364480018616,0.06350564956665039
131,nebDFT2k:mp-34038_0_2_0_0_1,forward,0.7510952949523926,0.24934279918670654,0.501752495765686,0.001042872667312622
131,nebDFT2k:mp-34038_0_2_0_0_1,reverse,0.7510952949523926,0.24829992651939392,0.5027953684329987,0.001042872667312622
131,nebDFT2k:mp-34038_0_2_0_0_1,inference_symmetrised,0.7510952949523926,0.24882136285305023,0.5022739320993423,0.001042872667312622
131,nebDFT2k:mp-34038_2_0_0_1_-1,forward,0.7525688409805298,0.36411839723587036,0.3884504437446594,0.011679649353027344
131,nebDFT2k:mp-34038_2_0_0_1_-1,reverse,0.7525688409805298,0.352438747882843,0.40013009309768677,0.011679649353027344
131,nebDFT2k:mp-34038_2_0_0_1_-1,inference_symmetrised,0.7525688409805298,0.3582785725593567,0.3942902684211731,0.011679649353027344
131,nebDFT2k:mp-34038_0_1_1_1_0,forward,1.2990351915359497,0.23848062753677368,1.060554563999176,0.006965279579162598
131,nebDFT2k:mp-34038_0_1_1_1_0,reverse,1.2990351915359497,0.24544590711593628,1.0535892844200134,0.006965279579162598
131,nebDFT2k:mp-34038_0_1_1_1_0,inference_symmetrised,1.2990351915359497,0.24196326732635498,1.0570719242095947,0.006965279579162598
131,nebDFT2k:mp-34038_4_4_0_1_0,forward,0.11014693975448608,0.47929665446281433,0.36914971470832825,0.047560542821884155
131,nebDFT2k:mp-34038_4_4_0_1_0,reverse,0.11014693975448608,0.5268571972846985,0.4167102575302124,0.047560542821884155
131,nebDFT2k:mp-34038_4_4_0_1_0,inference_symmetrised,0.11014693975448608,0.5030769258737564,0.3929299861192703,0.047560542821884155
131,nebDFT2k:mp-34038_0_0_1_-1_0,forward,1.1750401258468628,0.32769614458084106,0.8473439812660217,0.022670745849609375
131,nebDFT2k:mp-34038_0_0_1_-1_0,reverse,1.1750401258468628,0.35036689043045044,0.8246732354164124,0.022670745849609375
131,nebDFT2k:mp-34038_0_0_1_-1_0,inference_symmetrised,1.1750401258468628,0.33903151750564575,0.836008608341217,0.022670745849609375
131,nebDFT2k:mp-3635_0_3_0_0_0,forward,0.6212753653526306,0.5632507801055908,0.058024585247039795,0.0633770227432251
131,nebDFT2k:mp-3635_0_3_0_0_0,reverse,0.6212753653526306,0.6266278028488159,0.005352437496185303,0.0633770227432251
131,nebDFT2k:mp-3635_0_3_0_0_0,inference_symmetrised,0.6212753653526306,0.5949392914772034,0.026336073875427246,0.0633770227432251
131,nebDFT2k:mp-4002_0_1_0_0_0,forward,0.4607055187225342,0.6661929488182068,0.2054874300956726,0.0033998489379882812
131,nebDFT2k:mp-4002_0_1_0_0_0,reverse,0.4607055187225342,0.6695927977561951,0.2088872790336609,0.0033998489379882812
131,nebDFT2k:mp-4002_0_1_0_0_0,inference_symmetrised,0.4607055187225342,0.6678928732872009,0.20718735456466675,0.0033998489379882812
131,nebDFT2k:mp-4117_3_0_1_0_1,forward,2.0165598392486572,2.3878707885742188,0.3713109493255615,0.0483245849609375
131,nebDFT2k:mp-4117_3_0_1_0_1,reverse,2.0165598392486572,2.4361953735351562,0.419635534286499,0.0483245849609375
131,nebDFT2k:mp-4117_3_0_1_0_1,inference_symmetrised,2.0165598392486572,2.4120330810546875,0.3954732418060303,0.0483245849609375
131,nebDFT2k:mp-556655_0_7_0_1_-1,forward,0.42521727085113525,0.5642166137695312,0.138999342918396,0.01410055160522461
131,nebDFT2k:mp-556655_0_7_0_1_-1,reverse,0.42521727085113525,0.5783171653747559,0.1530998945236206,0.01410055160522461
131,nebDFT2k:mp-556655_0_7_0_1_-1,inference_symmetrised,0.42521727085113525,0.5712668895721436,0.1460496187210083,0.01410055160522461
131,nebDFT2k:mp-556655_1_4_0_0_0,forward,0.4567823112010956,0.40373483300209045,0.05304747819900513,0.006751984357833862
131,nebDFT2k:mp-556655_1_4_0_0_0,reverse,0.4567823112010956,0.4104868173599243,0.046295493841171265,0.006751984357833862
131,nebDFT2k:mp-556655_1_4_0_0_0,inference_symmetrised,0.4567823112010956,0.4071108251810074,0.049671486020088196,0.006751984357833862
131,nebDFT2k:mp-559680_0_2_0_0_1,forward,1.600379467010498,1.426990032196045,0.17338943481445312,0.05208849906921387
131,nebDFT2k:mp-559680_0_2_0_0_1,reverse,1.600379467010498,1.374901533126831,0.225477933883667,0.05208849906921387
131,nebDFT2k:mp-559680_0_2_0_0_1,inference_symmetrised,1.600379467010498,1.400945782661438,0.19943368434906006,0.05208849906921387
131,nebDFT2k:mp-567474_0_1_0_0_0,forward,0.06772521883249283,0.06421804428100586,0.003507174551486969,0.02820521593093872
131,nebDFT2k:mp-567474_0_1_0_0_0,reverse,0.06772521883249283,0.03601282835006714,0.03171239048242569,0.02820521593093872
131,nebDFT2k:mp-567474_0_1_0_0_0,inference_symmetrised,0.06772521883249283,0.0501154363155365,0.01760978251695633,0.02820521593093872
131,nebDFT2k:mp-6745_0_1_1_0_0,forward,1.3544573783874512,1.8982789516448975,0.5438215732574463,0.06367409229278564
131,nebDFT2k:mp-6745_0_1_1_0_0,reverse,1.3544573783874512,1.961953043937683,0.6074956655502319,0.06367409229278564
131,nebDFT2k:mp-6745_0_1_1_0_0,inference_symmetrised,1.3544573783874512,1.9301159977912903,0.5756586194038391,0.06367409229278564
131,nebDFT2k:mp-6745_0_1_0_0_0,forward,1.8797433376312256,1.867873191833496,0.011870145797729492,0.09031128883361816
131,nebDFT2k:mp-6745_0_1_0_0_0,reverse,1.8797433376312256,1.9581844806671143,0.07844114303588867,0.09031128883361816
131,nebDFT2k:mp-6745_0_1_0_0_0,inference_symmetrised,1.8797433376312256,1.9130288362503052,0.03328549861907959,0.09031128883361816
131,nebDFT2k:mp-752552_2_7_0_1_1,forward,0.10932184755802155,0.34732359647750854,0.238001748919487,0.005313009023666382
131,nebDFT2k:mp-752552_2_7_0_1_1,reverse,0.10932184755802155,0.34201058745384216,0.23268873989582062,0.005313009023666382
131,nebDFT2k:mp-752552_2_7_0_1_1,inference_symmetrised,0.10932184755802155,0.34466709196567535,0.2353452444076538,0.005313009023666382
131,nebDFT2k:mp-752552_0_7_0_0_1,forward,0.11279285699129105,0.3948858380317688,0.28209298104047775,0.0029844045639038086
131,nebDFT2k:mp-752552_0_7_0_0_1,reverse,0.11279285699129105,0.391901433467865,0.27910857647657394,0.0029844045639038086
131,nebDFT2k:mp-752552_0_7_0_0_1,inference_symmetrised,0.11279285699129105,0.3933936357498169,0.28060077875852585,0.0029844045639038086
131,nebDFT2k:mp-752707_0_2_0_0_0,forward,0.6314464211463928,0.6157552003860474,0.01569122076034546,0.08498376607894897
131,nebDFT2k:mp-752707_0_2_0_0_0,reverse,0.6314464211463928,0.7007389664649963,0.06929254531860352,0.08498376607894897
131,nebDFT2k:mp-752707_0_2_0_0_0,inference_symmetrised,0.6314464211463928,0.6582470834255219,0.02680066227912903,0.08498376607894897
131,nebDFT2k:mp-753109_2_0_1_0_-1,forward,0.6892510056495667,0.7082108855247498,0.018959879875183105,0.06423020362854004
131,nebDFT2k:mp-753109_2_0_1_0_-1,reverse,0.6892510056495667,0.7724410891532898,0.08319008350372314,0.06423020362854004
131,nebDFT2k:mp-753109_2_0_1_0_-1,inference_symmetrised,0.6892510056495667,0.7403259873390198,0.051074981689453125,0.06423020362854004
131,nebDFT2k:mp-753126_0_1_1_1_0,forward,1.355068564414978,1.328227162361145,0.026841402053833008,0.07711446285247803
131,nebDFT2k:mp-753126_0_1_1_1_0,reverse,1.355068564414978,1.251112699508667,0.10395586490631104,0.07711446285247803
131,nebDFT2k:mp-753126_0_1_1_1_0,inference_symmetrised,1.355068564414978,1.289669930934906,0.06539863348007202,0.07711446285247803
131,nebDFT2k:mp-753204_0_2_0_0_0,forward,0.5282348990440369,0.5813721418380737,0.053137242794036865,0.028960227966308594
131,nebDFT2k:mp-753204_0_2_0_0_0,reverse,0.5282348990440369,0.5524119138717651,0.02417701482772827,0.028960227966308594
131,nebDFT2k:mp-753204_0_2_0_0_0,inference_symmetrised,0.5282348990440369,0.5668920278549194,0.03865712881088257,0.028960227966308594
131,nebDFT2k:mp-753340_2_3_0_0_0,forward,0.5125430822372437,0.3869237005710602,0.12561938166618347,2.0444393157958984e-05
131,nebDFT2k:mp-753340_2_3_0_0_0,reverse,0.5125430822372437,0.38694414496421814,0.1255989372730255,2.0444393157958984e-05
131,nebDFT2k:mp-753340_2_3_0_0_0,inference_symmetrised,0.5125430822372437,0.38693392276763916,0.1256091594696045,2.0444393157958984e-05
131,nebDFT2k:mp-753477_6_2_0_1_0,forward,1.7132000923156738,0.40150266885757446,1.3116974234580994,0.003898531198501587
131,nebDFT2k:mp-753477_6_2_0_1_0,reverse,1.7132000923156738,0.40540120005607605,1.3077988922595978,0.003898531198501587
131,nebDFT2k:mp-753477_6_2_0_1_0,inference_symmetrised,1.7132000923156738,0.40345193445682526,1.3097481578588486,0.003898531198501587
131,nebDFT2k:mp-753791_0_2_1_1_0,forward,0.5920940041542053,0.884056568145752,0.29196256399154663,0.058848798274993896
131,nebDFT2k:mp-753791_0_2_1_1_0,reverse,0.5920940041542053,0.8252077698707581,0.23311376571655273,0.058848798274993896
131,nebDFT2k:mp-753791_0_2_1_1_0,inference_symmetrised,0.5920940041542053,0.854632169008255,0.2625381648540497,0.058848798274993896
131,nebDFT2k:mp-753882_0_1_1_0_-1,forward,0.7118020057678223,0.37369275093078613,0.33810925483703613,0.02235129475593567
131,nebDFT2k:mp-753882_0_1_1_0_-1,reverse,0.7118020057678223,0.35134145617485046,0.3604605495929718,0.02235129475593567
131,nebDFT2k:mp-753882_0_1_1_0_-1,inference_symmetrised,0.7118020057678223,0.3625171035528183,0.34928490221500397,0.02235129475593567
131,nebDFT2k:mp-753882_0_3_1_0_0,forward,0.3007654845714569,0.32881563901901245,0.028050154447555542,0.004153162240982056
131,nebDFT2k:mp-753882_0_3_1_0_0,reverse,0.3007654845714569,0.3329688012599945,0.0322033166885376,0.004153162240982056
131,nebDFT2k:mp-753882_0_3_1_0_0,inference_symmetrised,0.3007654845714569,0.3308922201395035,0.03012673556804657,0.004153162240982056
131,nebDFT2k:mp-753882_4_5_0_0_0,forward,0.26893350481987,0.3542764186859131,0.08534291386604309,0.11662256717681885
131,nebDFT2k:mp-753882_4_5_0_0_0,reverse,0.26893350481987,0.47089898586273193,0.20196548104286194,0.11662256717681885
131,nebDFT2k:mp-753882_4_5_0_0_0,inference_symmetrised,0.26893350481987,0.4125877022743225,0.14365419745445251,0.11662256717681885
131,nebDFT2k:mp-753882_3_2_0_1_0,forward,0.6040976047515869,0.9386262893676758,0.33452868461608887,0.28101420402526855
131,nebDFT2k:mp-753882_3_2_0_1_0,reverse,0.6040976047515869,1.2196404933929443,0.6155428886413574,0.28101420402526855
131,nebDFT2k:mp-753882_3_2_0_1_0,inference_symmetrised,0.6040976047515869,1.07913339138031,0.47503578662872314,0.28101420402526855
131,nebDFT2k:mp-753899_0_3_0_0_0,forward,3.2507238388061523,2.3030154705047607,0.9477083683013916,0.008432865142822266
131,nebDFT2k:mp-753899_0_3_0_0_0,reverse,3.2507238388061523,2.311448335647583,0.9392755031585693,0.008432865142822266
131,nebDFT2k:mp-753899_0_3_0_0_0,inference_symmetrised,3.2507238388061523,2.307231903076172,0.9434919357299805,0.008432865142822266
131,nebDFT2k:mp-754292_1_2_0_0_0,forward,0.9215542674064636,0.7318717241287231,0.18968254327774048,0.03372436761856079
131,nebDFT2k:mp-754292_1_2_0_0_0,reverse,0.9215542674064636,0.6981473565101624,0.22340691089630127,0.03372436761856079
131,nebDFT2k:mp-754292_1_2_0_0_0,inference_symmetrised,0.9215542674064636,0.7150095403194427,0.20654472708702087,0.03372436761856079
131,nebDFT2k:mp-754292_7_5_0_1_0,forward,0.47816863656044006,0.8467507362365723,0.3685820996761322,0.276647686958313
131,nebDFT2k:mp-754292_7_5_0_1_0,reverse,0.47816863656044006,1.1233984231948853,0.6452297866344452,0.276647686958313
131,nebDFT2k:mp-754292_7_5_0_1_0,inference_symmetrised,0.47816863656044006,0.9850745797157288,0.5069059431552887,0.276647686958313
131,nebDFT2k:mp-754292_1_7_0_0_0,forward,0.2623552978038788,0.2964710295200348,0.034115731716156006,0.009830325841903687
131,nebDFT2k:mp-754292_1_7_0_0_0,reverse,0.2623552978038788,0.3063013553619385,0.04394605755805969,0.009830325841903687
131,nebDFT2k:mp-754292_1_7_0_0_0,inference_symmetrised,0.2623552978038788,0.30138619244098663,0.03903089463710785,0.009830325841903687
131,nebDFT2k:mp-754292_0_3_0_0_0,forward,0.9209744334220886,0.7319445610046387,0.18902987241744995,0.03393149375915527
131,nebDFT2k:mp-754292_0_3_0_0_0,reverse,0.9209744334220886,0.6980130672454834,0.22296136617660522,0.03393149375915527
131,nebDFT2k:mp-754292_0_3_0_0_0,inference_symmetrised,0.9209744334220886,0.714978814125061,0.2059956192970276,0.03393149375915527
131,nebDFT2k:mp-754292_0_3_1_0_0,forward,0.7782686352729797,0.572643518447876,0.20562511682510376,0.00830930471420288
131,nebDFT2k:mp-754292_0_3_1_0_0,reverse,0.7782686352729797,0.5643342137336731,0.21393442153930664,0.00830930471420288
131,nebDFT2k:mp-754292_0_3_1_0_0,inference_symmetrised,0.7782686352729797,0.5684888660907745,0.2097797691822052,0.00830930471420288
131,nebDFT2k:mp-754292_3_9_0_0_0,forward,0.2626491189002991,0.2963688373565674,0.03371971845626831,0.009846597909927368
131,nebDFT2k:mp-754292_3_9_0_0_0,reverse,0.2626491189002991,0.30621543526649475,0.04356631636619568,0.009846597909927368
131,nebDFT2k:mp-754292_3_9_0_0_0,inference_symmetrised,0.2626491189002991,0.30129213631153107,0.038643017411231995,0.009846597909927368
131,nebDFT2k:mp-754923_0_2_0_0_1,forward,0.42040032148361206,0.7872380018234253,0.36683768033981323,0.17055851221084595
131,nebDFT2k:mp-754923_0_2_0_0_1,reverse,0.42040032148361206,0.9577965140342712,0.5373961925506592,0.17055851221084595
131,nebDFT2k:mp-754923_0_2_0_0_1,inference_symmetrised,0.42040032148361206,0.8725172579288483,0.4521169364452362,0.17055851221084595
131,nebDFT2k:mp-755369_6_3_0_0_1,forward,2.607285737991333,2.1159231662750244,0.4913625717163086,0.01555180549621582
131,nebDFT2k:mp-755369_6_3_0_0_1,reverse,2.607285737991333,2.1003713607788086,0.5069143772125244,0.01555180549621582
131,nebDFT2k:mp-755369_6_3_0_0_1,inference_symmetrised,2.607285737991333,2.1081472635269165,0.4991384744644165,0.01555180549621582
131,nebDFT2k:mp-755369_6_0_1_0_1,forward,0.9742417335510254,0.7394118309020996,0.23482990264892578,0.1049034595489502
131,nebDFT2k:mp-755369_6_0_1_0_1,reverse,0.9742417335510254,0.8443152904510498,0.12992644309997559,0.1049034595489502
131,nebDFT2k:mp-755369_6_0_1_0_1,inference_symmetrised,0.9742417335510254,0.7918635606765747,0.18237817287445068,0.1049034595489502
131,nebDFT2k:mp-755369_11_7_0_1_0,forward,2.6194679737091064,2.17295503616333,0.44651293754577637,0.0655832290649414
131,nebDFT2k:mp-755369_11_7_0_1_0,reverse,2.6194679737091064,2.1073718070983887,0.5120961666107178,0.0655832290649414
131,nebDFT2k:mp-755369_11_7_0_1_0,inference_symmetrised,2.6194679737091064,2.1401634216308594,0.47930455207824707,0.0655832290649414
131,nebDFT2k:mp-755369_2_0_1_0_1,forward,2.918403148651123,2.1854946613311768,0.7329084873199463,0.0032913684844970703
131,nebDFT2k:mp-755369_2_0_1_0_1,reverse,2.918403148651123,2.1822032928466797,0.7361998558044434,0.0032913684844970703
131,nebDFT2k:mp-755369_2_0_1_0_1,inference_symmetrised,2.918403148651123,2.1838489770889282,0.7345541715621948,0.0032913684844970703
131,nebDFT2k:mp-755369_10_8_1_-1_0,forward,0.637105405330658,0.8111915588378906,0.17408615350723267,0.05327606201171875
131,nebDFT2k:mp-755369_10_8_1_-1_0,reverse,0.637105405330658,0.8644676208496094,0.22736221551895142,0.05327606201171875
131,nebDFT2k:mp-755369_10_8_1_-1_0,inference_symmetrised,0.637105405330658,0.83782958984375,0.20072418451309204,0.05327606201171875
131,nebDFT2k:mp-755369_1_4_0_0_1,forward,2.7418344020843506,2.1039276123046875,0.6379067897796631,0.0349278450012207
131,nebDFT2k:mp-755369_1_4_0_0_1,reverse,2.7418344020843506,2.068999767303467,0.6728346347808838,0.0349278450012207
131,nebDFT2k:mp-755369_1_4_0_0_1,inference_symmetrised,2.7418344020843506,2.086463689804077,0.6553707122802734,0.0349278450012207
131,nebDFT2k:mp-755369_3_5_1_1_0,forward,0.9749377965927124,0.7539741396903992,0.22096365690231323,0.011439144611358643
131,nebDFT2k:mp-755369_3_5_1_1_0,reverse,0.9749377965927124,0.7425349950790405,0.23240280151367188,0.011439144611358643
131,nebDFT2k:mp-755369_3_5_1_1_0,inference_symmetrised,0.9749377965927124,0.7482545673847198,0.22668322920799255,0.011439144611358643
131,nebDFT2k:mp-755839_0_5_0_0_0,forward,0.5476699471473694,0.5697312355041504,0.022061288356781006,0.0252382755279541
131,nebDFT2k:mp-755839_0_5_0_0_0,reverse,0.5476699471473694,0.5444929599761963,0.0031769871711730957,0.0252382755279541
131,nebDFT2k:mp-755839_0_5_0_0_0,inference_symmetrised,0.5476699471473694,0.5571120977401733,0.009442150592803955,0.0252382755279541
131,nebDFT2k:mp-756174_1_0_1_0_0,forward,0.6218590140342712,0.7240381836891174,0.10217916965484619,0.1013299822807312
131,nebDFT2k:mp-756174_1_0_1_0_0,reverse,0.6218590140342712,0.8253681659698486,0.2035091519355774,0.1013299822807312
131,nebDFT2k:mp-756174_1_0_1_0_0,inference_symmetrised,0.6218590140342712,0.774703174829483,0.1528441607952118,0.1013299822807312
131,nebDFT2k:mp-756174_0_1_0_0_0,forward,0.38954514265060425,0.6058832406997681,0.21633809804916382,0.07674938440322876
131,nebDFT2k:mp-756174_0_1_0_0_0,reverse,0.38954514265060425,0.6826326251029968,0.2930874824523926,0.07674938440322876
131,nebDFT2k:mp-756174_0_1_0_0_0,inference_symmetrised,0.38954514265060425,0.6442579329013824,0.2547127902507782,0.07674938440322876
131,nebDFT2k:mp-756912_1_1_1_0_0,forward,0.5701987743377686,1.9197677373886108,1.3495689630508423,0.10627782344818115
131,nebDFT2k:mp-756912_1_1_1_0_0,reverse,0.5701987743377686,1.8134899139404297,1.2432911396026611,0.10627782344818115
131,nebDFT2k:mp-756912_1_1_1_0_0,inference_symmetrised,0.5701987743377686,1.8666288256645203,1.2964300513267517,0.10627782344818115
131,nebDFT2k:mp-757068_0_1_0_0_0,forward,0.049742020666599274,0.3815332055091858,0.3317911848425865,0.07145673036575317
131,nebDFT2k:mp-757068_0_1_0_0_0,reverse,0.049742020666599274,0.45298993587493896,0.4032479152083397,0.07145673036575317
131,nebDFT2k:mp-757068_0_1_0_0_0,inference_symmetrised,0.049742020666599274,0.4172615706920624,0.3675195500254631,0.07145673036575317
131,nebDFT2k:mp-757461_1_2_0_1_0,forward,0.19807608425617218,0.8555599451065063,0.6574838608503342,0.18725287914276123
131,nebDFT2k:mp-757461_1_2_0_1_0,reverse,0.19807608425617218,1.0428128242492676,0.8447367399930954,0.18725287914276123
131,nebDFT2k:mp-757461_1_2_0_1_0,inference_symmetrised,0.19807608425617218,0.949186384677887,0.7511103004217148,0.18725287914276123
131,nebDFT2k:mp-757693_0_2_0_0_0,forward,0.40716037154197693,0.5298202633857727,0.12265989184379578,0.020245075225830078
131,nebDFT2k:mp-757693_0_2_0_0_0,reverse,0.40716037154197693,0.5095751881599426,0.1024148166179657,0.020245075225830078
131,nebDFT2k:mp-757693_0_2_0_0_0,inference_symmetrised,0.40716037154197693,0.5196977257728577,0.11253735423088074,0.020245075225830078
131,nebDFT2k:mp-757714_2_3_0_0_0,forward,0.05814062058925629,0.3528013825416565,0.2946607619524002,0.07161152362823486
131,nebDFT2k:mp-757714_2_3_0_0_0,reverse,0.05814062058925629,0.42441290616989136,0.36627228558063507,0.07161152362823486
131,nebDFT2k:mp-757714_2_3_0_0_0,inference_symmetrised,0.05814062058925629,0.3886071443557739,0.33046652376651764,0.07161152362823486
131,nebDFT2k:mp-757800_1_4_0_0_0,forward,1.2522964477539062,1.7711730003356934,0.5188765525817871,0.18496155738830566
131,nebDFT2k:mp-757800_1_4_0_0_0,reverse,1.2522964477539062,1.956134557723999,0.7038381099700928,0.18496155738830566
131,nebDFT2k:mp-757800_1_4_0_0_0,inference_symmetrised,1.2522964477539062,1.8636537790298462,0.6113573312759399,0.18496155738830566
131,nebDFT2k:mp-758282_1_1_1_0_0,forward,0.12165363132953644,0.29558151960372925,0.1739278882741928,0.011479079723358154
131,nebDFT2k:mp-758282_1_1_1_0_0,reverse,0.12165363132953644,0.3070605993270874,0.18540696799755096,0.011479079723358154
131,nebDFT2k:mp-758282_1_1_1_0_0,inference_symmetrised,0.12165363132953644,0.3013210594654083,0.1796674281358719,0.011479079723358154
131,nebDFT2k:mp-758282_0_2_0_0_0,forward,0.28606387972831726,0.29884758591651917,0.012783706188201904,0.0010245144367218018
131,nebDFT2k:mp-758282_0_2_0_0_0,reverse,0.28606387972831726,0.29782307147979736,0.011759191751480103,0.0010245144367218018
131,nebDFT2k:mp-758282_0_2_0_0_0,inference_symmetrised,0.28606387972831726,0.29833532869815826,0.012271448969841003,0.0010245144367218018
131,nebDFT2k:mp-758380_3_8_0_0_0,forward,2.9573986530303955,2.1658101081848145,0.791588544845581,0.11572408676147461
131,nebDFT2k:mp-758380_3_8_0_0_0,reverse,2.9573986530303955,2.281534194946289,0.6758644580841064,0.11572408676147461
131,nebDFT2k:mp-758380_3_8_0_0_0,inference_symmetrised,2.9573986530303955,2.2236721515655518,0.7337265014648438,0.11572408676147461
131,nebDFT2k:mp-758486_3_0_1_0_1,forward,0.44390058517456055,0.3616959750652313,0.08220461010932922,0.013875097036361694
131,nebDFT2k:mp-758486_3_0_1_0_1,reverse,0.44390058517456055,0.34782087802886963,0.09607970714569092,0.013875097036361694
131,nebDFT2k:mp-758486_3_0_1_0_1,inference_symmetrised,0.44390058517456055,0.3547584265470505,0.08914215862751007,0.013875097036361694
131,nebDFT2k:mp-758720_0_3_1_0_0,forward,0.4760017991065979,0.6949381232261658,0.21893632411956787,0.15640145540237427
131,nebDFT2k:mp-758720_0_3_1_0_0,reverse,0.4760017991065979,0.85133957862854,0.37533777952194214,0.15640145540237427
131,nebDFT2k:mp-758720_0_3_1_0_0,inference_symmetrised,0.4760017991065979,0.7731388509273529,0.297137051820755,0.15640145540237427
131,nebDFT2k:mp-758793_0_1_0_0_0,forward,0.22866390645503998,0.5493606925010681,0.32069678604602814,0.06581401824951172
131,nebDFT2k:mp-758793_0_1_0_0_0,reverse,0.22866390645503998,0.6151747107505798,0.38651080429553986,0.06581401824951172
131,nebDFT2k:mp-758793_0_1_0_0_0,inference_symmetrised,0.22866390645503998,0.582267701625824,0.353603795170784,0.06581401824951172
131,nebDFT2k:mp-759082_0_2_0_0_0,forward,0.825259804725647,1.2993087768554688,0.4740489721298218,0.030075550079345703
131,nebDFT2k:mp-759082_0_2_0_0_0,reverse,0.825259804725647,1.3293843269348145,0.5041245222091675,0.030075550079345703
131,nebDFT2k:mp-759082_0_2_0_0_0,inference_symmetrised,0.825259804725647,1.3143465518951416,0.48908674716949463,0.030075550079345703
131,nebDFT2k:mp-759082_0_2_1_0_0,forward,0.2511012852191925,0.4631235599517822,0.21202227473258972,0.10400021076202393
131,nebDFT2k:mp-759082_0_2_1_0_0,reverse,0.2511012852191925,0.5671237707138062,0.31602248549461365,0.10400021076202393
131,nebDFT2k:mp-759082_0_2_1_0_0,inference_symmetrised,0.2511012852191925,0.5151236653327942,0.2640223801136017,0.10400021076202393
131,nebDFT2k:mp-759082_1_0_0_1_0,forward,0.25766751170158386,0.40273958444595337,0.1450720727443695,0.008654534816741943
131,nebDFT2k:mp-759082_1_0_0_1_0,reverse,0.25766751170158386,0.4113941192626953,0.15372660756111145,0.008654534816741943
131,nebDFT2k:mp-759082_1_0_0_1_0,inference_symmetrised,0.25766751170158386,0.40706685185432434,0.14939934015274048,0.008654534816741943
131,nebDFT2k:mp-759132_4_3_0_0_1,forward,0.341912180185318,0.40841057896614075,0.06649839878082275,0.05485519766807556
131,nebDFT2k:mp-759132_4_3_0_0_1,reverse,0.341912180185318,0.4632657766342163,0.12135359644889832,0.05485519766807556
131,nebDFT2k:mp-759132_4_3_0_0_1,inference_symmetrised,0.341912180185318,0.43583817780017853,0.09392599761486053,0.05485519766807556
131,nebDFT2k:mp-759139_2_1_1_0_0,forward,0.70079106092453,0.8236969113349915,0.12290585041046143,0.06720525026321411
131,nebDFT2k:mp-759139_2_1_1_0_0,reverse,0.70079106092453,0.8909021615982056,0.19011110067367554,0.06720525026321411
131,nebDFT2k:mp-759139_2_1_1_0_0,inference_symmetrised,0.70079106092453,0.8572995364665985,0.15650847554206848,0.06720525026321411
131,nebDFT2k:mp-759220_0_15_0_0_0,forward,0.21688345074653625,0.4461151659488678,0.22923171520233154,0.07119736075401306
131,nebDFT2k:mp-759220_0_15_0_0_0,reverse,0.21688345074653625,0.5173125267028809,0.3004290759563446,0.07119736075401306
131,nebDFT2k:mp-759220_0_15_0_0_0,inference_symmetrised,0.21688345074653625,0.48171384632587433,0.2648303955793381,0.07119736075401306
131,nebDFT2k:mp-759229_3_6_0_1_0,forward,0.6168773174285889,0.8917130827903748,0.2748357653617859,0.33991438150405884
131,nebDFT2k:mp-759229_3_6_0_1_0,reverse,0.6168773174285889,1.2316274642944336,0.6147501468658447,0.33991438150405884
131,nebDFT2k:mp-759229_3_6_0_1_0,inference_symmetrised,0.6168773174285889,1.0616702735424042,0.4447929561138153,0.33991438150405884
131,nebDFT2k:mp-759244_7_6_1_0_0,forward,1.0818796157836914,1.3551641702651978,0.27328455448150635,0.19263756275177002
131,nebDFT2k:mp-759244_7_6_1_0_0,reverse,1.0818796157836914,1.1625266075134277,0.08064699172973633,0.19263756275177002
131,nebDFT2k:mp-759244_7_6_1_0_0,inference_symmetrised,1.0818796157836914,1.2588453888893127,0.17696577310562134,0.19263756275177002
131,nebDFT2k:mp-759244_6_10_0_0_1,forward,0.9319226145744324,1.2298948764801025,0.29797226190567017,0.14063501358032227
131,nebDFT2k:mp-759244_6_10_0_0_1,reverse,0.9319226145744324,1.0892598628997803,0.1573372483253479,0.14063501358032227
131,nebDFT2k:mp-759244_6_10_0_0_1,inference_symmetrised,0.9319226145744324,1.1595773696899414,0.22765475511550903,0.14063501358032227
131,nebDFT2k:mp-759244_0_2_0_0_0,forward,0.9603694081306458,1.073908805847168,0.11353939771652222,0.2686350345611572
131,nebDFT2k:mp-759244_0_2_0_0_0,reverse,0.9603694081306458,1.3425438404083252,0.38217443227767944,0.2686350345611572
131,nebDFT2k:mp-759244_0_2_0_0_0,inference_symmetrised,0.9603694081306458,1.2082263231277466,0.24785691499710083,0.2686350345611572
131,nebDFT2k:mp-759244_4_6_0_0_0,forward,0.9483169913291931,1.2667186260223389,0.31840163469314575,0.1518418788909912
131,nebDFT2k:mp-759244_4_6_0_0_0,reverse,0.9483169913291931,1.1148767471313477,0.16655975580215454,0.1518418788909912
131,nebDFT2k:mp-759244_4_6_0_0_0,inference_symmetrised,0.9483169913291931,1.1907976865768433,0.24248069524765015,0.1518418788909912
131,nebDFT2k:mp-759244_5_10_1_0_0,forward,0.9148608446121216,1.0051217079162598,0.09026086330413818,0.2357233762741089
131,nebDFT2k:mp-759244_5_10_1_0_0,reverse,0.9148608446121216,1.2408450841903687,0.32598423957824707,0.2357233762741089
131,nebDFT2k:mp-759244_5_10_1_0_0,inference_symmetrised,0.9148608446121216,1.1229833960533142,0.20812255144119263,0.2357233762741089
131,nebDFT2k:mp-759667_2_4_0_0_0,forward,0.3889327943325043,0.6889451146125793,0.3000123202800751,0.06568938493728638
131,nebDFT2k:mp-759667_2_4_0_0_0,reverse,0.3889327943325043,0.623255729675293,0.2343229353427887,0.06568938493728638
131,nebDFT2k:mp-759667_2_4_0_0_0,inference_symmetrised,0.3889327943325043,0.6561004221439362,0.2671676278114319,0.06568938493728638
131,nebDFT2k:mp-759667_3_4_0_1_0,forward,0.41363847255706787,0.4173251986503601,0.0036867260932922363,0.0017835497856140137
131,nebDFT2k:mp-759667_3_4_0_1_0,reverse,0.41363847255706787,0.4191087484359741,0.00547027587890625,0.0017835497856140137
131,nebDFT2k:mp-759667_3_4_0_1_0,inference_symmetrised,0.41363847255706787,0.4182169735431671,0.004578500986099243,0.0017835497856140137
131,nebDFT2k:mp-759667_2_1_1_1_0,forward,0.6992021203041077,1.0934855937957764,0.3942834734916687,0.046829938888549805
131,nebDFT2k:mp-759667_2_1_1_1_0,reverse,0.6992021203041077,1.0466556549072266,0.3474535346031189,0.046829938888549805
131,nebDFT2k:mp-759667_2_1_1_1_0,inference_symmetrised,0.6992021203041077,1.0700706243515015,0.3708685040473938,0.046829938888549805
131,nebDFT2k:mp-759753_4_0_0_0_1,forward,0.6141039729118347,0.45242375135421753,0.1616802215576172,0.0027375519275665283
131,nebDFT2k:mp-759753_4_0_0_0_1,reverse,0.6141039729118347,0.449686199426651,0.16441777348518372,0.0027375519275665283
131,nebDFT2k:mp-759753_4_0_0_0_1,inference_symmetrised,0.6141039729118347,0.45105497539043427,0.16304899752140045,0.0027375519275665283
131,nebDFT2k:mp-759783_2_3_1_0_0,forward,0.6149086356163025,1.1815125942230225,0.56660395860672,0.10359358787536621
131,nebDFT2k:mp-759783_2_3_1_0_0,reverse,0.6149086356163025,1.2851061820983887,0.6701975464820862,0.10359358787536621
131,nebDFT2k:mp-759783_2_3_1_0_0,inference_symmetrised,0.6149086356163025,1.2333093881607056,0.6184007525444031,0.10359358787536621
131,nebDFT2k:mp-759783_4_3_0_1_0,forward,0.2746150493621826,0.40020638704299927,0.12559133768081665,0.010861456394195557
131,nebDFT2k:mp-759783_4_3_0_1_0,reverse,0.2746150493621826,0.4110678434371948,0.1364527940750122,0.010861456394195557
131,nebDFT2k:mp-759783_4_3_0_1_0,inference_symmetrised,0.2746150493621826,0.40563711524009705,0.13102206587791443,0.010861456394195557
131,nebDFT2k:mp-760344_7_5_0_1_1,forward,1.048827052116394,0.6227731108665466,0.4260539412498474,0.04229503870010376
131,nebDFT2k:mp-760344_7_5_0_1_1,reverse,1.048827052116394,0.6650681495666504,0.38375890254974365,0.04229503870010376
131,nebDFT2k:mp-760344_7_5_0_1_1,inference_symmetrised,1.048827052116394,0.6439206302165985,0.40490642189979553,0.04229503870010376
131,nebDFT2k:mp-760344_4_8_0_0_0,forward,0.2822485864162445,0.29186320304870605,0.009614616632461548,0.018358170986175537
131,nebDFT2k:mp-760344_4_8_0_0_0,reverse,0.2822485864162445,0.3102213740348816,0.027972787618637085,0.018358170986175537
131,nebDFT2k:mp-760344_4_8_0_0_0,inference_symmetrised,0.2822485864162445,0.3010422885417938,0.018793702125549316,0.018358170986175537
131,nebDFT2k:mp-760344_6_8_0_1_0,forward,0.5260669589042664,0.3158486783504486,0.21021828055381775,0.006788343191146851
131,nebDFT2k:mp-760344_6_8_0_1_0,reverse,0.5260669589042664,0.32263702154159546,0.2034299373626709,0.006788343191146851
131,nebDFT2k:mp-760344_6_8_0_1_0,inference_symmetrised,0.5260669589042664,0.31924284994602203,0.20682410895824432,0.006788343191146851
131,nebDFT2k:mp-760344_4_6_1_-1_0,forward,1.0547842979431152,0.7241264581680298,0.33065783977508545,0.00125044584274292
131,nebDFT2k:mp-760344_4_6_1_-1_0,reverse,1.0547842979431152,0.7228760123252869,0.33190828561782837,0.00125044584274292
131,nebDFT2k:mp-760344_4_6_1_-1_0,inference_symmetrised,1.0547842979431152,0.7235012352466583,0.3312830626964569,0.00125044584274292
131,nebDFT2k:mp-760344_7_4_0_1_0,forward,0.6875642538070679,0.4341026544570923,0.2534615993499756,0.012964218854904175
131,nebDFT2k:mp-760344_7_4_0_1_0,reverse,0.6875642538070679,0.4211384356021881,0.26642581820487976,0.012964218854904175
131,nebDFT2k:mp-760344_7_4_0_1_0,inference_symmetrised,0.6875642538070679,0.4276205450296402,0.2599437087774277,0.012964218854904175
131,nebDFT2k:mp-760344_7_9_0_1_1,forward,0.5207509994506836,0.3147876262664795,0.2059633731842041,0.0055418312549591064
131,nebDFT2k:mp-760344_7_9_0_1_1,reverse,0.5207509994506836,0.3203294575214386,0.200421541929245,0.0055418312549591064
131,nebDFT2k:mp-760344_7_9_0_1_1,inference_symmetrised,0.5207509994506836,0.31755854189395905,0.20319245755672455,0.0055418312549591064
131,nebDFT2k:mp-760344_10_9_0_0_1,forward,1.8200701475143433,2.4557480812072754,0.6356779336929321,0.04480314254760742
131,nebDFT2k:mp-760344_10_9_0_0_1,reverse,1.8200701475143433,2.500551223754883,0.6804810762405396,0.04480314254760742
131,nebDFT2k:mp-760344_10_9_0_0_1,inference_symmetrised,1.8200701475143433,2.478149652481079,0.6580795049667358,0.04480314254760742
131,nebDFT2k:mp-760344_6_4_0_1_0,forward,0.6860505938529968,0.4031386077404022,0.2829119861125946,0.014617949724197388
131,nebDFT2k:mp-760344_6_4_0_1_0,reverse,0.6860505938529968,0.4177565574645996,0.2682940363883972,0.014617949724197388
131,nebDFT2k:mp-760344_6_4_0_1_0,inference_symmetrised,0.6860505938529968,0.4104475826025009,0.2756030112504959,0.014617949724197388
131,nebDFT2k:mp-760344_10_4_0_1_0,forward,0.5244383215904236,0.29183483123779297,0.23260349035263062,0.004504978656768799
131,nebDFT2k:mp-760344_10_4_0_1_0,reverse,0.5244383215904236,0.28732985258102417,0.23710846900939941,0.004504978656768799
131,nebDFT2k:mp-760344_10_4_0_1_0,inference_symmetrised,0.5244383215904236,0.28958234190940857,0.23485597968101501,0.004504978656768799
131,nebDFT2k:mp-760344_9_5_1_0_0,forward,0.2818312644958496,0.2770705819129944,0.004760682582855225,0.0001601576805114746
131,nebDFT2k:mp-760344_9_5_1_0_0,reverse,0.2818312644958496,0.27723073959350586,0.00460052490234375,0.0001601576805114746
131,nebDFT2k:mp-760344_9_5_1_0_0,inference_symmetrised,0.2818312644958496,0.2771506607532501,0.004680603742599487,0.0001601576805114746
131,nebDFT2k:mp-761094_0_2_0_0_1,forward,4.479324817657471,3.5850830078125,0.8942418098449707,0.045017242431640625
131,nebDFT2k:mp-761094_0_2_0_0_1,reverse,4.479324817657471,3.6301002502441406,0.8492245674133301,0.045017242431640625
131,nebDFT2k:mp-761094_0_2_0_0_1,inference_symmetrised,4.479324817657471,3.6075916290283203,0.8717331886291504,0.045017242431640625
131,nebDFT2k:mp-761094_1_5_0_1_0,forward,2.0980730056762695,2.4960832595825195,0.39801025390625,0.03424406051635742
131,nebDFT2k:mp-761094_1_5_0_1_0,reverse,2.0980730056762695,2.461839199066162,0.3637661933898926,0.03424406051635742
131,nebDFT2k:mp-761094_1_5_0_1_0,inference_symmetrised,2.0980730056762695,2.478961229324341,0.3808882236480713,0.03424406051635742
131,nebDFT2k:mp-761269_2_1_1_-1_0,forward,1.5785481929779053,2.041015863418579,0.46246767044067383,0.051347970962524414
131,nebDFT2k:mp-761269_2_1_1_-1_0,reverse,1.5785481929779053,2.0923638343811035,0.5138156414031982,0.051347970962524414
131,nebDFT2k:mp-761269_2_1_1_-1_0,inference_symmetrised,1.5785481929779053,2.0666898488998413,0.48814165592193604,0.051347970962524414
131,nebDFT2k:mp-761849_6_5_1_0_0,forward,0.6407798528671265,0.6759359836578369,0.03515613079071045,0.07233822345733643
131,nebDFT2k:mp-761849_6_5_1_0_0,reverse,0.6407798528671265,0.7482742071151733,0.10749435424804688,0.07233822345733643
131,nebDFT2k:mp-761849_6_5_1_0_0,inference_symmetrised,0.6407798528671265,0.7121050953865051,0.07132524251937866,0.07233822345733643
131,nebDFT2k:mp-761849_5_7_0_0_1,forward,0.30204570293426514,0.7603281140327454,0.4582824110984802,0.049441635608673096
131,nebDFT2k:mp-761849_5_7_0_0_1,reverse,0.30204570293426514,0.8097697496414185,0.5077240467071533,0.049441635608673096
131,nebDFT2k:mp-761849_5_7_0_0_1,inference_symmetrised,0.30204570293426514,0.7850489318370819,0.4830032289028168,0.049441635608673096
131,nebDFT2k:mp-762319_14_26_0_0_0,forward,0.28081613779067993,0.44113537669181824,0.1603192389011383,0.06039327383041382
131,nebDFT2k:mp-762319_14_26_0_0_0,reverse,0.28081613779067993,0.3807421028614044,0.09992596507072449,0.06039327383041382
131,nebDFT2k:mp-762319_14_26_0_0_0,inference_symmetrised,0.28081613779067993,0.41093873977661133,0.1301226019859314,0.06039327383041382
131,nebDFT2k:mp-763177_1_3_0_1_-1,forward,0.45973682403564453,0.9435522556304932,0.48381543159484863,0.16519808769226074
131,nebDFT2k:mp-763177_1_3_0_1_-1,reverse,0.45973682403564453,0.7783541679382324,0.3186173439025879,0.16519808769226074
131,nebDFT2k:mp-763177_1_3_0_1_-1,inference_symmetrised,0.45973682403564453,0.8609532117843628,0.40121638774871826,0.16519808769226074
131,nebDFT2k:mp-764867_1_8_0_1_1,forward,1.519494652748108,1.29189932346344,0.22759532928466797,0.02754199504852295
131,nebDFT2k:mp-764867_1_8_0_1_1,reverse,1.519494652748108,1.319441318511963,0.20005333423614502,0.02754199504852295
131,nebDFT2k:mp-764867_1_8_0_1_1,inference_symmetrised,1.519494652748108,1.3056703209877014,0.2138243317604065,0.02754199504852295
131,nebDFT2k:mp-765411_1_6_0_0_0,forward,0.46725958585739136,0.5127018094062805,0.04544222354888916,0.07954835891723633
131,nebDFT2k:mp-765411_1_6_0_0_0,reverse,0.46725958585739136,0.5922501683235168,0.12499058246612549,0.07954835891723633
131,nebDFT2k:mp-765411_1_6_0_0_0,inference_symmetrised,0.46725958585739136,0.5524759888648987,0.08521640300750732,0.07954835891723633
131,nebDFT2k:mp-765501_2_0_1_0_0,forward,2.584408760070801,1.6877096891403198,0.896699070930481,0.02109658718109131
131,nebDFT2k:mp-765501_2_0_1_0_0,reverse,2.584408760070801,1.7088062763214111,0.8756024837493896,0.02109658718109131
131,nebDFT2k:mp-765501_2_0_1_0_0,inference_symmetrised,2.584408760070801,1.6982579827308655,0.8861507773399353,0.02109658718109131
131,nebDFT2k:mp-765964_0_6_1_0_0,forward,1.0074282884597778,1.9106743335723877,0.9032460451126099,0.043309926986694336
131,nebDFT2k:mp-765964_0_6_1_0_0,reverse,1.0074282884597778,1.953984260559082,0.9465559720993042,0.043309926986694336
131,nebDFT2k:mp-765964_0_6_1_0_0,inference_symmetrised,1.0074282884597778,1.9323292970657349,0.924901008605957,0.043309926986694336
131,nebDFT2k:mp-766130_4_2_1_0_0,forward,1.5168014764785767,1.4508826732635498,0.06591880321502686,0.03325152397155762
131,nebDFT2k:mp-766130_4_2_1_0_0,reverse,1.5168014764785767,1.4176311492919922,0.09917032718658447,0.03325152397155762
131,nebDFT2k:mp-766130_4_2_1_0_0,inference_symmetrised,1.5168014764785767,1.434256911277771,0.08254456520080566,0.03325152397155762
131,nebDFT2k:mp-766612_6_10_0_0_0,forward,0.1816573143005371,0.29089370369911194,0.10923638939857483,0.029698938131332397
131,nebDFT2k:mp-766612_6_10_0_0_0,reverse,0.1816573143005371,0.26119476556777954,0.07953745126724243,0.029698938131332397
131,nebDFT2k:mp-766612_6_10_0_0_0,inference_symmetrised,0.1816573143005371,0.27604423463344574,0.09438692033290863,0.029698938131332397
131,nebDFT2k:mp-768421_3_7_0_0_0,forward,0.7170935273170471,0.5873359441757202,0.1297575831413269,0.013763844966888428
131,nebDFT2k:mp-768421_3_7_0_0_0,reverse,0.7170935273170471,0.6010997891426086,0.11599373817443848,0.013763844966888428
131,nebDFT2k:mp-768421_3_7_0_0_0,inference_symmetrised,0.7170935273170471,0.5942178666591644,0.12287566065788269,0.013763844966888428
131,nebDFT2k:mp-768433_7_19_0_0_0,forward,0.5162459015846252,0.5489029288291931,0.03265702724456787,0.06692147254943848
131,nebDFT2k:mp-768433_7_19_0_0_0,reverse,0.5162459015846252,0.6158244013786316,0.09957849979400635,0.06692147254943848
131,nebDFT2k:mp-768433_7_19_0_0_0,inference_symmetrised,0.5162459015846252,0.5823636651039124,0.06611776351928711,0.06692147254943848
131,nebDFT2k:mp-768508_3_7_0_0_0,forward,0.7297331094741821,0.43470337986946106,0.29502972960472107,0.09207019209861755
131,nebDFT2k:mp-768508_3_7_0_0_0,reverse,0.7297331094741821,0.5267735719680786,0.20295953750610352,0.09207019209861755
131,nebDFT2k:mp-768508_3_7_0_0_0,inference_symmetrised,0.7297331094741821,0.48073847591876984,0.2489946335554123,0.09207019209861755
131,nebDFT2k:mp-768738_3_2_1_1_0,forward,1.1438137292861938,0.5744723081588745,0.5693414211273193,0.0009173154830932617
131,nebDFT2k:mp-768738_3_2_1_1_0,reverse,1.1438137292861938,0.5735549926757812,0.5702587366104126,0.0009173154830932617
131,nebDFT2k:mp-768738_3_2_1_1_0,inference_symmetrised,1.1438137292861938,0.5740136504173279,0.569800078868866,0.0009173154830932617
131,nebDFT2k:mp-768843_14_11_0_1_1,forward,0.3818668723106384,0.57745361328125,0.19558674097061157,0.014651119709014893
131,nebDFT2k:mp-768843_14_11_0_1_1,reverse,0.3818668723106384,0.5628024935722351,0.18093562126159668,0.014651119709014893
131,nebDFT2k:mp-768843_14_11_0_1_1,inference_symmetrised,0.3818668723106384,0.5701280534267426,0.18826118111610413,0.014651119709014893
131,nebDFT2k:mp-769036_28_3_0_1_1,forward,0.43523257970809937,0.4478519558906555,0.012619376182556152,0.0019256770610809326
131,nebDFT2k:mp-769036_28_3_0_1_1,reverse,0.43523257970809937,0.44977763295173645,0.014545053243637085,0.0019256770610809326
131,nebDFT2k:mp-769036_28_3_0_1_1,inference_symmetrised,0.43523257970809937,0.448814794421196,0.013582214713096619,0.0019256770610809326
131,nebDFT2k:mp-769036_8_9_1_0_0,forward,0.42775994539260864,0.3894222676753998,0.03833767771720886,0.0034085214138031006
131,nebDFT2k:mp-769036_8_9_1_0_0,reverse,0.42775994539260864,0.3928307890892029,0.03492915630340576,0.0034085214138031006
131,nebDFT2k:mp-769036_8_9_1_0_0,inference_symmetrised,0.42775994539260864,0.39112652838230133,0.03663341701030731,0.0034085214138031006
131,nebDFT2k:mp-769036_8_10_0_0_0,forward,0.42633527517318726,0.3685484230518341,0.05778685212135315,0.0004101097583770752
131,nebDFT2k:mp-769036_8_10_0_0_0,reverse,0.42633527517318726,0.3689585328102112,0.057376742362976074,0.0004101097583770752
131,nebDFT2k:mp-769036_8_10_0_0_0,inference_symmetrised,0.42633527517318726,0.36875347793102264,0.05758179724216461,0.0004101097583770752
131,nebDFT2k:mp-770232_3_11_0_0_1,forward,0.5057204365730286,0.5406473875045776,0.03492695093154907,0.09386354684829712
131,nebDFT2k:mp-770232_3_11_0_0_1,reverse,0.5057204365730286,0.6345109343528748,0.1287904977798462,0.09386354684829712
131,nebDFT2k:mp-770232_3_11_0_0_1,inference_symmetrised,0.5057204365730286,0.5875791609287262,0.08185872435569763,0.09386354684829712
131,nebDFT2k:mp-770551_3_4_0_0_1,forward,0.399429053068161,0.3865310251712799,0.012898027896881104,0.01574110984802246
131,nebDFT2k:mp-770551_3_4_0_0_1,reverse,0.399429053068161,0.40227213501930237,0.0028430819511413574,0.01574110984802246
131,nebDFT2k:mp-770551_3_4_0_0_1,inference_symmetrised,0.399429053068161,0.39440158009529114,0.005027472972869873,0.01574110984802246
131,nebDFT2k:mp-770649_0_3_0_1_0,forward,0.4358738660812378,0.4331243336200714,0.002749532461166382,0.04363688826560974
131,nebDFT2k:mp-770649_0_3_0_1_0,reverse,0.4358738660812378,0.47676122188568115,0.04088735580444336,0.04363688826560974
131,nebDFT2k:mp-770649_0_3_0_1_0,inference_symmetrised,0.4358738660812378,0.4549427777528763,0.01906891167163849,0.04363688826560974
131,nebDFT2k:mp-770749_2_4_0_0_0,forward,0.3400055170059204,0.4615166485309601,0.12151113152503967,0.0028946995735168457
131,nebDFT2k:mp-770749_2_4_0_0_0,reverse,0.3400055170059204,0.45862194895744324,0.11861643195152283,0.0028946995735168457
131,nebDFT2k:mp-770749_2_4_0_0_0,inference_symmetrised,0.3400055170059204,0.46006929874420166,0.12006378173828125,0.0028946995735168457
131,nebDFT2k:mp-770861_11_9_0_1_0,forward,0.8088666796684265,0.9985824823379517,0.18971580266952515,0.10757273435592651
131,nebDFT2k:mp-770861_11_9_0_1_0,reverse,0.8088666796684265,0.8910097479820251,0.08214306831359863,0.10757273435592651
131,nebDFT2k:mp-770861_11_9_0_1_0,inference_symmetrised,0.8088666796684265,0.9447961151599884,0.1359294354915619,0.10757273435592651
131,nebDFT2k:mp-770876_2_3_0_1_0,forward,1.0284104347229004,1.1962000131607056,0.16778957843780518,0.0056809186935424805
131,nebDFT2k:mp-770876_2_3_0_1_0,reverse,1.0284104347229004,1.201880931854248,0.17347049713134766,0.0056809186935424805
131,nebDFT2k:mp-770876_2_3_0_1_0,inference_symmetrised,1.0284104347229004,1.1990404725074768,0.17063003778457642,0.0056809186935424805
131,nebDFT2k:mp-770921_0_4_0_1_0,forward,0.37256544828414917,0.44520121812820435,0.07263576984405518,0.0046662092208862305
131,nebDFT2k:mp-770921_0_4_0_1_0,reverse,0.37256544828414917,0.4498674273490906,0.0773019790649414,0.0046662092208862305
131,nebDFT2k:mp-770921_0_4_0_1_0,inference_symmetrised,0.37256544828414917,0.44753432273864746,0.07496887445449829,0.0046662092208862305
131,nebDFT2k:mp-770939_10_9_1_0_0,forward,0.40068763494491577,0.4567910432815552,0.056103408336639404,0.22977030277252197
131,nebDFT2k:mp-770939_10_9_1_0_0,reverse,0.40068763494491577,0.6865613460540771,0.2858737111091614,0.22977030277252197
131,nebDFT2k:mp-770939_10_9_1_0_0,inference_symmetrised,0.40068763494491577,0.5716761946678162,0.1709885597229004,0.22977030277252197
131,nebDFT2k:mp-770939_2_10_0_0_0,forward,0.47966933250427246,0.3113957643508911,0.16827356815338135,0.022626250982284546
131,nebDFT2k:mp-770939_2_10_0_0_0,reverse,0.47966933250427246,0.33402201533317566,0.1456473171710968,0.022626250982284546
131,nebDFT2k:mp-770939_2_10_0_0_0,inference_symmetrised,0.47966933250427246,0.3227088898420334,0.15696044266223907,0.022626250982284546
131,nebDFT2k:mp-770939_10_1_1_0_1,forward,0.33471783995628357,0.28790831565856934,0.04680952429771423,0.03351089358329773
131,nebDFT2k:mp-770939_10_1_1_0_1,reverse,0.33471783995628357,0.32141920924186707,0.013298630714416504,0.03351089358329773
131,nebDFT2k:mp-770939_10_1_1_0_1,inference_symmetrised,0.33471783995628357,0.3046637624502182,0.03005407750606537,0.03351089358329773
131,nebDFT2k:mp-770939_3_11_1_0_0,forward,0.4799911677837372,0.31127074360847473,0.16872042417526245,0.02255314588546753
131,nebDFT2k:mp-770939_3_11_1_0_0,reverse,0.4799911677837372,0.33382388949394226,0.14616727828979492,0.02255314588546753
131,nebDFT2k:mp-770939_3_11_1_0_0,inference_symmetrised,0.4799911677837372,0.3225473165512085,0.1574438512325287,0.02255314588546753
131,nebDFT2k:mp-770939_11_0_0_0_1,forward,0.33606410026550293,0.28820177912712097,0.04786232113838196,0.03360304236412048
131,nebDFT2k:mp-770939_11_0_0_0_1,reverse,0.33606410026550293,0.32180482149124146,0.014259278774261475,0.03360304236412048
131,nebDFT2k:mp-770939_11_0_0_0_1,inference_symmetrised,0.33606410026550293,0.3050033003091812,0.031060799956321716,0.03360304236412048
131,nebDFT2k:mp-770939_2_5_0_0_1,forward,0.3350597321987152,0.31117892265319824,0.023880809545516968,0.010979980230331421
131,nebDFT2k:mp-770939_2_5_0_0_1,reverse,0.3350597321987152,0.3001989424228668,0.03486078977584839,0.010979980230331421
131,nebDFT2k:mp-770939_2_5_0_0_1,inference_symmetrised,0.3350597321987152,0.30568893253803253,0.029370799660682678,0.010979980230331421
131,nebDFT2k:mp-770939_8_11_0_0_0,forward,0.391576886177063,0.48836082220077515,0.09678393602371216,0.17482829093933105
131,nebDFT2k:mp-770939_8_11_0_0_0,reverse,0.391576886177063,0.6631891131401062,0.2716122269630432,0.17482829093933105
131,nebDFT2k:mp-770939_8_11_0_0_0,inference_symmetrised,0.391576886177063,0.5757749676704407,0.18419808149337769,0.17482829093933105
131,nebDFT2k:mp-770939_2_6_0_0_1,forward,0.3225223422050476,0.3124449849128723,0.010077357292175293,0.011117935180664062
131,nebDFT2k:mp-770939_2_6_0_0_1,reverse,0.3225223422050476,0.30132704973220825,0.021195292472839355,0.011117935180664062
131,nebDFT2k:mp-770939_2_6_0_0_1,inference_symmetrised,0.3225223422050476,0.3068860173225403,0.015636324882507324,0.011117935180664062
131,nebDFT2k:mp-770939_2_9_0_0_0,forward,0.13303782045841217,0.2844318449497223,0.15139402449131012,0.0017991065979003906
131,nebDFT2k:mp-770939_2_9_0_0_0,reverse,0.13303782045841217,0.2826327383518219,0.14959491789340973,0.0017991065979003906
131,nebDFT2k:mp-770939_2_9_0_0_0,inference_symmetrised,0.13303782045841217,0.2835322916507721,0.15049447119235992,0.0017991065979003906
131,nebDFT2k:mp-771011_2_1_1_-1_0,forward,0.6420322060585022,0.4267924726009369,0.2152397334575653,0.010454922914505005
131,nebDFT2k:mp-771011_2_1_1_-1_0,reverse,0.6420322060585022,0.4372473955154419,0.2047848105430603,0.010454922914505005
131,nebDFT2k:mp-771011_2_1_1_-1_0,inference_symmetrised,0.6420322060585022,0.4320199340581894,0.2100122720003128,0.010454922914505005
131,nebDFT2k:mp-771011_3_0_1_-1_0,forward,0.6453012228012085,0.4647497832775116,0.1805514395236969,0.0004817843437194824
131,nebDFT2k:mp-771011_3_0_1_-1_0,reverse,0.6453012228012085,0.4652315676212311,0.18006965517997742,0.0004817843437194824
131,nebDFT2k:mp-771011_3_0_1_-1_0,inference_symmetrised,0.6453012228012085,0.46499067544937134,0.18031054735183716,0.0004817843437194824
131,nebDFT2k:mp-771019_2_5_1_1_0,forward,0.09585042297840118,0.334405779838562,0.23855535686016083,0.006991267204284668
131,nebDFT2k:mp-771019_2_5_1_1_0,reverse,0.09585042297840118,0.3413970470428467,0.2455466240644455,0.006991267204284668
131,nebDFT2k:mp-771019_2_5_1_1_0,inference_symmetrised,0.09585042297840118,0.33790141344070435,0.24205099046230316,0.006991267204284668
131,nebDFT2k:mp-771821_0_2_0_0_0,forward,0.1138739287853241,0.31111472845077515,0.19724079966545105,0.01739475131034851
131,nebDFT2k:mp-771821_0_2_0_0_0,reverse,0.1138739287853241,0.32850947976112366,0.21463555097579956,0.01739475131034851
131,nebDFT2k:mp-771821_0_2_0_0_0,inference_symmetrised,0.1138739287853241,0.3198121041059494,0.2059381753206253,0.01739475131034851
131,nebDFT2k:mp-771906_1_0_1_0_0,forward,0.4369984269142151,0.42236846685409546,0.014629960060119629,0.018964558839797974
131,nebDFT2k:mp-771906_1_0_1_0_0,reverse,0.4369984269142151,0.44133302569389343,0.004334598779678345,0.018964558839797974
131,nebDFT2k:mp-771906_1_0_1_0_0,inference_symmetrised,0.4369984269142151,0.43185074627399445,0.005147680640220642,0.018964558839797974
131,nebDFT2k:mp-772502_1_2_0_0_0,forward,1.4095782041549683,1.3108274936676025,0.09875071048736572,0.1902024745941162
131,nebDFT2k:mp-772502_1_2_0_0_0,reverse,1.4095782041549683,1.1206250190734863,0.28895318508148193,0.1902024745941162
131,nebDFT2k:mp-772502_1_2_0_0_0,inference_symmetrised,1.4095782041549683,1.2157262563705444,0.19385194778442383,0.1902024745941162
131,nebDFT2k:mp-772542_0_2_0_0_0,forward,0.24687078595161438,0.5734468102455139,0.32657602429389954,0.29482531547546387
131,nebDFT2k:mp-772542_0_2_0_0_0,reverse,0.24687078595161438,0.8682721257209778,0.6214013397693634,0.29482531547546387
131,nebDFT2k:mp-772542_0_2_0_0_0,inference_symmetrised,0.24687078595161438,0.7208594679832458,0.47398868203163147,0.29482531547546387
131,nebDFT2k:mp-772613_0_1_0_0_0,forward,0.4315532147884369,0.6938151121139526,0.26226189732551575,0.0380282998085022
131,nebDFT2k:mp-772613_0_1_0_0_0,reverse,0.4315532147884369,0.7318434119224548,0.30029019713401794,0.0380282998085022
131,nebDFT2k:mp-772613_0_1_0_0_0,inference_symmetrised,0.4315532147884369,0.7128292620182037,0.28127604722976685,0.0380282998085022
131,nebDFT2k:mp-772658_3_3_1_0_0,forward,1.721060872077942,1.1262842416763306,0.5947766304016113,0.009494304656982422
131,nebDFT2k:mp-772658_3_3_1_0_0,reverse,1.721060872077942,1.1167899370193481,0.6042709350585938,0.009494304656982422
131,nebDFT2k:mp-772658_3_3_1_0_0,inference_symmetrised,1.721060872077942,1.1215370893478394,0.5995237827301025,0.009494304656982422
131,nebDFT2k:mp-772851_6_10_0_1_0,forward,0.6534039378166199,0.5456331968307495,0.10777074098587036,0.015045404434204102
131,nebDFT2k:mp-772851_6_10_0_1_0,reverse,0.6534039378166199,0.5606786012649536,0.09272533655166626,0.015045404434204102
131,nebDFT2k:mp-772851_6_10_0_1_0,inference_symmetrised,0.6534039378166199,0.5531558990478516,0.10024803876876831,0.015045404434204102
131,nebDFT2k:mp-772981_0_2_0_0_0,forward,1.138868808746338,1.2327077388763428,0.09383893013000488,0.019913673400878906
131,nebDFT2k:mp-772981_0_2_0_0_0,reverse,1.138868808746338,1.2127940654754639,0.07392525672912598,0.019913673400878906
131,nebDFT2k:mp-772981_0_2_0_0_0,inference_symmetrised,1.138868808746338,1.2227509021759033,0.08388209342956543,0.019913673400878906
131,nebDFT2k:mp-772981_1_2_0_0_0,forward,3.077207326889038,2.053101062774658,1.0241062641143799,0.013022422790527344
131,nebDFT2k:mp-772981_1_2_0_0_0,reverse,3.077207326889038,2.0661234855651855,1.0110838413238525,0.013022422790527344
131,nebDFT2k:mp-772981_1_2_0_0_0,inference_symmetrised,3.077207326889038,2.059612274169922,1.0175950527191162,0.013022422790527344
131,nebDFT2k:mp-774843_2_3_0_0_0,forward,1.0624136924743652,0.7464674711227417,0.31594622135162354,0.035096168518066406
131,nebDFT2k:mp-774843_2_3_0_0_0,reverse,1.0624136924743652,0.7815636396408081,0.28085005283355713,0.035096168518066406
131,nebDFT2k:mp-774843_2_3_0_0_0,inference_symmetrised,1.0624136924743652,0.7640155553817749,0.29839813709259033,0.035096168518066406
131,nebDFT2k:mp-774843_2_3_1_0_0,forward,0.8142358660697937,0.49889954924583435,0.31533631682395935,0.03656074404716492
131,nebDFT2k:mp-774843_2_3_1_0_0,reverse,0.8142358660697937,0.5354602932929993,0.27877557277679443,0.03656074404716492
131,nebDFT2k:mp-774843_2_3_1_0_0,inference_symmetrised,0.8142358660697937,0.5171799212694168,0.2970559448003769,0.03656074404716492
131,nebDFT2k:mp-774843_2_3_0_1_0,forward,0.8414992690086365,0.8175220489501953,0.023977220058441162,0.026018142700195312
131,nebDFT2k:mp-774843_2_3_0_1_0,reverse,0.8414992690086365,0.8435401916503906,0.0020409226417541504,0.026018142700195312
131,nebDFT2k:mp-774843_2_3_0_1_0,inference_symmetrised,0.8414992690086365,0.830531120300293,0.010968148708343506,0.026018142700195312
131,nebDFT2k:mp-774843_2_0_0_1_0,forward,3.6757445335388184,3.613658905029297,0.062085628509521484,0.17757272720336914
131,nebDFT2k:mp-774843_2_0_0_1_0,reverse,3.6757445335388184,3.791231632232666,0.11548709869384766,0.17757272720336914
131,nebDFT2k:mp-774843_2_0_0_1_0,inference_symmetrised,3.6757445335388184,3.7024452686309814,0.026700735092163086,0.17757272720336914
131,nebDFT2k:mp-774843_0_1_0_0_0,forward,0.8201401233673096,0.6776697039604187,0.14247041940689087,0.03243124485015869
131,nebDFT2k:mp-774843_0_1_0_0_0,reverse,0.8201401233673096,0.64523845911026,0.17490166425704956,0.03243124485015869
131,nebDFT2k:mp-774843_0_1_0_0_0,inference_symmetrised,0.8201401233673096,0.6614540815353394,0.15868604183197021,0.03243124485015869
131,nebDFT2k:mp-774946_0_2_0_0_0,forward,0.6453417539596558,0.628242015838623,0.017099738121032715,0.036889076232910156
131,nebDFT2k:mp-774946_0_2_0_0_0,reverse,0.6453417539596558,0.5913529396057129,0.05398881435394287,0.036889076232910156
131,nebDFT2k:mp-774946_0_2_0_0_0,inference_symmetrised,0.6453417539596558,0.609797477722168,0.03554427623748779,0.036889076232910156
131,nebDFT2k:mp-775195_1_5_0_1_0,forward,0.11352421343326569,0.28958556056022644,0.17606134712696075,0.0014213621616363525
131,nebDFT2k:mp-775195_1_5_0_1_0,reverse,0.11352421343326569,0.2881641983985901,0.1746399849653244,0.0014213621616363525
131,nebDFT2k:mp-775195_1_5_0_1_0,inference_symmetrised,0.11352421343326569,0.28887487947940826,0.17535066604614258,0.0014213621616363525
131,nebDFT2k:mp-776519_1_0_0_1_0,forward,1.0567388534545898,0.8772292137145996,0.17950963973999023,0.028892874717712402
131,nebDFT2k:mp-776519_1_0_0_1_0,reverse,1.0567388534545898,0.906122088432312,0.15061676502227783,0.028892874717712402
131,nebDFT2k:mp-776519_1_0_0_1_0,inference_symmetrised,1.0567388534545898,0.8916756510734558,0.16506320238113403,0.028892874717712402
131,nebDFT2k:mp-776806_0_1_0_0_0,forward,0.8505998849868774,0.7955597043037415,0.055040180683135986,0.007085025310516357
131,nebDFT2k:mp-776806_0_1_0_0_0,reverse,0.8505998849868774,0.7884746789932251,0.062125205993652344,0.007085025310516357
131,nebDFT2k:mp-776806_0_1_0_0_0,inference_symmetrised,0.8505998849868774,0.7920171916484833,0.058582693338394165,0.007085025310516357
131,nebDFT2k:mp-776806_3_2_1_1_0,forward,0.6594776511192322,0.7025736570358276,0.04309600591659546,0.031391024589538574
131,nebDFT2k:mp-776806_3_2_1_1_0,reverse,0.6594776511192322,0.6711826324462891,0.011704981327056885,0.031391024589538574
131,nebDFT2k:mp-776806_3_2_1_1_0,inference_symmetrised,0.6594776511192322,0.6868781447410583,0.027400493621826172,0.031391024589538574
131,nebDFT2k:mp-777279_19_7_1_0_0,forward,0.389350026845932,0.6554515957832336,0.26610156893730164,0.08815944194793701
131,nebDFT2k:mp-777279_19_7_1_0_0,reverse,0.389350026845932,0.7436110377311707,0.35426101088523865,0.08815944194793701
131,nebDFT2k:mp-777279_19_7_1_0_0,inference_symmetrised,0.389350026845932,0.6995313167572021,0.31018128991127014,0.08815944194793701
131,nebDFT2k:mp-777670_0_1_0_0_0,forward,0.7413540482521057,0.8026697635650635,0.061315715312957764,0.00015223026275634766
131,nebDFT2k:mp-777670_0_1_0_0_0,reverse,0.7413540482521057,0.8025175333023071,0.061163485050201416,0.00015223026275634766
131,nebDFT2k:mp-777670_0_1_0_0_0,inference_symmetrised,0.7413540482521057,0.8025936484336853,0.06123960018157959,0.00015223026275634766
131,nebDFT2k:mp-777670_0_2_0_1_0,forward,4.522794723510742,3.4602041244506836,1.0625905990600586,0.2847871780395508
131,nebDFT2k:mp-777670_0_2_0_1_0,reverse,4.522794723510742,3.175416946411133,1.3473777770996094,0.2847871780395508
131,nebDFT2k:mp-777670_0_2_0_1_0,inference_symmetrised,4.522794723510742,3.317810535430908,1.204984188079834,0.2847871780395508
131,nebDFT2k:mp-777670_1_0_0_1_0,forward,0.6251729130744934,0.7534623742103577,0.12828946113586426,0.03485161066055298
131,nebDFT2k:mp-777670_1_0_0_1_0,reverse,0.6251729130744934,0.7883139848709106,0.16314107179641724,0.03485161066055298
131,nebDFT2k:mp-777670_1_0_0_1_0,inference_symmetrised,0.6251729130744934,0.7708881795406342,0.14571526646614075,0.03485161066055298
131,nebDFT2k:mp-778325_0_1_0_0_0,forward,0.6744814515113831,0.9033814668655396,0.2289000153541565,0.000996410846710205
131,nebDFT2k:mp-778325_0_1_0_0_0,reverse,0.6744814515113831,0.9043778777122498,0.2298964262008667,0.000996410846710205
131,nebDFT2k:mp-778325_0_1_0_0_0,inference_symmetrised,0.6744814515113831,0.9038796722888947,0.2293982207775116,0.000996410846710205
131,nebDFT2k:mp-778830_1_9_1_1_0,forward,0.25904756784439087,0.47200047969818115,0.21295291185379028,0.00796729326248169
131,nebDFT2k:mp-778830_1_9_1_1_0,reverse,0.25904756784439087,0.47996777296066284,0.22092020511627197,0.00796729326248169
131,nebDFT2k:mp-778830_1_9_1_1_0,inference_symmetrised,0.25904756784439087,0.475984126329422,0.21693655848503113,0.00796729326248169
131,nebDFT2k:mp-778830_4_0_1_-1_-1,forward,0.2582642734050751,0.48454156517982483,0.22627729177474976,0.013567537069320679
131,nebDFT2k:mp-778830_4_0_1_-1_-1,reverse,0.2582642734050751,0.47097402811050415,0.21270975470542908,0.013567537069320679
131,nebDFT2k:mp-778830_4_0_1_-1_-1,inference_symmetrised,0.2582642734050751,0.4777577966451645,0.21949352324008942,0.013567537069320679
131,nebDFT2k:mp-779432_2_7_0_1_0,forward,0.17155316472053528,0.3597470819950104,0.1881939172744751,0.011609494686126709
131,nebDFT2k:mp-779432_2_7_0_1_0,reverse,0.17155316472053528,0.3713565766811371,0.1998034119606018,0.011609494686126709
131,nebDFT2k:mp-779432_2_7_0_1_0,inference_symmetrised,0.17155316472053528,0.36555182933807373,0.19399866461753845,0.011609494686126709
131,nebDFT2k:mp-779720_1_4_0_0_0,forward,0.3813576102256775,0.3663845956325531,0.01497301459312439,0.02350631356239319
131,nebDFT2k:mp-779720_1_4_0_0_0,reverse,0.3813576102256775,0.3898909091949463,0.008533298969268799,0.02350631356239319
131,nebDFT2k:mp-779720_1_4_0_0_0,inference_symmetrised,0.3813576102256775,0.3781377524137497,0.0032198578119277954,0.02350631356239319
131,nebDFT2k:mp-779720_0_6_0_0_0,forward,0.876657247543335,0.5182069540023804,0.3584502935409546,0.015330612659454346
131,nebDFT2k:mp-779720_0_6_0_0_0,reverse,0.876657247543335,0.5335375666618347,0.34311968088150024,0.015330612659454346
131,nebDFT2k:mp-779720_0_6_0_0_0,inference_symmetrised,0.876657247543335,0.5258722603321075,0.3507849872112274,0.015330612659454346
131,nebDFT2k:mp-779720_12_22_0_0_0,forward,0.6643123030662537,0.476283460855484,0.18802884221076965,0.005470067262649536
131,nebDFT2k:mp-779720_12_22_0_0_0,reverse,0.6643123030662537,0.4708133935928345,0.1934989094734192,0.005470067262649536
131,nebDFT2k:mp-779720_12_22_0_0_0,inference_symmetrised,0.6643123030662537,0.47354842722415924,0.19076387584209442,0.005470067262649536
131,nebDFT2k:mp-779720_4_8_0_1_0,forward,0.4980355501174927,0.5362883806228638,0.038252830505371094,0.022661566734313965
131,nebDFT2k:mp-779720_4_8_0_1_0,reverse,0.4980355501174927,0.5589499473571777,0.06091439723968506,0.022661566734313965
131,nebDFT2k:mp-779720_4_8_0_1_0,inference_symmetrised,0.4980355501174927,0.5476191639900208,0.049583613872528076,0.022661566734313965
131,nebDFT2k:mp-781596_1_3_0_1_0,forward,0.12982939183712006,0.4543799161911011,0.324550524353981,0.007943809032440186
131,nebDFT2k:mp-781596_1_3_0_1_0,reverse,0.12982939183712006,0.46232372522354126,0.3324943333864212,0.007943809032440186
131,nebDFT2k:mp-781596_1_3_0_1_0,inference_symmetrised,0.12982939183712006,0.45835182070732117,0.3285224288702011,0.007943809032440186
131,nebDFT2k:mp-849351_1_0_1_0_-1,forward,1.591550588607788,0.3116404414176941,1.279910147190094,0.0003511011600494385
131,nebDFT2k:mp-849351_1_0_1_0_-1,reverse,1.591550588607788,0.31128934025764465,1.2802612483501434,0.0003511011600494385
131,nebDFT2k:mp-849351_1_0_1_0_-1,inference_symmetrised,1.591550588607788,0.3114648908376694,1.2800856977701187,0.0003511011600494385
131,nebDFT2k:mp-849386_8_8_1_0_0,forward,1.0149714946746826,0.7637740969657898,0.2511973977088928,0.1262384057044983
131,nebDFT2k:mp-849386_8_8_1_0_0,reverse,1.0149714946746826,0.8900125026702881,0.12495899200439453,0.1262384057044983
131,nebDFT2k:mp-849386_8_8_1_0_0,inference_symmetrised,1.0149714946746826,0.8268932998180389,0.18807819485664368,0.1262384057044983
131,nebDFT2k:mp-850532_0_1_0_1_0,forward,0.5237549543380737,0.5762388706207275,0.05248391628265381,0.0014253854751586914
131,nebDFT2k:mp-850532_0_1_0_1_0,reverse,0.5237549543380737,0.5776642560958862,0.0539093017578125,0.0014253854751586914
131,nebDFT2k:mp-850532_0_1_0_1_0,inference_symmetrised,0.5237549543380737,0.5769515633583069,0.053196609020233154,0.0014253854751586914
167,nebDFT2k:mp-1020056_0_0_1_1_0,forward,2.066868543624878,3.573237180709839,1.506368637084961,0.19908595085144043
167,nebDFT2k:mp-1020056_0_0_1_1_0,reverse,2.066868543624878,3.7723231315612793,1.7054545879364014,0.19908595085144043
167,nebDFT2k:mp-1020056_0_0_1_1_0,inference_symmetrised,2.066868543624878,3.672780156135559,1.6059116125106812,0.19908595085144043
167,nebDFT2k:mp-1020056_0_2_1_0_0,forward,0.13001933693885803,0.6754223108291626,0.5454029738903046,0.02260720729827881
167,nebDFT2k:mp-1020056_0_2_1_0_0,reverse,0.13001933693885803,0.6980295181274414,0.5680101811885834,0.02260720729827881
167,nebDFT2k:mp-1020056_0_2_1_0_0,inference_symmetrised,0.13001933693885803,0.686725914478302,0.556706577539444,0.02260720729827881
167,nebDFT2k:mp-1020056_2_2_1_1_0,forward,1.452639102935791,3.547229766845703,2.094590663909912,0.2527766227722168
167,nebDFT2k:mp-1020056_2_2_1_1_0,reverse,1.452639102935791,3.80000638961792,2.347367286682129,0.2527766227722168
167,nebDFT2k:mp-1020056_2_2_1_1_0,inference_symmetrised,1.452639102935791,3.6736180782318115,2.2209789752960205,0.2527766227722168
167,nebDFT2k:mp-1147726_4_6_1_0_0,forward,0.1745581477880478,0.30568790435791016,0.13112975656986237,0.0015892982482910156
167,nebDFT2k:mp-1147726_4_6_1_0_0,reverse,0.1745581477880478,0.30409860610961914,0.12954045832157135,0.0015892982482910156
167,nebDFT2k:mp-1147726_4_6_1_0_0,inference_symmetrised,0.1745581477880478,0.30489325523376465,0.13033510744571686,0.0015892982482910156
167,nebDFT2k:mp-1174212_5_7_0_0_0,forward,0.8727639317512512,0.3363269865512848,0.5364369451999664,0.0026901662349700928
167,nebDFT2k:mp-1174212_5_7_0_0_0,reverse,0.8727639317512512,0.3390171527862549,0.5337467789649963,0.0026901662349700928
167,nebDFT2k:mp-1174212_5_7_0_0_0,inference_symmetrised,0.8727639317512512,0.33767206966876984,0.5350918620824814,0.0026901662349700928
167,nebDFT2k:mp-1175313_9_13_0_0_0,forward,0.5736613869667053,0.315639466047287,0.25802192091941833,0.03737941384315491
167,nebDFT2k:mp-1175313_9_13_0_0_0,reverse,0.5736613869667053,0.3530188798904419,0.22064250707626343,0.03737941384315491
167,nebDFT2k:mp-1175313_9_13_0_0_0,inference_symmetrised,0.5736613869667053,0.33432917296886444,0.23933221399784088,0.03737941384315491
167,nebDFT2k:mp-1175624_0_3_0_1_0,forward,0.40710362792015076,0.3511599600315094,0.05594366788864136,0.00630524754524231
167,nebDFT2k:mp-1175624_0_3_0_1_0,reverse,0.40710362792015076,0.3448547124862671,0.06224891543388367,0.00630524754524231
167,nebDFT2k:mp-1175624_0_3_0_1_0,inference_symmetrised,0.40710362792015076,0.34800733625888824,0.05909629166126251,0.00630524754524231
167,nebDFT2k:mp-1175840_1_1_1_0_0,forward,2.172025442123413,1.9827179908752441,0.18930745124816895,0.026350736618041992
167,nebDFT2k:mp-1175840_1_1_1_0_0,reverse,2.172025442123413,2.009068727493286,0.16295671463012695,0.026350736618041992
167,nebDFT2k:mp-1175840_1_1_1_0_0,inference_symmetrised,2.172025442123413,1.9958933591842651,0.17613208293914795,0.026350736618041992
167,nebDFT2k:mp-1176566_0_2_0_0_0,forward,0.17504152655601501,0.31472402811050415,0.13968250155448914,0.00026234984397888184
167,nebDFT2k:mp-1176566_0_2_0_0_0,reverse,0.17504152655601501,0.31498637795448303,0.13994485139846802,0.00026234984397888184
167,nebDFT2k:mp-1176566_0_2_0_0_0,inference_symmetrised,0.17504152655601501,0.3148552030324936,0.13981367647647858,0.00026234984397888184
167,nebDFT2k:mp-1176566_0_2_0_1_0,forward,2.848614454269409,2.064483880996704,0.7841305732727051,0.016042470932006836
167,nebDFT2k:mp-1176566_0_2_0_1_0,reverse,2.848614454269409,2.0484414100646973,0.8001730442047119,0.016042470932006836
167,nebDFT2k:mp-1176566_0_2_0_1_0,inference_symmetrised,2.848614454269409,2.0564626455307007,0.7921518087387085,0.016042470932006836
167,nebDFT2k:mp-1176649_6_7_0_0_0,forward,0.9662818312644958,1.2377617359161377,0.27147990465164185,0.0748293399810791
167,nebDFT2k:mp-1176649_6_7_0_0_0,reverse,0.9662818312644958,1.1629323959350586,0.19665056467056274,0.0748293399810791
167,nebDFT2k:mp-1176649_6_7_0_0_0,inference_symmetrised,0.9662818312644958,1.2003470659255981,0.2340652346611023,0.0748293399810791
167,nebDFT2k:mp-1176994_9_9_1_0_0,forward,2.2720789909362793,2.2726268768310547,0.0005478858947753906,0.01014399528503418
167,nebDFT2k:mp-1176994_9_9_1_0_0,reverse,2.2720789909362793,2.2624828815460205,0.009596109390258789,0.01014399528503418
167,nebDFT2k:mp-1176994_9_9_1_0_0,inference_symmetrised,2.2720789909362793,2.2675548791885376,0.004524111747741699,0.01014399528503418
167,nebDFT2k:mp-1177804_0_1_0_0_1,forward,1.6887457370758057,2.2357184886932373,0.5469727516174316,0.0007102489471435547
167,nebDFT2k:mp-1177804_0_1_0_0_1,reverse,1.6887457370758057,2.2350082397460938,0.5462625026702881,0.0007102489471435547
167,nebDFT2k:mp-1177804_0_1_0_0_1,inference_symmetrised,1.6887457370758057,2.2353633642196655,0.5466176271438599,0.0007102489471435547
167,nebDFT2k:mp-1177804_0_2_0_0_1,forward,0.3489684462547302,0.5306363105773926,0.18166786432266235,0.002419590950012207
167,nebDFT2k:mp-1177804_0_2_0_0_1,reverse,0.3489684462547302,0.5282167196273804,0.17924827337265015,0.002419590950012207
167,nebDFT2k:mp-1177804_0_2_0_0_1,inference_symmetrised,0.3489684462547302,0.5294265151023865,0.18045806884765625,0.002419590950012207
167,nebDFT2k:mp-1177943_4_7_0_0_0,forward,0.9865845441818237,0.9202188849449158,0.06636565923690796,0.0009511113166809082
167,nebDFT2k:mp-1177943_4_7_0_0_0,reverse,0.9865845441818237,0.9211699962615967,0.06541454792022705,0.0009511113166809082
167,nebDFT2k:mp-1177943_4_7_0_0_0,inference_symmetrised,0.9865845441818237,0.9206944406032562,0.0658901035785675,0.0009511113166809082
167,nebDFT2k:mp-1178166_8_9_0_0_1,forward,0.8422648310661316,1.0728360414505005,0.2305712103843689,0.016007542610168457
167,nebDFT2k:mp-1178166_8_9_0_0_1,reverse,0.8422648310661316,1.056828498840332,0.21456366777420044,0.016007542610168457
167,nebDFT2k:mp-1178166_8_9_0_0_1,inference_symmetrised,0.8422648310661316,1.0648322701454163,0.22256743907928467,0.016007542610168457
167,nebDFT2k:mp-1202443_0_6_0_0_1,forward,1.9113332033157349,1.194840908050537,0.7164922952651978,0.023878812789916992
167,nebDFT2k:mp-1202443_0_6_0_0_1,reverse,1.9113332033157349,1.218719720840454,0.6926134824752808,0.023878812789916992
167,nebDFT2k:mp-1202443_0_6_0_0_1,inference_symmetrised,1.9113332033157349,1.2067803144454956,0.7045528888702393,0.023878812789916992
167,nebDFT2k:mp-1222404_0_0_0_1_-1,forward,0.4571089446544647,0.3462674915790558,0.11084145307540894,0.040345340967178345
167,nebDFT2k:mp-1222404_0_0_0_1_-1,reverse,0.4571089446544647,0.30592215061187744,0.15118679404258728,0.040345340967178345
167,nebDFT2k:mp-1222404_0_0_0_1_-1,inference_symmetrised,0.4571089446544647,0.3260948210954666,0.1310141235589981,0.040345340967178345
167,nebDFT2k:mp-1222469_0_0_0_1_0,forward,1.3453915119171143,1.0597813129425049,0.2856101989746094,0.018775582313537598
167,nebDFT2k:mp-1222469_0_0_0_1_0,reverse,1.3453915119171143,1.0410057306289673,0.304385781288147,0.018775582313537598
167,nebDFT2k:mp-1222469_0_0_0_1_0,inference_symmetrised,1.3453915119171143,1.050393521785736,0.2949979901313782,0.018775582313537598
167,nebDFT2k:mp-1222510_2_2_0_1_0,forward,1.738020896911621,2.0783281326293945,0.34030723571777344,0.04459381103515625
167,nebDFT2k:mp-1222510_2_2_0_1_0,reverse,1.738020896911621,2.0337343215942383,0.2957134246826172,0.04459381103515625
167,nebDFT2k:mp-1222510_2_2_0_1_0,inference_symmetrised,1.738020896911621,2.0560312271118164,0.3180103302001953,0.04459381103515625
167,nebDFT2k:mp-1222575_1_2_0_0_0,forward,1.200072169303894,1.2336456775665283,0.03357350826263428,0.00244140625
167,nebDFT2k:mp-1222575_1_2_0_0_0,reverse,1.200072169303894,1.2312042713165283,0.031132102012634277,0.00244140625
167,nebDFT2k:mp-1222575_1_2_0_0_0,inference_symmetrised,1.200072169303894,1.2324249744415283,0.03235280513763428,0.00244140625
167,nebDFT2k:mp-1222575_0_2_0_0_0,forward,4.537822246551514,3.938586473464966,0.5992357730865479,0.10915946960449219
167,nebDFT2k:mp-1222575_0_2_0_0_0,reverse,4.537822246551514,3.8294270038604736,0.70839524269104,0.10915946960449219
167,nebDFT2k:mp-1222575_0_2_0_0_0,inference_symmetrised,4.537822246551514,3.8840067386627197,0.653815507888794,0.10915946960449219
167,nebDFT2k:mp-1222591_0_0_0_1_0,forward,0.4859350323677063,0.3415753245353699,0.14435970783233643,0.023688822984695435
167,nebDFT2k:mp-1222591_0_0_0_1_0,reverse,0.4859350323677063,0.3652641475200653,0.12067088484764099,0.023688822984695435
167,nebDFT2k:mp-1222591_0_0_0_1_0,inference_symmetrised,0.4859350323677063,0.3534197360277176,0.1325152963399887,0.023688822984695435
167,nebDFT2k:mp-1277038_4_0_0_1_0,forward,0.685222327709198,0.9176289439201355,0.2324066162109375,0.0027780532836914062
167,nebDFT2k:mp-1277038_4_0_0_1_0,reverse,0.685222327709198,0.9204069972038269,0.2351846694946289,0.0027780532836914062
167,nebDFT2k:mp-1277038_4_0_0_1_0,inference_symmetrised,0.685222327709198,0.9190179705619812,0.2337956428527832,0.0027780532836914062
167,nebDFT2k:mp-1277589_2_0_1_0_0,forward,0.5733042359352112,0.6321225166320801,0.058818280696868896,0.00945127010345459
167,nebDFT2k:mp-1277589_2_0_1_0_0,reverse,0.5733042359352112,0.6226712465286255,0.04936701059341431,0.00945127010345459
167,nebDFT2k:mp-1277589_2_0_1_0_0,inference_symmetrised,0.5733042359352112,0.6273968815803528,0.0540926456451416,0.00945127010345459
167,nebDFT2k:mp-1277613_3_1_1_-1_0,forward,0.5781484246253967,0.3949693739414215,0.18317905068397522,0.013390302658081055
167,nebDFT2k:mp-1277613_3_1_1_-1_0,reverse,0.5781484246253967,0.38157907128334045,0.19656935334205627,0.013390302658081055
167,nebDFT2k:mp-1277613_3_1_1_-1_0,inference_symmetrised,0.5781484246253967,0.388274222612381,0.18987420201301575,0.013390302658081055
167,nebDFT2k:mp-1277613_2_0_0_0_1,forward,0.5695000886917114,0.37692004442214966,0.19258004426956177,0.015163511037826538
167,nebDFT2k:mp-1277613_2_0_0_0_1,reverse,0.5695000886917114,0.3617565333843231,0.2077435553073883,0.015163511037826538
167,nebDFT2k:mp-1277613_2_0_0_0_1,inference_symmetrised,0.5695000886917114,0.3693382889032364,0.20016179978847504,0.015163511037826538
167,nebDFT2k:mp-1277814_5_7_0_1_0,forward,2.58870530128479,0.47756966948509216,2.111135631799698,0.012490123510360718
167,nebDFT2k:mp-1277814_5_7_0_1_0,reverse,2.58870530128479,0.4900597929954529,2.098645508289337,0.012490123510360718
167,nebDFT2k:mp-1277814_5_7_0_1_0,inference_symmetrised,2.58870530128479,0.4838147312402725,2.1048905700445175,0.012490123510360718
167,nebDFT2k:mp-1277814_6_10_1_-1_0,forward,2.7002744674682617,1.5157907009124756,1.1844837665557861,0.10803484916687012
167,nebDFT2k:mp-1277814_6_10_1_-1_0,reverse,2.7002744674682617,1.4077558517456055,1.2925186157226562,0.10803484916687012
167,nebDFT2k:mp-1277814_6_10_1_-1_0,inference_symmetrised,2.7002744674682617,1.4617732763290405,1.2385011911392212,0.10803484916687012
167,nebDFT2k:mp-1277814_1_2_0_1_0,forward,0.4587925672531128,0.4521833062171936,0.0066092610359191895,0.018206477165222168
167,nebDFT2k:mp-1277814_1_2_0_1_0,reverse,0.4587925672531128,0.43397682905197144,0.024815738201141357,0.018206477165222168
167,nebDFT2k:mp-1277814_1_2_0_1_0,inference_symmetrised,0.4587925672531128,0.4430800676345825,0.015712499618530273,0.018206477165222168
167,nebDFT2k:mp-1277814_9_2_1_1_0,forward,2.4481306076049805,1.4781982898712158,0.9699323177337646,0.09139728546142578
167,nebDFT2k:mp-1277814_9_2_1_1_0,reverse,2.4481306076049805,1.38680100440979,1.0613296031951904,0.09139728546142578
167,nebDFT2k:mp-1277814_9_2_1_1_0,inference_symmetrised,2.4481306076049805,1.432499647140503,1.0156309604644775,0.09139728546142578
167,nebDFT2k:mp-1282211_3_0_0_0_1,forward,3.475863456726074,2.1768431663513184,1.2990202903747559,0.038960933685302734
167,nebDFT2k:mp-1282211_3_0_0_0_1,reverse,3.475863456726074,2.1378822326660156,1.3379812240600586,0.038960933685302734
167,nebDFT2k:mp-1282211_3_0_0_0_1,inference_symmetrised,3.475863456726074,2.157362699508667,1.3185007572174072,0.038960933685302734
167,nebDFT2k:mp-1282761_2_1_1_1_0,forward,0.2802552878856659,0.4902161955833435,0.2099609076976776,0.013679951429367065
167,nebDFT2k:mp-1282761_2_1_1_1_0,reverse,0.2802552878856659,0.47653624415397644,0.19628095626831055,0.013679951429367065
167,nebDFT2k:mp-1282761_2_1_1_1_0,inference_symmetrised,0.2802552878856659,0.48337621986866,0.20312093198299408,0.013679951429367065
167,nebDFT2k:mp-1282761_3_0_0_0_1,forward,0.28042837977409363,0.4577764868736267,0.17734810709953308,0.0022803544998168945
167,nebDFT2k:mp-1282761_3_0_0_0_1,reverse,0.28042837977409363,0.4554961323738098,0.1750677525997162,0.0022803544998168945
167,nebDFT2k:mp-1282761_3_0_0_0_1,inference_symmetrised,0.28042837977409363,0.45663630962371826,0.17620792984962463,0.0022803544998168945
167,nebDFT2k:mp-1282869_0_3_0_0_0,forward,0.5327412486076355,0.575979471206665,0.04323822259902954,0.007042825222015381
167,nebDFT2k:mp-1282869_0_3_0_0_0,reverse,0.5327412486076355,0.5830222964286804,0.05028104782104492,0.007042825222015381
167,nebDFT2k:mp-1282869_0_3_0_0_0,inference_symmetrised,0.5327412486076355,0.5795008838176727,0.04675963521003723,0.007042825222015381
167,nebDFT2k:mp-1282869_1_2_1_0_0,forward,0.531970202922821,0.5940812230110168,0.0621110200881958,0.000729680061340332
167,nebDFT2k:mp-1282869_1_2_1_0_0,reverse,0.531970202922821,0.5933515429496765,0.06138134002685547,0.000729680061340332
167,nebDFT2k:mp-1282869_1_2_1_0_0,inference_symmetrised,0.531970202922821,0.5937163829803467,0.061746180057525635,0.000729680061340332
167,nebDFT2k:mp-1282931_3_5_0_0_0,forward,0.6656212210655212,0.5174887776374817,0.14813244342803955,0.011551737785339355
167,nebDFT2k:mp-1282931_3_5_0_0_0,reverse,0.6656212210655212,0.529040515422821,0.1365807056427002,0.011551737785339355
167,nebDFT2k:mp-1282931_3_5_0_0_0,inference_symmetrised,0.6656212210655212,0.5232646465301514,0.14235657453536987,0.011551737785339355
167,nebDFT2k:mp-1284600_2_7_0_0_0,forward,0.41195741295814514,0.35875892639160156,0.05319848656654358,0.02663099765777588
167,nebDFT2k:mp-1284600_2_7_0_0_0,reverse,0.41195741295814514,0.38538992404937744,0.0265674889087677,0.02663099765777588
167,nebDFT2k:mp-1284600_2_7_0_0_0,inference_symmetrised,0.41195741295814514,0.3720744252204895,0.03988298773765564,0.02663099765777588
167,nebDFT2k:mp-1295192_1_1_1_0_0,forward,1.0270062685012817,0.6773454546928406,0.34966081380844116,0.00960010290145874
167,nebDFT2k:mp-1295192_1_1_1_0_0,reverse,1.0270062685012817,0.6677453517913818,0.3592609167098999,0.00960010290145874
167,nebDFT2k:mp-1295192_1_1_1_0_0,inference_symmetrised,1.0270062685012817,0.6725454032421112,0.35446086525917053,0.00960010290145874
167,nebDFT2k:mp-1295192_3_3_1_0_0,forward,1.0451579093933105,0.683570921421051,0.3615869879722595,0.011808693408966064
167,nebDFT2k:mp-1295192_3_3_1_0_0,reverse,1.0451579093933105,0.671762228012085,0.3733956813812256,0.011808693408966064
167,nebDFT2k:mp-1295192_3_3_1_0_0,inference_symmetrised,1.0451579093933105,0.677666574716568,0.36749133467674255,0.011808693408966064
167,nebDFT2k:mp-1297766_1_5_1_-1_0,forward,2.696653127670288,2.0365042686462402,0.6601488590240479,0.07313799858093262
167,nebDFT2k:mp-1297766_1_5_1_-1_0,reverse,2.696653127670288,1.9633662700653076,0.7332868576049805,0.07313799858093262
167,nebDFT2k:mp-1297766_1_5_1_-1_0,inference_symmetrised,2.696653127670288,1.999935269355774,0.6967178583145142,0.07313799858093262
167,nebDFT2k:mp-1306251_7_5_1_1_0,forward,1.546714425086975,1.0731912851333618,0.4735231399536133,0.016837120056152344
167,nebDFT2k:mp-1306251_7_5_1_1_0,reverse,1.546714425086975,1.0563541650772095,0.4903602600097656,0.016837120056152344
167,nebDFT2k:mp-1306251_7_5_1_1_0,inference_symmetrised,1.546714425086975,1.0647727251052856,0.48194169998168945,0.016837120056152344
167,nebDFT2k:mp-1314006_1_0_0_1_-1,forward,0.2759045958518982,0.06355571746826172,0.21234887838363647,0.06867116689682007
167,nebDFT2k:mp-1314006_1_0_0_1_-1,reverse,0.2759045958518982,0.1322268843650818,0.1436777114868164,0.06867116689682007
167,nebDFT2k:mp-1314006_1_0_0_1_-1,inference_symmetrised,0.2759045958518982,0.09789130091667175,0.17801329493522644,0.06867116689682007
167,nebDFT2k:mp-1320203_8_0_0_1_0,forward,0.7955121994018555,0.522249698638916,0.27326250076293945,0.024221718311309814
167,nebDFT2k:mp-1320203_8_0_0_1_0,reverse,0.7955121994018555,0.5464714169502258,0.24904078245162964,0.024221718311309814
167,nebDFT2k:mp-1320203_8_0_0_1_0,inference_symmetrised,0.7955121994018555,0.5343605577945709,0.26115164160728455,0.024221718311309814
167,nebDFT2k:mp-1641416_3_9_0_0_0,forward,0.38150760531425476,0.2521747946739197,0.12933281064033508,0.04419523477554321
167,nebDFT2k:mp-1641416_3_9_0_0_0,reverse,0.38150760531425476,0.2963700294494629,0.08513757586479187,0.04419523477554321
167,nebDFT2k:mp-1641416_3_9_0_0_0,inference_symmetrised,0.38150760531425476,0.2742724120616913,0.10723519325256348,0.04419523477554321
167,nebDFT2k:mp-25463_4_10_1_0_0,forward,0.6109094023704529,0.8291522860527039,0.21824288368225098,0.058058857917785645
167,nebDFT2k:mp-25463_4_10_1_0_0,reverse,0.6109094023704529,0.8872111439704895,0.2763017416000366,0.058058857917785645
167,nebDFT2k:mp-25463_4_10_1_0_0,inference_symmetrised,0.6109094023704529,0.8581817150115967,0.2472723126411438,0.058058857917785645
167,nebDFT2k:mp-25465_1_0_0_0_1,forward,0.857966959476471,1.2641479969024658,0.4061810374259949,0.0004885196685791016
167,nebDFT2k:mp-25465_1_0_0_0_1,reverse,0.857966959476471,1.2636594772338867,0.40569251775741577,0.0004885196685791016
167,nebDFT2k:mp-25465_1_0_0_0_1,inference_symmetrised,0.857966959476471,1.2639037370681763,0.4059367775917053,0.0004885196685791016
167,nebDFT2k:mp-25465_1_0_1_0_1,forward,0.22785605490207672,0.14768636226654053,0.0801696926355362,0.010942220687866211
167,nebDFT2k:mp-25465_1_0_1_0_1,reverse,0.22785605490207672,0.15862858295440674,0.06922747194766998,0.010942220687866211
167,nebDFT2k:mp-25465_1_0_1_0_1,inference_symmetrised,0.22785605490207672,0.15315747261047363,0.07469858229160309,0.010942220687866211
167,nebDFT2k:mp-26247_6_9_0_0_0,forward,0.6142609715461731,0.5124137997627258,0.10184717178344727,0.00705331563949585
167,nebDFT2k:mp-26247_6_9_0_0_0,reverse,0.6142609715461731,0.5194671154022217,0.09479385614395142,0.00705331563949585
167,nebDFT2k:mp-26247_6_9_0_0_0,inference_symmetrised,0.6142609715461731,0.5159404575824738,0.09832051396369934,0.00705331563949585
167,nebDFT2k:mp-26351_0_2_0_0_0,forward,1.5798574686050415,1.5648725032806396,0.014984965324401855,0.029805779457092285
167,nebDFT2k:mp-26351_0_2_0_0_0,reverse,1.5798574686050415,1.594678282737732,0.01482081413269043,0.029805779457092285
167,nebDFT2k:mp-26351_0_2_0_0_0,inference_symmetrised,1.5798574686050415,1.5797753930091858,8.207559585571289e-05,0.029805779457092285
167,nebDFT2k:mp-26721_0_1_0_0_0,forward,1.2890585660934448,0.5764869451522827,0.7125716209411621,0.025300264358520508
167,nebDFT2k:mp-26721_0_1_0_0_0,reverse,1.2890585660934448,0.6017872095108032,0.6872713565826416,0.025300264358520508
167,nebDFT2k:mp-26721_0_1_0_0_0,inference_symmetrised,1.2890585660934448,0.589137077331543,0.6999214887619019,0.025300264358520508
167,nebDFT2k:mp-26965_0_2_0_1_0,forward,0.2988061010837555,0.5296615362167358,0.23085543513298035,0.02154850959777832
167,nebDFT2k:mp-26965_0_2_0_1_0,reverse,0.2988061010837555,0.5512100458145142,0.25240394473075867,0.02154850959777832
167,nebDFT2k:mp-26965_0_2_0_1_0,inference_symmetrised,0.2988061010837555,0.540435791015625,0.2416296899318695,0.02154850959777832
167,nebDFT2k:mp-28030_17_16_0_1_-1,forward,0.8980735540390015,0.7109300494194031,0.1871435046195984,0.038746774196624756
167,nebDFT2k:mp-28030_17_16_0_1_-1,reverse,0.8980735540390015,0.7496768236160278,0.14839673042297363,0.038746774196624756
167,nebDFT2k:mp-28030_17_16_0_1_-1,inference_symmetrised,0.8980735540390015,0.7303034365177155,0.167770117521286,0.038746774196624756
167,nebDFT2k:mp-28030_30_31_0_0_0,forward,0.9760967493057251,0.8628606796264648,0.11323606967926025,0.0068149566650390625
167,nebDFT2k:mp-28030_30_31_0_0_0,reverse,0.9760967493057251,0.8560457229614258,0.12005102634429932,0.0068149566650390625
167,nebDFT2k:mp-28030_30_31_0_0_0,inference_symmetrised,0.9760967493057251,0.8594532012939453,0.11664354801177979,0.0068149566650390625
167,nebDFT2k:mp-28030_2_22_0_0_0,forward,0.8691693544387817,0.610508143901825,0.2586612105369568,0.02095431089401245
167,nebDFT2k:mp-28030_2_22_0_0_0,reverse,0.8691693544387817,0.5895538330078125,0.27961552143096924,0.02095431089401245
167,nebDFT2k:mp-28030_2_22_0_0_0,inference_symmetrised,0.8691693544387817,0.6000309884548187,0.269138365983963,0.02095431089401245
167,nebDFT2k:mp-28548_0_8_0_0_0,forward,0.11965204030275345,0.39614009857177734,0.2764880582690239,0.007159113883972168
167,nebDFT2k:mp-28548_0_8_0_0_0,reverse,0.11965204030275345,0.3889809846878052,0.2693289443850517,0.007159113883972168
167,nebDFT2k:mp-28548_0_8_0_0_0,inference_symmetrised,0.11965204030275345,0.39256054162979126,0.2729085013270378,0.007159113883972168
167,nebDFT2k:mp-29040_4_3_0_1_1,forward,0.4273566007614136,0.9704760909080505,0.543119490146637,0.07630985975265503
167,nebDFT2k:mp-29040_4_3_0_1_1,reverse,0.4273566007614136,0.8941662311553955,0.46680963039398193,0.07630985975265503
167,nebDFT2k:mp-29040_4_3_0_1_1,inference_symmetrised,0.4273566007614136,0.932321161031723,0.5049645602703094,0.07630985975265503
167,nebDFT2k:mp-29040_0_5_0_0_0,forward,0.8543699979782104,0.686942994594574,0.16742700338363647,0.12064743041992188
167,nebDFT2k:mp-29040_0_5_0_0_0,reverse,0.8543699979782104,0.5662955641746521,0.28807443380355835,0.12064743041992188
167,nebDFT2k:mp-29040_0_5_0_0_0,inference_symmetrised,0.8543699979782104,0.626619279384613,0.2277507185935974,0.12064743041992188
167,nebDFT2k:mp-29040_1_3_0_0_0,forward,0.1771891564130783,0.6966451406478882,0.5194559842348099,0.09660840034484863
167,nebDFT2k:mp-29040_1_3_0_0_0,reverse,0.1771891564130783,0.6000367403030396,0.42284758388996124,0.09660840034484863
167,nebDFT2k:mp-29040_1_3_0_0_0,inference_symmetrised,0.1771891564130783,0.6483409404754639,0.47115178406238556,0.09660840034484863
167,nebDFT2k:mp-34038_3_4_0_1_0,forward,1.1277568340301514,0.5784465670585632,0.5493102669715881,0.09386682510375977
167,nebDFT2k:mp-34038_3_4_0_1_0,reverse,1.1277568340301514,0.48457974195480347,0.6431770920753479,0.09386682510375977
167,nebDFT2k:mp-34038_3_4_0_1_0,inference_symmetrised,1.1277568340301514,0.5315131545066833,0.596243679523468,0.09386682510375977
167,nebDFT2k:mp-34038_0_2_0_0_1,forward,0.7510952949523926,0.22970348596572876,0.5213918089866638,0.008204162120819092
167,nebDFT2k:mp-34038_0_2_0_0_1,reverse,0.7510952949523926,0.22149932384490967,0.5295959711074829,0.008204162120819092
167,nebDFT2k:mp-34038_0_2_0_0_1,inference_symmetrised,0.7510952949523926,0.2256014049053192,0.5254938900470734,0.008204162120819092
167,nebDFT2k:mp-34038_2_0_0_1_-1,forward,0.7525688409805298,0.28123289346694946,0.4713359475135803,0.12228390574455261
167,nebDFT2k:mp-34038_2_0_0_1_-1,reverse,0.7525688409805298,0.4035167992115021,0.3490520417690277,0.12228390574455261
167,nebDFT2k:mp-34038_2_0_0_1_-1,inference_symmetrised,0.7525688409805298,0.34237484633922577,0.410193994641304,0.12228390574455261
167,nebDFT2k:mp-34038_0_1_1_1_0,forward,1.2990351915359497,0.2120404839515686,1.086994707584381,0.024347901344299316
167,nebDFT2k:mp-34038_0_1_1_1_0,reverse,1.2990351915359497,0.1876925826072693,1.1113426089286804,0.024347901344299316
167,nebDFT2k:mp-34038_0_1_1_1_0,inference_symmetrised,1.2990351915359497,0.19986653327941895,1.0991686582565308,0.024347901344299316
167,nebDFT2k:mp-34038_4_4_0_1_0,forward,0.11014693975448608,0.48954489827156067,0.3793979585170746,0.09581682085990906
167,nebDFT2k:mp-34038_4_4_0_1_0,reverse,0.11014693975448608,0.3937280774116516,0.2835811376571655,0.09581682085990906
167,nebDFT2k:mp-34038_4_4_0_1_0,inference_symmetrised,0.11014693975448608,0.44163648784160614,0.33148954808712006,0.09581682085990906
167,nebDFT2k:mp-34038_0_0_1_-1_0,forward,1.1750401258468628,0.2106361985206604,0.9644039273262024,0.05268692970275879
167,nebDFT2k:mp-34038_0_0_1_-1_0,reverse,1.1750401258468628,0.2633231282234192,0.9117169976234436,0.05268692970275879
167,nebDFT2k:mp-34038_0_0_1_-1_0,inference_symmetrised,1.1750401258468628,0.2369796633720398,0.938060462474823,0.05268692970275879
167,nebDFT2k:mp-3635_0_3_0_0_0,forward,0.6212753653526306,0.6395753622055054,0.018299996852874756,0.01877450942993164
167,nebDFT2k:mp-3635_0_3_0_0_0,reverse,0.6212753653526306,0.658349871635437,0.037074506282806396,0.01877450942993164
167,nebDFT2k:mp-3635_0_3_0_0_0,inference_symmetrised,0.6212753653526306,0.6489626169204712,0.027687251567840576,0.01877450942993164
167,nebDFT2k:mp-4002_0_1_0_0_0,forward,0.4607055187225342,0.6154652833938599,0.15475976467132568,0.03360861539840698
167,nebDFT2k:mp-4002_0_1_0_0_0,reverse,0.4607055187225342,0.5818566679954529,0.1211511492729187,0.03360861539840698
167,nebDFT2k:mp-4002_0_1_0_0_0,inference_symmetrised,0.4607055187225342,0.5986609756946564,0.1379554569721222,0.03360861539840698
167,nebDFT2k:mp-4117_3_0_1_0_1,forward,2.0165598392486572,2.2576377391815186,0.24107789993286133,0.03318452835083008
167,nebDFT2k:mp-4117_3_0_1_0_1,reverse,2.0165598392486572,2.2244532108306885,0.20789337158203125,0.03318452835083008
167,nebDFT2k:mp-4117_3_0_1_0_1,inference_symmetrised,2.0165598392486572,2.2410454750061035,0.2244856357574463,0.03318452835083008
167,nebDFT2k:mp-556655_0_7_0_1_-1,forward,0.42521727085113525,0.48668384552001953,0.06146657466888428,0.008114129304885864
167,nebDFT2k:mp-556655_0_7_0_1_-1,reverse,0.42521727085113525,0.4947979748249054,0.06958070397377014,0.008114129304885864
167,nebDFT2k:mp-556655_0_7_0_1_-1,inference_symmetrised,0.42521727085113525,0.49074091017246246,0.06552363932132721,0.008114129304885864
167,nebDFT2k:mp-556655_1_4_0_0_0,forward,0.4567823112010956,0.3194098472595215,0.1373724639415741,0.009178370237350464
167,nebDFT2k:mp-556655_1_4_0_0_0,reverse,0.4567823112010956,0.32858821749687195,0.12819409370422363,0.009178370237350464
167,nebDFT2k:mp-556655_1_4_0_0_0,inference_symmetrised,0.4567823112010956,0.3239990323781967,0.13278327882289886,0.009178370237350464
167,nebDFT2k:mp-559680_0_2_0_0_1,forward,1.600379467010498,1.5468382835388184,0.05354118347167969,0.09698987007141113
167,nebDFT2k:mp-559680_0_2_0_0_1,reverse,1.600379467010498,1.4498484134674072,0.15053105354309082,0.09698987007141113
167,nebDFT2k:mp-559680_0_2_0_0_1,inference_symmetrised,1.600379467010498,1.4983433485031128,0.10203611850738525,0.09698987007141113
167,nebDFT2k:mp-567474_0_1_0_0_0,forward,0.06772521883249283,0.24467915296554565,0.17695393413305283,0.07097196578979492
167,nebDFT2k:mp-567474_0_1_0_0_0,reverse,0.06772521883249283,0.17370718717575073,0.1059819683432579,0.07097196578979492
167,nebDFT2k:mp-567474_0_1_0_0_0,inference_symmetrised,0.06772521883249283,0.2091931700706482,0.14146795123815536,0.07097196578979492
167,nebDFT2k:mp-6745_0_1_1_0_0,forward,1.3544573783874512,1.7547602653503418,0.4003028869628906,0.012963294982910156
167,nebDFT2k:mp-6745_0_1_1_0_0,reverse,1.3544573783874512,1.767723560333252,0.4132661819458008,0.012963294982910156
167,nebDFT2k:mp-6745_0_1_1_0_0,inference_symmetrised,1.3544573783874512,1.7612419128417969,0.4067845344543457,0.012963294982910156
167,nebDFT2k:mp-6745_0_1_0_0_0,forward,1.8797433376312256,1.6677149534225464,0.2120283842086792,0.021517395973205566
167,nebDFT2k:mp-6745_0_1_0_0_0,reverse,1.8797433376312256,1.689232349395752,0.19051098823547363,0.021517395973205566
167,nebDFT2k:mp-6745_0_1_0_0_0,inference_symmetrised,1.8797433376312256,1.6784736514091492,0.20126968622207642,0.021517395973205566
167,nebDFT2k:mp-752552_2_7_0_1_1,forward,0.10932184755802155,0.34290483593940735,0.2335829883813858,0.014113634824752808
167,nebDFT2k:mp-752552_2_7_0_1_1,reverse,0.10932184755802155,0.35701847076416016,0.2476966232061386,0.014113634824752808
167,nebDFT2k:mp-752552_2_7_0_1_1,inference_symmetrised,0.10932184755802155,0.34996165335178375,0.2406398057937622,0.014113634824752808
167,nebDFT2k:mp-752552_0_7_0_0_1,forward,0.11279285699129105,0.3683948516845703,0.25560199469327927,0.018819808959960938
167,nebDFT2k:mp-752552_0_7_0_0_1,reverse,0.11279285699129105,0.38721466064453125,0.2744218036532402,0.018819808959960938
167,nebDFT2k:mp-752552_0_7_0_0_1,inference_symmetrised,0.11279285699129105,0.3778047561645508,0.26501189917325974,0.018819808959960938
167,nebDFT2k:mp-752707_0_2_0_0_0,forward,0.6314464211463928,0.7429247498512268,0.11147832870483398,0.006911098957061768
167,nebDFT2k:mp-752707_0_2_0_0_0,reverse,0.6314464211463928,0.7498358488082886,0.11838942766189575,0.006911098957061768
167,nebDFT2k:mp-752707_0_2_0_0_0,inference_symmetrised,0.6314464211463928,0.7463802993297577,0.11493387818336487,0.006911098957061768
167,nebDFT2k:mp-753109_2_0_1_0_-1,forward,0.6892510056495667,0.6347827911376953,0.05446821451187134,0.015012919902801514
167,nebDFT2k:mp-753109_2_0_1_0_-1,reverse,0.6892510056495667,0.6497957110404968,0.039455294609069824,0.015012919902801514
167,nebDFT2k:mp-753109_2_0_1_0_-1,inference_symmetrised,0.6892510056495667,0.6422892510890961,0.04696175456047058,0.015012919902801514
167,nebDFT2k:mp-753126_0_1_1_1_0,forward,1.355068564414978,1.156501054763794,0.19856750965118408,0.000453948974609375
167,nebDFT2k:mp-753126_0_1_1_1_0,reverse,1.355068564414978,1.1560471057891846,0.19902145862579346,0.000453948974609375
167,nebDFT2k:mp-753126_0_1_1_1_0,inference_symmetrised,1.355068564414978,1.1562740802764893,0.19879448413848877,0.000453948974609375
167,nebDFT2k:mp-753204_0_2_0_0_0,forward,0.5282348990440369,0.3350014388561249,0.193233460187912,0.044414401054382324
167,nebDFT2k:mp-753204_0_2_0_0_0,reverse,0.5282348990440369,0.3794158399105072,0.14881905913352966,0.044414401054382324
167,nebDFT2k:mp-753204_0_2_0_0_0,inference_symmetrised,0.5282348990440369,0.35720863938331604,0.17102625966072083,0.044414401054382324
167,nebDFT2k:mp-753340_2_3_0_0_0,forward,0.5125430822372437,0.3098881244659424,0.20265495777130127,0.0026561617851257324
167,nebDFT2k:mp-753340_2_3_0_0_0,reverse,0.5125430822372437,0.3125442862510681,0.19999879598617554,0.0026561617851257324
167,nebDFT2k:mp-753340_2_3_0_0_0,inference_symmetrised,0.5125430822372437,0.31121620535850525,0.2013268768787384,0.0026561617851257324
167,nebDFT2k:mp-753477_6_2_0_1_0,forward,1.7132000923156738,0.3166750371456146,1.3965250551700592,0.029492169618606567
167,nebDFT2k:mp-753477_6_2_0_1_0,reverse,1.7132000923156738,0.28718286752700806,1.4260172247886658,0.029492169618606567
167,nebDFT2k:mp-753477_6_2_0_1_0,inference_symmetrised,1.7132000923156738,0.30192895233631134,1.4112711399793625,0.029492169618606567
167,nebDFT2k:mp-753791_0_2_1_1_0,forward,0.5920940041542053,0.6853636503219604,0.09326964616775513,0.009783685207366943
167,nebDFT2k:mp-753791_0_2_1_1_0,reverse,0.5920940041542053,0.6755799651145935,0.08348596096038818,0.009783685207366943
167,nebDFT2k:mp-753791_0_2_1_1_0,inference_symmetrised,0.5920940041542053,0.680471807718277,0.08837780356407166,0.009783685207366943
167,nebDFT2k:mp-753882_0_1_1_0_-1,forward,0.7118020057678223,0.3237656354904175,0.3880363702774048,0.006154865026473999
167,nebDFT2k:mp-753882_0_1_1_0_-1,reverse,0.7118020057678223,0.3176107704639435,0.3941912353038788,0.006154865026473999
167,nebDFT2k:mp-753882_0_1_1_0_-1,inference_symmetrised,0.7118020057678223,0.3206882029771805,0.3911138027906418,0.006154865026473999
167,nebDFT2k:mp-753882_0_3_1_0_0,forward,0.3007654845714569,0.24199306964874268,0.05877241492271423,0.014388799667358398
167,nebDFT2k:mp-753882_0_3_1_0_0,reverse,0.3007654845714569,0.2563818693161011,0.044383615255355835,0.014388799667358398
167,nebDFT2k:mp-753882_0_3_1_0_0,inference_symmetrised,0.3007654845714569,0.24918746948242188,0.051578015089035034,0.014388799667358398
167,nebDFT2k:mp-753882_4_5_0_0_0,forward,0.26893350481987,0.23273199796676636,0.03620150685310364,0.017862677574157715
167,nebDFT2k:mp-753882_4_5_0_0_0,reverse,0.26893350481987,0.21486932039260864,0.05406418442726135,0.017862677574157715
167,nebDFT2k:mp-753882_4_5_0_0_0,inference_symmetrised,0.26893350481987,0.2238006591796875,0.045132845640182495,0.017862677574157715
167,nebDFT2k:mp-753882_3_2_0_1_0,forward,0.6040976047515869,0.7398547530174255,0.13575714826583862,0.06072264909744263
167,nebDFT2k:mp-753882_3_2_0_1_0,reverse,0.6040976047515869,0.8005774021148682,0.19647979736328125,0.06072264909744263
167,nebDFT2k:mp-753882_3_2_0_1_0,inference_symmetrised,0.6040976047515869,0.7702160775661469,0.16611847281455994,0.06072264909744263
167,nebDFT2k:mp-753899_0_3_0_0_0,forward,3.2507238388061523,1.35382878780365,1.8968950510025024,0.005716204643249512
167,nebDFT2k:mp-753899_0_3_0_0_0,reverse,3.2507238388061523,1.3595449924468994,1.891178846359253,0.005716204643249512
167,nebDFT2k:mp-753899_0_3_0_0_0,inference_symmetrised,3.2507238388061523,1.3566868901252747,1.8940369486808777,0.005716204643249512
167,nebDFT2k:mp-754292_1_2_0_0_0,forward,0.9215542674064636,1.1419363021850586,0.22038203477859497,0.04012870788574219
167,nebDFT2k:mp-754292_1_2_0_0_0,reverse,0.9215542674064636,1.1018075942993164,0.18025332689285278,0.04012870788574219
167,nebDFT2k:mp-754292_1_2_0_0_0,inference_symmetrised,0.9215542674064636,1.1218719482421875,0.20031768083572388,0.04012870788574219
167,nebDFT2k:mp-754292_7_5_0_1_0,forward,0.47816863656044006,0.27454131841659546,0.2036273181438446,0.027134478092193604
167,nebDFT2k:mp-754292_7_5_0_1_0,reverse,0.47816863656044006,0.30167579650878906,0.176492840051651,0.027134478092193604
167,nebDFT2k:mp-754292_7_5_0_1_0,inference_symmetrised,0.47816863656044006,0.28810855746269226,0.1900600790977478,0.027134478092193604
167,nebDFT2k:mp-754292_1_7_0_0_0,forward,0.2623552978038788,0.2862504720687866,0.023895174264907837,0.04335400462150574
167,nebDFT2k:mp-754292_1_7_0_0_0,reverse,0.2623552978038788,0.32960447669029236,0.06724917888641357,0.04335400462150574
167,nebDFT2k:mp-754292_1_7_0_0_0,inference_symmetrised,0.2623552978038788,0.3079274743795395,0.045572176575660706,0.04335400462150574
167,nebDFT2k:mp-754292_0_3_0_0_0,forward,0.9209744334220886,1.1437729597091675,0.22279852628707886,0.040460944175720215
167,nebDFT2k:mp-754292_0_3_0_0_0,reverse,0.9209744334220886,1.1033120155334473,0.18233758211135864,0.040460944175720215
167,nebDFT2k:mp-754292_0_3_0_0_0,inference_symmetrised,0.9209744334220886,1.1235424876213074,0.20256805419921875,0.040460944175720215
167,nebDFT2k:mp-754292_0_3_1_0_0,forward,0.7782686352729797,0.5848108530044556,0.19345778226852417,0.01052236557006836
167,nebDFT2k:mp-754292_0_3_1_0_0,reverse,0.7782686352729797,0.5742884874343872,0.20398014783859253,0.01052236557006836
167,nebDFT2k:mp-754292_0_3_1_0_0,inference_symmetrised,0.7782686352729797,0.5795496702194214,0.19871896505355835,0.01052236557006836
167,nebDFT2k:mp-754292_3_9_0_0_0,forward,0.2626491189002991,0.28604841232299805,0.023399293422698975,0.043259114027023315
167,nebDFT2k:mp-754292_3_9_0_0_0,reverse,0.2626491189002991,0.32930752635002136,0.06665840744972229,0.043259114027023315
167,nebDFT2k:mp-754292_3_9_0_0_0,inference_symmetrised,0.2626491189002991,0.3076779693365097,0.04502885043621063,0.043259114027023315
167,nebDFT2k:mp-754923_0_2_0_0_1,forward,0.42040032148361206,0.4985533654689789,0.07815304398536682,0.002312183380126953
167,nebDFT2k:mp-754923_0_2_0_0_1,reverse,0.42040032148361206,0.49624118208885193,0.07584086060523987,0.002312183380126953
167,nebDFT2k:mp-754923_0_2_0_0_1,inference_symmetrised,0.42040032148361206,0.4973972737789154,0.07699695229530334,0.002312183380126953
167,nebDFT2k:mp-755369_6_3_0_0_1,forward,2.607285737991333,2.4304466247558594,0.17683911323547363,0.025951147079467773
167,nebDFT2k:mp-755369_6_3_0_0_1,reverse,2.607285737991333,2.4044954776763916,0.2027902603149414,0.025951147079467773
167,nebDFT2k:mp-755369_6_3_0_0_1,inference_symmetrised,2.607285737991333,2.4174710512161255,0.18981468677520752,0.025951147079467773
167,nebDFT2k:mp-755369_6_0_1_0_1,forward,0.9742417335510254,0.9355736970901489,0.038668036460876465,0.0024105310440063477
167,nebDFT2k:mp-755369_6_0_1_0_1,reverse,0.9742417335510254,0.9331631660461426,0.04107856750488281,0.0024105310440063477
167,nebDFT2k:mp-755369_6_0_1_0_1,inference_symmetrised,0.9742417335510254,0.9343684315681458,0.03987330198287964,0.0024105310440063477
167,nebDFT2k:mp-755369_11_7_0_1_0,forward,2.6194679737091064,2.3777220249176025,0.2417459487915039,0.04370999336242676
167,nebDFT2k:mp-755369_11_7_0_1_0,reverse,2.6194679737091064,2.334012031555176,0.28545594215393066,0.04370999336242676
167,nebDFT2k:mp-755369_11_7_0_1_0,inference_symmetrised,2.6194679737091064,2.355867028236389,0.2636009454727173,0.04370999336242676
167,nebDFT2k:mp-755369_2_0_1_0_1,forward,2.918403148651123,2.5560243129730225,0.3623788356781006,0.03382372856140137
167,nebDFT2k:mp-755369_2_0_1_0_1,reverse,2.918403148651123,2.522200584411621,0.39620256423950195,0.03382372856140137
167,nebDFT2k:mp-755369_2_0_1_0_1,inference_symmetrised,2.918403148651123,2.5391124486923218,0.37929069995880127,0.03382372856140137
167,nebDFT2k:mp-755369_10_8_1_-1_0,forward,0.637105405330658,0.642265796661377,0.005160391330718994,0.014936864376068115
167,nebDFT2k:mp-755369_10_8_1_-1_0,reverse,0.637105405330658,0.6572026610374451,0.02009725570678711,0.014936864376068115
167,nebDFT2k:mp-755369_10_8_1_-1_0,inference_symmetrised,0.637105405330658,0.649734228849411,0.012628823518753052,0.014936864376068115
167,nebDFT2k:mp-755369_1_4_0_0_1,forward,2.7418344020843506,2.3824923038482666,0.359342098236084,0.024596214294433594
167,nebDFT2k:mp-755369_1_4_0_0_1,reverse,2.7418344020843506,2.357896089553833,0.3839383125305176,0.024596214294433594
167,nebDFT2k:mp-755369_1_4_0_0_1,inference_symmetrised,2.7418344020843506,2.37019419670105,0.3716402053833008,0.024596214294433594
167,nebDFT2k:mp-755369_3_5_1_1_0,forward,0.9749377965927124,0.8227654695510864,0.15217232704162598,0.04451024532318115
167,nebDFT2k:mp-755369_3_5_1_1_0,reverse,0.9749377965927124,0.8672757148742676,0.10766208171844482,0.04451024532318115
167,nebDFT2k:mp-755369_3_5_1_1_0,inference_symmetrised,0.9749377965927124,0.845020592212677,0.1299172043800354,0.04451024532318115
167,nebDFT2k:mp-755839_0_5_0_0_0,forward,0.5476699471473694,0.503556489944458,0.04411345720291138,0.028545260429382324
167,nebDFT2k:mp-755839_0_5_0_0_0,reverse,0.5476699471473694,0.5321017503738403,0.015568196773529053,0.028545260429382324
167,nebDFT2k:mp-755839_0_5_0_0_0,inference_symmetrised,0.5476699471473694,0.5178291201591492,0.029840826988220215,0.028545260429382324
167,nebDFT2k:mp-756174_1_0_1_0_0,forward,0.6218590140342712,0.6661133766174316,0.0442543625831604,0.039868056774139404
167,nebDFT2k:mp-756174_1_0_1_0_0,reverse,0.6218590140342712,0.705981433391571,0.0841224193572998,0.039868056774139404
167,nebDFT2k:mp-756174_1_0_1_0_0,inference_symmetrised,0.6218590140342712,0.6860474050045013,0.0641883909702301,0.039868056774139404
167,nebDFT2k:mp-756174_0_1_0_0_0,forward,0.38954514265060425,0.5252177715301514,0.13567262887954712,0.034574151039123535
167,nebDFT2k:mp-756174_0_1_0_0_0,reverse,0.38954514265060425,0.5597919225692749,0.17024677991867065,0.034574151039123535
167,nebDFT2k:mp-756174_0_1_0_0_0,inference_symmetrised,0.38954514265060425,0.5425048470497131,0.1529597043991089,0.034574151039123535
167,nebDFT2k:mp-756912_1_1_1_0_0,forward,0.5701987743377686,1.7409844398498535,1.170785665512085,0.09114336967468262
167,nebDFT2k:mp-756912_1_1_1_0_0,reverse,0.5701987743377686,1.649841070175171,1.0796422958374023,0.09114336967468262
167,nebDFT2k:mp-756912_1_1_1_0_0,inference_symmetrised,0.5701987743377686,1.6954127550125122,1.1252139806747437,0.09114336967468262
167,nebDFT2k:mp-757068_0_1_0_0_0,forward,0.049742020666599274,0.15084218978881836,0.10110016912221909,0.0015050172805786133
167,nebDFT2k:mp-757068_0_1_0_0_0,reverse,0.049742020666599274,0.14933717250823975,0.09959515184164047,0.0015050172805786133
167,nebDFT2k:mp-757068_0_1_0_0_0,inference_symmetrised,0.049742020666599274,0.15008968114852905,0.10034766048192978,0.0015050172805786133
167,nebDFT2k:mp-757461_1_2_0_1_0,forward,0.19807608425617218,0.2598162293434143,0.061740145087242126,0.007228732109069824
167,nebDFT2k:mp-757461_1_2_0_1_0,reverse,0.19807608425617218,0.26704496145248413,0.06896887719631195,0.007228732109069824
167,nebDFT2k:mp-757461_1_2_0_1_0,inference_symmetrised,0.19807608425617218,0.2634305953979492,0.06535451114177704,0.007228732109069824
167,nebDFT2k:mp-757693_0_2_0_0_0,forward,0.40716037154197693,0.3747447729110718,0.03241559863090515,0.026431113481521606
167,nebDFT2k:mp-757693_0_2_0_0_0,reverse,0.40716037154197693,0.34831365942955017,0.05884671211242676,0.026431113481521606
167,nebDFT2k:mp-757693_0_2_0_0_0,inference_symmetrised,0.40716037154197693,0.361529216170311,0.045631155371665955,0.026431113481521606
167,nebDFT2k:mp-757714_2_3_0_0_0,forward,0.05814062058925629,0.13520830869674683,0.07706768810749054,0.0022579431533813477
167,nebDFT2k:mp-757714_2_3_0_0_0,reverse,0.05814062058925629,0.13295036554336548,0.07480974495410919,0.0022579431533813477
167,nebDFT2k:mp-757714_2_3_0_0_0,inference_symmetrised,0.05814062058925629,0.13407933712005615,0.07593871653079987,0.0022579431533813477
167,nebDFT2k:mp-757800_1_4_0_0_0,forward,1.2522964477539062,1.6720681190490723,0.419771671295166,0.023889541625976562
167,nebDFT2k:mp-757800_1_4_0_0_0,reverse,1.2522964477539062,1.6959576606750488,0.4436612129211426,0.023889541625976562
167,nebDFT2k:mp-757800_1_4_0_0_0,inference_symmetrised,1.2522964477539062,1.6840128898620605,0.4317164421081543,0.023889541625976562
167,nebDFT2k:mp-758282_1_1_1_0_0,forward,0.12165363132953644,0.2968705892562866,0.17521695792675018,0.009850144386291504
167,nebDFT2k:mp-758282_1_1_1_0_0,reverse,0.12165363132953644,0.3067207336425781,0.1850671023130417,0.009850144386291504
167,nebDFT2k:mp-758282_1_1_1_0_0,inference_symmetrised,0.12165363132953644,0.3017956614494324,0.18014203011989594,0.009850144386291504
167,nebDFT2k:mp-758282_0_2_0_0_0,forward,0.28606387972831726,0.3186480700969696,0.032584190368652344,0.009402096271514893
167,nebDFT2k:mp-758282_0_2_0_0_0,reverse,0.28606387972831726,0.3280501663684845,0.041986286640167236,0.009402096271514893
167,nebDFT2k:mp-758282_0_2_0_0_0,inference_symmetrised,0.28606387972831726,0.32334911823272705,0.03728523850440979,0.009402096271514893
167,nebDFT2k:mp-758380_3_8_0_0_0,forward,2.9573986530303955,1.311007022857666,1.6463916301727295,0.1421520709991455
167,nebDFT2k:mp-758380_3_8_0_0_0,reverse,2.9573986530303955,1.4531590938568115,1.504239559173584,0.1421520709991455
167,nebDFT2k:mp-758380_3_8_0_0_0,inference_symmetrised,2.9573986530303955,1.3820830583572388,1.5753155946731567,0.1421520709991455
167,nebDFT2k:mp-758486_3_0_1_0_1,forward,0.44390058517456055,0.3018103837966919,0.14209020137786865,0.06982532143592834
167,nebDFT2k:mp-758486_3_0_1_0_1,reverse,0.44390058517456055,0.37163570523262024,0.07226487994194031,0.06982532143592834
167,nebDFT2k:mp-758486_3_0_1_0_1,inference_symmetrised,0.44390058517456055,0.33672304451465607,0.10717754065990448,0.06982532143592834
167,nebDFT2k:mp-758720_0_3_1_0_0,forward,0.4760017991065979,0.5400647521018982,0.06406295299530029,0.01741093397140503
167,nebDFT2k:mp-758720_0_3_1_0_0,reverse,0.4760017991065979,0.5226538181304932,0.046652019023895264,0.01741093397140503
167,nebDFT2k:mp-758720_0_3_1_0_0,inference_symmetrised,0.4760017991065979,0.5313592851161957,0.05535748600959778,0.01741093397140503
167,nebDFT2k:mp-758793_0_1_0_0_0,forward,0.22866390645503998,0.3888649046421051,0.16020099818706512,0.007688313722610474
167,nebDFT2k:mp-758793_0_1_0_0_0,reverse,0.22866390645503998,0.3965532183647156,0.1678893119096756,0.007688313722610474
167,nebDFT2k:mp-758793_0_1_0_0_0,inference_symmetrised,0.22866390645503998,0.39270906150341034,0.16404515504837036,0.007688313722610474
167,nebDFT2k:mp-759082_0_2_0_0_0,forward,0.825259804725647,1.2200946807861328,0.39483487606048584,0.0002522468566894531
167,nebDFT2k:mp-759082_0_2_0_0_0,reverse,0.825259804725647,1.2203469276428223,0.3950871229171753,0.0002522468566894531
167,nebDFT2k:mp-759082_0_2_0_0_0,inference_symmetrised,0.825259804725647,1.2202208042144775,0.39496099948883057,0.0002522468566894531
167,nebDFT2k:mp-759082_0_2_1_0_0,forward,0.2511012852191925,0.31940799951553345,0.06830671429634094,0.006095975637435913
167,nebDFT2k:mp-759082_0_2_1_0_0,reverse,0.2511012852191925,0.32550397515296936,0.07440268993377686,0.006095975637435913
167,nebDFT2k:mp-759082_0_2_1_0_0,inference_symmetrised,0.2511012852191925,0.3224559873342514,0.0713547021150589,0.006095975637435913
167,nebDFT2k:mp-759082_1_0_0_1_0,forward,0.25766751170158386,0.31990134716033936,0.06223383545875549,0.0073296427726745605
167,nebDFT2k:mp-759082_1_0_0_1_0,reverse,0.25766751170158386,0.3125717043876648,0.05490419268608093,0.0073296427726745605
167,nebDFT2k:mp-759082_1_0_0_1_0,inference_symmetrised,0.25766751170158386,0.3162365257740021,0.05856901407241821,0.0073296427726745605
167,nebDFT2k:mp-759132_4_3_0_0_1,forward,0.341912180185318,0.31376808881759644,0.028144091367721558,0.02713143825531006
167,nebDFT2k:mp-759132_4_3_0_0_1,reverse,0.341912180185318,0.2866366505622864,0.055275529623031616,0.02713143825531006
167,nebDFT2k:mp-759132_4_3_0_0_1,inference_symmetrised,0.341912180185318,0.3002023696899414,0.04170981049537659,0.02713143825531006
167,nebDFT2k:mp-759139_2_1_1_0_0,forward,0.70079106092453,0.5985645055770874,0.10222655534744263,0.011651396751403809
167,nebDFT2k:mp-759139_2_1_1_0_0,reverse,0.70079106092453,0.6102159023284912,0.09057515859603882,0.011651396751403809
167,nebDFT2k:mp-759139_2_1_1_0_0,inference_symmetrised,0.70079106092453,0.6043902039527893,0.09640085697174072,0.011651396751403809
167,nebDFT2k:mp-759220_0_15_0_0_0,forward,0.21688345074653625,0.4115186929702759,0.19463524222373962,0.016102910041809082
167,nebDFT2k:mp-759220_0_15_0_0_0,reverse,0.21688345074653625,0.3954157829284668,0.17853233218193054,0.016102910041809082
167,nebDFT2k:mp-759220_0_15_0_0_0,inference_symmetrised,0.21688345074653625,0.40346723794937134,0.18658378720283508,0.016102910041809082
167,nebDFT2k:mp-759229_3_6_0_1_0,forward,0.6168773174285889,0.7887828350067139,0.171905517578125,0.026387691497802734
167,nebDFT2k:mp-759229_3_6_0_1_0,reverse,0.6168773174285889,0.8151705265045166,0.19829320907592773,0.026387691497802734
167,nebDFT2k:mp-759229_3_6_0_1_0,inference_symmetrised,0.6168773174285889,0.8019766807556152,0.18509936332702637,0.026387691497802734
167,nebDFT2k:mp-759244_7_6_1_0_0,forward,1.0818796157836914,1.2059969902038574,0.12411737442016602,0.03095221519470215
167,nebDFT2k:mp-759244_7_6_1_0_0,reverse,1.0818796157836914,1.1750447750091553,0.09316515922546387,0.03095221519470215
167,nebDFT2k:mp-759244_7_6_1_0_0,inference_symmetrised,1.0818796157836914,1.1905208826065063,0.10864126682281494,0.03095221519470215
167,nebDFT2k:mp-759244_6_10_0_0_1,forward,0.9319226145744324,1.0839802026748657,0.15205758810043335,0.012141704559326172
167,nebDFT2k:mp-759244_6_10_0_0_1,reverse,0.9319226145744324,1.0718384981155396,0.13991588354110718,0.012141704559326172
167,nebDFT2k:mp-759244_6_10_0_0_1,inference_symmetrised,0.9319226145744324,1.0779093503952026,0.14598673582077026,0.012141704559326172
167,nebDFT2k:mp-759244_0_2_0_0_0,forward,0.9603694081306458,1.1108415126800537,0.15047210454940796,0.027180910110473633
167,nebDFT2k:mp-759244_0_2_0_0_0,reverse,0.9603694081306458,1.1380224227905273,0.1776530146598816,0.027180910110473633
167,nebDFT2k:mp-759244_0_2_0_0_0,inference_symmetrised,0.9603694081306458,1.1244319677352905,0.16406255960464478,0.027180910110473633
167,nebDFT2k:mp-759244_4_6_0_0_0,forward,0.9483169913291931,1.0597032308578491,0.111386239528656,0.008103728294372559
167,nebDFT2k:mp-759244_4_6_0_0_0,reverse,0.9483169913291931,1.0515995025634766,0.10328251123428345,0.008103728294372559
167,nebDFT2k:mp-759244_4_6_0_0_0,inference_symmetrised,0.9483169913291931,1.0556513667106628,0.10733437538146973,0.008103728294372559
167,nebDFT2k:mp-759244_5_10_1_0_0,forward,0.9148608446121216,0.9564470648765564,0.041586220264434814,0.006211817264556885
167,nebDFT2k:mp-759244_5_10_1_0_0,reverse,0.9148608446121216,0.9502352476119995,0.03537440299987793,0.006211817264556885
167,nebDFT2k:mp-759244_5_10_1_0_0,inference_symmetrised,0.9148608446121216,0.953341156244278,0.03848031163215637,0.006211817264556885
167,nebDFT2k:mp-759667_2_4_0_0_0,forward,0.3889327943325043,0.7594946026802063,0.370561808347702,0.061765968799591064
167,nebDFT2k:mp-759667_2_4_0_0_0,reverse,0.3889327943325043,0.6977286338806152,0.30879583954811096,0.061765968799591064
167,nebDFT2k:mp-759667_2_4_0_0_0,inference_symmetrised,0.3889327943325043,0.7286116182804108,0.3396788239479065,0.061765968799591064
167,nebDFT2k:mp-759667_3_4_0_1_0,forward,0.41363847255706787,0.5642791986465454,0.15064072608947754,0.013101756572723389
167,nebDFT2k:mp-759667_3_4_0_1_0,reverse,0.41363847255706787,0.5773809552192688,0.16374248266220093,0.013101756572723389
167,nebDFT2k:mp-759667_3_4_0_1_0,inference_symmetrised,0.41363847255706787,0.5708300769329071,0.15719160437583923,0.013101756572723389
167,nebDFT2k:mp-759667_2_1_1_1_0,forward,0.6992021203041077,1.0844502449035645,0.3852481245994568,0.04970407485961914
167,nebDFT2k:mp-759667_2_1_1_1_0,reverse,0.6992021203041077,1.0347461700439453,0.33554404973983765,0.04970407485961914
167,nebDFT2k:mp-759667_2_1_1_1_0,inference_symmetrised,0.6992021203041077,1.0595982074737549,0.3603960871696472,0.04970407485961914
167,nebDFT2k:mp-759753_4_0_0_0_1,forward,0.6141039729118347,0.30339962244033813,0.3107043504714966,0.030435532331466675
167,nebDFT2k:mp-759753_4_0_0_0_1,reverse,0.6141039729118347,0.3338351547718048,0.2802688181400299,0.030435532331466675
167,nebDFT2k:mp-759753_4_0_0_0_1,inference_symmetrised,0.6141039729118347,0.31861738860607147,0.29548658430576324,0.030435532331466675
167,nebDFT2k:mp-759783_2_3_1_0_0,forward,0.6149086356163025,1.1834512948989868,0.5685426592826843,0.013323664665222168
167,nebDFT2k:mp-759783_2_3_1_0_0,reverse,0.6149086356163025,1.196774959564209,0.5818663239479065,0.013323664665222168
167,nebDFT2k:mp-759783_2_3_1_0_0,inference_symmetrised,0.6149086356163025,1.190113127231598,0.5752044916152954,0.013323664665222168
167,nebDFT2k:mp-759783_4_3_0_1_0,forward,0.2746150493621826,0.2631283402442932,0.011486709117889404,0.002076566219329834
167,nebDFT2k:mp-759783_4_3_0_1_0,reverse,0.2746150493621826,0.2610517740249634,0.013563275337219238,0.002076566219329834
167,nebDFT2k:mp-759783_4_3_0_1_0,inference_symmetrised,0.2746150493621826,0.2620900571346283,0.012524992227554321,0.002076566219329834
167,nebDFT2k:mp-760344_7_5_0_1_1,forward,1.048827052116394,0.6115984320640564,0.43722862005233765,0.04311269521713257
167,nebDFT2k:mp-760344_7_5_0_1_1,reverse,1.048827052116394,0.5684857368469238,0.4803413152694702,0.04311269521713257
167,nebDFT2k:mp-760344_7_5_0_1_1,inference_symmetrised,1.048827052116394,0.5900420844554901,0.45878496766090393,0.04311269521713257
167,nebDFT2k:mp-760344_4_8_0_0_0,forward,0.2822485864162445,0.16530507802963257,0.11694350838661194,0.015265464782714844
167,nebDFT2k:mp-760344_4_8_0_0_0,reverse,0.2822485864162445,0.15003961324691772,0.13220897316932678,0.015265464782714844
167,nebDFT2k:mp-760344_4_8_0_0_0,inference_symmetrised,0.2822485864162445,0.15767234563827515,0.12457624077796936,0.015265464782714844
167,nebDFT2k:mp-760344_6_8_0_1_0,forward,0.5260669589042664,0.254000723361969,0.27206623554229736,0.02593439817428589
167,nebDFT2k:mp-760344_6_8_0_1_0,reverse,0.5260669589042664,0.2280663251876831,0.29800063371658325,0.02593439817428589
167,nebDFT2k:mp-760344_6_8_0_1_0,inference_symmetrised,0.5260669589042664,0.24103352427482605,0.2850334346294403,0.02593439817428589
167,nebDFT2k:mp-760344_4_6_1_-1_0,forward,1.0547842979431152,0.6690583229064941,0.3857259750366211,0.015505850315093994
167,nebDFT2k:mp-760344_4_6_1_-1_0,reverse,1.0547842979431152,0.6535524725914001,0.4012318253517151,0.015505850315093994
167,nebDFT2k:mp-760344_4_6_1_-1_0,inference_symmetrised,1.0547842979431152,0.6613053977489471,0.3934789001941681,0.015505850315093994
167,nebDFT2k:mp-760344_7_4_0_1_0,forward,0.6875642538070679,0.3722159266471863,0.3153483271598816,0.013992846012115479
167,nebDFT2k:mp-760344_7_4_0_1_0,reverse,0.6875642538070679,0.3582230806350708,0.32934117317199707,0.013992846012115479
167,nebDFT2k:mp-760344_7_4_0_1_0,inference_symmetrised,0.6875642538070679,0.36521950364112854,0.32234475016593933,0.013992846012115479
167,nebDFT2k:mp-760344_7_9_0_1_1,forward,0.5207509994506836,0.253010630607605,0.2677403688430786,0.0289955735206604
167,nebDFT2k:mp-760344_7_9_0_1_1,reverse,0.5207509994506836,0.22401505708694458,0.296735942363739,0.0289955735206604
167,nebDFT2k:mp-760344_7_9_0_1_1,inference_symmetrised,0.5207509994506836,0.23851284384727478,0.2822381556034088,0.0289955735206604
167,nebDFT2k:mp-760344_10_9_0_0_1,forward,1.8200701475143433,2.2256975173950195,0.40562736988067627,0.1463327407836914
167,nebDFT2k:mp-760344_10_9_0_0_1,reverse,1.8200701475143433,2.372030258178711,0.5519601106643677,0.1463327407836914
167,nebDFT2k:mp-760344_10_9_0_0_1,inference_symmetrised,1.8200701475143433,2.2988638877868652,0.478793740272522,0.1463327407836914
167,nebDFT2k:mp-760344_6_4_0_1_0,forward,0.6860505938529968,0.26193517446517944,0.4241154193878174,0.011212527751922607
167,nebDFT2k:mp-760344_6_4_0_1_0,reverse,0.6860505938529968,0.27314770221710205,0.4129028916358948,0.011212527751922607
167,nebDFT2k:mp-760344_6_4_0_1_0,inference_symmetrised,0.6860505938529968,0.26754143834114075,0.4185091555118561,0.011212527751922607
167,nebDFT2k:mp-760344_10_4_0_1_0,forward,0.5244383215904236,0.19022977352142334,0.33420854806900024,0.026522159576416016
167,nebDFT2k:mp-760344_10_4_0_1_0,reverse,0.5244383215904236,0.21675193309783936,0.30768638849258423,0.026522159576416016
167,nebDFT2k:mp-760344_10_4_0_1_0,inference_symmetrised,0.5244383215904236,0.20349085330963135,0.32094746828079224,0.026522159576416016
167,nebDFT2k:mp-760344_9_5_1_0_0,forward,0.2818312644958496,0.10888278484344482,0.17294847965240479,0.02255427837371826
167,nebDFT2k:mp-760344_9_5_1_0_0,reverse,0.2818312644958496,0.13143706321716309,0.15039420127868652,0.02255427837371826
167,nebDFT2k:mp-760344_9_5_1_0_0,inference_symmetrised,0.2818312644958496,0.12015992403030396,0.16167134046554565,0.02255427837371826
167,nebDFT2k:mp-761094_0_2_0_0_1,forward,4.479324817657471,3.3916008472442627,1.087723970413208,0.009624481201171875
167,nebDFT2k:mp-761094_0_2_0_0_1,reverse,4.479324817657471,3.381976366043091,1.0973484516143799,0.009624481201171875
167,nebDFT2k:mp-761094_0_2_0_0_1,inference_symmetrised,4.479324817657471,3.3867886066436768,1.092536211013794,0.009624481201171875
167,nebDFT2k:mp-761094_1_5_0_1_0,forward,2.0980730056762695,2.102334976196289,0.004261970520019531,0.01285409927368164
167,nebDFT2k:mp-761094_1_5_0_1_0,reverse,2.0980730056762695,2.0894808769226074,0.00859212875366211,0.01285409927368164
167,nebDFT2k:mp-761094_1_5_0_1_0,inference_symmetrised,2.0980730056762695,2.0959079265594482,0.002165079116821289,0.01285409927368164
167,nebDFT2k:mp-761269_2_1_1_-1_0,forward,1.5785481929779053,2.058548927307129,0.48000073432922363,0.028202533721923828
167,nebDFT2k:mp-761269_2_1_1_-1_0,reverse,1.5785481929779053,2.030346393585205,0.4517982006072998,0.028202533721923828
167,nebDFT2k:mp-761269_2_1_1_-1_0,inference_symmetrised,1.5785481929779053,2.044447660446167,0.4658994674682617,0.028202533721923828
167,nebDFT2k:mp-761849_6_5_1_0_0,forward,0.6407798528671265,0.4670863747596741,0.1736934781074524,0.011340528726577759
167,nebDFT2k:mp-761849_6_5_1_0_0,reverse,0.6407798528671265,0.47842690348625183,0.16235294938087463,0.011340528726577759
167,nebDFT2k:mp-761849_6_5_1_0_0,inference_symmetrised,0.6407798528671265,0.47275663912296295,0.1680232137441635,0.011340528726577759
167,nebDFT2k:mp-761849_5_7_0_0_1,forward,0.30204570293426514,0.7794616222381592,0.47741591930389404,0.042438805103302
167,nebDFT2k:mp-761849_5_7_0_0_1,reverse,0.30204570293426514,0.7370228171348572,0.43497711420059204,0.042438805103302
167,nebDFT2k:mp-761849_5_7_0_0_1,inference_symmetrised,0.30204570293426514,0.7582422196865082,0.45619651675224304,0.042438805103302
167,nebDFT2k:mp-762319_14_26_0_0_0,forward,0.28081613779067993,0.40986382961273193,0.129047691822052,0.12090051174163818
167,nebDFT2k:mp-762319_14_26_0_0_0,reverse,0.28081613779067993,0.5307643413543701,0.24994820356369019,0.12090051174163818
167,nebDFT2k:mp-762319_14_26_0_0_0,inference_symmetrised,0.28081613779067993,0.470314085483551,0.1894979476928711,0.12090051174163818
167,nebDFT2k:mp-763177_1_3_0_1_-1,forward,0.45973682403564453,0.8226258754730225,0.36288905143737793,0.07393312454223633
167,nebDFT2k:mp-763177_1_3_0_1_-1,reverse,0.45973682403564453,0.8965590000152588,0.43682217597961426,0.07393312454223633
167,nebDFT2k:mp-763177_1_3_0_1_-1,inference_symmetrised,0.45973682403564453,0.8595924377441406,0.3998556137084961,0.07393312454223633
167,nebDFT2k:mp-764867_1_8_0_1_1,forward,1.519494652748108,0.9564507007598877,0.5630439519882202,0.04020768404006958
167,nebDFT2k:mp-764867_1_8_0_1_1,reverse,1.519494652748108,0.9966583847999573,0.5228362679481506,0.04020768404006958
167,nebDFT2k:mp-764867_1_8_0_1_1,inference_symmetrised,1.519494652748108,0.9765545427799225,0.5429401099681854,0.04020768404006958
167,nebDFT2k:mp-765411_1_6_0_0_0,forward,0.46725958585739136,0.40068379044532776,0.0665757954120636,0.010082900524139404
167,nebDFT2k:mp-765411_1_6_0_0_0,reverse,0.46725958585739136,0.41076669096946716,0.056492894887924194,0.010082900524139404
167,nebDFT2k:mp-765411_1_6_0_0_0,inference_symmetrised,0.46725958585739136,0.40572524070739746,0.061534345149993896,0.010082900524139404
167,nebDFT2k:mp-765501_2_0_1_0_0,forward,2.584408760070801,2.0446510314941406,0.5397577285766602,0.0014438629150390625
167,nebDFT2k:mp-765501_2_0_1_0_0,reverse,2.584408760070801,2.0432071685791016,0.5412015914916992,0.0014438629150390625
167,nebDFT2k:mp-765501_2_0_1_0_0,inference_symmetrised,2.584408760070801,2.043929100036621,0.5404796600341797,0.0014438629150390625
167,nebDFT2k:mp-765964_0_6_1_0_0,forward,1.0074282884597778,1.954854965209961,0.9474266767501831,0.02783346176147461
167,nebDFT2k:mp-765964_0_6_1_0_0,reverse,1.0074282884597778,1.9826884269714355,0.9752601385116577,0.02783346176147461
167,nebDFT2k:mp-765964_0_6_1_0_0,inference_symmetrised,1.0074282884597778,1.9687716960906982,0.9613434076309204,0.02783346176147461
167,nebDFT2k:mp-766130_4_2_1_0_0,forward,1.5168014764785767,1.0224816799163818,0.4943197965621948,0.0468977689743042
167,nebDFT2k:mp-766130_4_2_1_0_0,reverse,1.5168014764785767,0.9755839109420776,0.541217565536499,0.0468977689743042
167,nebDFT2k:mp-766130_4_2_1_0_0,inference_symmetrised,1.5168014764785767,0.9990327954292297,0.5177686810493469,0.0468977689743042
167,nebDFT2k:mp-766612_6_10_0_0_0,forward,0.1816573143005371,0.09568333625793457,0.08597397804260254,0.0047667622566223145
167,nebDFT2k:mp-766612_6_10_0_0_0,reverse,0.1816573143005371,0.09091657400131226,0.09074074029922485,0.0047667622566223145
167,nebDFT2k:mp-766612_6_10_0_0_0,inference_symmetrised,0.1816573143005371,0.09329995512962341,0.0883573591709137,0.0047667622566223145
167,nebDFT2k:mp-768421_3_7_0_0_0,forward,0.7170935273170471,0.4587489068508148,0.2583446204662323,0.0036543309688568115
167,nebDFT2k:mp-768421_3_7_0_0_0,reverse,0.7170935273170471,0.46240323781967163,0.2546902894973755,0.0036543309688568115
167,nebDFT2k:mp-768421_3_7_0_0_0,inference_symmetrised,0.7170935273170471,0.4605760723352432,0.2565174549818039,0.0036543309688568115
167,nebDFT2k:mp-768433_7_19_0_0_0,forward,0.5162459015846252,0.48848167061805725,0.027764230966567993,0.015043497085571289
167,nebDFT2k:mp-768433_7_19_0_0_0,reverse,0.5162459015846252,0.47343817353248596,0.04280772805213928,0.015043497085571289
167,nebDFT2k:mp-768433_7_19_0_0_0,inference_symmetrised,0.5162459015846252,0.4809599220752716,0.03528597950935364,0.015043497085571289
167,nebDFT2k:mp-768508_3_7_0_0_0,forward,0.7297331094741821,0.5002421140670776,0.2294909954071045,0.024251043796539307
167,nebDFT2k:mp-768508_3_7_0_0_0,reverse,0.7297331094741821,0.5244931578636169,0.20523995161056519,0.024251043796539307
167,nebDFT2k:mp-768508_3_7_0_0_0,inference_symmetrised,0.7297331094741821,0.5123676359653473,0.21736547350883484,0.024251043796539307
167,nebDFT2k:mp-768738_3_2_1_1_0,forward,1.1438137292861938,1.4883145093917847,0.3445007801055908,0.0015485286712646484
167,nebDFT2k:mp-768738_3_2_1_1_0,reverse,1.1438137292861938,1.48676598072052,0.34295225143432617,0.0015485286712646484
167,nebDFT2k:mp-768738_3_2_1_1_0,inference_symmetrised,1.1438137292861938,1.4875402450561523,0.3437265157699585,0.0015485286712646484
167,nebDFT2k:mp-768843_14_11_0_1_1,forward,0.3818668723106384,0.3680303990840912,0.013836473226547241,0.013492554426193237
167,nebDFT2k:mp-768843_14_11_0_1_1,reverse,0.3818668723106384,0.3815229535102844,0.0003439188003540039,0.013492554426193237
167,nebDFT2k:mp-768843_14_11_0_1_1,inference_symmetrised,0.3818668723106384,0.3747766762971878,0.0070901960134506226,0.013492554426193237
167,nebDFT2k:mp-769036_28_3_0_1_1,forward,0.43523257970809937,0.20206540822982788,0.23316717147827148,0.0033028125762939453
167,nebDFT2k:mp-769036_28_3_0_1_1,reverse,0.43523257970809937,0.20536822080612183,0.22986435890197754,0.0033028125762939453
167,nebDFT2k:mp-769036_28_3_0_1_1,inference_symmetrised,0.43523257970809937,0.20371681451797485,0.2315157651901245,0.0033028125762939453
167,nebDFT2k:mp-769036_8_9_1_0_0,forward,0.42775994539260864,0.1873810887336731,0.24037885665893555,0.0011792778968811035
167,nebDFT2k:mp-769036_8_9_1_0_0,reverse,0.42775994539260864,0.186201810836792,0.24155813455581665,0.0011792778968811035
167,nebDFT2k:mp-769036_8_9_1_0_0,inference_symmetrised,0.42775994539260864,0.18679144978523254,0.2409684956073761,0.0011792778968811035
167,nebDFT2k:mp-769036_8_10_0_0_0,forward,0.42633527517318726,0.1934875249862671,0.23284775018692017,0.0022211074829101562
167,nebDFT2k:mp-769036_8_10_0_0_0,reverse,0.42633527517318726,0.19570863246917725,0.23062664270401,0.0022211074829101562
167,nebDFT2k:mp-769036_8_10_0_0_0,inference_symmetrised,0.42633527517318726,0.19459807872772217,0.2317371964454651,0.0022211074829101562
167,nebDFT2k:mp-770232_3_11_0_0_1,forward,0.5057204365730286,0.4544534385204315,0.051266998052597046,0.045957982540130615
167,nebDFT2k:mp-770232_3_11_0_0_1,reverse,0.5057204365730286,0.4084954559803009,0.09722498059272766,0.045957982540130615
167,nebDFT2k:mp-770232_3_11_0_0_1,inference_symmetrised,0.5057204365730286,0.4314744472503662,0.07424598932266235,0.045957982540130615
167,nebDFT2k:mp-770551_3_4_0_0_1,forward,0.399429053068161,0.29601114988327026,0.10341790318489075,0.004025816917419434
167,nebDFT2k:mp-770551_3_4_0_0_1,reverse,0.399429053068161,0.3000369668006897,0.09939208626747131,0.004025816917419434
167,nebDFT2k:mp-770551_3_4_0_0_1,inference_symmetrised,0.399429053068161,0.29802405834198,0.10140499472618103,0.004025816917419434
167,nebDFT2k:mp-770649_0_3_0_1_0,forward,0.4358738660812378,0.49898749589920044,0.06311362981796265,0.024594604969024658
167,nebDFT2k:mp-770649_0_3_0_1_0,reverse,0.4358738660812378,0.5235821008682251,0.0877082347869873,0.024594604969024658
167,nebDFT2k:mp-770649_0_3_0_1_0,inference_symmetrised,0.4358738660812378,0.5112847983837128,0.07541093230247498,0.024594604969024658
167,nebDFT2k:mp-770749_2_4_0_0_0,forward,0.3400055170059204,0.5829529166221619,0.24294739961624146,0.03938794136047363
167,nebDFT2k:mp-770749_2_4_0_0_0,reverse,0.3400055170059204,0.6223408579826355,0.2823353409767151,0.03938794136047363
167,nebDFT2k:mp-770749_2_4_0_0_0,inference_symmetrised,0.3400055170059204,0.6026468873023987,0.26264137029647827,0.03938794136047363
167,nebDFT2k:mp-770861_11_9_0_1_0,forward,0.8088666796684265,0.5428463816642761,0.2660202980041504,0.021199822425842285
167,nebDFT2k:mp-770861_11_9_0_1_0,reverse,0.8088666796684265,0.5640462040901184,0.2448204755783081,0.021199822425842285
167,nebDFT2k:mp-770861_11_9_0_1_0,inference_symmetrised,0.8088666796684265,0.5534462928771973,0.25542038679122925,0.021199822425842285
167,nebDFT2k:mp-770876_2_3_0_1_0,forward,1.0284104347229004,1.1722999811172485,0.14388954639434814,0.023691773414611816
167,nebDFT2k:mp-770876_2_3_0_1_0,reverse,1.0284104347229004,1.1486082077026367,0.12019777297973633,0.023691773414611816
167,nebDFT2k:mp-770876_2_3_0_1_0,inference_symmetrised,1.0284104347229004,1.1604540944099426,0.13204365968704224,0.023691773414611816
167,nebDFT2k:mp-770921_0_4_0_1_0,forward,0.37256544828414917,0.5200326442718506,0.14746719598770142,0.027072668075561523
167,nebDFT2k:mp-770921_0_4_0_1_0,reverse,0.37256544828414917,0.5471053123474121,0.17453986406326294,0.027072668075561523
167,nebDFT2k:mp-770921_0_4_0_1_0,inference_symmetrised,0.37256544828414917,0.5335689783096313,0.16100353002548218,0.027072668075561523
167,nebDFT2k:mp-770939_10_9_1_0_0,forward,0.40068763494491577,0.1735110878944397,0.22717654705047607,0.008826255798339844
167,nebDFT2k:mp-770939_10_9_1_0_0,reverse,0.40068763494491577,0.18233734369277954,0.21835029125213623,0.008826255798339844
167,nebDFT2k:mp-770939_10_9_1_0_0,inference_symmetrised,0.40068763494491577,0.17792421579360962,0.22276341915130615,0.008826255798339844
167,nebDFT2k:mp-770939_2_10_0_0_0,forward,0.47966933250427246,0.37253162264823914,0.10713770985603333,0.007824212312698364
167,nebDFT2k:mp-770939_2_10_0_0_0,reverse,0.47966933250427246,0.36470741033554077,0.11496192216873169,0.007824212312698364
167,nebDFT2k:mp-770939_2_10_0_0_0,inference_symmetrised,0.47966933250427246,0.36861951649188995,0.11104981601238251,0.007824212312698364
167,nebDFT2k:mp-770939_10_1_1_0_1,forward,0.33471783995628357,0.24756133556365967,0.0871565043926239,0.016305387020111084
167,nebDFT2k:mp-770939_10_1_1_0_1,reverse,0.33471783995628357,0.26386672258377075,0.07085111737251282,0.016305387020111084
167,nebDFT2k:mp-770939_10_1_1_0_1,inference_symmetrised,0.33471783995628357,0.2557140290737152,0.07900381088256836,0.016305387020111084
167,nebDFT2k:mp-770939_3_11_1_0_0,forward,0.4799911677837372,0.37234777212142944,0.10764339566230774,0.007885366678237915
167,nebDFT2k:mp-770939_3_11_1_0_0,reverse,0.4799911677837372,0.36446240544319153,0.11552876234054565,0.007885366678237915
167,nebDFT2k:mp-770939_3_11_1_0_0,inference_symmetrised,0.4799911677837372,0.3684050887823105,0.1115860790014267,0.007885366678237915
167,nebDFT2k:mp-770939_11_0_0_0_1,forward,0.33606410026550293,0.2477601170539856,0.08830398321151733,0.016173481941223145
167,nebDFT2k:mp-770939_11_0_0_0_1,reverse,0.33606410026550293,0.26393359899520874,0.07213050127029419,0.016173481941223145
167,nebDFT2k:mp-770939_11_0_0_0_1,inference_symmetrised,0.33606410026550293,0.25584685802459717,0.08021724224090576,0.016173481941223145
167,nebDFT2k:mp-770939_2_5_0_0_1,forward,0.3350597321987152,0.2562445402145386,0.07881519198417664,0.02246880531311035
167,nebDFT2k:mp-770939_2_5_0_0_1,reverse,0.3350597321987152,0.23377573490142822,0.10128399729728699,0.02246880531311035
167,nebDFT2k:mp-770939_2_5_0_0_1,inference_symmetrised,0.3350597321987152,0.2450101375579834,0.09004959464073181,0.02246880531311035
167,nebDFT2k:mp-770939_8_11_0_0_0,forward,0.391576886177063,0.17542654275894165,0.21615034341812134,0.012119114398956299
167,nebDFT2k:mp-770939_8_11_0_0_0,reverse,0.391576886177063,0.18754565715789795,0.20403122901916504,0.012119114398956299
167,nebDFT2k:mp-770939_8_11_0_0_0,inference_symmetrised,0.391576886177063,0.1814860999584198,0.2100907862186432,0.012119114398956299
167,nebDFT2k:mp-770939_2_6_0_0_1,forward,0.3225223422050476,0.25732022523880005,0.06520211696624756,0.021342098712921143
167,nebDFT2k:mp-770939_2_6_0_0_1,reverse,0.3225223422050476,0.2359781265258789,0.0865442156791687,0.021342098712921143
167,nebDFT2k:mp-770939_2_6_0_0_1,inference_symmetrised,0.3225223422050476,0.24664917588233948,0.07587316632270813,0.021342098712921143
167,nebDFT2k:mp-770939_2_9_0_0_0,forward,0.13303782045841217,0.18900072574615479,0.055962905287742615,0.0024761557579040527
167,nebDFT2k:mp-770939_2_9_0_0_0,reverse,0.13303782045841217,0.18652456998825073,0.05348674952983856,0.0024761557579040527
167,nebDFT2k:mp-770939_2_9_0_0_0,inference_symmetrised,0.13303782045841217,0.18776264786720276,0.05472482740879059,0.0024761557579040527
167,nebDFT2k:mp-771011_2_1_1_-1_0,forward,0.6420322060585022,0.5861941576004028,0.055838048458099365,0.05716657638549805
167,nebDFT2k:mp-771011_2_1_1_-1_0,reverse,0.6420322060585022,0.5290275812149048,0.11300462484359741,0.05716657638549805
167,nebDFT2k:mp-771011_2_1_1_-1_0,inference_symmetrised,0.6420322060585022,0.5576108694076538,0.08442133665084839,0.05716657638549805
167,nebDFT2k:mp-771011_3_0_1_-1_0,forward,0.6453012228012085,0.6433906555175781,0.001910567283630371,0.024666249752044678
167,nebDFT2k:mp-771011_3_0_1_-1_0,reverse,0.6453012228012085,0.6680569052696228,0.022755682468414307,0.024666249752044678
167,nebDFT2k:mp-771011_3_0_1_-1_0,inference_symmetrised,0.6453012228012085,0.6557237803936005,0.010422557592391968,0.024666249752044678
167,nebDFT2k:mp-771019_2_5_1_1_0,forward,0.09585042297840118,0.7196300625801086,0.6237796396017075,0.0011287927627563477
167,nebDFT2k:mp-771019_2_5_1_1_0,reverse,0.09585042297840118,0.7185012698173523,0.6226508468389511,0.0011287927627563477
167,nebDFT2k:mp-771019_2_5_1_1_0,inference_symmetrised,0.09585042297840118,0.7190656661987305,0.6232152432203293,0.0011287927627563477
167,nebDFT2k:mp-771821_0_2_0_0_0,forward,0.1138739287853241,0.06786304712295532,0.046010881662368774,0.0025168657302856445
167,nebDFT2k:mp-771821_0_2_0_0_0,reverse,0.1138739287853241,0.06534618139266968,0.04852774739265442,0.0025168657302856445
167,nebDFT2k:mp-771821_0_2_0_0_0,inference_symmetrised,0.1138739287853241,0.0666046142578125,0.0472693145275116,0.0025168657302856445
167,nebDFT2k:mp-771906_1_0_1_0_0,forward,0.4369984269142151,0.486296147108078,0.049297720193862915,0.005074858665466309
167,nebDFT2k:mp-771906_1_0_1_0_0,reverse,0.4369984269142151,0.4913710057735443,0.054372578859329224,0.005074858665466309
167,nebDFT2k:mp-771906_1_0_1_0_0,inference_symmetrised,0.4369984269142151,0.48883357644081116,0.05183514952659607,0.005074858665466309
167,nebDFT2k:mp-772502_1_2_0_0_0,forward,1.4095782041549683,1.2135708332061768,0.1960073709487915,0.08732938766479492
167,nebDFT2k:mp-772502_1_2_0_0_0,reverse,1.4095782041549683,1.1262414455413818,0.2833367586135864,0.08732938766479492
167,nebDFT2k:mp-772502_1_2_0_0_0,inference_symmetrised,1.4095782041549683,1.1699061393737793,0.23967206478118896,0.08732938766479492
167,nebDFT2k:mp-772542_0_2_0_0_0,forward,0.24687078595161438,0.26295560598373413,0.01608482003211975,0.023827672004699707
167,nebDFT2k:mp-772542_0_2_0_0_0,reverse,0.24687078595161438,0.28678327798843384,0.03991249203681946,0.023827672004699707
167,nebDFT2k:mp-772542_0_2_0_0_0,inference_symmetrised,0.24687078595161438,0.274869441986084,0.027998656034469604,0.023827672004699707
167,nebDFT2k:mp-772613_0_1_0_0_0,forward,0.4315532147884369,0.7414712905883789,0.309918075799942,0.035803794860839844
167,nebDFT2k:mp-772613_0_1_0_0_0,reverse,0.4315532147884369,0.7772750854492188,0.34572187066078186,0.035803794860839844
167,nebDFT2k:mp-772613_0_1_0_0_0,inference_symmetrised,0.4315532147884369,0.7593731880187988,0.32781997323036194,0.035803794860839844
167,nebDFT2k:mp-772658_3_3_1_0_0,forward,1.721060872077942,0.739806056022644,0.9812548160552979,0.0546380877494812
167,nebDFT2k:mp-772658_3_3_1_0_0,reverse,1.721060872077942,0.7944441437721252,0.9266167283058167,0.0546380877494812
167,nebDFT2k:mp-772658_3_3_1_0_0,inference_symmetrised,1.721060872077942,0.7671250998973846,0.9539357721805573,0.0546380877494812
167,nebDFT2k:mp-772851_6_10_0_1_0,forward,0.6534039378166199,0.4538687467575073,0.19953519105911255,0.032101213932037354
167,nebDFT2k:mp-772851_6_10_0_1_0,reverse,0.6534039378166199,0.42176753282546997,0.2316364049911499,0.032101213932037354
167,nebDFT2k:mp-772851_6_10_0_1_0,inference_symmetrised,0.6534039378166199,0.43781813979148865,0.21558579802513123,0.032101213932037354
167,nebDFT2k:mp-772981_0_2_0_0_0,forward,1.138868808746338,1.1606462001800537,0.02177739143371582,0.07647216320037842
167,nebDFT2k:mp-772981_0_2_0_0_0,reverse,1.138868808746338,1.0841740369796753,0.0546947717666626,0.07647216320037842
167,nebDFT2k:mp-772981_0_2_0_0_0,inference_symmetrised,1.138868808746338,1.1224101185798645,0.01645869016647339,0.07647216320037842
167,nebDFT2k:mp-772981_1_2_0_0_0,forward,3.077207326889038,1.9292731285095215,1.1479341983795166,0.02144455909729004
167,nebDFT2k:mp-772981_1_2_0_0_0,reverse,3.077207326889038,1.9507176876068115,1.1264896392822266,0.02144455909729004
167,nebDFT2k:mp-772981_1_2_0_0_0,inference_symmetrised,3.077207326889038,1.9399954080581665,1.1372119188308716,0.02144455909729004
167,nebDFT2k:mp-774843_2_3_0_0_0,forward,1.0624136924743652,0.7778728008270264,0.28454089164733887,0.09205567836761475
167,nebDFT2k:mp-774843_2_3_0_0_0,reverse,1.0624136924743652,0.6858171224594116,0.3765965700149536,0.09205567836761475
167,nebDFT2k:mp-774843_2_3_0_0_0,inference_symmetrised,1.0624136924743652,0.731844961643219,0.33056873083114624,0.09205567836761475
167,nebDFT2k:mp-774843_2_3_1_0_0,forward,0.8142358660697937,0.6048494577407837,0.20938640832901,0.03277587890625
167,nebDFT2k:mp-774843_2_3_1_0_0,reverse,0.8142358660697937,0.5720735788345337,0.24216228723526,0.03277587890625
167,nebDFT2k:mp-774843_2_3_1_0_0,inference_symmetrised,0.8142358660697937,0.5884615182876587,0.225774347782135,0.03277587890625
167,nebDFT2k:mp-774843_2_3_0_1_0,forward,0.8414992690086365,0.7997464537620544,0.04175281524658203,0.09860187768936157
167,nebDFT2k:mp-774843_2_3_0_1_0,reverse,0.8414992690086365,0.7011445760726929,0.1403546929359436,0.09860187768936157
167,nebDFT2k:mp-774843_2_3_0_1_0,inference_symmetrised,0.8414992690086365,0.7504455149173737,0.09105375409126282,0.09860187768936157
167,nebDFT2k:mp-774843_2_0_0_1_0,forward,3.6757445335388184,3.2960026264190674,0.379741907119751,0.031209468841552734
167,nebDFT2k:mp-774843_2_0_0_1_0,reverse,3.6757445335388184,3.32721209526062,0.34853243827819824,0.031209468841552734
167,nebDFT2k:mp-774843_2_0_0_1_0,inference_symmetrised,3.6757445335388184,3.3116073608398438,0.3641371726989746,0.031209468841552734
167,nebDFT2k:mp-774843_0_1_0_0_0,forward,0.8201401233673096,0.5372943878173828,0.28284573554992676,0.1105034351348877
167,nebDFT2k:mp-774843_0_1_0_0_0,reverse,0.8201401233673096,0.6477978229522705,0.17234230041503906,0.1105034351348877
167,nebDFT2k:mp-774843_0_1_0_0_0,inference_symmetrised,0.8201401233673096,0.5925461053848267,0.2275940179824829,0.1105034351348877
167,nebDFT2k:mp-774946_0_2_0_0_0,forward,0.6453417539596558,0.4898456931114197,0.15549606084823608,0.012791156768798828
167,nebDFT2k:mp-774946_0_2_0_0_0,reverse,0.6453417539596558,0.47705453634262085,0.1682872176170349,0.012791156768798828
167,nebDFT2k:mp-774946_0_2_0_0_0,inference_symmetrised,0.6453417539596558,0.48345011472702026,0.1618916392326355,0.012791156768798828
167,nebDFT2k:mp-775195_1_5_0_1_0,forward,0.11352421343326569,0.18544894456863403,0.07192473113536835,0.017031311988830566
167,nebDFT2k:mp-775195_1_5_0_1_0,reverse,0.11352421343326569,0.16841763257980347,0.05489341914653778,0.017031311988830566
167,nebDFT2k:mp-775195_1_5_0_1_0,inference_symmetrised,0.11352421343326569,0.17693328857421875,0.06340907514095306,0.017031311988830566
167,nebDFT2k:mp-776519_1_0_0_1_0,forward,1.0567388534545898,0.764572024345398,0.2921668291091919,0.003533005714416504
167,nebDFT2k:mp-776519_1_0_0_1_0,reverse,1.0567388534545898,0.7681050300598145,0.2886338233947754,0.003533005714416504
167,nebDFT2k:mp-776519_1_0_0_1_0,inference_symmetrised,1.0567388534545898,0.7663385272026062,0.29040032625198364,0.003533005714416504
167,nebDFT2k:mp-776806_0_1_0_0_0,forward,0.8505998849868774,0.5322928428649902,0.3183070421218872,0.09584438800811768
167,nebDFT2k:mp-776806_0_1_0_0_0,reverse,0.8505998849868774,0.6281372308731079,0.22246265411376953,0.09584438800811768
167,nebDFT2k:mp-776806_0_1_0_0_0,inference_symmetrised,0.8505998849868774,0.5802150368690491,0.27038484811782837,0.09584438800811768
167,nebDFT2k:mp-776806_3_2_1_1_0,forward,0.6594776511192322,0.6382862329483032,0.021191418170928955,0.014586210250854492
167,nebDFT2k:mp-776806_3_2_1_1_0,reverse,0.6594776511192322,0.6528724431991577,0.006605207920074463,0.014586210250854492
167,nebDFT2k:mp-776806_3_2_1_1_0,inference_symmetrised,0.6594776511192322,0.6455793380737305,0.013898313045501709,0.014586210250854492
167,nebDFT2k:mp-777279_19_7_1_0_0,forward,0.389350026845932,0.6168107390403748,0.22746071219444275,0.008086144924163818
167,nebDFT2k:mp-777279_19_7_1_0_0,reverse,0.389350026845932,0.6087245941162109,0.21937456727027893,0.008086144924163818
167,nebDFT2k:mp-777279_19_7_1_0_0,inference_symmetrised,0.389350026845932,0.6127676665782928,0.22341763973236084,0.008086144924163818
167,nebDFT2k:mp-777670_0_1_0_0_0,forward,0.7413540482521057,0.5209970474243164,0.2203570008277893,0.11598950624465942
167,nebDFT2k:mp-777670_0_1_0_0_0,reverse,0.7413540482521057,0.6369865536689758,0.10436749458312988,0.11598950624465942
167,nebDFT2k:mp-777670_0_1_0_0_0,inference_symmetrised,0.7413540482521057,0.5789918005466461,0.1623622477054596,0.11598950624465942
167,nebDFT2k:mp-777670_0_2_0_1_0,forward,4.522794723510742,3.018869161605835,1.5039255619049072,0.06973028182983398
167,nebDFT2k:mp-777670_0_2_0_1_0,reverse,4.522794723510742,2.949138879776001,1.5736558437347412,0.06973028182983398
167,nebDFT2k:mp-777670_0_2_0_1_0,inference_symmetrised,4.522794723510742,2.984004020690918,1.5387907028198242,0.06973028182983398
167,nebDFT2k:mp-777670_1_0_0_1_0,forward,0.6251729130744934,0.7415516972541809,0.1163787841796875,0.06980544328689575
167,nebDFT2k:mp-777670_1_0_0_1_0,reverse,0.6251729130744934,0.6717462539672852,0.04657334089279175,0.06980544328689575
167,nebDFT2k:mp-777670_1_0_0_1_0,inference_symmetrised,0.6251729130744934,0.706648975610733,0.08147606253623962,0.06980544328689575
167,nebDFT2k:mp-778325_0_1_0_0_0,forward,0.6744814515113831,0.5001765489578247,0.17430490255355835,0.16228187084197998
167,nebDFT2k:mp-778325_0_1_0_0_0,reverse,0.6744814515113831,0.6624584197998047,0.01202303171157837,0.16228187084197998
167,nebDFT2k:mp-778325_0_1_0_0_0,inference_symmetrised,0.6744814515113831,0.5813174843788147,0.09316396713256836,0.16228187084197998
167,nebDFT2k:mp-778830_1_9_1_1_0,forward,0.25904756784439087,0.715774416923523,0.4567268490791321,0.02743750810623169
167,nebDFT2k:mp-778830_1_9_1_1_0,reverse,0.25904756784439087,0.7432119250297546,0.48416435718536377,0.02743750810623169
167,nebDFT2k:mp-778830_1_9_1_1_0,inference_symmetrised,0.25904756784439087,0.7294931709766388,0.4704456031322479,0.02743750810623169
167,nebDFT2k:mp-778830_4_0_1_-1_-1,forward,0.2582642734050751,0.6349316835403442,0.37666741013526917,0.03305882215499878
167,nebDFT2k:mp-778830_4_0_1_-1_-1,reverse,0.2582642734050751,0.6018728613853455,0.3436085879802704,0.03305882215499878
167,nebDFT2k:mp-778830_4_0_1_-1_-1,inference_symmetrised,0.2582642734050751,0.6184022724628448,0.3601379990577698,0.03305882215499878
167,nebDFT2k:mp-779432_2_7_0_1_0,forward,0.17155316472053528,0.22267192602157593,0.05111876130104065,0.00019502639770507812
167,nebDFT2k:mp-779432_2_7_0_1_0,reverse,0.17155316472053528,0.222866952419281,0.05131378769874573,0.00019502639770507812
167,nebDFT2k:mp-779432_2_7_0_1_0,inference_symmetrised,0.17155316472053528,0.22276943922042847,0.05121627449989319,0.00019502639770507812
167,nebDFT2k:mp-779720_1_4_0_0_0,forward,0.3813576102256775,0.1681191325187683,0.21323847770690918,0.07382500171661377
167,nebDFT2k:mp-779720_1_4_0_0_0,reverse,0.3813576102256775,0.24194413423538208,0.1394134759902954,0.07382500171661377
167,nebDFT2k:mp-779720_1_4_0_0_0,inference_symmetrised,0.3813576102256775,0.2050316333770752,0.1763259768486023,0.07382500171661377
167,nebDFT2k:mp-779720_0_6_0_0_0,forward,0.876657247543335,0.4243450164794922,0.4523122310638428,0.024998635053634644
167,nebDFT2k:mp-779720_0_6_0_0_0,reverse,0.876657247543335,0.44934365153312683,0.42731359601020813,0.024998635053634644
167,nebDFT2k:mp-779720_0_6_0_0_0,inference_symmetrised,0.876657247543335,0.4368443340063095,0.43981291353702545,0.024998635053634644
167,nebDFT2k:mp-779720_12_22_0_0_0,forward,0.6643123030662537,0.3061160445213318,0.3581962585449219,0.07840359210968018
167,nebDFT2k:mp-779720_12_22_0_0_0,reverse,0.6643123030662537,0.38451963663101196,0.2797926664352417,0.07840359210968018
167,nebDFT2k:mp-779720_12_22_0_0_0,inference_symmetrised,0.6643123030662537,0.3453178405761719,0.3189944624900818,0.07840359210968018
167,nebDFT2k:mp-779720_4_8_0_1_0,forward,0.4980355501174927,0.5295331478118896,0.03149759769439697,0.007476925849914551
167,nebDFT2k:mp-779720_4_8_0_1_0,reverse,0.4980355501174927,0.5220562219619751,0.024020671844482422,0.007476925849914551
167,nebDFT2k:mp-779720_4_8_0_1_0,inference_symmetrised,0.4980355501174927,0.5257946848869324,0.027759134769439697,0.007476925849914551
167,nebDFT2k:mp-781596_1_3_0_1_0,forward,0.12982939183712006,0.38254454731941223,0.2527151554822922,0.006836831569671631
167,nebDFT2k:mp-781596_1_3_0_1_0,reverse,0.12982939183712006,0.3757077157497406,0.24587832391262054,0.006836831569671631
167,nebDFT2k:mp-781596_1_3_0_1_0,inference_symmetrised,0.12982939183712006,0.3791261315345764,0.24929673969745636,0.006836831569671631
167,nebDFT2k:mp-849351_1_0_1_0_-1,forward,1.591550588607788,0.4800490438938141,1.111501544713974,0.01599779725074768
167,nebDFT2k:mp-849351_1_0_1_0_-1,reverse,1.591550588607788,0.49604684114456177,1.0955037474632263,0.01599779725074768
167,nebDFT2k:mp-849351_1_0_1_0_-1,inference_symmetrised,1.591550588607788,0.4880479425191879,1.1035026460886002,0.01599779725074768
167,nebDFT2k:mp-849386_8_8_1_0_0,forward,1.0149714946746826,0.48289617896080017,0.5320753157138824,0.05803343653678894
167,nebDFT2k:mp-849386_8_8_1_0_0,reverse,1.0149714946746826,0.42486274242401123,0.5901087522506714,0.05803343653678894
167,nebDFT2k:mp-849386_8_8_1_0_0,inference_symmetrised,1.0149714946746826,0.4538794606924057,0.5610920339822769,0.05803343653678894
167,nebDFT2k:mp-850532_0_1_0_1_0,forward,0.5237549543380737,0.5352715253829956,0.011516571044921875,0.007569491863250732
167,nebDFT2k:mp-850532_0_1_0_1_0,reverse,0.5237549543380737,0.5428410172462463,0.019086062908172607,0.007569491863250732
167,nebDFT2k:mp-850532_0_1_0_1_0,inference_symmetrised,0.5237549543380737,0.539056271314621,0.015301316976547241,0.007569491863250732
197,nebDFT2k:mp-1020056_0_0_1_1_0,forward,2.066868543624878,1.9729540348052979,0.09391450881958008,0.07912898063659668
197,nebDFT2k:mp-1020056_0_0_1_1_0,reverse,2.066868543624878,2.0520830154418945,0.014785528182983398,0.07912898063659668
197,nebDFT2k:mp-1020056_0_0_1_1_0,inference_symmetrised,2.066868543624878,2.012518525123596,0.05435001850128174,0.07912898063659668
197,nebDFT2k:mp-1020056_0_2_1_0_0,forward,0.13001933693885803,0.12275844812393188,0.0072608888149261475,0.050776898860931396
197,nebDFT2k:mp-1020056_0_2_1_0_0,reverse,0.13001933693885803,0.17353534698486328,0.04351601004600525,0.050776898860931396
197,nebDFT2k:mp-1020056_0_2_1_0_0,inference_symmetrised,0.13001933693885803,0.14814689755439758,0.01812756061553955,0.050776898860931396
197,nebDFT2k:mp-1020056_2_2_1_1_0,forward,1.452639102935791,1.833478569984436,0.380839467048645,0.09631562232971191
197,nebDFT2k:mp-1020056_2_2_1_1_0,reverse,1.452639102935791,1.929794192314148,0.47715508937835693,0.09631562232971191
197,nebDFT2k:mp-1020056_2_2_1_1_0,inference_symmetrised,1.452639102935791,1.881636381149292,0.428997278213501,0.09631562232971191
197,nebDFT2k:mp-1147726_4_6_1_0_0,forward,0.1745581477880478,0.40421241521835327,0.22965426743030548,0.012539118528366089
197,nebDFT2k:mp-1147726_4_6_1_0_0,reverse,0.1745581477880478,0.3916732966899872,0.2171151489019394,0.012539118528366089
197,nebDFT2k:mp-1147726_4_6_1_0_0,inference_symmetrised,0.1745581477880478,0.3979428559541702,0.22338470816612244,0.012539118528366089
197,nebDFT2k:mp-1174212_5_7_0_0_0,forward,0.8727639317512512,0.4417879581451416,0.4309759736061096,0.02004826068878174
197,nebDFT2k:mp-1174212_5_7_0_0_0,reverse,0.8727639317512512,0.46183621883392334,0.4109277129173279,0.02004826068878174
197,nebDFT2k:mp-1174212_5_7_0_0_0,inference_symmetrised,0.8727639317512512,0.45181208848953247,0.42095184326171875,0.02004826068878174
197,nebDFT2k:mp-1175313_9_13_0_0_0,forward,0.5736613869667053,0.45460039377212524,0.11906099319458008,0.006454557180404663
197,nebDFT2k:mp-1175313_9_13_0_0_0,reverse,0.5736613869667053,0.4610549509525299,0.11260643601417542,0.006454557180404663
197,nebDFT2k:mp-1175313_9_13_0_0_0,inference_symmetrised,0.5736613869667053,0.4578276723623276,0.11583371460437775,0.006454557180404663
197,nebDFT2k:mp-1175624_0_3_0_1_0,forward,0.40710362792015076,0.5735763907432556,0.16647276282310486,0.006642162799835205
197,nebDFT2k:mp-1175624_0_3_0_1_0,reverse,0.40710362792015076,0.5669342279434204,0.15983060002326965,0.006642162799835205
197,nebDFT2k:mp-1175624_0_3_0_1_0,inference_symmetrised,0.40710362792015076,0.570255309343338,0.16315168142318726,0.006642162799835205
197,nebDFT2k:mp-1175840_1_1_1_0_0,forward,2.172025442123413,1.6771206855773926,0.4949047565460205,0.021194934844970703
197,nebDFT2k:mp-1175840_1_1_1_0_0,reverse,2.172025442123413,1.6983156204223633,0.4737098217010498,0.021194934844970703
197,nebDFT2k:mp-1175840_1_1_1_0_0,inference_symmetrised,2.172025442123413,1.687718152999878,0.48430728912353516,0.021194934844970703
197,nebDFT2k:mp-1176566_0_2_0_0_0,forward,0.17504152655601501,0.44409453868865967,0.26905301213264465,0.028257817029953003
197,nebDFT2k:mp-1176566_0_2_0_0_0,reverse,0.17504152655601501,0.41583672165870667,0.24079519510269165,0.028257817029953003
197,nebDFT2k:mp-1176566_0_2_0_0_0,inference_symmetrised,0.17504152655601501,0.42996563017368317,0.25492410361766815,0.028257817029953003
197,nebDFT2k:mp-1176566_0_2_0_1_0,forward,2.848614454269409,1.460917592048645,1.3876968622207642,0.017978549003601074
197,nebDFT2k:mp-1176566_0_2_0_1_0,reverse,2.848614454269409,1.442939043045044,1.4056754112243652,0.017978549003601074
197,nebDFT2k:mp-1176566_0_2_0_1_0,inference_symmetrised,2.848614454269409,1.4519283175468445,1.3966861367225647,0.017978549003601074
197,nebDFT2k:mp-1176649_6_7_0_0_0,forward,0.9662818312644958,1.3557469844818115,0.3894651532173157,0.000992417335510254
197,nebDFT2k:mp-1176649_6_7_0_0_0,reverse,0.9662818312644958,1.3547545671463013,0.3884727358818054,0.000992417335510254
197,nebDFT2k:mp-1176649_6_7_0_0_0,inference_symmetrised,0.9662818312644958,1.3552507758140564,0.38896894454956055,0.000992417335510254
197,nebDFT2k:mp-1176994_9_9_1_0_0,forward,2.2720789909362793,1.7452490329742432,0.5268299579620361,0.01935398578643799
197,nebDFT2k:mp-1176994_9_9_1_0_0,reverse,2.2720789909362793,1.7646030187606812,0.5074759721755981,0.01935398578643799
197,nebDFT2k:mp-1176994_9_9_1_0_0,inference_symmetrised,2.2720789909362793,1.7549260258674622,0.5171529650688171,0.01935398578643799
197,nebDFT2k:mp-1177804_0_1_0_0_1,forward,1.6887457370758057,2.0476274490356445,0.35888171195983887,0.017618656158447266
197,nebDFT2k:mp-1177804_0_1_0_0_1,reverse,1.6887457370758057,2.065246105194092,0.37650036811828613,0.017618656158447266
197,nebDFT2k:mp-1177804_0_1_0_0_1,inference_symmetrised,1.6887457370758057,2.056436777114868,0.3676910400390625,0.017618656158447266
197,nebDFT2k:mp-1177804_0_2_0_0_1,forward,0.3489684462547302,0.6199691295623779,0.2710006833076477,0.014428853988647461
197,nebDFT2k:mp-1177804_0_2_0_0_1,reverse,0.3489684462547302,0.6055402755737305,0.25657182931900024,0.014428853988647461
197,nebDFT2k:mp-1177804_0_2_0_0_1,inference_symmetrised,0.3489684462547302,0.6127547025680542,0.263786256313324,0.014428853988647461
197,nebDFT2k:mp-1177943_4_7_0_0_0,forward,0.9865845441818237,0.9977788329124451,0.011194288730621338,0.0024229884147644043
197,nebDFT2k:mp-1177943_4_7_0_0_0,reverse,0.9865845441818237,0.9953558444976807,0.008771300315856934,0.0024229884147644043
197,nebDFT2k:mp-1177943_4_7_0_0_0,inference_symmetrised,0.9865845441818237,0.9965673387050629,0.009982794523239136,0.0024229884147644043
197,nebDFT2k:mp-1178166_8_9_0_0_1,forward,0.8422648310661316,1.7769951820373535,0.9347303509712219,0.0010404586791992188
197,nebDFT2k:mp-1178166_8_9_0_0_1,reverse,0.8422648310661316,1.7759547233581543,0.9336898922920227,0.0010404586791992188
197,nebDFT2k:mp-1178166_8_9_0_0_1,inference_symmetrised,0.8422648310661316,1.776474952697754,0.9342101216316223,0.0010404586791992188
197,nebDFT2k:mp-1202443_0_6_0_0_1,forward,1.9113332033157349,1.053542137145996,0.8577910661697388,0.013105630874633789
197,nebDFT2k:mp-1202443_0_6_0_0_1,reverse,1.9113332033157349,1.0404365062713623,0.8708966970443726,0.013105630874633789
197,nebDFT2k:mp-1202443_0_6_0_0_1,inference_symmetrised,1.9113332033157349,1.0469893217086792,0.8643438816070557,0.013105630874633789
197,nebDFT2k:mp-1222404_0_0_0_1_-1,forward,0.4571089446544647,0.6174598932266235,0.1603509485721588,0.05335092544555664
197,nebDFT2k:mp-1222404_0_0_0_1_-1,reverse,0.4571089446544647,0.5641089677810669,0.10700002312660217,0.05335092544555664
197,nebDFT2k:mp-1222404_0_0_0_1_-1,inference_symmetrised,0.4571089446544647,0.5907844305038452,0.1336754858493805,0.05335092544555664
197,nebDFT2k:mp-1222469_0_0_0_1_0,forward,1.3453915119171143,1.271549940109253,0.07384157180786133,0.014506220817565918
197,nebDFT2k:mp-1222469_0_0_0_1_0,reverse,1.3453915119171143,1.257043719291687,0.08834779262542725,0.014506220817565918
197,nebDFT2k:mp-1222469_0_0_0_1_0,inference_symmetrised,1.3453915119171143,1.26429682970047,0.08109468221664429,0.014506220817565918
197,nebDFT2k:mp-1222510_2_2_0_1_0,forward,1.738020896911621,1.5899593830108643,0.14806151390075684,0.04433393478393555
197,nebDFT2k:mp-1222510_2_2_0_1_0,reverse,1.738020896911621,1.6342933177947998,0.10372757911682129,0.04433393478393555
197,nebDFT2k:mp-1222510_2_2_0_1_0,inference_symmetrised,1.738020896911621,1.612126350402832,0.12589454650878906,0.04433393478393555
197,nebDFT2k:mp-1222575_1_2_0_0_0,forward,1.200072169303894,1.6128934621810913,0.41282129287719727,0.05411398410797119
197,nebDFT2k:mp-1222575_1_2_0_0_0,reverse,1.200072169303894,1.5587794780731201,0.3587073087692261,0.05411398410797119
197,nebDFT2k:mp-1222575_1_2_0_0_0,inference_symmetrised,1.200072169303894,1.5858364701271057,0.38576430082321167,0.05411398410797119
197,nebDFT2k:mp-1222575_0_2_0_0_0,forward,4.537822246551514,3.4784798622131348,1.059342384338379,0.06539154052734375
197,nebDFT2k:mp-1222575_0_2_0_0_0,reverse,4.537822246551514,3.413088321685791,1.1247339248657227,0.06539154052734375
197,nebDFT2k:mp-1222575_0_2_0_0_0,inference_symmetrised,4.537822246551514,3.445784091949463,1.0920381546020508,0.06539154052734375
197,nebDFT2k:mp-1222591_0_0_0_1_0,forward,0.4859350323677063,0.5454833507537842,0.05954831838607788,0.03380715847015381
197,nebDFT2k:mp-1222591_0_0_0_1_0,reverse,0.4859350323677063,0.5116761922836304,0.025741159915924072,0.03380715847015381
197,nebDFT2k:mp-1222591_0_0_0_1_0,inference_symmetrised,0.4859350323677063,0.5285797715187073,0.04264473915100098,0.03380715847015381
197,nebDFT2k:mp-1277038_4_0_0_1_0,forward,0.685222327709198,1.043501853942871,0.3582795262336731,0.02568197250366211
197,nebDFT2k:mp-1277038_4_0_0_1_0,reverse,0.685222327709198,1.0691838264465332,0.3839614987373352,0.02568197250366211
197,nebDFT2k:mp-1277038_4_0_0_1_0,inference_symmetrised,0.685222327709198,1.0563428401947021,0.37112051248550415,0.02568197250366211
197,nebDFT2k:mp-1277589_2_0_1_0_0,forward,0.5733042359352112,0.6302053928375244,0.05690115690231323,0.0002816915512084961
197,nebDFT2k:mp-1277589_2_0_1_0_0,reverse,0.5733042359352112,0.6304870843887329,0.05718284845352173,0.0002816915512084961
197,nebDFT2k:mp-1277589_2_0_1_0_0,inference_symmetrised,0.5733042359352112,0.6303462386131287,0.05704200267791748,0.0002816915512084961
197,nebDFT2k:mp-1277613_3_1_1_-1_0,forward,0.5781484246253967,0.42728209495544434,0.1508663296699524,0.0370866060256958
197,nebDFT2k:mp-1277613_3_1_1_-1_0,reverse,0.5781484246253967,0.39019548892974854,0.1879529356956482,0.0370866060256958
197,nebDFT2k:mp-1277613_3_1_1_-1_0,inference_symmetrised,0.5781484246253967,0.40873879194259644,0.1694096326828003,0.0370866060256958
197,nebDFT2k:mp-1277613_2_0_0_0_1,forward,0.5695000886917114,0.40954306721687317,0.15995702147483826,0.035573810338974
197,nebDFT2k:mp-1277613_2_0_0_0_1,reverse,0.5695000886917114,0.37396925687789917,0.19553083181381226,0.035573810338974
197,nebDFT2k:mp-1277613_2_0_0_0_1,inference_symmetrised,0.5695000886917114,0.39175616204738617,0.17774392664432526,0.035573810338974
197,nebDFT2k:mp-1277814_5_7_0_1_0,forward,2.58870530128479,0.3813580870628357,2.2073472142219543,0.004349559545516968
197,nebDFT2k:mp-1277814_5_7_0_1_0,reverse,2.58870530128479,0.38570764660835266,2.2029976546764374,0.004349559545516968
197,nebDFT2k:mp-1277814_5_7_0_1_0,inference_symmetrised,2.58870530128479,0.3835328668355942,2.205172434449196,0.004349559545516968
197,nebDFT2k:mp-1277814_6_10_1_-1_0,forward,2.7002744674682617,1.7385079860687256,0.9617664813995361,0.05424535274505615
197,nebDFT2k:mp-1277814_6_10_1_-1_0,reverse,2.7002744674682617,1.7927533388137817,0.90752112865448,0.05424535274505615
197,nebDFT2k:mp-1277814_6_10_1_-1_0,inference_symmetrised,2.7002744674682617,1.7656306624412537,0.9346438050270081,0.05424535274505615
197,nebDFT2k:mp-1277814_1_2_0_1_0,forward,0.4587925672531128,0.4893844723701477,0.030591905117034912,0.03964844346046448
197,nebDFT2k:mp-1277814_1_2_0_1_0,reverse,0.4587925672531128,0.4497360289096832,0.009056538343429565,0.03964844346046448
197,nebDFT2k:mp-1277814_1_2_0_1_0,inference_symmetrised,0.4587925672531128,0.46956025063991547,0.010767683386802673,0.03964844346046448
197,nebDFT2k:mp-1277814_9_2_1_1_0,forward,2.4481306076049805,1.7383910417556763,0.7097395658493042,0.04180872440338135
197,nebDFT2k:mp-1277814_9_2_1_1_0,reverse,2.4481306076049805,1.7801997661590576,0.6679308414459229,0.04180872440338135
197,nebDFT2k:mp-1277814_9_2_1_1_0,inference_symmetrised,2.4481306076049805,1.759295403957367,0.6888352036476135,0.04180872440338135
197,nebDFT2k:mp-1282211_3_0_0_0_1,forward,3.475863456726074,1.5772370100021362,1.898626446723938,0.041237831115722656
197,nebDFT2k:mp-1282211_3_0_0_0_1,reverse,3.475863456726074,1.5359991788864136,1.9398642778396606,0.041237831115722656
197,nebDFT2k:mp-1282211_3_0_0_0_1,inference_symmetrised,3.475863456726074,1.556618094444275,1.9192453622817993,0.041237831115722656
197,nebDFT2k:mp-1282761_2_1_1_1_0,forward,0.2802552878856659,0.5129001140594482,0.23264482617378235,0.009211301803588867
197,nebDFT2k:mp-1282761_2_1_1_1_0,reverse,0.2802552878856659,0.5036888122558594,0.22343352437019348,0.009211301803588867
197,nebDFT2k:mp-1282761_2_1_1_1_0,inference_symmetrised,0.2802552878856659,0.5082944631576538,0.22803917527198792,0.009211301803588867
197,nebDFT2k:mp-1282761_3_0_0_0_1,forward,0.28042837977409363,0.5202393531799316,0.239810973405838,0.007061362266540527
197,nebDFT2k:mp-1282761_3_0_0_0_1,reverse,0.28042837977409363,0.5131779909133911,0.23274961113929749,0.007061362266540527
197,nebDFT2k:mp-1282761_3_0_0_0_1,inference_symmetrised,0.28042837977409363,0.5167086720466614,0.23628029227256775,0.007061362266540527
197,nebDFT2k:mp-1282869_0_3_0_0_0,forward,0.5327412486076355,0.4891638457775116,0.0435774028301239,0.008826106786727905
197,nebDFT2k:mp-1282869_0_3_0_0_0,reverse,0.5327412486076355,0.4979899525642395,0.034751296043395996,0.008826106786727905
197,nebDFT2k:mp-1282869_0_3_0_0_0,inference_symmetrised,0.5327412486076355,0.49357689917087555,0.03916434943675995,0.008826106786727905
197,nebDFT2k:mp-1282869_1_2_1_0_0,forward,0.531970202922821,0.5109434723854065,0.02102673053741455,0.00820469856262207
197,nebDFT2k:mp-1282869_1_2_1_0_0,reverse,0.531970202922821,0.5191481709480286,0.01282203197479248,0.00820469856262207
197,nebDFT2k:mp-1282869_1_2_1_0_0,inference_symmetrised,0.531970202922821,0.5150458216667175,0.016924381256103516,0.00820469856262207
197,nebDFT2k:mp-1282931_3_5_0_0_0,forward,0.6656212210655212,0.5666242837905884,0.09899693727493286,0.023576200008392334
197,nebDFT2k:mp-1282931_3_5_0_0_0,reverse,0.6656212210655212,0.543048083782196,0.1225731372833252,0.023576200008392334
197,nebDFT2k:mp-1282931_3_5_0_0_0,inference_symmetrised,0.6656212210655212,0.5548361837863922,0.11078503727912903,0.023576200008392334
197,nebDFT2k:mp-1284600_2_7_0_0_0,forward,0.41195741295814514,0.34472912549972534,0.0672282874584198,0.014637112617492676
197,nebDFT2k:mp-1284600_2_7_0_0_0,reverse,0.41195741295814514,0.33009201288223267,0.08186540007591248,0.014637112617492676
197,nebDFT2k:mp-1284600_2_7_0_0_0,inference_symmetrised,0.41195741295814514,0.337410569190979,0.07454684376716614,0.014637112617492676
197,nebDFT2k:mp-1295192_1_1_1_0_0,forward,1.0270062685012817,1.1895118951797485,0.1625056266784668,0.015067219734191895
197,nebDFT2k:mp-1295192_1_1_1_0_0,reverse,1.0270062685012817,1.1744446754455566,0.1474384069442749,0.015067219734191895
197,nebDFT2k:mp-1295192_1_1_1_0_0,inference_symmetrised,1.0270062685012817,1.1819782853126526,0.15497201681137085,0.015067219734191895
197,nebDFT2k:mp-1295192_3_3_1_0_0,forward,1.0451579093933105,1.2248780727386475,0.17972016334533691,0.016540169715881348
197,nebDFT2k:mp-1295192_3_3_1_0_0,reverse,1.0451579093933105,1.2083379030227661,0.16317999362945557,0.016540169715881348
197,nebDFT2k:mp-1295192_3_3_1_0_0,inference_symmetrised,1.0451579093933105,1.2166079878807068,0.17145007848739624,0.016540169715881348
197,nebDFT2k:mp-1297766_1_5_1_-1_0,forward,2.696653127670288,1.8771642446517944,0.8194888830184937,0.02057039737701416
197,nebDFT2k:mp-1297766_1_5_1_-1_0,reverse,2.696653127670288,1.8977346420288086,0.7989184856414795,0.02057039737701416
197,nebDFT2k:mp-1297766_1_5_1_-1_0,inference_symmetrised,2.696653127670288,1.8874494433403015,0.8092036843299866,0.02057039737701416
197,nebDFT2k:mp-1306251_7_5_1_1_0,forward,1.546714425086975,1.0860378742218018,0.46067655086517334,0.007494807243347168
197,nebDFT2k:mp-1306251_7_5_1_1_0,reverse,1.546714425086975,1.093532681465149,0.45318174362182617,0.007494807243347168
197,nebDFT2k:mp-1306251_7_5_1_1_0,inference_symmetrised,1.546714425086975,1.0897852778434753,0.45692914724349976,0.007494807243347168
197,nebDFT2k:mp-1314006_1_0_0_1_-1,forward,0.2759045958518982,0.3073631525039673,0.03145855665206909,0.0027192234992980957
197,nebDFT2k:mp-1314006_1_0_0_1_-1,reverse,0.2759045958518982,0.3100823760032654,0.03417778015136719,0.0027192234992980957
197,nebDFT2k:mp-1314006_1_0_0_1_-1,inference_symmetrised,0.2759045958518982,0.30872276425361633,0.03281816840171814,0.0027192234992980957
197,nebDFT2k:mp-1320203_8_0_0_1_0,forward,0.7955121994018555,0.569089412689209,0.22642278671264648,0.0002605915069580078
197,nebDFT2k:mp-1320203_8_0_0_1_0,reverse,0.7955121994018555,0.569350004196167,0.22616219520568848,0.0002605915069580078
197,nebDFT2k:mp-1320203_8_0_0_1_0,inference_symmetrised,0.7955121994018555,0.569219708442688,0.22629249095916748,0.0002605915069580078
197,nebDFT2k:mp-1641416_3_9_0_0_0,forward,0.38150760531425476,0.4058338403701782,0.024326235055923462,0.02941259741783142
197,nebDFT2k:mp-1641416_3_9_0_0_0,reverse,0.38150760531425476,0.3764212429523468,0.005086362361907959,0.02941259741783142
197,nebDFT2k:mp-1641416_3_9_0_0_0,inference_symmetrised,0.38150760531425476,0.3911275416612625,0.009619936347007751,0.02941259741783142
197,nebDFT2k:mp-25463_4_10_1_0_0,forward,0.6109094023704529,0.8944846987724304,0.28357529640197754,0.11542278528213501
197,nebDFT2k:mp-25463_4_10_1_0_0,reverse,0.6109094023704529,0.7790619134902954,0.16815251111984253,0.11542278528213501
197,nebDFT2k:mp-25463_4_10_1_0_0,inference_symmetrised,0.6109094023704529,0.8367733061313629,0.22586390376091003,0.11542278528213501
197,nebDFT2k:mp-25465_1_0_0_0_1,forward,0.857966959476471,1.1521122455596924,0.29414528608322144,0.01992177963256836
197,nebDFT2k:mp-25465_1_0_0_0_1,reverse,0.857966959476471,1.132190465927124,0.2742235064506531,0.01992177963256836
197,nebDFT2k:mp-25465_1_0_0_0_1,inference_symmetrised,0.857966959476471,1.1421513557434082,0.28418439626693726,0.01992177963256836
197,nebDFT2k:mp-25465_1_0_1_0_1,forward,0.22785605490207672,0.32145407795906067,0.09359802305698395,0.01977863907814026
197,nebDFT2k:mp-25465_1_0_1_0_1,reverse,0.22785605490207672,0.3016754388809204,0.07381938397884369,0.01977863907814026
197,nebDFT2k:mp-25465_1_0_1_0_1,inference_symmetrised,0.22785605490207672,0.31156475841999054,0.08370870351791382,0.01977863907814026
197,nebDFT2k:mp-26247_6_9_0_0_0,forward,0.6142609715461731,0.6363975405693054,0.022136569023132324,0.02967625856399536
197,nebDFT2k:mp-26247_6_9_0_0_0,reverse,0.6142609715461731,0.6067212820053101,0.007539689540863037,0.02967625856399536
197,nebDFT2k:mp-26247_6_9_0_0_0,inference_symmetrised,0.6142609715461731,0.6215594112873077,0.0072984397411346436,0.02967625856399536
197,nebDFT2k:mp-26351_0_2_0_0_0,forward,1.5798574686050415,1.5514603853225708,0.028397083282470703,0.08018481731414795
197,nebDFT2k:mp-26351_0_2_0_0_0,reverse,1.5798574686050415,1.4712755680084229,0.10858190059661865,0.08018481731414795
197,nebDFT2k:mp-26351_0_2_0_0_0,inference_symmetrised,1.5798574686050415,1.5113679766654968,0.06848949193954468,0.08018481731414795
197,nebDFT2k:mp-26721_0_1_0_0_0,forward,1.2890585660934448,0.625720739364624,0.6633378267288208,0.0125923752784729
197,nebDFT2k:mp-26721_0_1_0_0_0,reverse,1.2890585660934448,0.6131283640861511,0.6759302020072937,0.0125923752784729
197,nebDFT2k:mp-26721_0_1_0_0_0,inference_symmetrised,1.2890585660934448,0.6194245517253876,0.6696340143680573,0.0125923752784729
197,nebDFT2k:mp-26965_0_2_0_1_0,forward,0.2988061010837555,0.41531577706336975,0.11650967597961426,0.0113145112991333
197,nebDFT2k:mp-26965_0_2_0_1_0,reverse,0.2988061010837555,0.42663028836250305,0.12782418727874756,0.0113145112991333
197,nebDFT2k:mp-26965_0_2_0_1_0,inference_symmetrised,0.2988061010837555,0.4209730327129364,0.12216693162918091,0.0113145112991333
197,nebDFT2k:mp-28030_17_16_0_1_-1,forward,0.8980735540390015,0.8058230876922607,0.09225046634674072,0.03846633434295654
197,nebDFT2k:mp-28030_17_16_0_1_-1,reverse,0.8980735540390015,0.7673567533493042,0.13071680068969727,0.03846633434295654
197,nebDFT2k:mp-28030_17_16_0_1_-1,inference_symmetrised,0.8980735540390015,0.7865899205207825,0.111483633518219,0.03846633434295654
197,nebDFT2k:mp-28030_30_31_0_0_0,forward,0.9760967493057251,0.9528560638427734,0.02324068546295166,0.022959887981414795
197,nebDFT2k:mp-28030_30_31_0_0_0,reverse,0.9760967493057251,0.9298961758613586,0.046200573444366455,0.022959887981414795
197,nebDFT2k:mp-28030_30_31_0_0_0,inference_symmetrised,0.9760967493057251,0.941376119852066,0.03472062945365906,0.022959887981414795
197,nebDFT2k:mp-28030_2_22_0_0_0,forward,0.8691693544387817,0.6962804794311523,0.1728888750076294,0.03525662422180176
197,nebDFT2k:mp-28030_2_22_0_0_0,reverse,0.8691693544387817,0.6610238552093506,0.20814549922943115,0.03525662422180176
197,nebDFT2k:mp-28030_2_22_0_0_0,inference_symmetrised,0.8691693544387817,0.6786521673202515,0.19051718711853027,0.03525662422180176
197,nebDFT2k:mp-28548_0_8_0_0_0,forward,0.11965204030275345,0.3690239191055298,0.24937187880277634,0.026150822639465332
197,nebDFT2k:mp-28548_0_8_0_0_0,reverse,0.11965204030275345,0.34287309646606445,0.223221056163311,0.026150822639465332
197,nebDFT2k:mp-28548_0_8_0_0_0,inference_symmetrised,0.11965204030275345,0.3559485077857971,0.23629646748304367,0.026150822639465332
197,nebDFT2k:mp-29040_4_3_0_1_1,forward,0.4273566007614136,0.9990754723548889,0.5717188715934753,0.0417667031288147
197,nebDFT2k:mp-29040_4_3_0_1_1,reverse,0.4273566007614136,0.9573087692260742,0.5299521684646606,0.0417667031288147
197,nebDFT2k:mp-29040_4_3_0_1_1,inference_symmetrised,0.4273566007614136,0.9781921207904816,0.550835520029068,0.0417667031288147
197,nebDFT2k:mp-29040_0_5_0_0_0,forward,0.8543699979782104,0.8725141286849976,0.01814413070678711,0.006004989147186279
197,nebDFT2k:mp-29040_0_5_0_0_0,reverse,0.8543699979782104,0.8785191178321838,0.02414911985397339,0.006004989147186279
197,nebDFT2k:mp-29040_0_5_0_0_0,inference_symmetrised,0.8543699979782104,0.8755166232585907,0.02114662528038025,0.006004989147186279
197,nebDFT2k:mp-29040_1_3_0_0_0,forward,0.1771891564130783,0.9836063385009766,0.8064171820878983,0.01848149299621582
197,nebDFT2k:mp-29040_1_3_0_0_0,reverse,0.1771891564130783,1.0020878314971924,0.8248986750841141,0.01848149299621582
197,nebDFT2k:mp-29040_1_3_0_0_0,inference_symmetrised,0.1771891564130783,0.9928470849990845,0.8156579285860062,0.01848149299621582
197,nebDFT2k:mp-34038_3_4_0_1_0,forward,1.1277568340301514,1.0991692543029785,0.02858757972717285,0.18483805656433105
197,nebDFT2k:mp-34038_3_4_0_1_0,reverse,1.1277568340301514,0.9143311977386475,0.2134256362915039,0.18483805656433105
197,nebDFT2k:mp-34038_3_4_0_1_0,inference_symmetrised,1.1277568340301514,1.006750226020813,0.12100660800933838,0.18483805656433105
197,nebDFT2k:mp-34038_0_2_0_0_1,forward,0.7510952949523926,0.1348286271095276,0.616266667842865,0.01569575071334839
197,nebDFT2k:mp-34038_0_2_0_0_1,reverse,0.7510952949523926,0.15052437782287598,0.6005709171295166,0.01569575071334839
197,nebDFT2k:mp-34038_0_2_0_0_1,inference_symmetrised,0.7510952949523926,0.14267650246620178,0.6084187924861908,0.01569575071334839
197,nebDFT2k:mp-34038_2_0_0_1_-1,forward,0.7525688409805298,0.09785687923431396,0.6547119617462158,0.06032669544219971
197,nebDFT2k:mp-34038_2_0_0_1_-1,reverse,0.7525688409805298,0.15818357467651367,0.5943852663040161,0.06032669544219971
197,nebDFT2k:mp-34038_2_0_0_1_-1,inference_symmetrised,0.7525688409805298,0.12802022695541382,0.624548614025116,0.06032669544219971
197,nebDFT2k:mp-34038_0_1_1_1_0,forward,1.2990351915359497,0.010980069637298584,1.2880551218986511,0.0029945969581604004
197,nebDFT2k:mp-34038_0_1_1_1_0,reverse,1.2990351915359497,0.007985472679138184,1.2910497188568115,0.0029945969581604004
197,nebDFT2k:mp-34038_0_1_1_1_0,inference_symmetrised,1.2990351915359497,0.009482771158218384,1.2895524203777313,0.0029945969581604004
197,nebDFT2k:mp-34038_4_4_0_1_0,forward,0.11014693975448608,0.363049179315567,0.25290223956108093,0.07630053162574768
197,nebDFT2k:mp-34038_4_4_0_1_0,reverse,0.11014693975448608,0.28674864768981934,0.17660170793533325,0.07630053162574768
197,nebDFT2k:mp-34038_4_4_0_1_0,inference_symmetrised,0.11014693975448608,0.3248989135026932,0.2147519737482071,0.07630053162574768
197,nebDFT2k:mp-34038_0_0_1_-1_0,forward,1.1750401258468628,0.1679195761680603,1.0071205496788025,0.05436018109321594
197,nebDFT2k:mp-34038_0_0_1_-1_0,reverse,1.1750401258468628,0.22227975726127625,0.9527603685855865,0.05436018109321594
197,nebDFT2k:mp-34038_0_0_1_-1_0,inference_symmetrised,1.1750401258468628,0.19509966671466827,0.9799404591321945,0.05436018109321594
197,nebDFT2k:mp-3635_0_3_0_0_0,forward,0.6212753653526306,0.7422071099281311,0.12093174457550049,0.030243754386901855
197,nebDFT2k:mp-3635_0_3_0_0_0,reverse,0.6212753653526306,0.7119633555412292,0.09068799018859863,0.030243754386901855
197,nebDFT2k:mp-3635_0_3_0_0_0,inference_symmetrised,0.6212753653526306,0.7270852327346802,0.10580986738204956,0.030243754386901855
197,nebDFT2k:mp-4002_0_1_0_0_0,forward,0.4607055187225342,0.7730709314346313,0.31236541271209717,0.029123902320861816
197,nebDFT2k:mp-4002_0_1_0_0_0,reverse,0.4607055187225342,0.8021948337554932,0.341489315032959,0.029123902320861816
197,nebDFT2k:mp-4002_0_1_0_0_0,inference_symmetrised,0.4607055187225342,0.7876328825950623,0.3269273638725281,0.029123902320861816
197,nebDFT2k:mp-4117_3_0_1_0_1,forward,2.0165598392486572,2.4385852813720703,0.4220254421234131,0.10247564315795898
197,nebDFT2k:mp-4117_3_0_1_0_1,reverse,2.0165598392486572,2.3361096382141113,0.3195497989654541,0.10247564315795898
197,nebDFT2k:mp-4117_3_0_1_0_1,inference_symmetrised,2.0165598392486572,2.387347459793091,0.3707876205444336,0.10247564315795898
197,nebDFT2k:mp-556655_0_7_0_1_-1,forward,0.42521727085113525,0.5376672148704529,0.11244994401931763,0.018429696559906006
197,nebDFT2k:mp-556655_0_7_0_1_-1,reverse,0.42521727085113525,0.5192375183105469,0.09402024745941162,0.018429696559906006
197,nebDFT2k:mp-556655_0_7_0_1_-1,inference_symmetrised,0.42521727085113525,0.5284523665904999,0.10323509573936462,0.018429696559906006
197,nebDFT2k:mp-556655_1_4_0_0_0,forward,0.4567823112010956,0.29485929012298584,0.16192302107810974,0.043444812297821045
197,nebDFT2k:mp-556655_1_4_0_0_0,reverse,0.4567823112010956,0.2514144778251648,0.2053678333759308,0.043444812297821045
197,nebDFT2k:mp-556655_1_4_0_0_0,inference_symmetrised,0.4567823112010956,0.2731368839740753,0.18364542722702026,0.043444812297821045
197,nebDFT2k:mp-559680_0_2_0_0_1,forward,1.600379467010498,1.2401238679885864,0.3602555990219116,0.04116976261138916
197,nebDFT2k:mp-559680_0_2_0_0_1,reverse,1.600379467010498,1.2812936305999756,0.31908583641052246,0.04116976261138916
197,nebDFT2k:mp-559680_0_2_0_0_1,inference_symmetrised,1.600379467010498,1.260708749294281,0.33967071771621704,0.04116976261138916
197,nebDFT2k:mp-567474_0_1_0_0_0,forward,0.06772521883249283,0.329145610332489,0.2614203914999962,0.07681095600128174
197,nebDFT2k:mp-567474_0_1_0_0_0,reverse,0.06772521883249283,0.2523346543312073,0.18460943549871445,0.07681095600128174
197,nebDFT2k:mp-567474_0_1_0_0_0,inference_symmetrised,0.06772521883249283,0.29074013233184814,0.22301491349935532,0.07681095600128174
197,nebDFT2k:mp-6745_0_1_1_0_0,forward,1.3544573783874512,2.6003713607788086,1.2459139823913574,0.03851318359375
197,nebDFT2k:mp-6745_0_1_1_0_0,reverse,1.3544573783874512,2.5618581771850586,1.2074007987976074,0.03851318359375
197,nebDFT2k:mp-6745_0_1_1_0_0,inference_symmetrised,1.3544573783874512,2.5811147689819336,1.2266573905944824,0.03851318359375
197,nebDFT2k:mp-6745_0_1_0_0_0,forward,1.8797433376312256,2.215977191925049,0.33623385429382324,0.05033707618713379
197,nebDFT2k:mp-6745_0_1_0_0_0,reverse,1.8797433376312256,2.165640115737915,0.28589677810668945,0.05033707618713379
197,nebDFT2k:mp-6745_0_1_0_0_0,inference_symmetrised,1.8797433376312256,2.190808653831482,0.31106531620025635,0.05033707618713379
197,nebDFT2k:mp-752552_2_7_0_1_1,forward,0.10932184755802155,0.3643591105937958,0.25503726303577423,0.014127731323242188
197,nebDFT2k:mp-752552_2_7_0_1_1,reverse,0.10932184755802155,0.3502313792705536,0.24090953171253204,0.014127731323242188
197,nebDFT2k:mp-752552_2_7_0_1_1,inference_symmetrised,0.10932184755802155,0.3572952449321747,0.24797339737415314,0.014127731323242188
197,nebDFT2k:mp-752552_0_7_0_0_1,forward,0.11279285699129105,0.3900209069252014,0.27722804993391037,0.018917202949523926
197,nebDFT2k:mp-752552_0_7_0_0_1,reverse,0.11279285699129105,0.3711037039756775,0.25831084698438644,0.018917202949523926
197,nebDFT2k:mp-752552_0_7_0_0_1,inference_symmetrised,0.11279285699129105,0.38056230545043945,0.2677694484591484,0.018917202949523926
197,nebDFT2k:mp-752707_0_2_0_0_0,forward,0.6314464211463928,0.5810191631317139,0.050427258014678955,0.037137389183044434
197,nebDFT2k:mp-752707_0_2_0_0_0,reverse,0.6314464211463928,0.5438817739486694,0.08756464719772339,0.037137389183044434
197,nebDFT2k:mp-752707_0_2_0_0_0,inference_symmetrised,0.6314464211463928,0.5624504685401917,0.06899595260620117,0.037137389183044434
197,nebDFT2k:mp-753109_2_0_1_0_-1,forward,0.6892510056495667,0.6761406064033508,0.01311039924621582,0.022061944007873535
197,nebDFT2k:mp-753109_2_0_1_0_-1,reverse,0.6892510056495667,0.6540786623954773,0.035172343254089355,0.022061944007873535
197,nebDFT2k:mp-753109_2_0_1_0_-1,inference_symmetrised,0.6892510056495667,0.6651096343994141,0.024141371250152588,0.022061944007873535
197,nebDFT2k:mp-753126_0_1_1_1_0,forward,1.355068564414978,1.0792222023010254,0.27584636211395264,0.0010035037994384766
197,nebDFT2k:mp-753126_0_1_1_1_0,reverse,1.355068564414978,1.0802257061004639,0.27484285831451416,0.0010035037994384766
197,nebDFT2k:mp-753126_0_1_1_1_0,inference_symmetrised,1.355068564414978,1.0797239542007446,0.2753446102142334,0.0010035037994384766
197,nebDFT2k:mp-753204_0_2_0_0_0,forward,0.5282348990440369,0.4698753356933594,0.05835956335067749,0.005787670612335205
197,nebDFT2k:mp-753204_0_2_0_0_0,reverse,0.5282348990440369,0.46408766508102417,0.0641472339630127,0.005787670612335205
197,nebDFT2k:mp-753204_0_2_0_0_0,inference_symmetrised,0.5282348990440369,0.4669815003871918,0.06125339865684509,0.005787670612335205
197,nebDFT2k:mp-753340_2_3_0_0_0,forward,0.5125430822372437,0.2913016676902771,0.22124141454696655,0.00511738657951355
197,nebDFT2k:mp-753340_2_3_0_0_0,reverse,0.5125430822372437,0.29641905426979065,0.216124027967453,0.00511738657951355
197,nebDFT2k:mp-753340_2_3_0_0_0,inference_symmetrised,0.5125430822372437,0.2938603609800339,0.21868272125720978,0.00511738657951355
197,nebDFT2k:mp-753477_6_2_0_1_0,forward,1.7132000923156738,0.32787415385246277,1.385325938463211,0.024758249521255493
197,nebDFT2k:mp-753477_6_2_0_1_0,reverse,1.7132000923156738,0.3031159043312073,1.4100841879844666,0.024758249521255493
197,nebDFT2k:mp-753477_6_2_0_1_0,inference_symmetrised,1.7132000923156738,0.315495029091835,1.3977050632238388,0.024758249521255493
197,nebDFT2k:mp-753791_0_2_1_1_0,forward,0.5920940041542053,0.5906285047531128,0.0014654994010925293,0.007019519805908203
197,nebDFT2k:mp-753791_0_2_1_1_0,reverse,0.5920940041542053,0.5836089849472046,0.008485019207000732,0.007019519805908203
197,nebDFT2k:mp-753791_0_2_1_1_0,inference_symmetrised,0.5920940041542053,0.5871187448501587,0.004975259304046631,0.007019519805908203
197,nebDFT2k:mp-753882_0_1_1_0_-1,forward,0.7118020057678223,0.48334282636642456,0.2284591794013977,0.0004836618900299072
197,nebDFT2k:mp-753882_0_1_1_0_-1,reverse,0.7118020057678223,0.48382648825645447,0.2279755175113678,0.0004836618900299072
197,nebDFT2k:mp-753882_0_1_1_0_-1,inference_symmetrised,0.7118020057678223,0.4835846573114395,0.22821734845638275,0.0004836618900299072
197,nebDFT2k:mp-753882_0_3_1_0_0,forward,0.3007654845714569,0.3481776714324951,0.04741218686103821,0.02880781888961792
197,nebDFT2k:mp-753882_0_3_1_0_0,reverse,0.3007654845714569,0.3193698525428772,0.018604367971420288,0.02880781888961792
197,nebDFT2k:mp-753882_0_3_1_0_0,inference_symmetrised,0.3007654845714569,0.33377376198768616,0.03300827741622925,0.02880781888961792
197,nebDFT2k:mp-753882_4_5_0_0_0,forward,0.26893350481987,0.3602122366428375,0.09127873182296753,0.03752797842025757
197,nebDFT2k:mp-753882_4_5_0_0_0,reverse,0.26893350481987,0.32268425822257996,0.05375075340270996,0.03752797842025757
197,nebDFT2k:mp-753882_4_5_0_0_0,inference_symmetrised,0.26893350481987,0.34144824743270874,0.07251474261283875,0.03752797842025757
197,nebDFT2k:mp-753882_3_2_0_1_0,forward,0.6040976047515869,0.7621933817863464,0.15809577703475952,0.1040729284286499
197,nebDFT2k:mp-753882_3_2_0_1_0,reverse,0.6040976047515869,0.6581204533576965,0.05402284860610962,0.1040729284286499
197,nebDFT2k:mp-753882_3_2_0_1_0,inference_symmetrised,0.6040976047515869,0.7101569175720215,0.10605931282043457,0.1040729284286499
197,nebDFT2k:mp-753899_0_3_0_0_0,forward,3.2507238388061523,2.207275629043579,1.0434482097625732,0.010106086730957031
197,nebDFT2k:mp-753899_0_3_0_0_0,reverse,3.2507238388061523,2.197169542312622,1.0535542964935303,0.010106086730957031
197,nebDFT2k:mp-753899_0_3_0_0_0,inference_symmetrised,3.2507238388061523,2.2022225856781006,1.0485012531280518,0.010106086730957031
197,nebDFT2k:mp-754292_1_2_0_0_0,forward,0.9215542674064636,0.8633806705474854,0.05817359685897827,0.0005464553833007812
197,nebDFT2k:mp-754292_1_2_0_0_0,reverse,0.9215542674064636,0.8639271259307861,0.05762714147567749,0.0005464553833007812
197,nebDFT2k:mp-754292_1_2_0_0_0,inference_symmetrised,0.9215542674064636,0.8636538982391357,0.05790036916732788,0.0005464553833007812
197,nebDFT2k:mp-754292_7_5_0_1_0,forward,0.47816863656044006,0.7435131669044495,0.2653445303440094,0.10261577367782593
197,nebDFT2k:mp-754292_7_5_0_1_0,reverse,0.47816863656044006,0.6408973932266235,0.16272875666618347,0.10261577367782593
197,nebDFT2k:mp-754292_7_5_0_1_0,inference_symmetrised,0.47816863656044006,0.6922052800655365,0.21403664350509644,0.10261577367782593
197,nebDFT2k:mp-754292_1_7_0_0_0,forward,0.2623552978038788,0.40491706132888794,0.14256176352500916,0.05715930461883545
197,nebDFT2k:mp-754292_1_7_0_0_0,reverse,0.2623552978038788,0.3477577567100525,0.0854024589061737,0.05715930461883545
197,nebDFT2k:mp-754292_1_7_0_0_0,inference_symmetrised,0.2623552978038788,0.3763374090194702,0.11398211121559143,0.05715930461883545
197,nebDFT2k:mp-754292_0_3_0_0_0,forward,0.9209744334220886,0.8635916709899902,0.05738276243209839,0.0007244348526000977
197,nebDFT2k:mp-754292_0_3_0_0_0,reverse,0.9209744334220886,0.8643161058425903,0.05665832757949829,0.0007244348526000977
197,nebDFT2k:mp-754292_0_3_0_0_0,inference_symmetrised,0.9209744334220886,0.8639538884162903,0.05702054500579834,0.0007244348526000977
197,nebDFT2k:mp-754292_0_3_1_0_0,forward,0.7782686352729797,0.6603619456291199,0.11790668964385986,0.005162417888641357
197,nebDFT2k:mp-754292_0_3_1_0_0,reverse,0.7782686352729797,0.6551995277404785,0.12306910753250122,0.005162417888641357
197,nebDFT2k:mp-754292_0_3_1_0_0,inference_symmetrised,0.7782686352729797,0.6577807366847992,0.12048789858818054,0.005162417888641357
197,nebDFT2k:mp-754292_3_9_0_0_0,forward,0.2626491189002991,0.4047353267669678,0.1420862078666687,0.057154953479766846
197,nebDFT2k:mp-754292_3_9_0_0_0,reverse,0.2626491189002991,0.3475803732872009,0.08493125438690186,0.057154953479766846
197,nebDFT2k:mp-754292_3_9_0_0_0,inference_symmetrised,0.2626491189002991,0.37615785002708435,0.11350873112678528,0.057154953479766846
197,nebDFT2k:mp-754923_0_2_0_0_1,forward,0.42040032148361206,0.5056658983230591,0.08526557683944702,0.05847501754760742
197,nebDFT2k:mp-754923_0_2_0_0_1,reverse,0.42040032148361206,0.44719088077545166,0.0267905592918396,0.05847501754760742
197,nebDFT2k:mp-754923_0_2_0_0_1,inference_symmetrised,0.42040032148361206,0.47642838954925537,0.05602806806564331,0.05847501754760742
197,nebDFT2k:mp-755369_6_3_0_0_1,forward,2.607285737991333,2.4677324295043945,0.13955330848693848,0.007240772247314453
197,nebDFT2k:mp-755369_6_3_0_0_1,reverse,2.607285737991333,2.46049165725708,0.14679408073425293,0.007240772247314453
197,nebDFT2k:mp-755369_6_3_0_0_1,inference_symmetrised,2.607285737991333,2.4641120433807373,0.1431736946105957,0.007240772247314453
197,nebDFT2k:mp-755369_6_0_1_0_1,forward,0.9742417335510254,1.1383165121078491,0.16407477855682373,0.09041941165924072
197,nebDFT2k:mp-755369_6_0_1_0_1,reverse,0.9742417335510254,1.0478971004486084,0.07365536689758301,0.09041941165924072
197,nebDFT2k:mp-755369_6_0_1_0_1,inference_symmetrised,0.9742417335510254,1.0931068062782288,0.11886507272720337,0.09041941165924072
197,nebDFT2k:mp-755369_11_7_0_1_0,forward,2.6194679737091064,2.25890851020813,0.36055946350097656,0.0005702972412109375
197,nebDFT2k:mp-755369_11_7_0_1_0,reverse,2.6194679737091064,2.258338212966919,0.3611297607421875,0.0005702972412109375
197,nebDFT2k:mp-755369_11_7_0_1_0,inference_symmetrised,2.6194679737091064,2.2586233615875244,0.36084461212158203,0.0005702972412109375
197,nebDFT2k:mp-755369_2_0_1_0_1,forward,2.918403148651123,2.60939884185791,0.3090043067932129,0.01899576187133789
197,nebDFT2k:mp-755369_2_0_1_0_1,reverse,2.918403148651123,2.5904030799865723,0.3280000686645508,0.01899576187133789
197,nebDFT2k:mp-755369_2_0_1_0_1,inference_symmetrised,2.918403148651123,2.599900960922241,0.31850218772888184,0.01899576187133789
197,nebDFT2k:mp-755369_10_8_1_-1_0,forward,0.637105405330658,0.7239919304847717,0.08688652515411377,0.018993616104125977
197,nebDFT2k:mp-755369_10_8_1_-1_0,reverse,0.637105405330658,0.7049983143806458,0.06789290904998779,0.018993616104125977
197,nebDFT2k:mp-755369_10_8_1_-1_0,inference_symmetrised,0.637105405330658,0.7144951224327087,0.07738971710205078,0.018993616104125977
197,nebDFT2k:mp-755369_1_4_0_0_1,forward,2.7418344020843506,2.380733013153076,0.3611013889312744,0.009939908981323242
197,nebDFT2k:mp-755369_1_4_0_0_1,reverse,2.7418344020843506,2.3906729221343994,0.35116147994995117,0.009939908981323242
197,nebDFT2k:mp-755369_1_4_0_0_1,inference_symmetrised,2.7418344020843506,2.385702967643738,0.3561314344406128,0.009939908981323242
197,nebDFT2k:mp-755369_3_5_1_1_0,forward,0.9749377965927124,1.0251564979553223,0.05021870136260986,0.009048700332641602
197,nebDFT2k:mp-755369_3_5_1_1_0,reverse,0.9749377965927124,1.0161077976226807,0.04117000102996826,0.009048700332641602
197,nebDFT2k:mp-755369_3_5_1_1_0,inference_symmetrised,0.9749377965927124,1.0206321477890015,0.04569435119628906,0.009048700332641602
197,nebDFT2k:mp-755839_0_5_0_0_0,forward,0.5476699471473694,0.4496360421180725,0.09803390502929688,0.0007203221321105957
197,nebDFT2k:mp-755839_0_5_0_0_0,reverse,0.5476699471473694,0.4489157199859619,0.09875422716140747,0.0007203221321105957
197,nebDFT2k:mp-755839_0_5_0_0_0,inference_symmetrised,0.5476699471473694,0.4492758810520172,0.09839406609535217,0.0007203221321105957
197,nebDFT2k:mp-756174_1_0_1_0_0,forward,0.6218590140342712,0.7002866268157959,0.07842761278152466,0.04178208112716675
197,nebDFT2k:mp-756174_1_0_1_0_0,reverse,0.6218590140342712,0.6585045456886292,0.03664553165435791,0.04178208112716675
197,nebDFT2k:mp-756174_1_0_1_0_0,inference_symmetrised,0.6218590140342712,0.6793955862522125,0.057536572217941284,0.04178208112716675
197,nebDFT2k:mp-756174_0_1_0_0_0,forward,0.38954514265060425,0.6000218391418457,0.21047669649124146,0.04516470432281494
197,nebDFT2k:mp-756174_0_1_0_0_0,reverse,0.38954514265060425,0.5548571348190308,0.1653119921684265,0.04516470432281494
197,nebDFT2k:mp-756174_0_1_0_0_0,inference_symmetrised,0.38954514265060425,0.5774394869804382,0.18789434432983398,0.04516470432281494
197,nebDFT2k:mp-756912_1_1_1_0_0,forward,0.5701987743377686,1.2525403499603271,0.6823415756225586,0.04076528549194336
197,nebDFT2k:mp-756912_1_1_1_0_0,reverse,0.5701987743377686,1.2933056354522705,0.723106861114502,0.04076528549194336
197,nebDFT2k:mp-756912_1_1_1_0_0,inference_symmetrised,0.5701987743377686,1.2729229927062988,0.7027242183685303,0.04076528549194336
197,nebDFT2k:mp-757068_0_1_0_0_0,forward,0.049742020666599274,0.2092515230178833,0.15950950235128403,0.005280852317810059
197,nebDFT2k:mp-757068_0_1_0_0_0,reverse,0.049742020666599274,0.20397067070007324,0.15422865003347397,0.005280852317810059
197,nebDFT2k:mp-757068_0_1_0_0_0,inference_symmetrised,0.049742020666599274,0.20661109685897827,0.156869076192379,0.005280852317810059
197,nebDFT2k:mp-757461_1_2_0_1_0,forward,0.19807608425617218,0.5280309915542603,0.3299549072980881,0.047024548053741455
197,nebDFT2k:mp-757461_1_2_0_1_0,reverse,0.19807608425617218,0.4810064435005188,0.2829303592443466,0.047024548053741455
197,nebDFT2k:mp-757461_1_2_0_1_0,inference_symmetrised,0.19807608425617218,0.5045187175273895,0.30644263327121735,0.047024548053741455
197,nebDFT2k:mp-757693_0_2_0_0_0,forward,0.40716037154197693,0.5161963701248169,0.10903599858283997,0.002461075782775879
197,nebDFT2k:mp-757693_0_2_0_0_0,reverse,0.40716037154197693,0.5186574459075928,0.11149707436561584,0.002461075782775879
197,nebDFT2k:mp-757693_0_2_0_0_0,inference_symmetrised,0.40716037154197693,0.5174269080162048,0.1102665364742279,0.002461075782775879
197,nebDFT2k:mp-757714_2_3_0_0_0,forward,0.05814062058925629,0.21914541721343994,0.16100479662418365,0.01281803846359253
197,nebDFT2k:mp-757714_2_3_0_0_0,reverse,0.05814062058925629,0.2063273787498474,0.14818675816059113,0.01281803846359253
197,nebDFT2k:mp-757714_2_3_0_0_0,inference_symmetrised,0.05814062058925629,0.21273639798164368,0.1545957773923874,0.01281803846359253
197,nebDFT2k:mp-757800_1_4_0_0_0,forward,1.2522964477539062,1.5801517963409424,0.32785534858703613,0.04534876346588135
197,nebDFT2k:mp-757800_1_4_0_0_0,reverse,1.2522964477539062,1.534803032875061,0.2825065851211548,0.04534876346588135
197,nebDFT2k:mp-757800_1_4_0_0_0,inference_symmetrised,1.2522964477539062,1.5574774146080017,0.30518096685409546,0.04534876346588135
197,nebDFT2k:mp-758282_1_1_1_0_0,forward,0.12165363132953644,0.39236724376678467,0.27071361243724823,0.02099260687828064
197,nebDFT2k:mp-758282_1_1_1_0_0,reverse,0.12165363132953644,0.37137463688850403,0.2497210055589676,0.02099260687828064
197,nebDFT2k:mp-758282_1_1_1_0_0,inference_symmetrised,0.12165363132953644,0.38187094032764435,0.2602173089981079,0.02099260687828064
197,nebDFT2k:mp-758282_0_2_0_0_0,forward,0.28606387972831726,0.37690895795822144,0.09084507822990417,0.009613335132598877
197,nebDFT2k:mp-758282_0_2_0_0_0,reverse,0.28606387972831726,0.36729562282562256,0.0812317430973053,0.009613335132598877
197,nebDFT2k:mp-758282_0_2_0_0_0,inference_symmetrised,0.28606387972831726,0.372102290391922,0.08603841066360474,0.009613335132598877
197,nebDFT2k:mp-758380_3_8_0_0_0,forward,2.9573986530303955,2.1412744522094727,0.8161242008209229,0.07423901557922363
197,nebDFT2k:mp-758380_3_8_0_0_0,reverse,2.9573986530303955,2.067035436630249,0.8903632164001465,0.07423901557922363
197,nebDFT2k:mp-758380_3_8_0_0_0,inference_symmetrised,2.9573986530303955,2.104154944419861,0.8532437086105347,0.07423901557922363
197,nebDFT2k:mp-758486_3_0_1_0_1,forward,0.44390058517456055,0.42048269510269165,0.023417890071868896,0.01696091890335083
197,nebDFT2k:mp-758486_3_0_1_0_1,reverse,0.44390058517456055,0.4035217761993408,0.04037880897521973,0.01696091890335083
197,nebDFT2k:mp-758486_3_0_1_0_1,inference_symmetrised,0.44390058517456055,0.41200223565101624,0.03189834952354431,0.01696091890335083
197,nebDFT2k:mp-758720_0_3_1_0_0,forward,0.4760017991065979,0.4819134771823883,0.005911678075790405,0.05714502930641174
197,nebDFT2k:mp-758720_0_3_1_0_0,reverse,0.4760017991065979,0.42476844787597656,0.05123335123062134,0.05714502930641174
197,nebDFT2k:mp-758720_0_3_1_0_0,inference_symmetrised,0.4760017991065979,0.45334096252918243,0.022660836577415466,0.05714502930641174
197,nebDFT2k:mp-758793_0_1_0_0_0,forward,0.22866390645503998,0.5831104516983032,0.35444654524326324,0.0020066499710083008
197,nebDFT2k:mp-758793_0_1_0_0_0,reverse,0.22866390645503998,0.5851171016693115,0.35645319521427155,0.0020066499710083008
197,nebDFT2k:mp-758793_0_1_0_0_0,inference_symmetrised,0.22866390645503998,0.5841137766838074,0.3554498702287674,0.0020066499710083008
197,nebDFT2k:mp-759082_0_2_0_0_0,forward,0.825259804725647,1.1513127088546753,0.3260529041290283,0.021670222282409668
197,nebDFT2k:mp-759082_0_2_0_0_0,reverse,0.825259804725647,1.1296424865722656,0.30438268184661865,0.021670222282409668
197,nebDFT2k:mp-759082_0_2_0_0_0,inference_symmetrised,0.825259804725647,1.1404775977134705,0.3152177929878235,0.021670222282409668
197,nebDFT2k:mp-759082_0_2_1_0_0,forward,0.2511012852191925,0.42485034465789795,0.17374905943870544,0.060516148805618286
197,nebDFT2k:mp-759082_0_2_1_0_0,reverse,0.2511012852191925,0.36433419585227966,0.11323291063308716,0.060516148805618286
197,nebDFT2k:mp-759082_0_2_1_0_0,inference_symmetrised,0.2511012852191925,0.3945922702550888,0.1434909850358963,0.060516148805618286
197,nebDFT2k:mp-759082_1_0_0_1_0,forward,0.25766751170158386,0.34717538952827454,0.08950787782669067,0.005766063928604126
197,nebDFT2k:mp-759082_1_0_0_1_0,reverse,0.25766751170158386,0.3414093255996704,0.08374181389808655,0.005766063928604126
197,nebDFT2k:mp-759082_1_0_0_1_0,inference_symmetrised,0.25766751170158386,0.3442923575639725,0.08662484586238861,0.005766063928604126
197,nebDFT2k:mp-759132_4_3_0_0_1,forward,0.341912180185318,0.2067137360572815,0.1351984441280365,0.007964849472045898
197,nebDFT2k:mp-759132_4_3_0_0_1,reverse,0.341912180185318,0.1987488865852356,0.1431632936000824,0.007964849472045898
197,nebDFT2k:mp-759132_4_3_0_0_1,inference_symmetrised,0.341912180185318,0.20273131132125854,0.13918086886405945,0.007964849472045898
197,nebDFT2k:mp-759139_2_1_1_0_0,forward,0.70079106092453,0.5426867008209229,0.15810436010360718,0.0013718605041503906
197,nebDFT2k:mp-759139_2_1_1_0_0,reverse,0.70079106092453,0.5413148403167725,0.15947622060775757,0.0013718605041503906
197,nebDFT2k:mp-759139_2_1_1_0_0,inference_symmetrised,0.70079106092453,0.5420007705688477,0.15879029035568237,0.0013718605041503906
197,nebDFT2k:mp-759220_0_15_0_0_0,forward,0.21688345074653625,0.5122700929641724,0.2953866422176361,0.06266763806343079
197,nebDFT2k:mp-759220_0_15_0_0_0,reverse,0.21688345074653625,0.4496024549007416,0.23271900415420532,0.06266763806343079
197,nebDFT2k:mp-759220_0_15_0_0_0,inference_symmetrised,0.21688345074653625,0.48093627393245697,0.2640528231859207,0.06266763806343079
197,nebDFT2k:mp-759229_3_6_0_1_0,forward,0.6168773174285889,1.1099040508270264,0.4930267333984375,0.18539077043533325
197,nebDFT2k:mp-759229_3_6_0_1_0,reverse,0.6168773174285889,0.9245132803916931,0.30763596296310425,0.18539077043533325
197,nebDFT2k:mp-759229_3_6_0_1_0,inference_symmetrised,0.6168773174285889,1.0172086656093597,0.4003313481807709,0.18539077043533325
197,nebDFT2k:mp-759244_7_6_1_0_0,forward,1.0818796157836914,0.847170352935791,0.2347092628479004,0.055028319358825684
197,nebDFT2k:mp-759244_7_6_1_0_0,reverse,1.0818796157836914,0.9021986722946167,0.1796809434890747,0.055028319358825684
197,nebDFT2k:mp-759244_7_6_1_0_0,inference_symmetrised,1.0818796157836914,0.8746845126152039,0.20719510316848755,0.055028319358825684
197,nebDFT2k:mp-759244_6_10_0_0_1,forward,0.9319226145744324,0.9180294871330261,0.01389312744140625,0.05066579580307007
197,nebDFT2k:mp-759244_6_10_0_0_1,reverse,0.9319226145744324,0.9686952829360962,0.03677266836166382,0.05066579580307007
197,nebDFT2k:mp-759244_6_10_0_0_1,inference_symmetrised,0.9319226145744324,0.9433623850345612,0.011439770460128784,0.05066579580307007
197,nebDFT2k:mp-759244_0_2_0_0_0,forward,0.9603694081306458,0.8229466080665588,0.13742280006408691,0.049820899963378906
197,nebDFT2k:mp-759244_0_2_0_0_0,reverse,0.9603694081306458,0.7731257081031799,0.18724370002746582,0.049820899963378906
197,nebDFT2k:mp-759244_0_2_0_0_0,inference_symmetrised,0.9603694081306458,0.7980361580848694,0.16233325004577637,0.049820899963378906
197,nebDFT2k:mp-759244_4_6_0_0_0,forward,0.9483169913291931,0.7613287568092346,0.1869882345199585,0.04463857412338257
197,nebDFT2k:mp-759244_4_6_0_0_0,reverse,0.9483169913291931,0.8059673309326172,0.14234966039657593,0.04463857412338257
197,nebDFT2k:mp-759244_4_6_0_0_0,inference_symmetrised,0.9483169913291931,0.7836480438709259,0.1646689474582672,0.04463857412338257
197,nebDFT2k:mp-759244_5_10_1_0_0,forward,0.9148608446121216,0.8026068806648254,0.11225396394729614,0.05303847789764404
197,nebDFT2k:mp-759244_5_10_1_0_0,reverse,0.9148608446121216,0.7495684027671814,0.16529244184494019,0.05303847789764404
197,nebDFT2k:mp-759244_5_10_1_0_0,inference_symmetrised,0.9148608446121216,0.7760876417160034,0.13877320289611816,0.05303847789764404
197,nebDFT2k:mp-759667_2_4_0_0_0,forward,0.3889327943325043,0.5828242301940918,0.19389143586158752,0.016253948211669922
197,nebDFT2k:mp-759667_2_4_0_0_0,reverse,0.3889327943325043,0.5990781784057617,0.21014538407325745,0.016253948211669922
197,nebDFT2k:mp-759667_2_4_0_0_0,inference_symmetrised,0.3889327943325043,0.5909512042999268,0.20201840996742249,0.016253948211669922
197,nebDFT2k:mp-759667_3_4_0_1_0,forward,0.41363847255706787,0.42308902740478516,0.009450554847717285,0.005007565021514893
197,nebDFT2k:mp-759667_3_4_0_1_0,reverse,0.41363847255706787,0.41808146238327026,0.004442989826202393,0.005007565021514893
197,nebDFT2k:mp-759667_3_4_0_1_0,inference_symmetrised,0.41363847255706787,0.4205852448940277,0.006946772336959839,0.005007565021514893
197,nebDFT2k:mp-759667_2_1_1_1_0,forward,0.6992021203041077,0.8959363102912903,0.19673418998718262,0.024903833866119385
197,nebDFT2k:mp-759667_2_1_1_1_0,reverse,0.6992021203041077,0.9208401441574097,0.221638023853302,0.024903833866119385
197,nebDFT2k:mp-759667_2_1_1_1_0,inference_symmetrised,0.6992021203041077,0.90838822722435,0.2091861069202423,0.024903833866119385
197,nebDFT2k:mp-759753_4_0_0_0_1,forward,0.6141039729118347,0.41473108530044556,0.19937288761138916,0.010385870933532715
197,nebDFT2k:mp-759753_4_0_0_0_1,reverse,0.6141039729118347,0.40434521436691284,0.20975875854492188,0.010385870933532715
197,nebDFT2k:mp-759753_4_0_0_0_1,inference_symmetrised,0.6141039729118347,0.4095381498336792,0.20456582307815552,0.010385870933532715
197,nebDFT2k:mp-759783_2_3_1_0_0,forward,0.6149086356163025,1.1991859674453735,0.584277331829071,0.03714561462402344
197,nebDFT2k:mp-759783_2_3_1_0_0,reverse,0.6149086356163025,1.16204035282135,0.5471317172050476,0.03714561462402344
197,nebDFT2k:mp-759783_2_3_1_0_0,inference_symmetrised,0.6149086356163025,1.1806131601333618,0.5657045245170593,0.03714561462402344
197,nebDFT2k:mp-759783_4_3_0_1_0,forward,0.2746150493621826,0.3411719501018524,0.0665569007396698,0.00625765323638916
197,nebDFT2k:mp-759783_4_3_0_1_0,reverse,0.2746150493621826,0.33491429686546326,0.06029924750328064,0.00625765323638916
197,nebDFT2k:mp-759783_4_3_0_1_0,inference_symmetrised,0.2746150493621826,0.33804312348365784,0.06342807412147522,0.00625765323638916
197,nebDFT2k:mp-760344_7_5_0_1_1,forward,1.048827052116394,0.8310718536376953,0.21775519847869873,0.0464777946472168
197,nebDFT2k:mp-760344_7_5_0_1_1,reverse,1.048827052116394,0.7845940589904785,0.2642329931259155,0.0464777946472168
197,nebDFT2k:mp-760344_7_5_0_1_1,inference_symmetrised,1.048827052116394,0.8078329563140869,0.24099409580230713,0.0464777946472168
197,nebDFT2k:mp-760344_4_8_0_0_0,forward,0.2822485864162445,0.29439660906791687,0.012148022651672363,0.016999393701553345
197,nebDFT2k:mp-760344_4_8_0_0_0,reverse,0.2822485864162445,0.2773972153663635,0.0048513710498809814,0.016999393701553345
197,nebDFT2k:mp-760344_4_8_0_0_0,inference_symmetrised,0.2822485864162445,0.2858969122171402,0.003648325800895691,0.016999393701553345
197,nebDFT2k:mp-760344_6_8_0_1_0,forward,0.5260669589042664,0.3479421138763428,0.17812484502792358,0.01685848832130432
197,nebDFT2k:mp-760344_6_8_0_1_0,reverse,0.5260669589042664,0.33108362555503845,0.1949833333492279,0.01685848832130432
197,nebDFT2k:mp-760344_6_8_0_1_0,inference_symmetrised,0.5260669589042664,0.3395128697156906,0.18655408918857574,0.01685848832130432
197,nebDFT2k:mp-760344_4_6_1_-1_0,forward,1.0547842979431152,0.9045823812484741,0.1502019166946411,0.013308525085449219
197,nebDFT2k:mp-760344_4_6_1_-1_0,reverse,1.0547842979431152,0.8912738561630249,0.16351044178009033,0.013308525085449219
197,nebDFT2k:mp-760344_4_6_1_-1_0,inference_symmetrised,1.0547842979431152,0.8979281187057495,0.15685617923736572,0.013308525085449219
197,nebDFT2k:mp-760344_7_4_0_1_0,forward,0.6875642538070679,0.5257758498191833,0.16178840398788452,0.0015630125999450684
197,nebDFT2k:mp-760344_7_4_0_1_0,reverse,0.6875642538070679,0.5242128372192383,0.1633514165878296,0.0015630125999450684
197,nebDFT2k:mp-760344_7_4_0_1_0,inference_symmetrised,0.6875642538070679,0.5249943435192108,0.16256991028785706,0.0015630125999450684
197,nebDFT2k:mp-760344_7_9_0_1_1,forward,0.5207509994506836,0.3449398875236511,0.17581111192703247,0.015905380249023438
197,nebDFT2k:mp-760344_7_9_0_1_1,reverse,0.5207509994506836,0.3290345072746277,0.1917164921760559,0.015905380249023438
197,nebDFT2k:mp-760344_7_9_0_1_1,inference_symmetrised,0.5207509994506836,0.3369871973991394,0.1837638020515442,0.015905380249023438
197,nebDFT2k:mp-760344_10_9_0_0_1,forward,1.8200701475143433,2.417019844055176,0.5969496965408325,0.03499746322631836
197,nebDFT2k:mp-760344_10_9_0_0_1,reverse,1.8200701475143433,2.3820223808288574,0.5619522333145142,0.03499746322631836
197,nebDFT2k:mp-760344_10_9_0_0_1,inference_symmetrised,1.8200701475143433,2.3995211124420166,0.5794509649276733,0.03499746322631836
197,nebDFT2k:mp-760344_6_4_0_1_0,forward,0.6860505938529968,0.4663026034832001,0.21974799036979675,0.020650744438171387
197,nebDFT2k:mp-760344_6_4_0_1_0,reverse,0.6860505938529968,0.4456518590450287,0.24039873480796814,0.020650744438171387
197,nebDFT2k:mp-760344_6_4_0_1_0,inference_symmetrised,0.6860505938529968,0.4559772312641144,0.23007336258888245,0.020650744438171387
197,nebDFT2k:mp-760344_10_4_0_1_0,forward,0.5244383215904236,0.30439651012420654,0.22004181146621704,0.0035903453826904297
197,nebDFT2k:mp-760344_10_4_0_1_0,reverse,0.5244383215904236,0.3008061647415161,0.22363215684890747,0.0035903453826904297
197,nebDFT2k:mp-760344_10_4_0_1_0,inference_symmetrised,0.5244383215904236,0.30260133743286133,0.22183698415756226,0.0035903453826904297
197,nebDFT2k:mp-760344_9_5_1_0_0,forward,0.2818312644958496,0.28473877906799316,0.0029075145721435547,0.022500991821289062
197,nebDFT2k:mp-760344_9_5_1_0_0,reverse,0.2818312644958496,0.2622377872467041,0.019593477249145508,0.022500991821289062
197,nebDFT2k:mp-760344_9_5_1_0_0,inference_symmetrised,0.2818312644958496,0.27348828315734863,0.008342981338500977,0.022500991821289062
197,nebDFT2k:mp-761094_0_2_0_0_1,forward,4.479324817657471,3.5292444229125977,0.950080394744873,0.009161949157714844
197,nebDFT2k:mp-761094_0_2_0_0_1,reverse,4.479324817657471,3.520082473754883,0.9592423439025879,0.009161949157714844
197,nebDFT2k:mp-761094_0_2_0_0_1,inference_symmetrised,4.479324817657471,3.5246634483337402,0.9546613693237305,0.009161949157714844
197,nebDFT2k:mp-761094_1_5_0_1_0,forward,2.0980730056762695,1.9836373329162598,0.11443567276000977,0.009566187858581543
197,nebDFT2k:mp-761094_1_5_0_1_0,reverse,2.0980730056762695,1.9932035207748413,0.10486948490142822,0.009566187858581543
197,nebDFT2k:mp-761094_1_5_0_1_0,inference_symmetrised,2.0980730056762695,1.9884204268455505,0.109652578830719,0.009566187858581543
197,nebDFT2k:mp-761269_2_1_1_-1_0,forward,1.5785481929779053,2.0784168243408203,0.49986863136291504,0.028636932373046875
197,nebDFT2k:mp-761269_2_1_1_-1_0,reverse,1.5785481929779053,2.0497798919677734,0.47123169898986816,0.028636932373046875
197,nebDFT2k:mp-761269_2_1_1_-1_0,inference_symmetrised,1.5785481929779053,2.064098358154297,0.4855501651763916,0.028636932373046875
197,nebDFT2k:mp-761849_6_5_1_0_0,forward,0.6407798528671265,0.6773422956466675,0.036562442779541016,0.013228535652160645
197,nebDFT2k:mp-761849_6_5_1_0_0,reverse,0.6407798528671265,0.6641137599945068,0.02333390712738037,0.013228535652160645
197,nebDFT2k:mp-761849_6_5_1_0_0,inference_symmetrised,0.6407798528671265,0.6707280278205872,0.029948174953460693,0.013228535652160645
197,nebDFT2k:mp-761849_5_7_0_0_1,forward,0.30204570293426514,0.8412446975708008,0.5391989946365356,0.0036792755126953125
197,nebDFT2k:mp-761849_5_7_0_0_1,reverse,0.30204570293426514,0.8375654220581055,0.5355197191238403,0.0036792755126953125
197,nebDFT2k:mp-761849_5_7_0_0_1,inference_symmetrised,0.30204570293426514,0.8394050598144531,0.537359356880188,0.0036792755126953125
197,nebDFT2k:mp-762319_14_26_0_0_0,forward,0.28081613779067993,0.5527893304824829,0.271973192691803,0.022492587566375732
197,nebDFT2k:mp-762319_14_26_0_0_0,reverse,0.28081613779067993,0.5752819180488586,0.2944657802581787,0.022492587566375732
197,nebDFT2k:mp-762319_14_26_0_0_0,inference_symmetrised,0.28081613779067993,0.5640356242656708,0.28321948647499084,0.022492587566375732
197,nebDFT2k:mp-763177_1_3_0_1_-1,forward,0.45973682403564453,0.8431179523468018,0.3833811283111572,0.03847670555114746
197,nebDFT2k:mp-763177_1_3_0_1_-1,reverse,0.45973682403564453,0.8815946578979492,0.4218578338623047,0.03847670555114746
197,nebDFT2k:mp-763177_1_3_0_1_-1,inference_symmetrised,0.45973682403564453,0.8623563051223755,0.40261948108673096,0.03847670555114746
197,nebDFT2k:mp-764867_1_8_0_1_1,forward,1.519494652748108,1.3284218311309814,0.19107282161712646,0.05060863494873047
197,nebDFT2k:mp-764867_1_8_0_1_1,reverse,1.519494652748108,1.277813196182251,0.24168145656585693,0.05060863494873047
197,nebDFT2k:mp-764867_1_8_0_1_1,inference_symmetrised,1.519494652748108,1.3031175136566162,0.2163771390914917,0.05060863494873047
197,nebDFT2k:mp-765411_1_6_0_0_0,forward,0.46725958585739136,0.5049138069152832,0.037654221057891846,0.025742918252944946
197,nebDFT2k:mp-765411_1_6_0_0_0,reverse,0.46725958585739136,0.47917088866233826,0.0119113028049469,0.025742918252944946
197,nebDFT2k:mp-765411_1_6_0_0_0,inference_symmetrised,0.46725958585739136,0.49204234778881073,0.024782761931419373,0.025742918252944946
197,nebDFT2k:mp-765501_2_0_1_0_0,forward,2.584408760070801,1.5769145488739014,1.0074942111968994,0.01943349838256836
197,nebDFT2k:mp-765501_2_0_1_0_0,reverse,2.584408760070801,1.557481050491333,1.0269277095794678,0.01943349838256836
197,nebDFT2k:mp-765501_2_0_1_0_0,inference_symmetrised,2.584408760070801,1.5671977996826172,1.0172109603881836,0.01943349838256836
197,nebDFT2k:mp-765964_0_6_1_0_0,forward,1.0074282884597778,1.7900993824005127,0.7826710939407349,0.04435408115386963
197,nebDFT2k:mp-765964_0_6_1_0_0,reverse,1.0074282884597778,1.745745301246643,0.7383170127868652,0.04435408115386963
197,nebDFT2k:mp-765964_0_6_1_0_0,inference_symmetrised,1.0074282884597778,1.7679223418235779,0.7604940533638,0.04435408115386963
197,nebDFT2k:mp-766130_4_2_1_0_0,forward,1.5168014764785767,1.2358283996582031,0.28097307682037354,0.02175581455230713
197,nebDFT2k:mp-766130_4_2_1_0_0,reverse,1.5168014764785767,1.2575842142105103,0.2592172622680664,0.02175581455230713
197,nebDFT2k:mp-766130_4_2_1_0_0,inference_symmetrised,1.5168014764785767,1.2467063069343567,0.27009516954421997,0.02175581455230713
197,nebDFT2k:mp-766612_6_10_0_0_0,forward,0.1816573143005371,0.16751503944396973,0.014142274856567383,0.10198453068733215
197,nebDFT2k:mp-766612_6_10_0_0_0,reverse,0.1816573143005371,0.2694995701313019,0.08784225583076477,0.10198453068733215
197,nebDFT2k:mp-766612_6_10_0_0_0,inference_symmetrised,0.1816573143005371,0.2185073047876358,0.036849990487098694,0.10198453068733215
197,nebDFT2k:mp-768421_3_7_0_0_0,forward,0.7170935273170471,0.5089726448059082,0.20812088251113892,0.008560657501220703
197,nebDFT2k:mp-768421_3_7_0_0_0,reverse,0.7170935273170471,0.5004119873046875,0.21668154001235962,0.008560657501220703
197,nebDFT2k:mp-768421_3_7_0_0_0,inference_symmetrised,0.7170935273170471,0.5046923160552979,0.21240121126174927,0.008560657501220703
197,nebDFT2k:mp-768433_7_19_0_0_0,forward,0.5162459015846252,0.575376033782959,0.05913013219833374,0.0249292254447937
197,nebDFT2k:mp-768433_7_19_0_0_0,reverse,0.5162459015846252,0.5504468083381653,0.03420090675354004,0.0249292254447937
197,nebDFT2k:mp-768433_7_19_0_0_0,inference_symmetrised,0.5162459015846252,0.5629114210605621,0.04666551947593689,0.0249292254447937
197,nebDFT2k:mp-768508_3_7_0_0_0,forward,0.7297331094741821,0.591494083404541,0.1382390260696411,0.06260490417480469
197,nebDFT2k:mp-768508_3_7_0_0_0,reverse,0.7297331094741821,0.5288891792297363,0.2008439302444458,0.06260490417480469
197,nebDFT2k:mp-768508_3_7_0_0_0,inference_symmetrised,0.7297331094741821,0.5601916313171387,0.16954147815704346,0.06260490417480469
197,nebDFT2k:mp-768738_3_2_1_1_0,forward,1.1438137292861938,0.7218806743621826,0.42193305492401123,0.00808650255203247
197,nebDFT2k:mp-768738_3_2_1_1_0,reverse,1.1438137292861938,0.7137941718101501,0.4300195574760437,0.00808650255203247
197,nebDFT2k:mp-768738_3_2_1_1_0,inference_symmetrised,1.1438137292861938,0.7178374230861664,0.42597630620002747,0.00808650255203247
197,nebDFT2k:mp-768843_14_11_0_1_1,forward,0.3818668723106384,0.5225015878677368,0.1406347155570984,0.009756267070770264
197,nebDFT2k:mp-768843_14_11_0_1_1,reverse,0.3818668723106384,0.5322578549385071,0.15039098262786865,0.009756267070770264
197,nebDFT2k:mp-768843_14_11_0_1_1,inference_symmetrised,0.3818668723106384,0.527379721403122,0.14551284909248352,0.009756267070770264
197,nebDFT2k:mp-769036_28_3_0_1_1,forward,0.43523257970809937,0.6238735318183899,0.18864095211029053,0.004190802574157715
197,nebDFT2k:mp-769036_28_3_0_1_1,reverse,0.43523257970809937,0.6196827292442322,0.1844501495361328,0.004190802574157715
197,nebDFT2k:mp-769036_28_3_0_1_1,inference_symmetrised,0.43523257970809937,0.621778130531311,0.18654555082321167,0.004190802574157715
197,nebDFT2k:mp-769036_8_9_1_0_0,forward,0.42775994539260864,0.4578857421875,0.030125796794891357,0.0035580694675445557
197,nebDFT2k:mp-769036_8_9_1_0_0,reverse,0.42775994539260864,0.45432767271995544,0.026567727327346802,0.0035580694675445557
197,nebDFT2k:mp-769036_8_9_1_0_0,inference_symmetrised,0.42775994539260864,0.4561067074537277,0.02834676206111908,0.0035580694675445557
197,nebDFT2k:mp-769036_8_10_0_0_0,forward,0.42633527517318726,0.3308537006378174,0.09548157453536987,0.004217952489852905
197,nebDFT2k:mp-769036_8_10_0_0_0,reverse,0.42633527517318726,0.3350716531276703,0.09126362204551697,0.004217952489852905
197,nebDFT2k:mp-769036_8_10_0_0_0,inference_symmetrised,0.42633527517318726,0.33296267688274384,0.09337259829044342,0.004217952489852905
197,nebDFT2k:mp-770232_3_11_0_0_1,forward,0.5057204365730286,0.6087897419929504,0.10306930541992188,0.046849071979522705
197,nebDFT2k:mp-770232_3_11_0_0_1,reverse,0.5057204365730286,0.5619406700134277,0.05622023344039917,0.046849071979522705
197,nebDFT2k:mp-770232_3_11_0_0_1,inference_symmetrised,0.5057204365730286,0.5853652060031891,0.07964476943016052,0.046849071979522705
197,nebDFT2k:mp-770551_3_4_0_0_1,forward,0.399429053068161,0.29875048995018005,0.10067856311798096,0.015854954719543457
197,nebDFT2k:mp-770551_3_4_0_0_1,reverse,0.399429053068161,0.2828955352306366,0.11653351783752441,0.015854954719543457
197,nebDFT2k:mp-770551_3_4_0_0_1,inference_symmetrised,0.399429053068161,0.2908230125904083,0.10860604047775269,0.015854954719543457
197,nebDFT2k:mp-770649_0_3_0_1_0,forward,0.4358738660812378,0.46707606315612793,0.031202197074890137,0.02084103226661682
197,nebDFT2k:mp-770649_0_3_0_1_0,reverse,0.4358738660812378,0.4462350308895111,0.010361164808273315,0.02084103226661682
197,nebDFT2k:mp-770649_0_3_0_1_0,inference_symmetrised,0.4358738660812378,0.4566555470228195,0.020781680941581726,0.02084103226661682
197,nebDFT2k:mp-770749_2_4_0_0_0,forward,0.3400055170059204,0.35789740085601807,0.017891883850097656,0.009255856275558472
197,nebDFT2k:mp-770749_2_4_0_0_0,reverse,0.3400055170059204,0.3486415445804596,0.008636027574539185,0.009255856275558472
197,nebDFT2k:mp-770749_2_4_0_0_0,inference_symmetrised,0.3400055170059204,0.35326947271823883,0.01326395571231842,0.009255856275558472
197,nebDFT2k:mp-770861_11_9_0_1_0,forward,0.8088666796684265,0.7523627877235413,0.056503891944885254,0.02130413055419922
197,nebDFT2k:mp-770861_11_9_0_1_0,reverse,0.8088666796684265,0.7736669182777405,0.035199761390686035,0.02130413055419922
197,nebDFT2k:mp-770861_11_9_0_1_0,inference_symmetrised,0.8088666796684265,0.7630148530006409,0.045851826667785645,0.02130413055419922
197,nebDFT2k:mp-770876_2_3_0_1_0,forward,1.0284104347229004,0.9540469646453857,0.07436347007751465,0.015682578086853027
197,nebDFT2k:mp-770876_2_3_0_1_0,reverse,1.0284104347229004,0.9383643865585327,0.09004604816436768,0.015682578086853027
197,nebDFT2k:mp-770876_2_3_0_1_0,inference_symmetrised,1.0284104347229004,0.9462056756019592,0.08220475912094116,0.015682578086853027
197,nebDFT2k:mp-770921_0_4_0_1_0,forward,0.37256544828414917,0.40189895033836365,0.029333502054214478,0.0012137889862060547
197,nebDFT2k:mp-770921_0_4_0_1_0,reverse,0.37256544828414917,0.4031127393245697,0.030547291040420532,0.0012137889862060547
197,nebDFT2k:mp-770921_0_4_0_1_0,inference_symmetrised,0.37256544828414917,0.4025058448314667,0.029940396547317505,0.0012137889862060547
197,nebDFT2k:mp-770939_10_9_1_0_0,forward,0.40068763494491577,0.4663444459438324,0.06565681099891663,0.07028448581695557
197,nebDFT2k:mp-770939_10_9_1_0_0,reverse,0.40068763494491577,0.39605996012687683,0.00462767481803894,0.07028448581695557
197,nebDFT2k:mp-770939_10_9_1_0_0,inference_symmetrised,0.40068763494491577,0.4312022030353546,0.030514568090438843,0.07028448581695557
197,nebDFT2k:mp-770939_2_10_0_0_0,forward,0.47966933250427246,0.5094581246376038,0.0297887921333313,0.054239362478256226
197,nebDFT2k:mp-770939_2_10_0_0_0,reverse,0.47966933250427246,0.45521876215934753,0.024450570344924927,0.054239362478256226
197,nebDFT2k:mp-770939_2_10_0_0_0,inference_symmetrised,0.47966933250427246,0.48233844339847565,0.002669110894203186,0.054239362478256226
197,nebDFT2k:mp-770939_10_1_1_0_1,forward,0.33471783995628357,0.40498510003089905,0.07026726007461548,0.011478573083877563
197,nebDFT2k:mp-770939_10_1_1_0_1,reverse,0.33471783995628357,0.3935065269470215,0.058788686990737915,0.011478573083877563
197,nebDFT2k:mp-770939_10_1_1_0_1,inference_symmetrised,0.33471783995628357,0.39924581348896027,0.0645279735326767,0.011478573083877563
197,nebDFT2k:mp-770939_3_11_1_0_0,forward,0.4799911677837372,0.5091965198516846,0.029205352067947388,0.05416339635848999
197,nebDFT2k:mp-770939_3_11_1_0_0,reverse,0.4799911677837372,0.4550331234931946,0.024958044290542603,0.05416339635848999
197,nebDFT2k:mp-770939_3_11_1_0_0,inference_symmetrised,0.4799911677837372,0.4821148216724396,0.0021236538887023926,0.05416339635848999
197,nebDFT2k:mp-770939_11_0_0_0_1,forward,0.33606410026550293,0.4055725634098053,0.06950846314430237,0.011409193277359009
197,nebDFT2k:mp-770939_11_0_0_0_1,reverse,0.33606410026550293,0.3941633701324463,0.05809926986694336,0.011409193277359009
197,nebDFT2k:mp-770939_11_0_0_0_1,inference_symmetrised,0.33606410026550293,0.3998679667711258,0.06380386650562286,0.011409193277359009
197,nebDFT2k:mp-770939_2_5_0_0_1,forward,0.3350597321987152,0.40130916237831116,0.06624943017959595,0.024552911520004272
197,nebDFT2k:mp-770939_2_5_0_0_1,reverse,0.3350597321987152,0.3767562508583069,0.041696518659591675,0.024552911520004272
197,nebDFT2k:mp-770939_2_5_0_0_1,inference_symmetrised,0.3350597321987152,0.389032706618309,0.05397297441959381,0.024552911520004272
197,nebDFT2k:mp-770939_8_11_0_0_0,forward,0.391576886177063,0.46943795680999756,0.07786107063293457,0.06929570436477661
197,nebDFT2k:mp-770939_8_11_0_0_0,reverse,0.391576886177063,0.40014225244522095,0.008565366268157959,0.06929570436477661
197,nebDFT2k:mp-770939_8_11_0_0_0,inference_symmetrised,0.391576886177063,0.43479010462760925,0.043213218450546265,0.06929570436477661
197,nebDFT2k:mp-770939_2_6_0_0_1,forward,0.3225223422050476,0.3966980576515198,0.07417571544647217,0.02080109715461731
197,nebDFT2k:mp-770939_2_6_0_0_1,reverse,0.3225223422050476,0.37589696049690247,0.05337461829185486,0.02080109715461731
197,nebDFT2k:mp-770939_2_6_0_0_1,inference_symmetrised,0.3225223422050476,0.3862975090742111,0.06377516686916351,0.02080109715461731
197,nebDFT2k:mp-770939_2_9_0_0_0,forward,0.13303782045841217,0.3524336814880371,0.21939586102962494,0.03104311227798462
197,nebDFT2k:mp-770939_2_9_0_0_0,reverse,0.13303782045841217,0.3213905692100525,0.18835274875164032,0.03104311227798462
197,nebDFT2k:mp-770939_2_9_0_0_0,inference_symmetrised,0.13303782045841217,0.3369121253490448,0.20387430489063263,0.03104311227798462
197,nebDFT2k:mp-771011_2_1_1_-1_0,forward,0.6420322060585022,0.5368514657020569,0.10518074035644531,0.01389455795288086
197,nebDFT2k:mp-771011_2_1_1_-1_0,reverse,0.6420322060585022,0.522956907749176,0.11907529830932617,0.01389455795288086
197,nebDFT2k:mp-771011_2_1_1_-1_0,inference_symmetrised,0.6420322060585022,0.5299041867256165,0.11212801933288574,0.01389455795288086
197,nebDFT2k:mp-771011_3_0_1_-1_0,forward,0.6453012228012085,0.6024467349052429,0.042854487895965576,0.00782012939453125
197,nebDFT2k:mp-771011_3_0_1_-1_0,reverse,0.6453012228012085,0.6102668642997742,0.035034358501434326,0.00782012939453125
197,nebDFT2k:mp-771011_3_0_1_-1_0,inference_symmetrised,0.6453012228012085,0.6063567996025085,0.03894442319869995,0.00782012939453125
197,nebDFT2k:mp-771019_2_5_1_1_0,forward,0.09585042297840118,0.5185662508010864,0.42271582782268524,0.013236165046691895
197,nebDFT2k:mp-771019_2_5_1_1_0,reverse,0.09585042297840118,0.5053300857543945,0.40947966277599335,0.013236165046691895
197,nebDFT2k:mp-771019_2_5_1_1_0,inference_symmetrised,0.09585042297840118,0.5119481682777405,0.4160977452993393,0.013236165046691895
197,nebDFT2k:mp-771821_0_2_0_0_0,forward,0.1138739287853241,0.2420736849308014,0.1281997561454773,0.007753491401672363
197,nebDFT2k:mp-771821_0_2_0_0_0,reverse,0.1138739287853241,0.23432019352912903,0.12044626474380493,0.007753491401672363
197,nebDFT2k:mp-771821_0_2_0_0_0,inference_symmetrised,0.1138739287853241,0.2381969392299652,0.12432301044464111,0.007753491401672363
197,nebDFT2k:mp-771906_1_0_1_0_0,forward,0.4369984269142151,0.42788946628570557,0.009108960628509521,0.047897011041641235
197,nebDFT2k:mp-771906_1_0_1_0_0,reverse,0.4369984269142151,0.37999245524406433,0.05700597167015076,0.047897011041641235
197,nebDFT2k:mp-771906_1_0_1_0_0,inference_symmetrised,0.4369984269142151,0.40394096076488495,0.03305746614933014,0.047897011041641235
197,nebDFT2k:mp-772502_1_2_0_0_0,forward,1.4095782041549683,1.11838698387146,0.2911912202835083,0.01332402229309082
197,nebDFT2k:mp-772502_1_2_0_0_0,reverse,1.4095782041549683,1.1317110061645508,0.2778671979904175,0.01332402229309082
197,nebDFT2k:mp-772502_1_2_0_0_0,inference_symmetrised,1.4095782041549683,1.1250489950180054,0.2845292091369629,0.01332402229309082
197,nebDFT2k:mp-772542_0_2_0_0_0,forward,0.24687078595161438,0.5315885543823242,0.28471776843070984,0.10802757740020752
197,nebDFT2k:mp-772542_0_2_0_0_0,reverse,0.24687078595161438,0.4235609769821167,0.17669019103050232,0.10802757740020752
197,nebDFT2k:mp-772542_0_2_0_0_0,inference_symmetrised,0.24687078595161438,0.47757476568222046,0.23070397973060608,0.10802757740020752
197,nebDFT2k:mp-772613_0_1_0_0_0,forward,0.4315532147884369,0.6420304775238037,0.21047726273536682,0.02788221836090088
197,nebDFT2k:mp-772613_0_1_0_0_0,reverse,0.4315532147884369,0.6699126958847046,0.2383594810962677,0.02788221836090088
197,nebDFT2k:mp-772613_0_1_0_0_0,inference_symmetrised,0.4315532147884369,0.6559715867042542,0.22441837191581726,0.02788221836090088
197,nebDFT2k:mp-772658_3_3_1_0_0,forward,1.721060872077942,0.780306339263916,0.9407545328140259,0.006407380104064941
197,nebDFT2k:mp-772658_3_3_1_0_0,reverse,1.721060872077942,0.7738989591598511,0.9471619129180908,0.006407380104064941
197,nebDFT2k:mp-772658_3_3_1_0_0,inference_symmetrised,1.721060872077942,0.7771026492118835,0.9439582228660583,0.006407380104064941
197,nebDFT2k:mp-772851_6_10_0_1_0,forward,0.6534039378166199,0.821012020111084,0.1676080822944641,0.015160799026489258
197,nebDFT2k:mp-772851_6_10_0_1_0,reverse,0.6534039378166199,0.8058512210845947,0.15244728326797485,0.015160799026489258
197,nebDFT2k:mp-772851_6_10_0_1_0,inference_symmetrised,0.6534039378166199,0.8134316205978394,0.16002768278121948,0.015160799026489258
197,nebDFT2k:mp-772981_0_2_0_0_0,forward,1.138868808746338,0.9342204332351685,0.20464837551116943,0.04762512445449829
197,nebDFT2k:mp-772981_0_2_0_0_0,reverse,1.138868808746338,0.9818455576896667,0.15702325105667114,0.04762512445449829
197,nebDFT2k:mp-772981_0_2_0_0_0,inference_symmetrised,1.138868808746338,0.9580329954624176,0.1808358132839203,0.04762512445449829
197,nebDFT2k:mp-772981_1_2_0_0_0,forward,3.077207326889038,1.4712259769439697,1.6059813499450684,0.014407157897949219
197,nebDFT2k:mp-772981_1_2_0_0_0,reverse,3.077207326889038,1.4568188190460205,1.6203885078430176,0.014407157897949219
197,nebDFT2k:mp-772981_1_2_0_0_0,inference_symmetrised,3.077207326889038,1.4640223979949951,1.613184928894043,0.014407157897949219
197,nebDFT2k:mp-774843_2_3_0_0_0,forward,1.0624136924743652,0.6496967077255249,0.41271698474884033,0.0354994535446167
197,nebDFT2k:mp-774843_2_3_0_0_0,reverse,1.0624136924743652,0.6141972541809082,0.44821643829345703,0.0354994535446167
197,nebDFT2k:mp-774843_2_3_0_0_0,inference_symmetrised,1.0624136924743652,0.6319469809532166,0.4304667115211487,0.0354994535446167
197,nebDFT2k:mp-774843_2_3_1_0_0,forward,0.8142358660697937,0.5174301862716675,0.2968056797981262,0.05310183763504028
197,nebDFT2k:mp-774843_2_3_1_0_0,reverse,0.8142358660697937,0.4643283486366272,0.3499075174331665,0.05310183763504028
197,nebDFT2k:mp-774843_2_3_1_0_0,inference_symmetrised,0.8142358660697937,0.49087926745414734,0.32335659861564636,0.05310183763504028
197,nebDFT2k:mp-774843_2_3_0_1_0,forward,0.8414992690086365,0.7338011860847473,0.10769808292388916,0.053325533866882324
197,nebDFT2k:mp-774843_2_3_0_1_0,reverse,0.8414992690086365,0.680475652217865,0.16102361679077148,0.053325533866882324
197,nebDFT2k:mp-774843_2_3_0_1_0,inference_symmetrised,0.8414992690086365,0.7071384191513062,0.13436084985733032,0.053325533866882324
197,nebDFT2k:mp-774843_2_0_0_1_0,forward,3.6757445335388184,3.6482601165771484,0.027484416961669922,0.13783502578735352
197,nebDFT2k:mp-774843_2_0_0_1_0,reverse,3.6757445335388184,3.510425090789795,0.16531944274902344,0.13783502578735352
197,nebDFT2k:mp-774843_2_0_0_1_0,inference_symmetrised,3.6757445335388184,3.5793426036834717,0.09640192985534668,0.13783502578735352
197,nebDFT2k:mp-774843_0_1_0_0_0,forward,0.8201401233673096,0.5739340782165527,0.24620604515075684,0.022437334060668945
197,nebDFT2k:mp-774843_0_1_0_0_0,reverse,0.8201401233673096,0.5963714122772217,0.2237687110900879,0.022437334060668945
197,nebDFT2k:mp-774843_0_1_0_0_0,inference_symmetrised,0.8201401233673096,0.5851527452468872,0.23498737812042236,0.022437334060668945
197,nebDFT2k:mp-774946_0_2_0_0_0,forward,0.6453417539596558,0.7667831778526306,0.12144142389297485,0.04880964756011963
197,nebDFT2k:mp-774946_0_2_0_0_0,reverse,0.6453417539596558,0.8155928254127502,0.17025107145309448,0.04880964756011963
197,nebDFT2k:mp-774946_0_2_0_0_0,inference_symmetrised,0.6453417539596558,0.7911880016326904,0.14584624767303467,0.04880964756011963
197,nebDFT2k:mp-775195_1_5_0_1_0,forward,0.11352421343326569,0.2969970107078552,0.18347279727458954,0.01852738857269287
197,nebDFT2k:mp-775195_1_5_0_1_0,reverse,0.11352421343326569,0.27846962213516235,0.16494540870189667,0.01852738857269287
197,nebDFT2k:mp-775195_1_5_0_1_0,inference_symmetrised,0.11352421343326569,0.2877333164215088,0.1742091029882431,0.01852738857269287
197,nebDFT2k:mp-776519_1_0_0_1_0,forward,1.0567388534545898,1.030877947807312,0.025860905647277832,0.053686439990997314
197,nebDFT2k:mp-776519_1_0_0_1_0,reverse,1.0567388534545898,0.9771915078163147,0.07954734563827515,0.053686439990997314
197,nebDFT2k:mp-776519_1_0_0_1_0,inference_symmetrised,1.0567388534545898,1.0040347278118134,0.05270412564277649,0.053686439990997314
197,nebDFT2k:mp-776806_0_1_0_0_0,forward,0.8505998849868774,0.7467723488807678,0.10382753610610962,0.006955265998840332
197,nebDFT2k:mp-776806_0_1_0_0_0,reverse,0.8505998849868774,0.7398170828819275,0.11078280210494995,0.006955265998840332
197,nebDFT2k:mp-776806_0_1_0_0_0,inference_symmetrised,0.8505998849868774,0.7432947158813477,0.10730516910552979,0.006955265998840332
197,nebDFT2k:mp-776806_3_2_1_1_0,forward,0.6594776511192322,0.5500912070274353,0.10938644409179688,0.015637695789337158
197,nebDFT2k:mp-776806_3_2_1_1_0,reverse,0.6594776511192322,0.5657289028167725,0.09374874830245972,0.015637695789337158
197,nebDFT2k:mp-776806_3_2_1_1_0,inference_symmetrised,0.6594776511192322,0.5579100549221039,0.1015675961971283,0.015637695789337158
197,nebDFT2k:mp-777279_19_7_1_0_0,forward,0.389350026845932,0.629115641117096,0.23976561427116394,0.03763192892074585
197,nebDFT2k:mp-777279_19_7_1_0_0,reverse,0.389350026845932,0.5914837121963501,0.2021336853504181,0.03763192892074585
197,nebDFT2k:mp-777279_19_7_1_0_0,inference_symmetrised,0.389350026845932,0.610299676656723,0.22094964981079102,0.03763192892074585
197,nebDFT2k:mp-777670_0_1_0_0_0,forward,0.7413540482521057,0.6423681378364563,0.09898591041564941,0.020301640033721924
197,nebDFT2k:mp-777670_0_1_0_0_0,reverse,0.7413540482521057,0.6626697778701782,0.07868427038192749,0.020301640033721924
197,nebDFT2k:mp-777670_0_1_0_0_0,inference_symmetrised,0.7413540482521057,0.6525189578533173,0.08883509039878845,0.020301640033721924
197,nebDFT2k:mp-777670_0_2_0_1_0,forward,4.522794723510742,3.3763318061828613,1.1464629173278809,0.1186532974243164
197,nebDFT2k:mp-777670_0_2_0_1_0,reverse,4.522794723510742,3.4949851036071777,1.0278096199035645,0.1186532974243164
197,nebDFT2k:mp-777670_0_2_0_1_0,inference_symmetrised,4.522794723510742,3.4356584548950195,1.0871362686157227,0.1186532974243164
197,nebDFT2k:mp-777670_1_0_0_1_0,forward,0.6251729130744934,0.5808833837509155,0.04428952932357788,0.047849059104919434
197,nebDFT2k:mp-777670_1_0_0_1_0,reverse,0.6251729130744934,0.5330343246459961,0.09213858842849731,0.047849059104919434
197,nebDFT2k:mp-777670_1_0_0_1_0,inference_symmetrised,0.6251729130744934,0.5569588541984558,0.0682140588760376,0.047849059104919434
197,nebDFT2k:mp-778325_0_1_0_0_0,forward,0.6744814515113831,0.6929073929786682,0.018425941467285156,0.01769953966140747
197,nebDFT2k:mp-778325_0_1_0_0_0,reverse,0.6744814515113831,0.7106069326400757,0.03612548112869263,0.01769953966140747
197,nebDFT2k:mp-778325_0_1_0_0_0,inference_symmetrised,0.6744814515113831,0.701757162809372,0.02727571129798889,0.01769953966140747
197,nebDFT2k:mp-778830_1_9_1_1_0,forward,0.25904756784439087,0.7374714016914368,0.4784238338470459,0.017694473266601562
197,nebDFT2k:mp-778830_1_9_1_1_0,reverse,0.25904756784439087,0.7197769284248352,0.46072936058044434,0.017694473266601562
197,nebDFT2k:mp-778830_1_9_1_1_0,inference_symmetrised,0.25904756784439087,0.728624165058136,0.4695765972137451,0.017694473266601562
197,nebDFT2k:mp-778830_4_0_1_-1_-1,forward,0.2582642734050751,0.6264283657073975,0.3681640923023224,0.06199413537979126
197,nebDFT2k:mp-778830_4_0_1_-1_-1,reverse,0.2582642734050751,0.6884225010871887,0.43015822768211365,0.06199413537979126
197,nebDFT2k:mp-778830_4_0_1_-1_-1,inference_symmetrised,0.2582642734050751,0.6574254333972931,0.399161159992218,0.06199413537979126
197,nebDFT2k:mp-779432_2_7_0_1_0,forward,0.17155316472053528,0.2550883889198303,0.08353522419929504,0.010299593210220337
197,nebDFT2k:mp-779432_2_7_0_1_0,reverse,0.17155316472053528,0.24478879570960999,0.07323563098907471,0.010299593210220337
197,nebDFT2k:mp-779432_2_7_0_1_0,inference_symmetrised,0.17155316472053528,0.24993859231472015,0.07838542759418488,0.010299593210220337
197,nebDFT2k:mp-779720_1_4_0_0_0,forward,0.3813576102256775,0.2936265170574188,0.08773109316825867,0.004751622676849365
197,nebDFT2k:mp-779720_1_4_0_0_0,reverse,0.3813576102256775,0.28887489438056946,0.09248271584510803,0.004751622676849365
197,nebDFT2k:mp-779720_1_4_0_0_0,inference_symmetrised,0.3813576102256775,0.29125070571899414,0.09010690450668335,0.004751622676849365
197,nebDFT2k:mp-779720_0_6_0_0_0,forward,0.876657247543335,0.46835702657699585,0.4083002209663391,0.009652942419052124
197,nebDFT2k:mp-779720_0_6_0_0_0,reverse,0.876657247543335,0.4587040841579437,0.41795316338539124,0.009652942419052124
197,nebDFT2k:mp-779720_0_6_0_0_0,inference_symmetrised,0.876657247543335,0.4635305553674698,0.4131266921758652,0.009652942419052124
197,nebDFT2k:mp-779720_12_22_0_0_0,forward,0.6643123030662537,0.3922816812992096,0.27203062176704407,0.0028963685035705566
197,nebDFT2k:mp-779720_12_22_0_0_0,reverse,0.6643123030662537,0.38938531279563904,0.2749269902706146,0.0028963685035705566
197,nebDFT2k:mp-779720_12_22_0_0_0,inference_symmetrised,0.6643123030662537,0.3908334970474243,0.27347880601882935,0.0028963685035705566
197,nebDFT2k:mp-779720_4_8_0_1_0,forward,0.4980355501174927,0.42842555046081543,0.06960999965667725,0.029439687728881836
197,nebDFT2k:mp-779720_4_8_0_1_0,reverse,0.4980355501174927,0.3989858627319336,0.09904968738555908,0.029439687728881836
197,nebDFT2k:mp-779720_4_8_0_1_0,inference_symmetrised,0.4980355501174927,0.4137057065963745,0.08432984352111816,0.029439687728881836
197,nebDFT2k:mp-781596_1_3_0_1_0,forward,0.12982939183712006,0.3733348846435547,0.24350549280643463,0.003733694553375244
197,nebDFT2k:mp-781596_1_3_0_1_0,reverse,0.12982939183712006,0.37706857919692993,0.24723918735980988,0.003733694553375244
197,nebDFT2k:mp-781596_1_3_0_1_0,inference_symmetrised,0.12982939183712006,0.3752017319202423,0.24537234008312225,0.003733694553375244
197,nebDFT2k:mp-849351_1_0_1_0_-1,forward,1.591550588607788,0.44033706188201904,1.151213526725769,0.000718235969543457
197,nebDFT2k:mp-849351_1_0_1_0_-1,reverse,1.591550588607788,0.4396188259124756,1.1519317626953125,0.000718235969543457
197,nebDFT2k:mp-849351_1_0_1_0_-1,inference_symmetrised,1.591550588607788,0.4399779438972473,1.1515726447105408,0.000718235969543457
197,nebDFT2k:mp-849386_8_8_1_0_0,forward,1.0149714946746826,0.5398880839347839,0.4750834107398987,0.028302013874053955
197,nebDFT2k:mp-849386_8_8_1_0_0,reverse,1.0149714946746826,0.51158607006073,0.5033854246139526,0.028302013874053955
197,nebDFT2k:mp-849386_8_8_1_0_0,inference_symmetrised,1.0149714946746826,0.525737076997757,0.48923441767692566,0.028302013874053955
197,nebDFT2k:mp-850532_0_1_0_1_0,forward,0.5237549543380737,0.5098236203193665,0.013931334018707275,0.0048163533210754395
197,nebDFT2k:mp-850532_0_1_0_1_0,reverse,0.5237549543380737,0.505007266998291,0.018747687339782715,0.0048163533210754395
197,nebDFT2k:mp-850532_0_1_0_1_0,inference_symmetrised,0.5237549543380737,0.5074154436588287,0.016339510679244995,0.0048163533210754395
