source,midpoint_prediction,midpoint_prediction_sd,midpoint_seeds,positional_prediction,positional_prediction_sd,positional_seeds,affine_bvse_prediction,affine_bvse_prediction_sd,affine_bvse_seeds,bvse_delta_prediction,bvse_delta_prediction_sd,bvse_delta_seeds,dft_barrier,midpoint_absolute_error,positional_absolute_error,delta_pos,affine_bvse_absolute_error,bvse_delta_absolute_error,delta_bvse,dft_path_length,dft_endpoint_displacement,dft_tortuosity,dft_bottleneck_mean_k_distance,dft_bottleneck_path_coordinate,dft_coordination_at_bottleneck,dft_smooth_coordination_at_bottleneck,dft_coordination_range,dft_smooth_coordination_range,composition_family,anion_family,em_bvse,bvse_path_length,bvse_endpoint_displacement,bvse_tortuosity,bvse_bottleneck_mean_k_distance,bvse_bottleneck_path_coordinate,bvse_coordination_at_bottleneck,bvse_smooth_coordination_at_bottleneck,bvse_coordination_range,bvse_smooth_coordination_range
nebDFT2k:mp-1020056_0_0_1_1_0,1.5991079449653625,0.5701858306239254,10,2.608033847808838,0.3156535926016508,10,1.1513273858942557,0.0,10,2.533695864677429,0.3079659545375945,10,2.06686851521863,0.46776057025326745,0.5411653325902082,-0.07340476233694071,0.9155411293243743,0.4668273494587991,0.44871377986557515,5.779497694726756,5.181886005588375,1.1153270620955171,2.036745745813577,0.3680214525438304,9.0,0.9294845961703652,2.0,0.3908737415661556,Li15N80Si32Ca48,N,2.135842168248376,6.090845403200019,5.1818860013966805,1.1754109221156823,1.9044703818380069,0.3354263966141676,9.0,1.154280241049072,1.0,0.4775265018339739
nebDFT2k:mp-1020056_0_2_1_0_0,0.5288663506507874,0.18579422401391796,10,0.756853798031807,0.23371160471231867,10,0.5208987937733469,0.0,10,0.8131173014640808,0.43398811740001697,10,0.13001933520411055,0.3988470154466768,0.6268344628276964,-0.22798744738101961,0.39087945856923634,0.6830979662599702,-0.2922185076907339,2.0616527883634954,2.027377400428485,1.0169062691178103,2.1590253967846698,0.2380671398271903,7.0,0.620880669266016,5.0,0.0616000113879113,Li15N80Si32Ca48,N,0.5561819799531005,2.772075621413881,2.6501024403276467,1.0460258362960315,2.1472490791794843,0.5021748725355212,8.0,0.7188915712322952,5.0,0.0862353241760732
nebDFT2k:mp-1020056_2_2_1_1_0,1.5922298789024354,0.544522937230159,10,2.2594040513038633,0.3088958221388239,10,1.378566085915626,0.0,10,2.4072279214859007,0.3200497155977646,10,1.4526391147018671,0.13959076420056826,0.8067649366019962,-0.667174172401428,0.07407302878624122,0.9545888067840336,-0.8805157779977923,5.714277095259645,5.181886004443156,1.1027407956022182,2.0514146681868572,0.6026903774600298,10.0,0.9243700106680884,5.0,0.2543929791252475,Li15N80Si32Ca48,N,2.705232472162268,5.537276566797638,5.1818860013966805,1.0685832465834193,1.8489417116981797,0.6618191866650972,10.0,1.2845564637922642,6.0,0.523561010372799
nebDFT2k:mp-1147726_4_6_1_0_0,0.3113276898860931,0.0795579739491518,10,0.21018281579017634,0.09998090904198412,10,0.40790262504814,0.0,10,0.2762701988220214,0.04334863388747785,10,0.17455814834103478,0.13676954154505833,0.035624667449141556,0.10114487409591677,0.23334447670710523,0.10171205048098664,0.1316324262261186,5.173179943834105,3.8883867577467086,1.3304180541011628,2.446675873312599,0.0,4.0,0.2798351625099308,1.0,0.0846895329361682,Li23P12S48Zn6,S,0.2730483286626279,6.910682707482127,3.9513407572415034,1.7489462772394728,2.4194418267936055,0.7665307550735317,4.0,0.3102791324002124,1.0,0.0863034514387616
nebDFT2k:mp-1174212_5_7_0_0_0,0.3841370910406112,0.074269023460371,10,0.4455973893404007,0.06069051478053037,10,0.7005929840672787,0.0,10,0.4427908658981323,0.04486154540339728,10,0.8727639313134432,0.488626840272832,0.4271665419730425,0.061460298299789495,0.17217094724616455,0.4299730654153109,-0.25780211816914633,2.835333796077017,2.74037553176692,1.0346515516611954,2.039134995429999,0.7557932784516438,12.0,0.9419016823174092,7.0,0.2489400662455068,Li31O56Co24,O,1.0064403629371628,3.2831581660565745,2.875624900572334,1.141719897265853,1.8562593346469356,0.5030924721755888,6.0,1.153070283542772,11.0,0.0819652792685381
nebDFT2k:mp-1175313_9_13_0_0_0,0.38051626980304715,0.033606935564124495,10,0.385898694396019,0.0520490463382573,10,0.7304350223958338,0.0,10,0.4852720648050308,0.10227188578213574,10,0.573661385225023,0.19314511542197582,0.187762690829004,0.005382424592971835,0.15677363717081083,0.08838932041999215,0.06838431675081869,2.928593453516623,2.712511450226794,1.0796612317606114,2.1156989900004466,1.0,12.0,0.8417431878814394,3.0,0.0979062434369426,Li55O96Mn40,O,1.081215334241382,3.240481445240284,2.8791344944784716,1.1255054084672995,1.9374220709350525,0.5034095057300491,6.0,1.0175152113207468,7.0,0.1565550960779363
nebDFT2k:mp-1175624_0_3_0_1_0,0.40151652693748474,0.08682367410829189,10,0.4769549399614334,0.11682164701790017,10,0.8194716615756062,0.0,10,0.5181122422218323,0.07941535037360671,10,0.4071036284401258,0.005587101502641079,0.06985131152130758,-0.0642642100186665,0.4123680331354804,0.11100861378170646,0.30135941935377397,2.7103461387109,2.5881529952884588,1.0472124884598726,2.094668838319209,0.4998650808045041,9.0,0.8463740964625291,4.0,0.0570296433864422,Li35O64Mn8Co20,O,1.3043137723035363,3.2524414204757313,2.952844309302853,1.1014605173151208,1.8694158633925848,0.4991894415104442,6.0,1.1362573430792533,11.0,0.183720578304274
nebDFT2k:mp-1175840_1_1_1_0_0,1.734479260444641,0.14645939568088284,10,1.7729157090187073,0.23614102199593437,10,1.7533621918035815,0.0,10,1.6062649488449097,0.11465334840898594,10,2.1720254665925722,0.43754620614793116,0.3991097575738649,0.03843644857406625,0.4186632747889907,0.5657605177476626,-0.14709724295867188,5.214802911565228,4.975317221539516,1.048134757918332,1.9745287138374792,0.6742927935337789,7.0,1.0095744642587978,9.0,0.1079253409084115,Li35O64Mn8Co20,O,3.644356259691492,5.288993723928547,4.975261,1.06305854585891,1.5441043493332107,0.49789360207784,10.0,1.709216984418211,10.0,0.653616888795747
nebDFT2k:mp-1176566_0_2_0_0_0,0.5645624369382858,0.10223929730718323,10,0.4164240896701813,0.08370804052724527,10,0.6386552193754514,0.0,10,0.44516538381576537,0.11137991786123912,10,0.17504152491702027,0.3895209120212655,0.24138256475316103,0.14813834726810446,0.46361369445843115,0.27012385889874513,0.19348983555968602,2.3007980540937836,2.142533422782539,1.0738679871353902,1.9097327376182776,0.5479901373234899,7.0,0.9034125959112574,5.0,0.025934361708456,Li15O64Si16Ti16,O,0.8512433711469878,2.9706499747768618,2.7169952419774206,1.0933585487675834,1.82796464730926,0.5008374464748752,7.0,1.0601023378650358,4.0,0.1043751024925279
nebDFT2k:mp-1176566_0_2_0_1_0,1.8464092850685119,0.6135344313121965,10,1.7798832535743714,0.2721777763977181,10,1.8908212544357383,0.0,10,2.1287952423095704,0.2176285906989479,10,2.8486144832020557,1.0022051981335438,1.0687312296276843,-0.06652603149414049,0.9577932287663173,0.7198192408924853,0.23797398787383206,5.745988549271803,5.03482281695927,1.141249406020217,1.9225401721909945,0.6757449301300812,12.0,1.2472386922315004,5.0,0.5086713115317715,Li15O64Si16Ti16,O,3.9887864005102953,6.105052623708955,5.070292442544626,1.2040829385858884,1.7053346153430369,0.3417774139293153,11.0,1.5426244602827937,2.0,0.6718990142656711
nebDFT2k:mp-1176649_6_7_0_0_0,0.9342743217945099,0.20010510329029418,10,1.311507773399353,0.24022351548003074,10,0.9110472697612776,0.0,10,0.7823225498199463,0.07866953410893661,10,0.9662818259483572,0.032007504153847344,0.3452259474509958,-0.31321844329714843,0.05523455618707962,0.1839592761284109,-0.12872471994133128,4.453796954254539,4.36648039381139,1.0199970119107606,2.043542786847974,1.0,8.0,0.7699412898940268,3.0,0.1681300357489199,Li15O64F16P16Mn16,O+F,1.5337740859342484,4.598582301785365,4.4298694338711515,1.0380852913235368,1.888702193219186,0.4960600917552787,10.0,1.314450397381144,4.0,0.5386526495081541
nebDFT2k:mp-1176994_9_9_1_0_0,1.6881629705429078,0.30582941882797265,10,2.096464467048645,0.20097351503331715,10,2.0390147956401914,0.0,10,2.560882592201233,0.20051146985619211,10,2.2720789882022245,0.5839160176593168,0.17561452115357934,0.40830149650573744,0.23306419256203315,0.2888036039990083,-0.05573941143697514,5.111455607948042,4.9588885335666,1.0307663851181006,1.905392591825044,0.6681830295326535,7.0,1.1296965889253476,10.0,0.1366050748300014,Li55O96Si16V24,O,4.360113843663878,5.179445943661855,4.96028325,1.0441835037670186,1.5347494682816687,0.4977049503004946,11.0,1.826275162244623,10.0,0.7608049732767224
nebDFT2k:mp-1177804_0_1_0_0_1,1.6483089685440064,0.36505007908896564,10,2.1646708250045776,0.20874800416940764,10,1.788925969929026,0.0,10,2.0314053177833555,0.30224217608054715,10,1.6887457253068874,0.04043675676288094,0.47592509969769026,-0.4354883429348093,0.1001802446221387,0.34265959247646816,-0.24247934785432945,5.083584863143663,4.996194166355374,1.0174914532699275,1.9991569931381612,0.2619111632910431,7.0,0.9309226164908512,7.0,0.1557289240827727,Li47O96V24Co24,O,3.7334681514303054,5.445807564371832,5.096676593547174,1.0685016921157384,1.5545754837428198,0.5043710869031997,10.0,1.6959752775304684,10.0,0.730784798080819
nebDFT2k:mp-1177804_0_2_0_0_1,0.42086168229579923,0.05540868848911886,10,0.5421376913785935,0.05094952199784091,10,0.7088408772637085,0.0,10,0.48792293667793274,0.08115845669871462,10,0.3489684496910854,0.07189323260471381,0.19316924168750804,-0.12127600908279423,0.35987242757262305,0.13895448698684731,0.22091794058577574,2.623200514684739,2.558624491152892,1.0252385700813602,2.0918293508623567,0.8190395469418232,11.0,0.8471860772526804,3.0,0.1043282693350096,Li47O96V24Co24,O,1.0271070469717167,3.2604958761269396,2.9372384478725637,1.110054881137931,1.8922175777618184,0.493794432480099,6.0,1.0855947936630077,10.0,0.1684239202402857
nebDFT2k:mp-1177943_4_7_0_0_0,1.0555197715759277,0.19995896529714136,10,0.8269593298435212,0.12944291538889527,10,0.5350248380913609,0.0,10,0.873631888628006,0.19184629928503716,10,0.9865845381363554,0.06893523343957231,0.15962520829283422,-0.09068997485326191,0.45155970004499446,0.11295264950834938,0.3386070505366451,3.3889419910477896,3.1270460324120997,1.083751871869207,2.069037641235981,0.2466342036182093,10.0,0.8900739758675627,1.0,0.1632066713101154,Li63O64Fe32,O,0.5915775031037729,3.499424431274897,3.137262234529019,1.1154389304024015,1.880548321366935,0.2558541481758972,10.0,1.1999824152831104,2.0,0.1575646219821993
nebDFT2k:mp-1178166_8_9_0_0_1,0.628833669424057,0.18688552928891347,10,1.3427943646907807,0.5414554994134755,10,0.7735207629326153,0.0,10,1.0579079389572144,0.24861467304362808,10,0.8422648307995928,0.21343116137553575,0.5005295338911879,-0.2870983725156522,0.06874406786697751,0.21564310815762155,-0.14689904029064405,3.6023073192132795,3.238504355507746,1.1123367220694982,2.0385687353114723,0.0,7.0,0.7600122446346445,1.0,0.1847032871045383,Li7O32K16Nb8,O,1.189174950698816,4.325077910474295,3.3769012293827654,1.2807830660966175,1.9305748701764536,0.4979259120140277,5.0,0.8471721472449272,3.0,0.238502311561919
nebDFT2k:mp-1202443_0_6_0_0_1,1.7236428797245025,0.45216534980858475,10,0.9406061708927155,0.1259077299185933,10,0.9472833463384485,0.0,10,1.2075319647789002,0.07824167904575743,10,1.9113331924867794,0.18769031276227688,0.9707270215940639,-0.783036708831787,0.9640498461483309,0.7038012277078791,0.2602486184404518,7.5671730988881505,4.977406996456156,1.5203042677192906,1.9846232010593183,0.0,8.0,0.9170842690191944,5.0,0.4080187427491333,Li15O120Ge56,O,1.6245705508540969,7.845822434175089,4.98741565396895,1.573123833769788,1.9874190476662457,0.1681511462171683,10.0,0.959810836927948,3.0,0.5500785561384797
nebDFT2k:mp-1222404_0_0_0_1_-1,0.2991756409406662,0.046259609740138284,10,0.6775245606899262,0.7494647041161827,10,0.6905595067286447,0.0,10,0.6087909758090972,0.24376426058644804,10,0.4571089459908393,0.1579333050501731,0.22041561469908688,-0.06248230964891377,0.23345056073780546,0.15168202981825796,0.0817685309195475,4.389677301704891,3.943880602353037,1.113035039419266,2.4537713637106515,0.5002623040568027,6.0,0.3361055756365375,3.0,0.1136605144450293,Li26S54Bi27,S,0.981299554128537,4.6588036205982375,3.959233693464763,1.1766932647315582,2.3539339745925907,0.5002439208936069,6.0,0.4723383880791313,3.0,0.2526846881911812
nebDFT2k:mp-1222469_0_0_0_1_0,1.6956098318099975,0.23044594084195444,10,1.0621576309204102,0.21252112012291072,10,0.5411866333048198,0.0,10,0.5758849710226059,0.09286096761195053,10,1.345391506437835,0.35021832537216246,0.28323387551742485,0.06698444985473762,0.8042048731330153,0.7695065354152291,0.03469833771778619,18.02787952567943,14.012373380630857,1.2865685944822995,1.9825226258825224,0.0,6.0,0.7854629790765356,6.0,0.0867584603131241,Li7O48Al8Si16,O,0.6070170670905257,17.94016937574676,14.012373380630464,1.2803091159807198,1.9871773982858072,0.0,6.0,0.7797597957818516,7.0,0.1822325507005382
nebDFT2k:mp-1222510_2_2_0_1_0,1.7874901175498963,0.17665689885269553,10,1.9164312720298766,0.19380481383615322,10,1.85766701642526,0.0,10,1.8250606775283813,0.16623007767526943,10,1.7380209076837048,0.04946920986619152,0.17841036434617186,-0.12894115447998034,0.11964610874155523,0.08703976984467654,0.032606338896878695,5.280393701284643,5.094115821097572,1.0365672644142858,1.973649037351428,0.3165653636501661,7.0,1.006758541661529,10.0,0.1334158004761028,Li23O48Mn8Co8Ni8,O,3.9057120753401353,5.403558606298949,5.094242812032278,1.060718698672173,1.540380320070715,0.4996592382294506,10.0,1.7041056521044364,11.0,0.6654968771880578
nebDFT2k:mp-1222575_0_2_0_0_0,2.2138043880462646,0.4346348629981434,10,3.832399916648865,0.5502626503581388,10,3.0899913941953017,0.0,10,4.091467690467835,0.2748677877758738,10,4.53782219991362,2.3240178118673556,0.7054222832647552,1.6185955286026004,1.4478308057183185,0.4463545094457855,1.001476296272533,5.688602402443673,5.144914250596203,1.1056748714100466,1.8873739185337888,0.3249394773857368,9.0,1.0407774185394103,2.0,0.3481813044910326,Li7O48Si16Sc2In6,O,6.993538013056706,5.9691955175788145,5.286391369117924,1.1291626178965295,1.6108869368580585,0.4960794780642836,9.0,1.572540467685481,3.0,0.9260276055245829
nebDFT2k:mp-1222575_1_2_0_0_0,1.1304511547088623,0.16041780636186967,10,1.3984661817550659,0.17270529018694142,10,1.1890966148083604,0.0,10,1.269989788532257,0.12777753954388593,10,1.2000721744779241,0.06962101976906188,0.19839400727714174,-0.12877298750807986,0.010975559669563761,0.06991761405433294,-0.05894205438476918,5.185326797869545,4.761063428650795,1.0891110516750624,2.0318778775837893,0.335006318669252,8.0,0.841945840155753,2.0,0.1845196293073361,Li7O48Si16Sc2In6,O,2.230480241463779,5.777518046604137,4.759551711366908,1.2138786165104771,1.8842823422551565,0.4985596758545098,8.0,1.1204377210607186,4.0,0.4672706389735412
nebDFT2k:mp-1222591_0_0_0_1_0,0.5465885072946548,0.1358376576974066,10,0.4575253278017044,0.053773251974358754,10,0.8384837628053685,0.0,10,0.6472332656383515,0.1141646177163728,10,0.4859350342758262,0.06065347301882862,0.028409706474121776,0.03224376654470684,0.35254872852954233,0.1612982313625253,0.19125049716701703,2.784203927121344,2.700684731906252,1.0309251924996594,2.0385395200956338,0.5023888126830366,10.0,0.954836429197266,7.0,0.0929651633661278,Li47O96Al32Co16,O,1.351952251560098,3.1106968821102132,2.858329664979995,1.0882918510842885,1.8434024140881984,0.5092431337568187,7.0,1.1903471053211918,10.0,0.1051677809122921
nebDFT2k:mp-1277038_4_0_0_1_0,0.8366331577301025,0.1931937855898905,10,0.9088929712772369,0.22317171718118334,10,0.9297251457455484,0.0,10,0.8094285249710083,0.08036348077329379,10,0.6852223332818994,0.15141082444820309,0.22367063799533748,-0.0722598135471344,0.24450281246364902,0.12420619168910885,0.12029662077454017,3.0893221595256732,3.0277853337249128,1.0203240385358017,2.040184307252082,0.7608733056391543,10.0,0.8527073294371781,1.0,0.065518484736066,Li31O64Ti16Fe16,O,1.580575099503459,3.209393713188014,3.0744963738367295,1.0438762395360848,1.9234594252501505,0.5013492680890519,10.0,1.118212432039995,2.0,0.3043948135818226
nebDFT2k:mp-1277589_2_0_1_0_0,0.523050743341446,0.0696996770063042,10,0.6402559697628021,0.07369547752710308,10,0.4508387065949432,0.0,10,0.5252090007066726,0.07331679915361342,10,0.573304234451399,0.05025349110995303,0.06695173531140308,-0.016698244201450052,0.12246552785645581,0.04809523374472635,0.07437029411172946,3.7737080334725626,3.766724965854385,1.0018538830632655,2.0971950438813365,0.0,4.0,0.5757246759569493,2.0,0.0171501999831271,Li15O64Ti8Fe24,O,0.3806329457129225,3.597979375737562,3.5970550977689686,1.000256954075896,2.019008524248704,0.0,4.0,0.6540548707356943,6.0,0.1144942052919789
nebDFT2k:mp-1277613_2_0_0_0_1,0.2898479729890823,0.14419953983384423,10,0.32563031017780303,0.10140199950675455,10,0.6510278826846706,0.0,10,0.39264308512210844,0.10604030487406511,10,0.5695000915187904,0.2796521185297081,0.2438697813409874,0.0357823371887207,0.08152779116588016,0.176857006396682,-0.09532921523080184,2.9202198449852705,2.690288635716233,1.0854671153929265,2.0206605883785658,0.474063761260488,7.0,0.7922491378604875,6.0,0.250074574570882,Li15O64Mg8Co24,O,0.8822454606731029,3.345038837811104,2.8683997950315376,1.166168971147317,1.9258727046950597,0.5010738972165413,5.0,0.9010358599650437,8.0,0.1481795663881578
nebDFT2k:mp-1277613_3_1_1_-1_0,0.2915611296892166,0.1432439467132442,10,0.33485805094242094,0.10241128706145282,10,0.6592293803612304,0.0,10,0.3914730966091156,0.10836896743529224,10,0.5781484184690271,0.2865872887798105,0.24329036752660615,0.043296921253204335,0.08108096189220326,0.18667532185991148,-0.10559435996770822,2.93266439936788,2.7097325283162044,1.0822708030117654,2.01888703359393,0.4854133006331935,7.0,0.7901084535593832,6.0,0.2280865563400913,Li15O64Mg8Co24,O,0.9027958918019832,3.188918574866488,2.876321150394692,1.1086795973491697,1.9191810787977923,0.5073431587733037,5.0,0.9152716679072632,8.0,0.0879562323727458
nebDFT2k:mp-1277814_1_2_0_1_0,0.3924360543489456,0.08372146741518847,10,0.37224272787570956,0.07519738033158968,10,0.4041004536684271,0.0,10,0.3261206090450287,0.07814569442857859,10,0.45879256793983814,0.06635651359089256,0.08654984006412858,-0.020193326473236017,0.05469211427141102,0.13267195889480943,-0.07797984462339841,3.315540400218297,3.121141742173475,1.0622844696279152,1.9074181680675908,0.0,4.0,0.7964193597741974,4.0,0.0332875584591823,Li79O16F80Ni16,O+F,0.263521256393583,3.470877040653051,3.1729477801044745,1.0938966794274712,1.9121569807661096,0.0,4.0,0.7877180249209456,6.0,0.1405190524337086
nebDFT2k:mp-1277814_5_7_0_1_0,0.40070984065532683,0.09029352049689772,10,0.3633660405874252,0.05402428077470723,10,0.3967163539289493,0.0,10,0.3017899259924889,0.055673782409282384,10,2.588705310963576,2.187995470308249,2.2253392703761508,-0.03734380006790161,2.1919889570346265,2.286915384971087,-0.09492642793646056,3.354729592750403,3.158966558958083,1.0619705939074229,1.9019859958772265,0.9991459477110376,7.0,0.8620733421788093,2.0,0.0345544049407665,Li79O16F80Ni16,O+F,0.2450189731363896,3.4918348995473725,3.170261047210603,1.1014345025687111,1.913732434531334,1.0,4.0,0.7856137837248491,6.0,0.1438513169477298
nebDFT2k:mp-1277814_6_10_1_-1_0,1.5939486384391786,0.17152507743288378,10,1.7035032987594605,0.2181369720367066,10,1.0766955242540686,0.0,10,1.2004122495651246,0.15917547263369872,10,2.7002744706011867,1.1063258321620082,0.9967711718417263,0.10955466032028194,1.6235789463471182,1.4998622210360621,0.12371672531105604,6.501219658884523,5.4061237374527025,1.2025658262028267,1.887609694871984,0.566440419696884,9.0,1.0464601576457109,7.0,0.4010188101765259,Li79O16F80Ni16,O+F,1.948837673076694,6.308805269020602,5.439090895255915,1.159900687543808,1.7436563696752916,0.673752036825085,7.0,1.3794763984446834,7.0,0.7159030297487061
nebDFT2k:mp-1277814_9_2_1_1_0,1.5895432829856873,0.1717250355841308,10,1.6337441086769104,0.23637970131028263,10,1.0714228685911742,0.0,10,1.2022977232933045,0.15838857840881984,10,2.448130595703759,0.8585873127180719,0.8143864870268487,0.04420082569122319,1.376707727112585,1.2458328724104546,0.13087485470213034,6.2799114172941,5.399809711822031,1.1629875407544872,1.871383065928169,0.5725243238863978,7.0,1.0288436918773187,6.0,0.2944340345580541,Li79O16F80Ni16,O+F,1.9356260193836987,6.315030622203561,5.438266983557908,1.1612211466072675,1.7419652740908953,0.67575179090896,7.0,1.391180265503904,7.0,0.7155511493914493
nebDFT2k:mp-1282211_3_0_0_0_1,1.7015256524085998,0.4763945718030731,10,2.0091405630111696,0.2876215211454514,10,3.099418681305949,0.0,10,2.3238269329071044,0.26268092669534504,10,3.475863467544542,1.7743378151359424,1.4667229045333725,0.30761491060256985,0.3764447862385931,1.1520365346374377,-0.7755917483988446,6.0680294638472425,5.2770366719503885,1.149893366498911,1.933645701902959,0.2586443006117524,7.0,0.980023314350381,6.0,0.2568851248703195,Li23O48V24,O,7.0171598955639976,6.3888427697396235,5.326222732987462,1.1995072474477877,1.5553371670128704,0.499908513572095,11.0,1.8425367420221324,9.0,0.9166130857533976
nebDFT2k:mp-1282761_2_1_1_1_0,0.6024395585060119,0.19324295886231835,10,0.5539269328117371,0.08032568691149569,10,0.4394866302582522,0.0,10,0.43340465128421785,0.11306539374417886,10,0.28025528591425086,0.3221842725917611,0.27367164689748624,0.048512625694274836,0.15923134434400132,0.15314936536996698,0.006081978974034341,3.555379389105111,3.5478170291681876,1.0021315529732089,2.0027911829019387,0.0,4.0,0.6728110412855,4.0,0.1066965697173474,Li15O64V16Ga16,O,0.3521881332985128,3.561461421277603,3.5586567144330203,1.000788136386746,2.0114448918816463,1.0,4.0,0.6630617169787119,7.0,0.138525029061566
nebDFT2k:mp-1282761_3_0_0_0_1,0.5906082510948181,0.2059161784202103,10,0.5553772389888764,0.07804440421395224,10,0.43970103826408213,0.0,10,0.4340672016143799,0.1134286472422023,10,0.2804283798305675,0.31017987126425056,0.27494885915830886,0.035231012105941706,0.15927265843351462,0.15363882178381238,0.00563383664970224,3.533764220906626,3.527127080226102,1.0018817412952694,2.0017281676591505,1.0,4.0,0.6742245047027874,6.0,0.1443842775149959,Li15O64V16Ga16,O,0.3527253738283593,3.5613568048565636,3.558437792375785,1.0008203072952495,2.0114560872762497,0.0,4.0,0.6630479929905368,7.0,0.1383252525553049
nebDFT2k:mp-1282869_0_3_0_0_0,0.5067044258117676,0.10063509530720952,10,0.4857648104429245,0.06845863152839211,10,0.3853190776359499,0.0,10,0.4034945219755173,0.05751117870763695,10,0.5327412414557386,0.02603681564397109,0.046976431012814124,-0.020939615368843034,0.14742216381978873,0.12924671948022137,0.01817544433956736,3.7754484305870406,3.7198930582695056,1.0149346692088452,2.100337763226021,1.0,4.0,0.5740993288798355,4.0,0.0482320184985591,Li15O64Fe24Sn8,O,0.216460903530943,3.755273989467842,3.730960149332468,1.0065167782989384,2.0494164772258463,1.0,4.0,0.6228490219095795,2.0,0.0373927330292267
nebDFT2k:mp-1282869_1_2_1_0_0,0.507004764676094,0.10073409092308747,10,0.499523338675499,0.06646589294481078,10,0.3890565349803278,0.0,10,0.4585010051727295,0.056703522272679045,10,0.5319701971921234,0.02496543251602934,0.03244685851662438,-0.007481426000595037,0.14291366221179558,0.07346919201939384,0.06944447019240174,3.7901102165437033,3.73302846554401,1.0152910034109195,2.099832012120173,1.0,4.0,0.5766486762314297,5.0,0.0838764834491017,Li15O64Fe24Sn8,O,0.225825822327699,3.769391124843831,3.7461499999886225,1.0062040027375516,2.0432587743498525,0.0,4.0,0.6300903889150955,3.0,0.0215951088238812
nebDFT2k:mp-1282931_3_5_0_0_0,0.4963232696056366,0.06353120276421875,10,0.5074416607618332,0.0906317644311957,10,0.6216377331639082,0.0,10,0.45723575055599214,0.1072129764203532,10,0.6656212282991589,0.16929795869352232,0.15817956753732576,0.011118391156196561,0.04398349513525068,0.2083854777431668,-0.1644019826079161,2.955653360500965,2.6979869058684622,1.0955032265249494,2.067064949214572,0.5016963058785526,9.0,0.8446229153979342,5.0,0.1410121083714234,Li39O80V16Ni24,O,0.808602783760553,3.2234673263931075,2.8604395240449194,1.1269132940223237,1.8826172400549237,0.5074538710048473,6.0,1.107266958618238,9.0,0.1537973925867598
nebDFT2k:mp-1284600_2_7_0_0_0,0.40493476688861846,0.0685203588012126,10,0.450968474149704,0.09822522467015717,10,0.7333663683761784,0.0,10,0.38920417129993434,0.11879833795783411,10,0.41195740971861017,0.00702264282999171,0.03901106443109381,-0.0319884216011021,0.32140895865756824,0.022753238418675825,0.2986557202388924,2.700404895667393,2.6422843717756948,1.021996316714631,2.0816147642147507,0.7551269168984619,10.0,0.8522792033235234,5.0,0.068312701015311,Li31O64Co24Ni8,O,1.0885603858477684,3.249350442486135,2.9237487819723587,1.111364445030782,1.8658887093851573,0.5109923598006556,6.0,1.1364924080871788,10.0,0.1653635258547015
nebDFT2k:mp-1295192_1_1_1_0_0,0.659780564904213,0.19089232820638813,10,1.0202355861663819,0.15034995401635504,10,1.1386666112774528,0.0,10,0.9703745067119598,0.1078320132517859,10,1.027006256375955,0.367225691471742,0.006770670209573115,0.3604550212621689,0.11166035490149784,0.0566317496639952,0.05502860523750264,5.224454676758527,4.7273663446020295,1.105151218653511,1.9873238314356745,0.3569761329609354,10.0,0.9557802581672834,2.0,0.4231708465701702,Li15C32O96Mn16,O,2.104118160382776,5.655681237496777,4.7273011,1.1963869273097023,1.8165176804519516,0.3365814941299046,11.0,1.343296326580153,4.0,0.6824927509895027
nebDFT2k:mp-1295192_3_3_1_0_0,0.6535224437713623,0.18102008988620316,10,1.0305217504501343,0.1506912447018097,10,1.1426651183133092,0.0,10,0.9757871031761169,0.10812735092686775,10,1.0451579195449765,0.39163547577361424,0.014636169094842222,0.376999306678772,0.09750719876833269,0.06937081636885956,0.028136382399473137,5.2434270213723115,4.727174685056631,1.1092094899618663,1.984179637812425,0.3562176441451878,10.0,0.9618037731110316,2.0,0.4313271010968531,Li15C32O96Mn16,O,2.1141371894307945,5.645754567844828,4.7273011,1.1942870674865258,1.818314555652897,0.3336827237679977,11.0,1.340608500235905,4.0,0.6831733352474321
nebDFT2k:mp-1297766_1_5_1_-1_0,1.6019331216812134,0.330281150707464,10,1.913108265399933,0.2829441115716953,10,2.120566819067501,0.0,10,2.1858357548713685,0.24735460188145245,10,2.6966531382527137,1.0947200165715003,0.7835448728527807,0.31117514371871957,0.5760863191852126,0.5108173833813452,0.06526893580386739,5.179175047095147,5.0866873725032535,1.0181822997599277,1.9579829696418072,0.3540816765061865,7.0,1.0319399002542828,11.0,0.1260954480649861,Li31O64Ti8Co24,O,4.564458136250052,5.330531536784828,5.113086636462779,1.042527130045361,1.5260090939439197,0.5029444146813759,10.0,1.7325907100561837,11.0,0.7681942906623318
nebDFT2k:mp-1306251_7_5_1_1_0,1.6956409573554994,0.18970851173377692,10,1.0199448823928834,0.11578342311627879,10,0.6322725813562635,0.0,10,1.187491202354431,0.24651415035318064,10,1.5467144388152292,0.14892651854027017,0.5267695564223458,-0.3778430378820756,0.9144418574589657,0.3592232364607981,0.5552186209981675,4.1105392033411,4.108071982072011,1.0006005788797898,2.068282918331473,0.2491920243703554,9.0,0.9065642620038652,3.0,0.1012667851189503,Li71O72Mn12Fe24,O,0.8352504430006114,3.961477645371546,3.956117636354042,1.001354865934281,1.924738101690293,0.7523780624881191,12.0,1.241535762450359,2.0,0.2527662033008468
nebDFT2k:mp-1314006_1_0_0_1_-1,0.3563898801803589,0.3293831660835122,10,0.4072967886924744,0.09128229645354191,10,0.3950285102457356,0.0,10,0.5034907042980195,0.1734496755343019,10,0.2759045943889191,0.08048528579143976,0.13139219430355525,-0.05090690851211549,0.11912391585681648,0.22758610990910033,-0.10846219405228386,3.6553220374292184,3.652960887093188,1.0006463661695293,1.998784781086581,1.0,4.0,0.6781357336094289,2.0,0.0115240759794322,Li15O64V16Ga16,O,0.2407897558963077,3.668826635043159,3.6685342300449593,1.000079706220486,2.014118224343159,0.0,4.0,0.6592817087210363,8.0,0.1030946768698488
nebDFT2k:mp-1320203_8_0_0_1_0,0.5043742269277572,0.08071088961118364,10,0.5283037334680557,0.06864585179802069,10,0.6551110223061976,0.0,10,0.45429643988609314,0.08224631750714398,10,0.795512204551386,0.2911379776236288,0.26720847108333035,0.023929506540298462,0.1404011822451885,0.3412157646652929,-0.20081458242010441,2.7147130662119,2.629077401977261,1.032572515426984,2.0061709185080363,0.7388363494531673,10.0,0.9415502126355664,7.0,0.2100812759947634,Li39O80Co16Ni24,O,0.8924765529553833,3.213148902153946,2.9020612562937207,1.1071954098782606,1.8735043084657437,0.4975009433859,6.0,1.130961802721356,11.0,0.1008377126184338
nebDFT2k:mp-1641416_3_9_0_0_0,0.3290390640497207,0.032629318309834295,10,0.33854840695858,0.035512767523112235,10,0.5825010483962823,0.0,10,0.34642292857170104,0.10658200535253305,10,0.3815076089856859,0.0524685449359652,0.0429592020271059,0.009509342908859297,0.20099343941059633,0.03508468041398488,0.16590875899661145,3.0226462990237204,2.4202131800755473,1.2489173779845988,2.1547678729729154,0.0,10.0,0.7132981083997518,4.0,0.1148661067958422,Li23O48Mn20Co4,O,0.7105382866835803,3.06728388077249,2.82430854933135,1.0860300237021423,1.974226496939395,0.4988978813699927,6.0,0.9491530482735788,5.0,0.1777898504224211
nebDFT2k:mp-25463_4_10_1_0_0,0.3648567289113998,0.055120547771493604,10,0.6189219534397126,0.09398431966913297,10,0.7906125793083134,0.0,10,0.5067115992307663,0.14240423752701217,10,0.6109093967778279,0.24605266786642804,0.008012556661884718,0.23804011120454333,0.17970318253048556,0.1041977975470616,0.07550538498342396,3.7252690382825726,3.3769317472594604,1.1031520081227002,1.958268447681919,0.500154217899232,8.0,0.867667831119662,1.0,0.2087607511768617,Li23C8O56P8V8,O,1.2320017866192996,4.31580360873909,3.5947825200000008,1.2005743281346235,1.811327548341034,0.4981441222848365,9.0,1.1040105830541955,2.0,0.4760158749174972
nebDFT2k:mp-25465_1_0_0_0_1,0.6780717521905899,0.19811281468074254,10,0.9225020587444306,0.12939253531295916,10,0.94784854008281,0.0,10,0.8813276648521423,0.04489559415753556,10,0.857966952107347,0.17989519991675706,0.06453510663708362,0.11536009327967345,0.08988158797546308,0.023360712744795342,0.06652087523066774,4.487726413255029,4.263292882198065,1.0526432354657396,2.0546196172902693,0.2451414099438847,8.0,0.7871040709105578,1.0,0.2121106238215006,Li15O64F16P16Co16,O+F,1.6259867525743237,4.629568037560646,4.325874821551399,1.070203884425008,1.9490254927260544,0.4987982641803073,8.0,1.1934598702275108,1.0,0.4189387879557498
nebDFT2k:mp-25465_1_0_1_0_1,0.25758684575557705,0.07575008427274069,10,0.19957859814167017,0.07424219235637218,10,0.7033133259011177,0.0,10,0.389769846200943,0.09632327253001124,10,0.22785605617653454,0.029730789579042516,0.028277458034864367,0.0014533315441781491,0.4754572697245832,0.16191379002440848,0.3135434797001747,2.875546745847636,2.7523041646697597,1.0447779655896658,2.0118358802834,0.8185084961746997,7.0,0.7597029529756676,2.0,0.1188351384762461,Li15O64F16P16Co16,O+F,1.0132567030384465,3.4382745802970724,2.990197723287815,1.1498485713903168,1.8090558940121744,0.5074460171317042,7.0,1.1403597870480824,3.0,0.3846386128338794
nebDFT2k:mp-26247_6_9_0_0_0,0.31107895374298095,0.041592023112570355,10,0.4479955106973648,0.05604664131865829,10,0.4815857620102827,0.0,10,0.48551563918590546,0.09377025789725399,10,0.6142609686596359,0.3031820149166549,0.16626545796227105,0.13691655695438387,0.13267520664935317,0.1287453294737304,0.003929877175622765,3.016800991095532,2.874808762614238,1.0493918866283725,1.9927914903809223,0.0,6.0,0.7282452530560924,4.0,0.0309968845293971,Li39O64P16Cu8,O,0.4576756115341538,3.3898200095320457,3.048409641571754,1.1119962236388483,1.9878867830058753,0.0,6.0,0.728422130970308,4.0,0.1498351254491672
nebDFT2k:mp-26351_0_2_0_0_0,1.663818085193634,0.269330885119368,10,1.419573140144348,0.20692265897709028,10,1.3432628831253797,0.0,10,1.924154031276703,0.18902568742387318,10,1.579857453953764,0.08396063123986997,0.16028431380941588,-0.07632368256954591,0.2365945708283843,0.34429657732293895,-0.10770200649455464,5.081065123968115,4.923068381986472,1.032093143893705,1.9863378293829503,0.5274727154051682,9.0,1.0266273747674537,4.0,0.3507928517440805,Li11O64P16Mo12,O,2.616773502083748,5.679381046316241,5.012660392881676,1.1330073456365315,1.8459329599258216,0.4865312839521318,9.0,1.226256003825787,5.0,0.4961661578316129
nebDFT2k:mp-26721_0_1_0_0_0,1.415192437171936,0.2186374284912573,10,0.5030007064342499,0.09160572080904532,10,0.49802941860758787,0.0,10,0.3745680510997772,0.10524680755769154,10,1.2890585620700676,0.12613387510186835,0.7860578556358178,-0.6599239805339494,0.7910291434624798,0.9144905109702904,-0.12346136750781067,5.767529559749699,4.943971860280308,1.1665781526965846,2.0018152567465224,0.0962815425615509,7.0,0.8035476750154936,3.0,0.2716706642031019,Li15O64P16Nb8,O,0.4988783583660745,6.227703717146111,4.9238092505207245,1.2648141713628511,2.0342932019652165,0.0,7.0,0.8319187851565389,5.0,0.391280114094622
nebDFT2k:mp-26965_0_2_0_1_0,0.2627234727144241,0.05325631903570093,10,0.42230909168720243,0.06397980430831572,10,0.3595650469765206,0.0,10,0.3431255042552948,0.07252212658826054,10,0.29880610081283976,0.03608262809841567,0.12350299087436267,-0.087420362775947,0.06075894616368083,0.04431940344245505,0.016439542721225775,3.961530935780663,3.869874506238763,1.0236845999512745,1.9407655108914417,0.0,6.0,0.8242013781847843,2.0,0.2576114353751639,Li31O112P32Cr16,O,0.1519292223393102,4.124741847037073,4.00981602941064,1.028661119807864,1.9305732187208011,1.0,6.0,0.8411340255795025,2.0,0.4034443303451004
nebDFT2k:mp-28030_17_16_0_1_-1,0.6065860897302627,0.08691291214880036,10,0.8165136396884918,0.14397050846940235,10,1.0742682026335126,0.0,10,0.8544621765613556,0.08538544477633118,10,0.8980735580292389,0.2914874682989762,0.08155991834074716,0.20992754995822904,0.1761946446042737,0.04361138146788335,0.13258326313639035,2.6587587788304305,2.59230845331807,1.0256336492006983,2.01163484328361,0.5050866013881734,10.0,0.9804180670694412,2.0,0.0266086943143658,Li63O72Nb16,O,1.942755551523036,3.026722342732501,2.660588369910749,1.137613911630394,1.78326682919587,0.5027430452712497,6.0,1.2502970715746513,6.0,0.2942656811263745
nebDFT2k:mp-28030_2_22_0_0_0,0.5260940194129944,0.06702732461063479,10,0.711249777674675,0.1495015396145683,10,0.8541281928252895,0.0,10,0.6502591371536255,0.07305241739030506,10,0.8691693608290905,0.3430753414160961,0.15791958315441545,0.18515575826168063,0.015041168003800953,0.21891022367546498,-0.20386905567166402,2.9108690623176257,2.7405452972964115,1.062149589422675,1.9438809363696,0.4295993533091762,8.0,1.0191299002633751,9.0,0.0505879844083621,Li63O72Nb16,O,1.3911523823598455,3.1665647599653366,2.8252381487874856,1.120813394553779,1.7657382485884714,0.5046459924671353,6.0,1.3189057701764315,10.0,0.3249962857890355
nebDFT2k:mp-28030_30_31_0_0_0,0.6175833612680435,0.09988340997067283,10,1.1977262258529664,0.20739815182517277,10,1.140422613292246,0.0,10,0.9025646626949311,0.09066093778048315,10,0.9760967519792985,0.358513390711255,0.22162947387366794,0.13688391683758705,0.16432586131294746,0.07353208928436739,0.09079377202858008,2.701156552785488,2.654115753360026,1.017723718103067,2.0243692780731815,0.4942925890852223,10.0,0.9775976325346568,3.0,0.0442821932065259,Li63O72Nb16,O,2.108518161442378,3.063175740347088,2.737471477484974,1.1189799658337816,1.7841854218857036,0.506321703083826,7.0,1.272818805446124,5.0,0.331176460668342
nebDFT2k:mp-28548_0_8_0_0_0,0.42958947718143464,0.04223927253164976,10,0.4132534235715866,0.05428205643909176,10,0.4261545138433852,0.0,10,0.354676952958107,0.0632732406881931,10,0.1196520402270664,0.30993743695436826,0.29360138334452024,0.016336053609848022,0.3065024736163188,0.2350249127310406,0.07147756088527824,1.6816846404404404,1.6201133908924532,1.0380042840791963,2.003344693833425,0.0,10.0,1.0095823156494808,4.0,0.1976137904480646,Li63O48Ge8,O,0.318781949331774,2.6328851458832125,2.173342994154907,1.2114448354282872,1.9365193092061832,0.241992334749452,9.0,1.033398634607551,5.0,0.1341048631821955
nebDFT2k:mp-29040_0_5_0_0_0,0.8285475432872772,0.2398526640816173,10,0.6656596064567566,0.19159790855909606,10,0.5975876147499093,0.0,10,0.8150014758110047,0.1825383429192764,10,0.8543699934836582,0.025822450196380964,0.18871038702690157,-0.1628879368305206,0.2567823787337489,0.03936851767265348,0.2174138610610954,6.192247975090628,5.296710612957457,1.1690742476929734,1.9701408597173455,0.499898680599287,9.0,0.8434103600911492,3.0,0.1098654679531433,Li11F76Zr16,F,0.7483405826846616,6.055328296061369,5.290018076588219,1.1446706246355085,2.005579087248313,0.0,6.0,0.912002553442704,3.0,0.2191769436873272
nebDFT2k:mp-29040_1_3_0_0_0,0.7624042153358459,0.19712844739000537,10,0.6359447658061981,0.23308684166205196,10,0.5070372253455933,0.0,10,0.6718370318412781,0.20351228306378288,10,0.17718915730981166,0.5852150580260342,0.4587556084963864,0.12645944952964783,0.3298480680357816,0.4946478745314664,-0.16479980649568482,3.949737480028672,3.6688635456801313,1.0765561135897934,1.9077172720100504,0.8344444497689976,7.0,0.9121988174861296,1.0,0.1160376876272079,Li11F76Zr16,F,0.5214491520542451,4.194580281943267,3.695175084216782,1.135150618399544,1.9341941369716071,0.7471287087529221,6.0,0.8786603446209212,2.0,0.164357484184375
nebDFT2k:mp-29040_4_3_0_1_1,0.7596485435962677,0.19345971223484523,10,0.8753676056861878,0.39308516075507033,10,0.5878518409796342,0.0,10,0.6970623373985291,0.21824887293329798,10,0.42735660057104496,0.3322919430252227,0.4480110051151428,-0.11571906208992011,0.1604952404085892,0.2697057368274841,-0.10921049641889491,3.795640567938598,3.3185278838870778,1.1437723896695622,1.842281722779572,0.4338303284885611,4.0,0.8889674398606587,3.0,0.1233794498802592,Li11F76Zr16,F,0.7239457274713001,4.29332146235353,3.440880572845471,1.2477391677686518,1.8252301793394357,0.7536168957067467,6.0,1.068340237588415,2.0,0.1899256665660968
nebDFT2k:mp-34038_0_0_1_-1_0,0.27777976691722867,0.10563251743546337,10,0.4954836040735245,0.26503922039094713,10,0.7928978984110165,0.0,10,0.8501256465911865,0.300973393691523,10,1.1750401168851425,0.8972603499679139,0.6795565128116181,0.21770383715629582,0.382142218474126,0.32491447029395604,0.05722774818016996,4.772423731203397,3.562866906243832,1.3394897583291276,2.148169928220128,0.7597120192368944,9.0,0.8234326685784247,3.0,0.1517197972938612,Li53N9Cl27,N+Cl,1.2377280935305168,4.846942703758956,3.7430979976600223,1.2949013642680467,2.0062484942002436,0.7427318532621512,7.0,0.9425683068000076,4.0,0.1332957000082092
nebDFT2k:mp-34038_0_1_1_1_0,0.2823085159063339,0.05182318556264941,10,0.26970885694026947,0.08949698113372673,10,0.5836672671363801,0.0,10,0.6721809685230256,0.3046221988679333,10,1.2990351886519562,1.0167266727456223,1.0293263317116867,-0.012599658966064409,0.7153679215155762,0.6268542201289307,0.0885137013866455,2.445121915896304,2.429755159412936,1.0063244053310627,2.2123704323177904,0.0,9.0,0.7780952576564466,1.0,0.2480743629885815,Li53N9Cl27,N+Cl,0.7134604722214837,3.615778969284479,2.758258833310865,1.3108918298810606,2.0743869888419524,0.4982272145766384,6.0,0.7000003221835036,3.0,0.3523431183006043
nebDFT2k:mp-34038_0_2_0_0_1,0.19941707551479335,0.17376309412772037,10,0.857349643111229,0.35856173432317595,10,0.5950732718600882,0.0,10,0.5367037326097488,0.20773585392712482,10,0.751095296214288,0.5516782206994947,0.10625434689694091,0.44542387380255377,0.15602202435419987,0.21439156360453926,-0.058369539250339386,3.4031291571278897,3.2090636168496243,1.06047419541928,2.1095867410200775,0.1858301635985772,9.0,0.8406028204390696,5.0,0.4330952429107677,Li53N9Cl27,N+Cl,0.7420404125902,3.5984272873407113,3.0338701883880885,1.1860847906787255,2.181490405575306,0.0,10.0,0.8479185380314245,3.0,0.4276155123985348
nebDFT2k:mp-34038_2_0_0_1_-1,0.2724794715642929,0.10677909836959608,10,0.44827693700790405,0.20052130179282732,10,0.5950732718600866,0.0,10,0.4479386001825333,0.07499620424115384,10,0.7525688407353925,0.4800893691710996,0.3042919037274885,0.17579746544361113,0.1574955688753059,0.30463024055285925,-0.14713467167755334,3.399360655610481,3.208472652725462,1.0594949758175023,2.1115973644453163,0.8135568152369422,9.0,0.8378629867692446,5.0,0.4320947265264224,Li53N9Cl27,N+Cl,0.7420404125901965,3.621316770301163,3.048835720516082,1.1877703826194272,2.1814904046450345,1.0,10.0,0.847918538033047,3.0,0.4276155116761408
nebDFT2k:mp-34038_3_4_0_1_0,0.6231138497591019,0.22925597789367302,10,0.8032440781593323,0.4128616548182827,10,0.4312617984604115,0.0,10,0.7877632230520248,0.41639563593502743,10,1.127756828022612,0.5046429782635101,0.3245127498632797,0.1801302284002304,0.6964950295622006,0.33999360497058717,0.3565014245916134,4.065525369963646,3.8543653081810194,1.054784651920365,2.370623218385838,0.0,4.0,0.3304239333011429,1.0,0.0835835785356786,Li53N9Cl27,N+Cl,0.3315792340371957,4.51024092210686,3.965912190269433,1.1372518365820012,2.374998568602357,0.0,4.0,0.327403580884531,3.0,0.0577090851845624
nebDFT2k:mp-34038_4_4_0_1_0,0.6343129366636276,0.22011044928813833,10,0.35154696404933927,0.13561050987549053,10,0.3496824025390377,0.0,10,0.39374533444643023,0.24125063401213231,10,0.11014693981586268,0.524165996847765,0.2414000242334766,0.2827659726142884,0.23953546272317502,0.2835983946305676,-0.04406293190739255,3.976687732967304,3.5898792967346784,1.1077497052852066,2.402926611651147,1.0,4.0,0.3101488292053331,1.0,0.057758308720008,Li53N9Cl27,N+Cl,0.1271663543982326,4.134757542219011,3.739531443442912,1.105688668421042,2.388405371490473,0.0,4.0,0.319043071880199,3.0,0.0278974548450176
nebDFT2k:mp-3635_0_3_0_0_0,0.4096712663769722,0.08278564136087548,10,0.5688539922237397,0.10051634523831789,10,0.5599806392977088,0.0,10,0.6736598789691925,0.08740810622574345,10,0.6212753665144817,0.21160410013750947,0.05242137429074201,0.15918272584676746,0.06129472721677287,0.052384512454710874,0.008910214762061996,3.479984749063449,3.193879229186359,1.0895793169831207,1.9287454501019416,1.0,13.0,1.1072549728835357,3.0,0.0970161038140409,Li31B32O64,O,0.6541090667501095,3.710188444590289,3.2042363642887928,1.1579009856889246,1.8865348166038405,0.2531172947031964,12.0,1.1505023698943968,1.0,0.1326677733991965
nebDFT2k:mp-4002_0_1_0_0_0,0.5660780370235443,0.12944961804103022,10,0.578033697605133,0.16675146513769115,10,0.656110572897853,0.0,10,0.7005305409431457,0.12942588487285325,10,0.46070551654189273,0.10537252048165158,0.11732818106324028,-0.0119556605815887,0.19540505635596028,0.23982502440125297,-0.04441996804529269,2.91789053094101,2.6544200689772217,1.0992572596338557,1.835801869136396,0.5056927556244142,5.0,0.9245295030113548,3.0,0.1645083309470775,Li15F48Zr8,F,0.8949811193655349,3.1634242452833536,2.848306717705974,1.1106332845470992,1.7416308464731964,0.5049126693515706,5.0,1.1050356775958334,3.0,0.0247064138042718
nebDFT2k:mp-4117_3_0_1_0_1,1.9852880239486694,0.29037592576163057,10,2.3634687542915342,0.592260613357874,10,3.310082671748379,0.0,10,3.951076698303223,0.3349440926971591,10,2.0165598319364904,0.03127180798782092,0.3469089223550439,-0.31563711436722297,1.2935228398118888,1.9345168663667325,-0.6409940265548437,5.978918479335739,5.351175374935787,1.1173093872684905,1.8615270613594923,0.6030053399418609,8.0,1.1999141298743516,4.0,0.2943920885083487,Li31O80Si32,O,7.545019074174192,6.005912798896224,5.349043079718862,1.122801351454415,1.3803889895141157,0.4997774263449639,12.0,2.0761057943894192,4.0,1.1148022025110456
nebDFT2k:mp-556655_0_7_0_1_-1,0.6255401372909546,0.0848421747260049,10,0.5598855495452881,0.11101975852938276,10,0.5747649003043871,0.0,10,0.637686762213707,0.10844701619467248,10,0.42521726813836824,0.20032286915258635,0.1346682814069199,0.06565458774566646,0.14954763216601885,0.21246949407533877,-0.06292186190931992,3.5839688540831807,3.5057359785208138,1.022315678089191,2.0022358318604754,1.0,9.0,0.8153827563367122,1.0,0.1394264433072694,Li31B16O64Al16,O,0.6911538785138769,3.782581206091384,3.5361692615009095,1.0696833003083923,2.0032840822092814,0.0,9.0,0.8142641285424056,1.0,0.2721144811530867
nebDFT2k:mp-556655_1_4_0_0_0,0.46674359440803526,0.04153705744660793,10,0.32905896008014673,0.07450357197472712,10,0.4074223962038063,0.0,10,0.44262469112873076,0.0736492279764581,10,0.4567823134008222,0.009961281007213052,0.12772335332067547,-0.11776207231346242,0.04935991719701588,0.014157622272091441,0.03520229492492444,3.0977996966042,2.805722127712794,1.104100675546764,2.0134826348639083,0.0,8.0,0.7798077548365001,2.0,0.1210021576651498,Li31B16O64Al16,O,0.2718450228542528,3.5150461649814826,2.9676925042772373,1.1844374576932626,2.0032840825397433,0.0,8.0,0.7943098263864404,2.0,0.1733975635485682
nebDFT2k:mp-559680_0_2_0_0_1,1.2618666648864747,0.21270464804639788,10,1.2468403935432435,0.2209965275808232,10,1.2361101174758875,0.0,10,1.5165866136550903,0.1734228708515233,10,1.6003794527578918,0.33851278787141714,0.35353905921464834,-0.015026271343231201,0.36426933528200434,0.08379283910280155,0.2804764961792028,5.449309498336628,4.895346172102071,1.113161216134524,1.9940847246917088,0.2841472817881181,8.0,0.8236256372693912,4.0,0.1441373899968042,Li7O48V8Ge16,O,2.348281621991843,5.561756012315725,4.915669740649852,1.131434027457764,1.8786943580950837,0.5029106427226364,9.0,1.0788443489953607,5.0,0.3676511301585058
nebDFT2k:mp-567474_0_1_0_0_0,0.31398210525512693,0.07721642027637088,10,0.2202347993850708,0.17956741207281843,10,0.4065299018057263,0.0,10,0.32032443583011627,0.3871126654763886,10,0.06772521912436955,0.24625688613075739,0.15250958026070124,0.09374730587005614,0.3388046826813568,0.2525992167057467,0.08620546597561007,4.058168108043515,3.50315356671702,1.1584328322342508,2.5037234326930973,0.4862542088955173,4.0,0.2572158695664679,3.0,0.0368501928917026,Li23Cl48Cr12,Cl,0.2696087063442725,4.49833727454536,3.743566993415096,1.2016179441847572,2.3330428788423543,0.5015390791957974,4.0,0.3560362504964514,3.0,0.0669167440006679
nebDFT2k:mp-6745_0_1_0_0_0,1.316204059123993,0.2618863007007386,10,1.515550434589386,0.24132370426877864,10,1.5845878712492838,0.0,10,1.83027845621109,0.15952554482431242,10,1.87974333572339,0.563539276599397,0.36419290113400393,0.19934637546539302,0.2951554644741061,0.04946487951229983,0.2456905849618063,5.186121690905919,5.001574664069773,1.036897785043957,1.932303809800406,0.4924294596502895,9.0,1.0149231490096426,2.0,0.2843936621454447,Li15O96Si32Ga16,O,3.221459712297783,5.312592166385413,4.983067452641932,1.0661288888571585,1.721781764076331,0.494822432783442,9.0,1.3445400362233906,3.0,0.6089939678194329
nebDFT2k:mp-6745_0_1_1_0_0,1.4398727893829346,0.274093325820414,10,1.5396564245223998,0.3258444892450391,10,1.18935291235066,0.0,10,1.4710092186927795,0.15204282848057923,10,1.3544573662905464,0.08541542309238825,0.18519905823185345,-0.0997836351394652,0.16510445393988626,0.11655185240223309,0.04855260153765317,4.792818874673189,4.6065107448251394,1.0404445230171977,1.992695325189611,0.6714378636403794,9.0,0.906814052114532,2.0,0.1940382842238197,Li15O96Si32Ga16,O,2.2311224442905364,5.147035148380528,4.649177974130061,1.1070849894370036,1.8702375358183392,0.4970757752608037,8.0,1.1910834715050655,3.0,0.4555374041619915
nebDFT2k:mp-752552_0_7_0_0_1,0.39062356948852534,0.06403847788371916,10,0.34361121356487273,0.05560386886078613,10,0.3990433550831502,0.0,10,0.20136725455522533,0.06964679006404824,10,0.11279285774347154,0.2778307117450538,0.2308183558214012,0.047012355923652605,0.28625049733967867,0.08857439681175379,0.1976761005279249,3.3474137093406138,3.2121580909767893,1.0421073977472557,2.1856652234432725,0.2353865492857446,10.0,0.6886469201050631,3.0,0.07261606301678,Li15C16O48V8,O,0.2508497224509818,3.4721917256130888,3.2166717922983956,1.0794361221205342,2.1632620000983325,0.5089560275233181,10.0,0.7864279435179975,2.0,0.0919733121449303
nebDFT2k:mp-752552_2_7_0_1_1,0.39020451009273527,0.06413744452649237,10,0.3240946680307388,0.05458131884518018,10,0.4053769932086004,0.0,10,0.20537768751382823,0.07074382003519972,10,0.10932184816851982,0.28088266192421546,0.21477281986221897,0.0661098420619965,0.29605514504008057,0.09605583934530841,0.19999930569477214,3.3267855874810732,3.211936981140544,1.0357568056331377,2.183733340422235,0.2526027057687523,9.0,0.6566693301106414,3.0,0.0680935543679339,Li15C16O48V8,O,0.2667198719316448,3.4722363458909467,3.221895565341979,1.077699843297806,2.162406966628303,0.507924935876995,10.0,0.7900276729522593,2.0,0.0945896617758481
nebDFT2k:mp-752707_0_2_0_0_0,0.5326832562685013,0.1908897850928574,10,0.4902116984128952,0.10589672185326826,10,0.5383072213718848,0.0,10,0.3852594316005707,0.07854450613322597,10,0.6314464208597883,0.09876316459128698,0.1412347224468931,-0.042471557855606135,0.0931391994879035,0.24618698925921761,-0.1530477897713141,3.1830778705460943,3.05206161232977,1.042927134133545,1.9535734003455376,0.0,14.0,0.9592451462826258,4.0,0.2065989759364858,Li31B16O64Co16,O,0.5998021462366707,3.3820545295958757,3.134559374288398,1.0789569204965734,1.9620334336001912,0.0,13.0,0.9323967631812128,3.0,0.1125907581897537
nebDFT2k:mp-753109_2_0_1_0_-1,0.5853983342647553,0.07170535628660227,10,0.6018295586109161,0.050328077712048475,10,0.92200058612906,0.0,10,0.7477185070514679,0.07241832881011703,10,0.6892510017371762,0.10385266747242095,0.0874214431262601,0.016431224346160844,0.23274958439188376,0.05846750531429168,0.17428207907759208,2.7303676428933152,2.658059695727692,1.0272032818833392,2.0165983762238966,0.2176376287353862,11.0,0.9611023760634606,5.0,0.0881758201790767,Li31O56Si8Fe16,O,1.5612197284895442,3.2338780236834586,2.8304364746675765,1.1425368675915133,1.819192100606714,0.4985570074948005,6.0,1.2183931978139109,9.0,0.1934601839633269
nebDFT2k:mp-753126_0_1_1_1_0,2.744223964214325,0.7614692346422162,10,1.0894731819629668,0.0959052209987007,10,1.1377043299945897,0.0,10,1.3974664568901063,0.1269012617286101,10,1.355068565811223,1.3891553984031022,0.2655953838482561,1.123560014554846,0.21736423581663322,0.042397891078883365,0.17496634473774986,9.39886230313241,5.157183661636668,1.82247965552377,2.113650913785139,1.0,10.0,0.7364778111933552,4.0,0.1349778726440963,Li23O80Fe24Sn16,O,2.1017069793997454,8.396641126059501,5.311449661830022,1.580856764284291,1.764032914589949,0.6701127680294594,9.0,1.1703541114155187,3.0,0.5690672432978773
nebDFT2k:mp-753204_0_2_0_0_0,0.49033714830875397,0.10657689797762329,10,0.4800427913665771,0.037012294896748225,10,0.5711723207903854,0.0,10,0.4457151561975479,0.06703312840034496,10,0.528234894283031,0.037897745974277086,0.04819210291645393,-0.010294356942176841,0.042937426507354326,0.08251973808548313,-0.039582311578128804,2.9668724031788978,2.825119911911118,1.0501757432207144,1.9700825533776491,1.0,6.0,0.7882999434477791,2.0,0.1276827609169928,Li39O64Si16Ni8,O,0.6821519790085553,3.561067846594564,2.9761526771224216,1.196533993020037,1.95820255197186,0.7556952059722652,9.0,0.9254179874294796,4.0,0.2494932976755939
nebDFT2k:mp-753340_2_3_0_0_0,0.4620285779237747,0.19904519987700647,10,0.31385041177272793,0.03480624950478541,10,0.427849084863424,0.0,10,0.30945744216442106,0.07388538839321988,10,0.5125430816779328,0.05051450375415811,0.1986926699052049,-0.1481781661510468,0.08469399681450884,0.20308563951351177,-0.11839164269900293,5.952914958971525,3.41260725,1.7443891203628914,1.9543511765459771,0.776895366312486,5.0,0.7695720724059382,5.0,0.2613851368503452,Li31F64V8,F,0.3230280232092112,6.674389992209749,3.36887796,1.9811907915505935,1.9668304552640916,0.2530051620753722,5.0,0.8586781958341844,5.0,0.3217126306933059
nebDFT2k:mp-753477_6_2_0_1_0,0.3076535135507583,0.03948366495993948,10,0.2889502108097076,0.096930165480801,10,0.40732315399880237,0.0,10,0.23151410520076748,0.06335988427550801,10,1.713200099236758,1.4055465856859997,1.4242498884270502,-0.018703302741050587,1.3058769452379555,1.4816859940359906,-0.17580904879803505,2.228893817020645,2.049739693492023,1.0874033537514256,2.538923982009962,0.7360201220380022,4.0,0.2318261511563954,1.0,0.085364453702766,Li47S48Bi16,S,0.2715963524065561,3.1253886323223203,2.9218917322624733,1.069645599052459,2.4338530895996913,0.4945189481032295,4.0,0.2931379386277742,1.0,0.1122673034099556
nebDFT2k:mp-753791_0_2_1_1_0,0.9176765978336334,0.22379757463017655,10,0.6199717164039612,0.15282158548092384,10,0.6510946088385503,0.0,10,0.6184600085020066,0.09864897631818093,10,0.5920940031156476,0.3255825947179858,0.027877713288313566,0.2977048814296722,0.059000605722902666,0.026366005386358915,0.03263460033654375,5.381344905288558,4.954778642746825,1.086091890939704,2.042452002933156,0.0,6.0,0.6715459089852561,5.0,0.1089991042820642,Li7O32Si8V8,O,0.882412655895717,5.605806735534534,4.973350462150325,1.127169053980313,2.018356314246639,0.0,5.0,0.6810689332121331,6.0,0.3102242647811083
nebDFT2k:mp-753882_0_1_1_0_-1,0.35571469068527223,0.04687355100225502,10,0.39588098227977747,0.048651611430594655,10,0.5650792609661062,0.0,10,0.45675062835216523,0.04706372286048068,10,0.7118020043258753,0.35608731364060303,0.3159210220460978,0.04016629159450524,0.1467227433597691,0.25505137597371,-0.10832863261394093,4.427810600913375,4.105262938104632,1.0785693066855446,2.061233582763178,1.0,9.0,0.7597293825996224,1.0,0.0476560570945249,Li23C8O56P8V4Mn4,O,0.6668846447702166,4.773722457745914,4.17787702416552,1.142619189156102,2.034232927319212,0.5019804308915371,8.0,0.9030347473888968,3.0,0.1449927286115676
nebDFT2k:mp-753882_0_3_1_0_0,0.3762869030237198,0.04489627142655772,10,0.31049980521202086,0.03833819147275215,10,0.4798522000615842,0.0,10,0.3116153761744499,0.051465228582796015,10,0.30076548342859155,0.07552141959512826,0.009734321783429312,0.06578709781169895,0.17908671663299264,0.010849892745858347,0.1682368238871343,3.541042566163809,3.1172258861476982,1.135959566452808,2.055111934919456,0.4952876943809582,7.0,0.7490512482280212,2.0,0.1235323358021416,Li23C8O56P8V4Mn4,O,0.4533318383796243,4.188303714616948,3.275330139898883,1.2787424582323936,2.0500977449388733,0.5109260619129856,9.0,0.8524620125007576,3.0,0.194555002732646
nebDFT2k:mp-753882_3_2_0_1_0,0.3587210446596146,0.057977497667146716,10,0.5398653984069824,0.08146371454544489,10,0.7889156570104545,0.0,10,0.5025802999734879,0.14408970032599694,10,0.6040975985636692,0.2453765539040546,0.06423220015668674,0.18114435374736787,0.18481805844678534,0.10151729859018133,0.08330075985660401,3.76442933236896,3.411944556730119,1.1033090572774866,1.964147295244451,0.4999155579213898,6.0,0.8223174902648255,1.0,0.171999133792617,Li23C8O56P8V4Mn4,O,1.2277498211626885,4.289816379255061,3.620169056921922,1.1849768095920117,1.813702408455433,0.4996398423052508,9.0,1.1019420747670423,1.0,0.4440350650307728
nebDFT2k:mp-753882_4_5_0_0_0,0.33459482789039613,0.02748535138969194,10,0.30082702040672304,0.06442040957087702,10,0.5938745529184133,0.0,10,0.300947692990303,0.07981669212461605,10,0.2689335036149032,0.06566132427549293,0.03189351679181984,0.033767807483673085,0.3249410493035101,0.03201418937539979,0.2929268599281103,2.8805890692307368,2.844368760769398,1.0127340410149708,2.0999114828401906,0.4992445802338063,9.0,0.7470650980413283,2.0,0.1216384784745456,Li23C8O56P8V4Mn4,O,0.7390367915413059,3.1239026571748907,2.994039340801093,1.0433739512384133,1.937714622334662,0.4996978183111604,8.0,0.9600198619452012,2.0,0.3517296866696116
nebDFT2k:mp-753899_0_3_0_0_0,1.0775448441505433,0.2569721633005319,10,1.8475247025489807,0.34444026562437685,10,2.8912216456326254,0.0,10,2.9360431671142577,0.23332914191015047,10,3.250723844104641,2.173178999954098,1.4031991415556604,0.7699798583984374,0.3595021984720157,0.3146806769903834,0.04482152148163232,5.8683375177861885,5.5976696858000095,1.0483536627166123,1.85294562102348,0.4979229381590541,10.0,1.4865840431946806,6.0,0.7961428107967012,Li15C32O96Fe16,O,6.495482146990113,6.323802014434319,5.599789704945268,1.12929276769977,1.5952485258469895,0.4836010516300557,13.0,1.9679464439833183,5.0,1.087560972321031
nebDFT2k:mp-754292_0_3_0_0_0,1.2519752383232117,0.25280235167585446,10,0.8866232216358185,0.19541692079368286,10,0.9329961351398548,0.0,10,0.85777068734169,0.15834040114730838,10,0.9209744300665648,0.3310008082566469,0.03435120843074624,0.29664959982590067,0.012021705073290034,0.06320374272487472,-0.05118203765158469,4.61889133739199,4.559028412862692,1.0131306320356337,2.066659306357044,0.4992841704178726,8.0,0.9534133208041778,3.0,0.2605849383457258,Li23B8O56Cr8As8,O,1.588771193061238,4.87418358578307,4.600003571701523,1.0596043046071222,1.9852547557542843,0.5026823382612117,8.0,1.1708929568163002,4.0,0.4776012415243759
nebDFT2k:mp-754292_0_3_1_0_0,0.7385608911514282,0.1465980549236533,10,0.5792686760425567,0.13023752636785435,10,0.7151788501599343,0.0,10,0.5117399901151657,0.07982705958022729,10,0.778268638954728,0.039707747803299775,0.19899996291217126,-0.15929221510887148,0.06308978879479366,0.2665286488395623,-0.20343886004476863,4.523220485370951,4.400837276852707,1.0278090737782897,2.0906255539142085,1.0,8.0,0.7030447142302265,2.0,0.1314574792666251,Li23B8O56Cr8As8,O,1.042988058054955,4.5109725999425265,4.293110815520362,1.0507468345877669,2.013353192551903,0.5008768519320899,10.0,1.0165733094925464,4.0,0.3232815942006222
nebDFT2k:mp-754292_1_2_0_0_0,1.2522428154945373,0.2528165318343049,10,0.8855043113231659,0.19533604674846108,10,0.9328166711974808,0.0,10,0.8535810768604278,0.15617905812870464,10,0.9215542680548481,0.33068854743968923,0.03604995673168221,0.294638590708007,0.011262403142632715,0.06797319119442025,-0.05671078805178753,4.619405184864054,4.559738412598028,1.01308556914168,2.0666060926550265,0.5000176436747087,8.0,0.9535828141956028,3.0,0.2606539480823228,Li23B8O56Cr8As8,O,1.5883215116087377,4.876061784320233,4.599980079865189,1.060018021743941,1.9851483085229056,0.5002414601143742,8.0,1.1710380949937762,4.0,0.47773215677602
nebDFT2k:mp-754292_1_7_0_0_0,0.3740011990070343,0.07280040849598525,10,0.32547017931938166,0.05691314169256888,10,0.6417487218766171,0.0,10,0.36150569021701806,0.06677885785072027,10,0.26235530085290293,0.1116458981541314,0.06311487846647873,0.048531019687652666,0.3793934210237142,0.09915038936411513,0.2802430316595991,3.264884076430677,3.1537776584339094,1.0352296293619951,2.0838481855320152,0.0,8.0,0.7105660251603332,2.0,0.064076176120387,Li23B8O56Cr8As8,O,0.8589947371296813,3.720909265286379,3.2246838650856415,1.1538834257749973,1.9569605858863648,0.5100525694873844,9.0,0.921593157114878,3.0,0.2483302400426514
nebDFT2k:mp-754292_3_9_0_0_0,0.37396998405456544,0.07271702060735663,10,0.32531284391880033,0.05688068106473494,10,0.6421985439322182,0.0,10,0.3544462412595749,0.06693174483426516,10,0.2626491166752203,0.11132086737934516,0.06266372724358005,0.04865714013576511,0.3795494272569979,0.09179712458435463,0.2877523026726433,3.2649727346457262,3.1540725881032703,1.035160936676206,2.0837925717067964,0.0,8.0,0.7105828893443807,2.0,0.0641495386399677,Li23B8O56Cr8As8,O,0.8601218528759067,3.7229041457774272,3.2248551149100946,1.1544407463655053,1.9562725533310024,0.5132150051918071,9.0,0.9221778126369242,3.0,0.2490707366190114
nebDFT2k:mp-754292_7_5_0_1_0,0.3283775359392166,0.05949654447811176,10,0.37899151444435114,0.10792852609873227,10,1.01499786923178,0.0,10,0.5346361815929412,0.11620382180096782,10,0.47816863992034075,0.14979110398112416,0.09917712547598961,0.05061397850513455,0.5368292293114393,0.056467541672600485,0.4803616876388388,2.938031097194266,2.9137917879641946,1.0083188199411486,1.9429170279957768,0.5002653463884057,6.0,0.8931006141987724,2.0,0.1496973156089626,Li23B8O56Cr8As8,O,1.7942423222820818,3.2849877011023847,3.1373723099956123,1.0470506451008292,1.789684469212525,0.5006006646593805,8.0,1.1562145380999769,0.0,0.4832190594720982
nebDFT2k:mp-754923_0_2_0_0_1,0.4807059675455093,0.0509098334467956,10,0.5022708654403687,0.08438400999946354,10,0.5836624525571723,0.0,10,0.5054494947195053,0.12700130792700579,10,0.4204003236126822,0.06030564393282711,0.0818705418276865,-0.02156489789485938,0.1632621289444901,0.08504917110682308,0.07821295783766702,3.406684982262277,3.2656480291572314,1.0431880447144952,2.014469130597546,1.0,5.0,0.6792824424608929,2.0,0.1659304456901347,Li31O64Al16V16,O,0.7134484083665238,3.5694041896047075,3.3041651355667243,1.0802741519129582,2.016625448766251,0.0,5.0,0.6770066296947701,4.0,0.100575277566371
nebDFT2k:mp-755369_10_8_1_-1_0,0.6940192639827728,0.200354335800038,10,0.6374885141849518,0.06842015728331223,10,0.9306368129329565,0.0,10,0.699413925409317,0.06187961089192159,10,0.6371054039979924,0.05691385998478038,0.0003831101869593567,0.05653074979782102,0.2935314089349641,0.06230852141132459,0.2312228875236395,2.848249074716663,2.8260780546605173,1.007845154885083,2.0399756777072264,0.1683772091905637,11.0,0.9608569508802574,3.0,0.0698150375833339,Li23O48V12Ga12,O,1.5828594571276566,3.3169891366307658,3.004613062919277,1.103965491452661,1.855793748729481,0.502170928204793,6.0,1.180492038350867,10.0,0.1649804173418796
nebDFT2k:mp-755369_11_7_0_1_0,1.1811738848686217,0.305853217798187,10,2.2312026262283324,0.28922879543716434,10,2.031324318670104,0.0,10,2.5353341817855837,0.2388807877048682,10,2.6194679777818237,1.438294092913202,0.3882653515534913,1.0500287413597107,0.5881436591117195,0.08413379599624005,0.5040098631154795,5.164291227330185,4.982517488548005,1.0364823082307235,1.9026343069311151,0.5015690572655702,10.0,1.1620510476390202,9.0,0.1790723033115756,Li23O48V12Ga12,O,4.340843873281065,5.299433084409127,5.0071479453978665,1.058373577573218,1.5145804352377343,0.4930767361912156,10.0,1.7991878519696227,11.0,0.7834457222211211
nebDFT2k:mp-755369_1_4_0_0_1,1.2142825663089751,0.3025221611375391,10,2.254388189315796,0.2995000610316978,10,2.1205633763417455,0.0,10,2.6598735809326173,0.2455274870767,10,2.7418344290632604,1.5275518627542852,0.48744623974746437,1.0401056230068209,0.6212710527215148,0.08196084813064308,0.5393102045908718,5.271129583284101,5.096980557972303,1.0341670962506238,1.908017571867267,0.3205824292443531,7.0,1.1161247963140717,8.0,0.1711653569120469,Li23O48V12Ga12,O,4.564449509837984,5.29697555954229,5.009975157870322,1.0572857933678792,1.5131062446713544,0.4982772029211229,10.0,1.8119102579285933,11.0,0.7625911129869745
nebDFT2k:mp-755369_2_0_1_0_1,1.1901556074619293,0.3127913373128086,10,2.3815267086029053,0.2543265315117578,10,2.0216303223942713,0.0,10,2.624806118011475,0.25062970726694356,10,2.91840317648834,1.7282475690264107,0.5368764678854347,1.191371101140976,0.8967728540940687,0.29359705847686524,0.6031757956172035,5.195242161078897,5.046731184969457,1.0294271619918545,1.9195947624346177,0.6831047544471744,7.0,1.10227110538184,8.0,0.1750504992788403,Li23O48V12Ga12,O,4.316553699621748,5.316621386735608,5.0462020859965495,1.0535886784022157,1.519382774187333,0.5043815069857405,10.0,1.7892165200633738,10.0,0.7401396956001629
nebDFT2k:mp-755369_3_5_1_1_0,0.5242447406053543,0.24484681752930681,10,0.8675974845886231,0.21617597674325895,10,0.8771237157877938,0.0,10,0.9122866272926331,0.2054518687014991,10,0.9749377949445375,0.45069305433918316,0.1073403103559144,0.34335274398326876,0.09781407915674367,0.06265116765190437,0.0351629115048393,2.9710788199203706,2.8785693642156382,1.0321373029445615,2.0186475817485787,0.4983361824041962,10.0,0.952199590440712,6.0,0.1100795320727022,Li23O48V12Ga12,O,1.448772091533714,3.1568700660645286,2.8986824577204,1.0890706768023064,1.8476916449183955,0.5070429349987096,6.0,1.1876388278612573,11.0,0.1623922772872561
nebDFT2k:mp-755369_6_0_1_0_1,0.5372064501047135,0.2467054117067999,10,0.793328332901001,0.19012825438925862,10,0.8781937577467049,0.0,10,0.9299496650695801,0.20672894311035622,10,0.9742417301632713,0.43703528005855785,0.1809133972622703,0.25612188279628756,0.09604797241656637,0.04429206509369121,0.05175590732287516,2.9706918389410566,2.8784110480475578,1.0320596292027484,2.019198838924601,0.4988115140475913,10.0,0.9521203532477868,6.0,0.1086126180049076,Li23O48V12Ga12,O,1.451453287633356,3.1396513992946127,2.8910873887302704,1.0859759589188718,1.8561644841614091,0.499359943217719,6.0,1.17841476975018,11.0,0.1536973204740588
nebDFT2k:mp-755369_6_3_0_0_1,1.190678858757019,0.29685459080067017,10,2.288680601119995,0.25294089924897684,10,2.1413957088918796,0.0,10,2.7357789993286135,0.2439150644860073,10,2.6072857484934957,1.4166068897364767,0.31860514737350076,1.098001742362976,0.4658900396016161,0.12849325083511776,0.33739678876649837,5.260498210043063,5.096976633508874,1.0320820730193572,1.9170099992283849,0.3039292927052143,7.0,1.0933942715349123,8.0,0.189014424797355,Li23O48V12Ga12,O,4.616648929042725,5.29816512334077,5.0033694329052,1.0589194330718044,1.5165611242618562,0.5048929636771381,11.0,1.8307353993581543,11.0,0.7816009243115589
nebDFT2k:mp-755839_0_5_0_0_0,1.0953237771987916,0.26407253778320355,10,0.5356349110603332,0.0888377233135005,10,0.6484632984075269,0.0,10,0.602123886346817,0.08487510546053934,10,0.547669942860523,0.5476538343382686,0.012035031800189722,0.5356188025380789,0.10079335554700397,0.054453943486294065,0.046339412060709906,5.778074062401069,5.147776695044784,1.122440697158252,2.0470934594904566,0.4374729015191652,10.0,0.8389195339741224,2.0,0.0502866917006773,Li23O64V8Cr24,O,0.8758194011117768,5.938570698302751,5.134165805328627,1.1566768436148382,2.0068786707538586,0.8344897107546244,11.0,0.9721527913131892,7.0,0.2328988106822747
nebDFT2k:mp-756174_0_1_0_0_0,0.5428294658660888,0.06009813192183983,10,0.5323712080717087,0.12001070992056592,10,0.5973224511496854,0.0,10,0.4107569187879562,0.06882500368978618,10,0.389545144487954,0.1532843213781348,0.14282606358375466,0.010458257794380144,0.2077773066617314,0.021211774300002206,0.18656553236172918,3.1101720077664017,2.916430300009231,1.0664311119509895,1.9777081153320255,0.4999823771652167,6.0,0.7921050795146709,2.0,0.0453113963021426,Li15O80Si8V16Ge8,O,0.7476761642431544,3.352593650710145,3.0902626399999997,1.0848895518829251,1.905820215832684,0.5000173958154187,6.0,0.9351301359351104,2.0,0.1349389700479464
nebDFT2k:mp-756174_1_0_1_0_0,0.6113239645957946,0.06287421368719716,10,0.6381502270698547,0.1301685715567161,10,0.6378833347774522,0.0,10,0.448224151134491,0.06482710592999179,10,0.6218590105257249,0.010535045929930265,0.016291216544129794,-0.0057561706141995295,0.016024324251727284,0.1736348593912339,-0.15761053513950662,3.510967604044808,3.2512051000144973,1.079897298398416,1.956965985234469,0.5037683701501705,5.0,0.7928467586394887,3.0,0.0553271343855192,Li15O80Si8V16Ge8,O,0.8493092657072019,3.6260574180173495,3.2925993599999996,1.1012750175646484,1.9032549853385836,0.5047177699910319,7.0,0.9635007502117924,1.0,0.1633095843246284
nebDFT2k:mp-756912_1_1_1_0_0,1.41227730512619,0.264485197171898,10,1.530867624282837,0.20137373917248064,10,0.9665913192842147,0.0,10,1.4286222100257873,0.19787027747248426,10,0.5701987782533138,0.8420785268728763,0.9606688460295232,-0.11859031915664686,0.39639254103090094,0.8584234317724735,-0.46203089074157255,8.603210922760736,5.063391640919739,1.6991004316620484,1.9927747563086933,0.1149004177891287,11.0,0.9871567372600172,4.0,0.1864746344236378,Li15B16O48Zn16,O,1.672950393647236,8.248950990058045,5.063292000000001,1.629167543577981,1.8780032930807633,0.665506171203449,11.0,1.1844407369316254,4.0,0.3296766811587587
nebDFT2k:mp-757068_0_1_0_0_0,0.33054667115211483,0.054609737629544165,10,0.23180779218673703,0.06187245333981923,10,0.4013869155399402,0.0,10,0.1618183776736259,0.10240807471532591,10,0.04974202049996272,0.2808046506521521,0.1820657716867743,0.09873887896537781,0.3516448950399775,0.11207635717366317,0.23956853786631432,3.132132579647564,2.8414912226078513,1.1022847984633115,2.048423144345791,0.476306927164293,7.0,0.7103636383955079,3.0,0.0723691540902928,Li15O64P16Cr4Ni12,O,0.256721964285699,3.6280891593403495,3.04673426,1.190812473202159,2.0646638214010355,0.4971361992663979,7.0,0.7478310680857115,2.0,0.1155490882038319
nebDFT2k:mp-757461_1_2_0_1_0,0.5625219166278839,0.1149537433919516,10,0.45523024499416354,0.09311153091377378,10,1.325786962923469,0.0,10,0.8733309030532836,0.15202100898662066,10,0.19807608319214856,0.36444583343573533,0.257154161802015,0.10729167163372033,1.1277108797313204,0.6752548198611351,0.45245605987018533,2.94726976104242,2.6906275874113357,1.0953837591020914,2.0666708279564845,0.3988433100520736,10.0,0.8268435882350931,3.0,0.0945587846652582,Li31O80Si16Cr16,O,2.5729842200908264,3.0615264729502387,2.880874044850848,1.062707506571584,1.7956372662007043,0.5020521378024326,7.0,1.1989930418857444,2.0,0.4829545870710743
nebDFT2k:mp-757693_0_2_0_0_0,0.4424304336309433,0.026999379441880734,10,0.4717758119106293,0.06900244575368834,10,0.724530242560091,0.0,10,0.693315851688385,0.06926924870946949,10,0.40716037365649516,0.035270059974448154,0.06461543825413413,-0.029345378279685974,0.31736986890359586,0.2861554780318899,0.031214390871705966,3.4494990124578795,3.27359425637245,1.053734440590189,2.0349025291303,0.418622409954118,7.0,0.9091822612339544,5.0,0.1160997172774488,Li23C12O60Fe12,O,1.0664197717561978,3.670201015443916,3.4410064702413696,1.0666068335484615,1.9469133925759827,0.4965932112601127,7.0,1.1776588970153097,3.0,0.3231041308584066
nebDFT2k:mp-757714_2_3_0_0_0,0.3792729705572128,0.0746383793919102,10,0.24326120316982264,0.06033505351204965,10,0.4099495802386131,0.0,10,0.11942130178213115,0.07108280984721982,10,0.0581406204419465,0.3211323501152663,0.18512058272787613,0.13601176738739018,0.3518089597966666,0.06128068134018465,0.29052827845648194,3.1008914233097347,2.77116986467344,1.1189828031978653,2.1440687734305275,0.5016877797917846,7.0,0.6366938692049353,2.0,0.1049466885472468,Li15O64P16Cr8Ni8,O,0.2781773689092583,3.6569473545824303,3.0718186800265057,1.190482816697656,2.066641536848792,0.5015774609195726,7.0,0.7523427427813447,2.0,0.0745379317734387
nebDFT2k:mp-757800_1_4_0_0_0,1.241645300388336,0.20579448318818996,10,1.5387486696243287,0.44080390142040105,10,0.9802565514626362,0.0,10,1.3834935188293458,0.14196381119224394,10,1.252296435815424,0.010651135427087954,0.2864522338089046,-0.27580109838181666,0.2720398843527878,0.13119708301392174,0.14084280133886606,4.698077533917007,4.577064012477414,1.0264391149238248,1.9869855378654973,0.3495968542432396,8.0,0.9530358851672344,5.0,0.2582671485596176,Li26C27O81Cu27,O,1.707191263280769,4.85516185054339,4.642101728429502,1.045897340165781,1.779002349451094,0.3292974917842312,8.0,1.313250340479926,7.0,0.5966122558014655
nebDFT2k:mp-758282_0_2_0_0_0,0.8104578912258148,0.1744730237879475,10,0.32501097917556765,0.044957412612201826,10,0.4600966400610226,0.0,10,0.3501594930887222,0.05506237125162059,10,0.28606387979621667,0.5243940114295982,0.03894709937935098,0.4854469120502472,0.1740327602648059,0.06409561329250552,0.10993714697230039,5.57730876953242,4.440176487547292,1.256100694459843,2.118962533925038,0.1392307226999369,9.0,0.7295980731009575,2.0,0.08378820921999,Li5C8O24Cr4,O,0.4038304800649928,5.414009564486729,4.5481544718814835,1.1903750406804143,2.044535632084769,0.1605176391493998,13.0,0.8918429192189627,4.0,0.2488386746096588
nebDFT2k:mp-758282_1_1_1_0_0,0.7043017089366913,0.14928867876647775,10,0.31483809053897854,0.04328354569257519,10,0.42044259570581327,0.0,10,0.3046766757965088,0.05450915153303251,10,0.12165363099714449,0.5826480779395469,0.19318445954183405,0.3894636183977128,0.2987889647086688,0.18302304479936432,0.11576591990930446,5.555787564761436,4.708605747628803,1.1799220114275366,2.1212938882523513,0.6465766413689485,8.0,0.7212066496886329,3.0,0.1182817394399536,Li5C8O24Cr4,O,0.3044696389551635,5.410840208554985,4.708741,1.1491055058146085,2.1131046040902146,0.1582605160584695,13.0,0.8265554102335662,4.0,0.1711735437171984
nebDFT2k:mp-758380_3_8_0_0_0,1.1354893386363982,0.2513707053084968,10,1.5702775716781616,0.23176811906187847,10,2.702119165908777,0.0,10,3.0012867212295533,0.19277658950532697,10,2.9573986697728003,1.821909331136402,1.3871210980946387,0.4347882330417634,0.2552795038640232,0.04388805145675301,0.2113914524072702,4.960961972574301,4.8592790855359125,1.0209255087531517,1.8718307267954617,0.4526507806760394,12.0,1.4083246144246229,4.0,0.5748269571312608,Li23C16O80V16,O,6.021649483844676,5.778604936546705,4.856646297246465,1.1898344213007557,1.5953866900704652,0.4870036300555777,9.0,1.8859689388504688,3.0,1.0408557628501458
nebDFT2k:mp-758486_3_0_1_0_1,0.2572034075856209,0.05210383439700743,10,0.4920744925737381,0.08074763926598721,10,0.3911906088256321,0.0,10,0.20872271806001658,0.06317240190405382,10,0.4439005888809219,0.186697181295301,0.04817390369281621,0.13852327760248478,0.05270998005528976,0.2351778708209053,-0.18246789076561554,3.500154201752366,0.3500700373083856,9.998439822683228,2.0137151192713154,0.0,6.0,0.7066842915603672,3.0,0.0571034442172473,Li15O56P16Cu8,O,0.231173155133415,3.460864819194644,3.1043980770855497,1.1148263635196392,2.051844937500962,0.5006293084963549,6.0,0.6558628079572392,3.0,0.0369023935017169
nebDFT2k:mp-758720_0_3_1_0_0,0.42325448989868164,0.06988612709602586,10,0.4178128927946091,0.08627937819861257,10,0.606935798275636,0.0,10,0.5260408073663712,0.04626186815100791,10,0.4760017968299479,0.05274730693126628,0.05818890403533883,-0.005441597104072549,0.13093400144568812,0.050039010536423234,0.08089499090926489,2.9144179612287626,2.7677051287509213,1.053008837882977,1.9711965582212303,0.4948146080000747,8.0,0.9154008971900196,4.0,0.0963438858887436,Li39F48Cu8,F,0.7717642559333463,3.276858892400112,2.9418765974610723,1.1138668750511629,1.820059187678977,0.5041673336462468,6.0,1.2179381805787752,11.0,0.1241711815779049
nebDFT2k:mp-758793_0_1_0_0_0,0.48312189877033235,0.16600860857989225,10,0.40803355872631075,0.06454955352923655,10,0.43100699109670126,0.0,10,0.33608328104019164,0.05706732093530427,10,0.22866390734125722,0.2544579914290751,0.17936965138505354,0.07508834004402157,0.20234308375544405,0.10741937369893442,0.09492371005650962,2.9445972020639974,2.8000102284995805,1.051638016208925,1.9814564974675868,1.0,7.0,0.793532124937309,4.0,0.0950421784067732,Li31O64Si16Cu16,O,0.3309407651397373,3.181773177928657,2.9490326652009293,1.0789209680428786,1.9908027873700849,1.0,6.0,0.7616602414563425,4.0,0.2252179936326359
nebDFT2k:mp-759082_0_2_0_0_0,0.8990362763404847,0.1940862607431847,10,0.9500998854637146,0.1717605187202403,10,0.9146101603626328,0.0,10,0.8217932403087616,0.09854888643754017,10,0.8252598085442742,0.0737764677962105,0.12484007691944043,-0.051063609123229936,0.0893503518183586,0.0034665682355126126,0.08588378358284599,4.501810194323493,4.215826425898712,1.0678357549703477,2.046037601711906,0.7542582455916143,7.0,0.7862429514276987,2.0,0.2120053445876966,Li23O96F24P24V12Cr12,O+F,1.5427015941541369,4.573866482912351,4.24295889501582,1.0779898170319882,1.948006021954331,0.4988499335642423,8.0,1.1785501625222854,1.0,0.4079783962749491
nebDFT2k:mp-759082_0_2_1_0_0,0.2815322160720825,0.08463532454984281,10,0.3448903441429138,0.059048932399436205,10,0.6930321990938323,0.0,10,0.40881748497486115,0.06266559724071923,10,0.25110128891441263,0.030430927157669874,0.09378905522850117,-0.0633581280708313,0.44193091017941966,0.1577161960604485,0.28421471411897115,2.842784519610193,2.7929544460069025,1.0178413484955091,2.0023330269169417,0.7753847574703884,8.0,0.7889127104853373,1.0,0.0725817811274983,Li23O96F24P24V12Cr12,O+F,0.9874953608162504,3.3785890755910137,3.036890190563174,1.1125160488481387,1.8392622768632196,0.502200176001479,8.0,1.091258191296157,3.0,0.3206864250488207
nebDFT2k:mp-759082_1_0_0_1_0,0.3300461262464523,0.11195897594353542,10,0.33368655741214753,0.0820896722817467,10,0.4244324335882653,0.0,10,0.23544570505619045,0.05073764021550392,10,0.25766751377619806,0.07237861247025423,0.07601904363594947,-0.003640431165695235,0.16676491981206726,0.02222180872000762,0.14454311109205964,5.164040996479877,4.719508271352298,1.0941904748479667,2.0293991839457255,0.3518886283516201,7.0,0.7644368374416315,1.0,0.1306321635341193,Li23O96F24P24V12Cr12,O+F,0.3144669457706084,5.222844543047178,4.792273062150052,1.0898470256834552,2.0399648291166796,0.3364216861920251,7.0,0.8004681102805358,1.0,0.1229958552861335
nebDFT2k:mp-759132_4_3_0_0_1,0.39863316416740413,0.07413432821254738,10,0.2843337029218673,0.06575566448625911,10,0.46235528816437743,0.0,10,0.39267924427986145,0.0881763941094354,10,0.3419121801389906,0.056720984028413524,0.05757847721712328,-0.000857493188709757,0.12044310802538682,0.05076706414087084,0.06967604388451598,3.2118643226802543,2.9058847661963783,1.1052965210607384,1.979851789922726,0.5177779295448787,5.0,0.7616973340658222,5.0,0.1308850246533848,Li23O40F24V24,O+F,0.4094899576534618,3.4063028353629425,2.9216346109513953,1.1658894040325325,1.9121037938974053,0.5072784650927357,5.0,0.8803895533341668,4.0,0.0474343770350277
nebDFT2k:mp-759139_2_1_1_0_0,0.5282069921493531,0.12145747834816267,10,0.6645393639802932,0.11781118668007189,10,0.6692285654274036,0.0,10,0.7239528656005859,0.11989427648450611,10,0.7007910681933822,0.17258407604402914,0.03625170421308899,0.13633237183094016,0.031562502765978606,0.0231617974072037,0.008400705358774907,2.9610889045108086,2.8661961257540134,1.0331075664725602,1.9622972677885344,0.7001097322417059,12.0,0.986546124182211,5.0,0.1253811070842297,Li63O64F32V32,O+F,0.9278507747210644,3.1580312604997216,3.0131357371796756,1.0480879508785983,1.8430689181677848,0.5071187116081535,6.0,1.1705530832284925,5.0,0.2657407732526603
nebDFT2k:mp-759220_0_15_0_0_0,0.33575361222028727,0.049334160929093526,10,0.35717975795269014,0.03588433922043766,10,0.5386128886969228,0.0,10,0.3612557500600815,0.0811759316313873,10,0.21688345055989083,0.11887016166039643,0.1402963073927993,-0.021426145732402868,0.321729438137032,0.14437229950019065,0.17735713863684133,3.21777423002454,3.180685926485038,1.0116604733685506,2.0845612313412194,0.4975499065166421,9.0,0.8165404050656389,2.0,0.1846407329534748,Li31O64F16P16Mn16,O+F,0.6005680545572323,3.482192748085005,3.3403686913355837,1.042457605688046,2.038468518613539,0.497395194295005,9.0,0.93827338420606,3.0,0.1409939629601749
nebDFT2k:mp-759229_3_6_0_1_0,0.4014610886573792,0.08093264195422649,10,0.6706706166267395,0.12961935413081654,10,0.9545669005758167,0.0,10,0.6098335653543472,0.135940896466984,10,0.6168773205714331,0.2154162319140539,0.05379329605530647,0.16162293585874743,0.33768958000438365,0.00704375521708589,0.33064582478729776,2.9217071353526043,2.868324501851619,1.0186110858330446,1.9466638214664589,0.4864209975695936,8.0,0.937727599016316,1.0,0.1654031149018088,Li31O64F16P16Fe16,O+F,1.6428208980018253,3.1270342495807575,3.032574743673365,1.0311482861566583,1.7743482846107042,0.4953711255095187,8.0,1.2568286134273794,2.0,0.5124892422349057
nebDFT2k:mp-759244_0_2_0_0_0,0.9046240031719208,0.18611724084284742,10,1.0901047110557556,0.197828389924946,10,1.0652407550642025,0.0,10,0.935155987739563,0.09908550298988146,10,0.9603694135979595,0.055745410426038644,0.1297352974577961,-0.07398988703175746,0.104871341466243,0.025213425858396477,0.07965791560784652,4.223224908240825,3.864407429315261,1.092851875866811,1.979331627247544,0.4180874080521181,9.0,0.8991595498942964,3.0,0.2031274263720951,Li11O42ZnNb14,O,1.9201355439513816,4.250366891656881,3.8333111898112113,1.1087977680899446,1.9361889324027604,0.5121104304262956,8.0,0.9998433432954084,5.0,0.3355028444904157
nebDFT2k:mp-759244_4_6_0_0_0,0.9175537586212158,0.17663002269504913,10,1.0631022810935975,0.26458116259872205,10,1.0205978788726584,0.0,10,0.8858389496803284,0.10752289850222431,10,0.9483169859968827,0.030763227375666946,0.11478529509671476,-0.08402206772104781,0.07228089287577566,0.06247803631655435,0.009802856559221307,4.179973113950743,3.844935475165641,1.0871373891575302,2.0198167073335593,0.5931380661658233,10.0,0.9012508559398285,4.0,0.1936959025108029,Li11O42ZnNb14,O,1.8082742243790424,4.254610879662971,3.8373448309889646,1.1087382205801055,1.9318972180706195,0.4950582913558002,8.0,0.9979703778583244,5.0,0.3341608213891763
nebDFT2k:mp-759244_5_10_1_0_0,0.9388390183448792,0.16912834156758697,10,0.9956544041633606,0.193720861200019,10,1.017793957372497,0.0,10,0.8686987698078156,0.1114846105716009,10,0.9148608434590813,0.023978174885797898,0.08079356070427934,-0.056815385818481445,0.10293311391341575,0.04616207365126568,0.056771040262150074,4.131256171469716,3.824023449664794,1.0803427923099829,2.0055223039017633,0.4000738438431201,9.0,0.864812954178452,4.0,0.1627344947615271,Li11O42ZnNb14,O,1.8012484593355993,4.238439178681257,3.82385449345296,1.108420622682723,1.9215035858854543,0.505512625464777,8.0,1.002079524589542,5.0,0.3193075169578919
nebDFT2k:mp-759244_6_10_0_0_1,0.965418541431427,0.16925874175071665,10,1.0927164375782012,0.2596628937454232,10,1.0693268194728298,0.0,10,0.9410548448562622,0.10701949392266816,10,0.931922613430828,0.03349592800059897,0.1607938241473732,-0.12729789614677423,0.13740420604200176,0.009132231425434179,0.12827197461656759,4.172986048702785,3.8287538815688498,1.0899071023580351,2.003435247024092,0.5826752342843969,9.0,0.8875956098057476,4.0,0.1829492447335119,Li11O42ZnNb14,O,1.9303739648507328,4.255782731753376,3.8205127031414503,1.1139297425327288,1.916312996094344,0.4975155515692087,8.0,1.0184806614044086,5.0,0.3262463445082157
nebDFT2k:mp-759244_7_6_1_0_0,0.9261986255645752,0.17872676768517215,10,1.1507803678512574,0.2679955696287377,10,1.1440168334367444,0.0,10,0.985054075717926,0.11705325781211358,10,1.0818796168377673,0.15568099127319213,0.06890075101349002,0.0867802402597021,0.062137216598977085,0.09682554111984132,-0.03468832452086423,4.216451757535339,3.8562541744425567,1.0934060792672855,1.9782747790595407,0.5904563197059002,9.0,0.896740777794183,4.0,0.1829955948707481,Li11O42ZnNb14,O,2.117524171863212,4.224254884265428,3.835572720510147,1.101336147709275,1.893104497861434,0.4939552393904305,8.0,1.0537741003778316,5.0,0.3569426614392024
nebDFT2k:mp-759667_2_1_1_1_0,0.4826991826295853,0.0845383247732695,10,0.8123228430747986,0.14390730306772725,10,0.788031946348303,0.0,10,0.8650739431381226,0.19967117430539932,10,0.6992021227280816,0.2165029400984963,0.11312072034671705,0.10338221975177925,0.0888298236202214,0.165871820410041,-0.0770419967898196,3.092377333567055,3.058983380946705,1.0109166832446193,2.0053537817121905,1.0,8.0,0.8096087813976129,3.0,0.0791126739499653,Li15B16O48Sn8,O,1.225535513993852,3.398453069947405,3.0840853759470415,1.1019322280933386,1.8588356535138784,0.7508706910906268,8.0,1.0688628688195458,3.0,0.5021008837301686
nebDFT2k:mp-759667_2_4_0_0_0,1.6195458889007568,0.271031120968029,10,0.5517500281333924,0.08484443189449221,10,0.6278036593551566,0.0,10,0.7186516106128693,0.0972416284666812,10,0.3889327957493549,1.2306130931514019,0.16281723238403745,1.0677958607673643,0.23887086360580168,0.3297188148635144,-0.09084795125771272,5.947363576420651,4.7683077177792805,1.2472692469584337,1.9852716223475488,0.8463272727898974,10.0,0.8572753607088283,2.0,0.1483161578287065,Li15B16O48Sn8,O,0.8240526987073264,6.142758362965601,4.776380565856639,1.2860697086987465,1.9681916197090692,0.6762045978420554,9.0,0.9548329448187458,3.0,0.2586680818272695
nebDFT2k:mp-759667_3_4_0_1_0,0.6715979188680649,0.15532163505290889,10,0.4782904118299484,0.08255815654811009,10,0.45267784948863643,0.0,10,0.4112082481384277,0.05546367807313873,10,0.4136384694178047,0.25795944945026017,0.06465194241214373,0.19330750703811644,0.03903938007083174,0.002430221279376976,0.036609158791454766,4.077197337275143,3.86654650150314,1.0544803575206223,2.0036807590457117,0.0,9.0,0.8410704157784973,3.0,0.0521718437244117,Li15B16O48Sn8,O,0.3852412722483347,4.41961951969379,3.9599829341616646,1.1160703450428964,1.9997138383378024,0.0,8.0,0.8270476451102253,3.0,0.1883844513644392
nebDFT2k:mp-759753_4_0_0_0_1,0.6948547005653382,0.12006621306785352,10,0.43100495636463165,0.08931376036630459,10,0.4371017288379456,0.0,10,0.3130656987428665,0.04738115382310893,10,0.6141039796838754,0.08075072088146273,0.18309902331924377,-0.10234830243778104,0.1770022508459298,0.30103828094100893,-0.12403603009507913,5.611861506665301,4.8045057928232975,1.168041365471551,2.014207131603792,1.0,8.0,0.7419420099512253,2.0,0.1752361948696472,Li11O84P24V6Cr6,O,0.3462123037220133,5.7524346097320365,4.873125580198773,1.1804404616836073,2.0328822615644744,0.0,6.0,0.6945331620206587,2.0,0.1974170338275032
nebDFT2k:mp-759783_2_3_1_0_0,0.8066602230072022,0.220133970853865,10,0.9754522144794464,0.1709330410553772,10,0.8991723129484633,0.0,10,0.7560623705387115,0.10275581474120732,10,0.6149086367122436,0.1917515862949586,0.3605435777672028,-0.16879199147224422,0.28426367623621973,0.1411537338264679,0.14310994240975183,4.557949486678447,4.181674398368789,1.0899819193135738,2.0606315149648817,0.2375869390498146,8.0,0.7824724004364096,1.0,0.1872153779943653,Li23O96F24P24V12Cr12,O+F,1.5040190958380335,4.604345710413292,4.236697775940773,1.0867770027308312,1.951675662044776,0.5045544326347245,8.0,1.1778262958844803,1.0,0.4084030132418436
nebDFT2k:mp-759783_4_3_0_1_0,0.323605178296566,0.10629119570656566,10,0.32147638797760003,0.08175669619713952,10,0.41088941830756764,0.0,10,0.2249281615018844,0.052779402821790215,10,0.2746150520216588,0.048990126274907175,0.04686133595594122,0.0021287903189659563,0.13627436628590883,0.0496868905197744,0.08658747576613443,5.209220669109463,4.685110183659,1.111867269905089,2.0377694711395677,0.6612734256584873,7.0,0.7470792590091218,1.0,0.1299939465112358,Li23O96F24P24V12Cr12,O+F,0.2805323140997633,5.22265461844558,4.788484278499118,1.0906696805701002,2.0402416443313425,0.3429829319251334,7.0,0.8018117603403015,1.0,0.1355056726450834
nebDFT2k:mp-760344_10_4_0_1_0,0.3009142726659774,0.02779262403982005,10,0.3211540311574935,0.03760478877932851,10,0.4604093010056599,0.0,10,0.28912164568901055,0.051551221630985244,10,0.5244383236928201,0.22352405102684264,0.20328429253532654,0.020239758491516102,0.06402902268716015,0.2353166780038095,-0.17128765531664936,3.7352169751090982,3.641889053033588,1.0256262397663574,2.070334076623216,1.0,8.0,0.7091227118458479,2.0,0.0832627882340696,Li7C4O28Na4P4Co4,O,0.4046139122456571,3.990718959653225,3.713775548678622,1.0745719301946346,2.0636688422384895,1.0,8.0,0.7369570883469119,4.0,0.1127078726929375
nebDFT2k:mp-760344_10_9_0_0_1,1.9378758430480958,0.23539831007442033,10,2.8817732095718385,0.3668284733584549,10,1.265184225330535,0.0,10,2.042762541770935,0.27795322210595863,10,1.8200701331357578,0.11780570991233796,1.0617030764360806,-0.9438973665237427,0.5548859078052228,0.22269240863517714,0.3321934991700457,6.2687649937701675,5.404150968804928,1.159990723789206,1.9898510618022651,0.7019960572220975,11.0,1.0663982966281644,4.0,0.501940484081691,Li7C4O28Na4P4Co4,O,2.421132395675313,6.592542532138372,5.587874354422952,1.1797943393126225,1.8653143532312093,0.3239164992927507,9.0,1.2255376571595604,5.0,0.5812260720415018
nebDFT2k:mp-760344_4_6_1_-1_0,0.818312281370163,0.18269430268655876,10,0.8443753719329834,0.1397114895143328,10,0.9321129174116397,0.0,10,1.1553172826766969,0.1618768835878412,10,1.054784295957333,0.23647201458717004,0.21040892402434963,0.026063090562820412,0.12267137854569332,0.10053298671936384,0.022138391826329484,5.016918982614413,4.840188931774129,1.0365130480093687,2.0229456713871845,0.5322844566466159,8.0,0.9475640800603944,2.0,0.3123885034943658,Li7C4O28Na4P4Co4,O,1.586558121033264,5.335110213078266,4.828959665401061,1.104815650315681,1.9750712610475056,0.4951659663640519,11.0,1.178141798945309,3.0,0.4658431806210753
nebDFT2k:mp-760344_4_8_0_0_0,0.3544654905796051,0.051922435723952304,10,0.27950353026390073,0.03797339005744177,10,0.4873789817034198,0.0,10,0.3451006054878235,0.04758146634263805,10,0.28224858731218205,0.07221690326742303,0.0027450570482813186,0.06947184621914171,0.20513039439123776,0.06285201817564146,0.1422783762155963,3.470393484954781,3.0905066322835744,1.1229205751260622,2.09068800519203,0.5001050030597668,7.0,0.711063525753577,2.0,0.0929171374973972,Li7C4O28Na4P4Co4,O,0.4721916386079097,4.0705354297568475,3.2973312253430316,1.2344939442149545,2.038865706069844,0.5090806643888304,8.0,0.8273623922403457,3.0,0.1896999561892823
nebDFT2k:mp-760344_6_4_0_1_0,0.39185892343521117,0.07483654297941485,10,0.4436733454465866,0.06935467184122286,10,0.5807505961863176,0.0,10,0.5430359154939651,0.08405921972000625,10,0.6860505928897567,0.2941916694545455,0.24237724744317007,0.05181442201137543,0.10529999670343904,0.14301467739579155,-0.03771468069235251,4.552870098113914,4.242883163064571,1.0730604457242334,2.065928067777672,1.0,7.0,0.6989600257548667,2.0,0.107312216024914,Li7C4O28Na4P4Co4,O,0.7061521917282547,4.83066692552826,4.2549364981994,1.1353088177867043,2.0141933669006535,0.4951451226952236,8.0,0.9450152296505604,3.0,0.2091719164478012
nebDFT2k:mp-760344_6_8_0_1_0,0.3049126923084259,0.025855014297879505,10,0.32997890710830685,0.03724847415035457,10,0.4544952790827714,0.0,10,0.30308355093002315,0.04750584864366651,10,0.5260669566781928,0.22115426436976693,0.19608804956988596,0.02506621479988097,0.07157167759542143,0.22298340574816966,-0.15141172815274823,3.738752814908019,3.644504981553104,1.0258602564221908,2.0697143251169057,0.0,8.0,0.7106145989704256,2.0,0.0854713327550907,Li7C4O28Na4P4Co4,O,0.3897951919321269,3.994826914703065,3.716210897979196,1.074973144520774,2.063069879867421,0.0,8.0,0.735843311067798,3.0,0.1118011059855997
nebDFT2k:mp-760344_7_4_0_1_0,0.39457922577857973,0.07559411560025661,10,0.49864659309387205,0.07967526695768459,10,0.5842507345449006,0.0,10,0.5319433599710465,0.07538117964948311,10,0.6875642528552959,0.29298502707671614,0.18891765976142383,0.10406736731529231,0.10331351831039526,0.1556208928842494,-0.05230737457385415,4.55654307715063,4.24398907076914,1.073646279754638,2.0661085072792766,0.0,7.0,0.6989544781238368,2.0,0.1068900365623655,Li7C4O28Na4P4Co4,O,0.7149224621247443,4.840891017747405,4.262696351167465,1.1356405943439027,2.0062303685302147,0.4945232103697918,8.0,0.9593159503795302,3.0,0.2261368849156145
nebDFT2k:mp-760344_7_5_0_1_1,0.7904152750968934,0.17250384547852918,10,0.8265767514705658,0.1407871034279036,10,0.9361586600793441,0.0,10,1.177863448858261,0.17813803152043195,10,1.0488270440873038,0.2584117689904104,0.222250292616738,0.0361614763736724,0.11266838400795964,0.12903640477095735,-0.016368020762997704,5.006000628453029,4.836628096872834,1.0350187213463249,2.026067552609157,0.4674171864354722,8.0,0.944087277305894,2.0,0.3086981856360828,Li7C4O28Na4P4Co4,O,1.5966955080492298,5.343131040662764,4.8355550333694985,1.1049674760788686,1.975288486251586,0.5063509721377368,11.0,1.181005351100336,3.0,0.4764930144078625
nebDFT2k:mp-760344_7_9_0_1_1,0.30477756857872007,0.025926023460595447,10,0.32616085708141324,0.03651001593012135,10,0.4613721054087322,0.0,10,0.3121326625347137,0.04771396977859215,10,0.5207509995880173,0.21597343100929722,0.19459014250660406,0.021383288502693165,0.0593788941792851,0.20861833705330357,-0.14923944287401847,3.7333739714653023,3.6476694116284873,1.0234957037399266,2.0705186113643546,0.0,8.0,0.7091767385322671,1.0,0.0894783799362519,Li7C4O28Na4P4Co4,O,0.4070264040070666,4.003009648907078,3.736679306432763,1.071274605239958,2.06619596894192,0.0,8.0,0.7331790647201628,4.0,0.1061187025795612
nebDFT2k:mp-760344_9_5_1_0_0,0.3410929560661316,0.04593749511350013,10,0.29216779470443727,0.05274003330872539,10,0.4900267731765605,0.0,10,0.3260422497987747,0.0505844369060482,10,0.28183126587188667,0.05926169019424493,0.010336528832550596,0.048925161361694336,0.20819550730467384,0.04421098392688805,0.1639845233777858,3.4662345404554356,3.0905716188931125,1.1215512752611332,2.089860184858327,0.4983049077249574,7.0,0.7124981175247067,2.0,0.094830869460902,Li7C4O28Na4P4Co4,O,0.4788261898152983,4.0455931946762504,3.272651068831967,1.2361822600660424,2.0383375203970604,0.4936638654902857,8.0,0.8278198731570647,4.0,0.1781211510760063
nebDFT2k:mp-761094_0_2_0_0_1,3.915807867050171,0.8501072477662666,10,4.3910709619522095,0.6942311745666313,10,3.860474265403451,0.0,10,4.0755229711532595,0.3821305249527535,10,4.479324795743111,0.5635169286929398,0.08825383379090113,0.47526309490203866,0.6188505303396594,0.40380182458985114,0.21504870574980828,5.308903970132678,5.109310206024497,1.039064718339637,1.883883158855339,0.4794085619144279,13.0,1.3212546948417638,10.0,0.3528019556207497,Li39O80Fe4Co36,O,8.924131156550306,5.4154408467977815,5.10764004105517,1.0602628226085846,1.4641603080611378,0.4947871294148774,12.0,1.99702921946752,11.0,0.9764836954179772
nebDFT2k:mp-761094_1_5_0_1_0,1.8447599053382873,0.13836292731595587,10,2.0320327401161196,0.2984199989067122,10,1.8894680394182717,0.0,10,1.9084383606910706,0.20581489783051105,10,2.0980730017572284,0.2533130964189412,0.06604026164110888,0.1872728347778323,0.20860496233895676,0.1896346410661578,0.018970321272798962,5.180747917620758,5.035807866502224,1.0287818866328606,1.980979919947695,0.3234977166031303,7.0,1.003949208700405,11.0,0.0820017172403813,Li39O80Fe4Co36,O,3.985395659804668,5.329006253950762,5.051701320998002,1.054893374594438,1.551229916010202,0.5115493829561603,10.0,1.7187298111299434,11.0,0.6787041411557027
nebDFT2k:mp-761269_2_1_1_-1_0,1.479506778717041,0.36934642189566586,10,2.004548442363739,0.38175387252014115,10,1.5331341735098114,0.0,10,1.7770058393478394,0.16798588871187672,10,1.578548204733437,0.09904142601639587,0.42600023763030226,-0.3269588116139064,0.04541403122362553,0.19845763461440247,-0.15304360339077694,5.3726156269446115,5.236895367277378,1.0259161679103384,1.836675377003642,0.3410861025969735,7.0,1.1335520736233156,5.0,0.1313419574643004,Li31F64Ag16,F,3.0925325683270746,5.668750415482585,5.255075928023864,1.0787190314896709,1.4870873635487187,0.50188176920942,8.0,1.7476181949077594,6.0,0.6584676063703698
nebDFT2k:mp-761849_5_7_0_0_1,0.5071504175662994,0.06400072096857187,10,0.7655091166496277,0.09051386241170467,10,0.3955178452951522,0.0,10,0.5257622122764587,0.10921197237148883,10,0.3020456997006988,0.20510471786560064,0.46346341694892895,-0.2583586990833283,0.09347214559445344,0.22371651257575992,-0.13024436698130648,2.95333348656503,2.4518512052380688,1.2045321022155044,2.10782655479315,0.2539856464698455,6.0,0.6564000272190287,4.0,0.0940499238909216,Li11O56Na20Ti20,O,0.2420158790543649,3.422331682791324,2.902129184381664,1.179248567296461,2.0462788563757326,0.5001014118483897,5.0,0.731058866336614,3.0,0.1016820733924782
nebDFT2k:mp-761849_6_5_1_0_0,0.561309152841568,0.07016269819183288,10,0.6058146923780441,0.07547707112158086,10,0.5205588877727011,0.0,10,0.6401569247245789,0.13317701060267698,10,0.6407798596503369,0.07947070680876889,0.03496516727229282,0.04450553953647607,0.12022097187763581,0.0006229349257580452,0.11959803695187776,3.250060683621876,3.126427918897393,1.0395444155220073,2.013936185760942,0.7527283092691552,9.0,0.7978095688498543,2.0,0.0487158661799237,Li11O56Na20Ti20,O,0.5553302800402262,3.5434892704856735,3.151581216730247,1.1243528333253712,1.9516381480237377,0.5052641505192061,6.0,0.9489591445148338,3.0,0.2584531499849892
nebDFT2k:mp-762319_14_26_0_0_0,0.38995854854583734,0.033337136412496034,10,0.4249835699796677,0.043574694062482267,10,0.44477385091854255,0.0,10,0.27530086934566494,0.08839585096152439,10,0.28081613834301317,0.10914241020282417,0.14416743163665452,-0.03502502143383035,0.16395771257552938,0.005515268997348222,0.15844244357818116,2.6775086307571954,1.8746860061507236,1.428243781610607,2.0072899942401814,0.462260561737539,7.0,0.7569980409377272,1.0,0.1228421320007816,Li31O32Ti8,O,0.3654362823960893,2.6762383240983563,2.4386869266123266,1.0974095505633523,1.931055718610974,0.4795643119406181,7.0,0.9089115912820244,3.0,0.1900058571039455
nebDFT2k:mp-763177_1_3_0_1_-1,0.5448391795158386,0.14305056656626583,10,1.003964638710022,0.24749953550324738,10,0.6471002417036935,0.0,10,0.7579331338405609,0.2055914772374038,10,0.459736825526761,0.08510235398907762,0.5442278131832611,-0.45912545919418346,0.18736341617693253,0.29819630831379995,-0.11083289213686742,2.6316245822025044,2.5082501557883936,1.049187448919078,1.966802793813932,0.4753757359992597,8.0,0.9770901505492272,5.0,0.0817144871773096,Li63O64F32V32,O+F,0.8724040001665392,3.0190916432002513,2.874600156675127,1.0502648989945955,1.8328251849003143,0.4938621921713977,7.0,1.1758498686603829,4.0,0.301354388493728
nebDFT2k:mp-764867_1_8_0_1_1,0.6826113134622573,0.2552002749093724,10,0.981294322013855,0.11957596495615674,10,1.5166885105456065,0.0,10,1.374962532520294,0.086873787496383,10,1.5194946445611208,0.8368833310988635,0.5382003225472658,0.2986830085515977,0.0028061340155143277,0.14453211204082672,-0.1417259780253124,6.468159418651844,5.757545086688716,1.123423146716827,2.0041403275148815,0.4681934455905279,7.0,0.8166029334270205,2.0,0.1545635734517304,Li23O96P24Mn8Fe8Co8,O,3.051324794156683,6.740900744290791,5.765287384979082,1.1692219822126435,1.7763644027719212,0.4915467923677213,8.0,1.305768077631157,5.0,0.4984591575119577
nebDFT2k:mp-765411_1_6_0_0_0,0.4809034466743469,0.062000120647469,10,0.4957495182752609,0.0650724690912133,10,0.6140127611486852,0.0,10,0.48631771206855773,0.06201146332288117,10,0.4672595893930519,0.013643857281295024,0.028489928882209026,-0.014846071600914001,0.1467531717556333,0.01905812267550583,0.12769504908012747,2.7556792726643797,2.5933822413009766,1.0625812226129792,2.0685917962445415,0.4849192007835544,8.0,0.8604865453380774,8.0,0.1286865968720003,Li47O80Si16Cr16,O,0.7894969486511527,3.1187798885204523,2.8374521584105925,1.099148008284815,1.8845598332280105,0.5029480492439001,6.0,1.0643458230028753,11.0,0.0764805269833229
nebDFT2k:mp-765501_2_0_1_0_0,2.2193456888198853,0.4614399942610696,10,1.9416458249092101,0.19337237830042156,10,2.360910664016412,0.0,10,2.213884341716766,0.11582893855055018,10,2.5844087550531043,0.36506306623321905,0.6427629301438942,-0.27769986391067514,0.22349809103669216,0.3705244133363381,-0.14702632229964596,5.237488426479695,4.909483871899768,1.066810394562515,1.8355295660233084,0.6916090366090936,7.0,1.231133368856567,9.0,0.1418067376540284,Li31O32F16Ni16,O+F,5.166685903379613,5.334792763964439,4.972665590492419,1.0728235524553262,1.4888090654889468,0.4966257117487574,12.0,1.9672090275398304,11.0,0.8161298146527611
nebDFT2k:mp-765964_0_6_1_0_0,1.1868966221809387,0.17431138293313642,10,1.6805315017700195,0.2406832688332559,10,1.0243783869852263,0.0,10,1.3561726927757263,0.24038265796588895,10,1.0074282938448391,0.1794683283360996,0.6731032079251804,-0.4936348795890808,0.0169500931403872,0.34874439893088716,-0.33179430579049995,4.530037698165633,4.256614499459573,1.0642348981193326,2.0522411169169583,0.0,8.0,0.7428131465853557,3.0,0.1086950157673646,Li31O112Si32V16,O,1.8177470151623096,4.732139462225401,4.269139463825761,1.1084527695388815,1.8395872951500296,0.5131765779577369,10.0,1.20591259851492,2.0,0.4887264826901557
nebDFT2k:mp-766130_4_2_1_0_0,0.7567420929670334,0.24046186237430758,10,1.1026691317558288,0.14204077805933407,10,1.5687787418789445,0.0,10,1.4217920303344727,0.06024862008084121,10,1.5168014673589312,0.7600593743918977,0.41413233560310236,0.3459270387887954,0.05197727452001333,0.09500943702445852,-0.04303216250444519,6.385150756938662,5.693228034330339,1.1215343419297468,1.9668700789265157,0.5258345477944024,6.0,0.8656162878680601,3.0,0.1859589153171329,Li15O64P16Mn4Fe12,O,3.181846895572704,6.679409354725051,5.749963366464705,1.1616438104077529,1.782299549134451,0.4893195860111312,8.0,1.3333861235023834,4.0,0.5244510725971081
nebDFT2k:mp-766612_6_10_0_0_0,0.3522301077842712,0.0342950165570239,10,0.2608196198940277,0.10304918163417694,10,0.5881678307921665,0.0,10,0.3417459368705749,0.07993695699198221,10,0.18165731572540267,0.17057279205886855,0.07916230416862502,0.09141048789024353,0.40651051506676383,0.16008862114517225,0.24642189392159158,5.198326765151778,2.5519415350097088,2.037008565375304,2.045226214125869,1.0,8.0,0.7903843448998378,1.0,0.1404606487589187,Li23C8O56P8V8,O,0.7247375007712467,3.8023562875907406,3.2177970203336037,1.1816644317721858,1.970924255533962,0.506337530083511,11.0,0.9550382032039164,4.0,0.3281207035413269
nebDFT2k:mp-768421_3_7_0_0_0,0.5365106463432312,0.07240984882761448,10,0.5707964032888413,0.08907070512865527,10,0.6576052791781648,0.0,10,0.5434298872947693,0.039208986041395416,10,0.7170935229877955,0.1805828766445643,0.1462971196989542,0.03428575694561009,0.05948824380963069,0.17366363569302623,-0.11417539188339554,3.130981446024046,2.923105716516852,1.0711146806400478,2.0038594813773547,0.4340001455643492,8.0,0.9108774088440736,8.0,0.1542572371564653,Li47O72Ti10Cr14,O,0.8987263936657695,3.265158836755371,2.92756946921342,1.1153138708037746,1.87190294034904,0.4991964620624894,6.0,1.135308976473559,11.0,0.0885551206730246
nebDFT2k:mp-768433_7_19_0_0_0,0.44349475800991056,0.022293905153329522,10,0.4926564276218414,0.04460516165689783,10,1.011358597602542,0.0,10,0.778091311454773,0.10709468808382723,10,0.516245903688457,0.07275114567854646,0.0235894760666156,0.04916166961193086,0.4951126939140851,0.26184540776631593,0.23326728614776915,2.6229498488267353,2.53803604873647,1.033456498828115,1.9871922376916655,0.2234644314767152,13.0,0.9671885279631212,5.0,0.0708134351702439,Li47O72Ti10Cr14,O,1.7851234266943043,3.227010571195984,2.918479983369306,1.105716191162801,1.817084658366686,0.4898514639169009,6.0,1.217949054758502,11.0,0.2071162164153515
nebDFT2k:mp-768508_3_7_0_0_0,0.3543169945478439,0.03202701239058368,10,0.4638931810855865,0.06706338721612808,10,0.625015614417649,0.0,10,0.5121699571609497,0.042849200535603024,10,0.7297331046056286,0.3754161100577847,0.26583992352004204,0.10957618653774265,0.1047174901879796,0.21756314744467886,-0.11284565725669926,3.674715946980547,3.503055403532611,1.0490030912085566,2.0833758584553213,1.0,6.0,0.6302324251277771,2.0,0.1403938664176806,Li15C8O56P8Fe8,O,0.8170667154476803,4.206144374107272,3.5479664016881687,1.1855085133010093,2.0001938285390413,0.7469721187661998,9.0,0.9323555629394392,5.0,0.3143114423544979
nebDFT2k:mp-768738_3_2_1_1_0,1.2914284348487854,0.3994758538798972,10,1.1641837239265442,0.24410282281368118,10,1.8844858271347742,0.0,10,1.9755940914154053,0.2639531734257963,10,1.1438137169646438,0.1476147178841416,0.02037000696190039,0.1272447109222412,0.7406721101701303,0.8317803744507615,-0.09110826428063112,5.088264340128785,4.72576946025589,1.0767060016197376,1.9745976233546123,0.507672574460317,8.0,1.0790967513936065,2.0,0.3831762202951773,Li47B32O96Bi16,O,3.972911767905985,5.816531668632365,4.694878314143601,1.2389099949853262,1.6770517651343892,0.5142699207582733,10.0,1.7500628632783763,4.0,0.9566981034670214
nebDFT2k:mp-768843_14_11_0_1_1,0.4331910490989685,0.04368881322157391,10,0.46352016627788545,0.061115298293407595,10,0.6406511544729265,0.0,10,0.4793808251619339,0.07733487885180293,10,0.3818668742329976,0.051324174865970906,0.08165329204488786,-0.030329117178916953,0.25878428023992894,0.09751395092893633,0.1612703293109926,2.9150319575286887,2.626165234827143,1.109995638838985,2.059461317314461,0.4624404252348955,7.0,0.8084801121498634,8.0,0.1332666139958903,Li47O72Cr14Mn10,O,0.8562445707297917,3.147208771296291,2.7783435068693385,1.132764456056261,1.8729385208502731,0.4959645518455998,6.0,1.1054332514883487,11.0,0.0908366387563395
nebDFT2k:mp-769036_28_3_0_1_1,0.32669126391410824,0.048390582043135226,10,0.5980545401573181,0.38899354800649055,10,0.8729869223112001,0.0,10,0.7142786264419556,0.09834304695338975,10,0.4352325822810882,0.10854131836697994,0.16282195787622988,-0.05428063950924994,0.43775434003011193,0.2790460441608674,0.1587082958692445,3.277594828118831,3.1180056153039875,1.0511831062880508,2.418667473793353,0.5150773513710025,6.0,0.357902236902718,1.0,0.0683289195689237,Li63S72Nb16,S,1.4384065591897728,3.659638196008837,3.1805623372506804,1.1506261497054249,2.167365190682449,0.4974458365976056,6.0,0.5996852451897894,2.0,0.3223014188598234
nebDFT2k:mp-769036_8_10_0_0_0,0.31361753344535825,0.05259573437140874,10,0.38935735523700715,0.19788870547243065,10,0.6238904341161086,0.0,10,0.5002187013626098,0.08836738067683036,10,0.42633527637988766,0.11271774293452941,0.03697792114288051,0.0757398217916489,0.1975551577362209,0.07388342498272216,0.12367173275349874,3.277424723955826,3.255447440571245,1.0067509255749878,2.5277731087410804,0.1514560600272602,4.0,0.2509342042882007,2.0,0.038734187545357,Li63S72Nb16,S,0.8142473596170416,4.506093214786574,3.3782178861749994,1.3338669578499616,2.3345727997193686,0.755922890251535,5.0,0.4074902911670927,1.0,0.2273070672912222
nebDFT2k:mp-769036_8_9_1_0_0,0.3160578340291976,0.05123465563270821,10,0.40798785388469694,0.225031181054914,10,0.7672623460779562,0.0,10,0.6011462867259979,0.1197751831090457,10,0.42775994404445317,0.11170211001525554,0.019772090159756228,0.09193001985549931,0.339502402033503,0.17338634268154474,0.16611605935195828,3.43920591678596,3.261417451447093,1.0545126369088331,2.44696975236713,0.4996675082821722,5.0,0.3269941756583066,1.0,0.0698380175801218,Li63S72Nb16,S,1.1734932825914075,3.7365867313387,3.287114679350195,1.1367375634358328,2.181533825450773,0.5019223057959546,6.0,0.5816638818465356,2.0,0.3002169140346605
nebDFT2k:mp-770232_3_11_0_0_1,0.49072310626506804,0.0664103954543286,10,0.47155087888240815,0.04469072560771521,10,0.6812104969383217,0.0,10,0.5106300055980683,0.04858116513601335,10,0.5057204299297666,0.01499732366469858,0.03416955104735847,-0.01917222738265989,0.17549006700855507,0.004909575668301636,0.17058049134025344,2.9550012394346177,2.806513021143094,1.052908437328769,1.996516786384688,0.1940919809384765,14.0,1.0405828961501562,6.0,0.1522537345059637,Li47O72Cr10Mn14,O,0.9578738105148596,3.2788024399648497,2.8907128676990643,1.1342539332087642,1.855742809095306,0.4946875477691367,6.0,1.157753870771571,11.0,0.1021096452050185
nebDFT2k:mp-770551_3_4_0_0_1,0.43761574327945707,0.05035488745959209,10,0.3448339194059372,0.06560861141269494,10,0.7544459417704159,0.0,10,0.611051344871521,0.10333971407801501,10,0.39942905230114434,0.03818669097831273,0.05459513289520712,-0.01640844191689439,0.35501688946927157,0.21162229257037668,0.1433945968988949,2.56564203952812,2.5384048254936653,1.0107300513144737,2.064548073957238,0.0,10.0,0.8165712867108749,4.0,0.2369966451859753,Li31O64Al16Mn16,O,1.1413793145786202,3.5247524804138033,2.7975925274459583,1.2599234684229372,1.9763002101064695,0.24934501939092,9.0,0.8979991427081433,1.0,0.0557859165753928
nebDFT2k:mp-770649_0_3_0_1_0,0.47386065125465393,0.05009812153913241,10,0.49595385789871216,0.08465336297024217,10,0.6374255430304954,0.0,10,0.5030947148799896,0.04852683195907617,10,0.4358738670609341,0.037986784193719814,0.06007999083777804,-0.022093206644058228,0.20155167596956125,0.06722084781905546,0.1343308281505058,2.536876969761818,2.499798076047067,1.0148327555213514,2.060067279377334,0.0,10.0,0.8983123613189412,3.0,0.0901630173668404,Li89O90Nb18,O,0.8481621803652044,3.4263725646932777,2.6763751557587723,1.2802288039928675,1.873276962466205,0.243199323067936,8.0,1.0417729887132232,5.0,0.2690825237152001
nebDFT2k:mp-770749_2_4_0_0_0,0.47475257217884065,0.0782914672181444,10,0.4997358828783035,0.07745815038286652,10,0.6092085840546686,0.0,10,0.45108283162117,0.08142476412492095,10,0.34000552025443653,0.13474705192440412,0.15973036262386697,-0.024983310699462857,0.26920306380023207,0.11107731136673349,0.15812575243349858,2.6147452474396378,2.58781308368644,1.0104073064329793,2.036246982163486,1.0,9.0,0.851151105159673,2.0,0.0976250826539607,Li15B16O48Ti8,O,0.7774591581895764,3.0229469487047513,2.9609886350611325,1.0209248738444887,1.9934618921683045,0.7509199400454095,11.0,0.942430778017053,2.0,0.2037774934872361
nebDFT2k:mp-770861_11_9_0_1_0,0.4391287326812744,0.04400078312696306,10,0.7336400926113129,0.11069615996535412,10,1.0491012243992084,0.0,10,0.7963108003139496,0.06365330897966753,10,0.8088666797513042,0.3697379470700298,0.07522658713999131,0.2945113599300385,0.24023454464790417,0.012555879437354589,0.22767866521054958,2.440630711362621,2.370546789080663,1.0295644543296012,1.9688242581575703,0.7532755244147281,11.0,1.0408882492356126,2.0,0.0728726079909689,Li63O72Cr16,O,1.879694843183844,2.7225517630204576,2.589116150268002,1.0515371288918975,1.803364841291494,0.4985334906098697,10.0,1.313391483716179,2.0,0.3013004127553824
nebDFT2k:mp-770876_2_3_0_1_0,0.9109643816947937,0.20914724383818717,10,1.0835572123527526,0.3036733567069953,10,0.7295244924122029,0.0,10,0.9591969966888427,0.17161540501706937,10,1.0284104210421674,0.11744603934737374,0.0551467913105852,0.062299248036788546,0.29888592862996455,0.06921342435332467,0.22967250427663988,3.621047569272135,3.582821794275749,1.010669181218407,1.9582382703371597,0.4998154583185056,10.0,1.1982654396260313,1.0,0.2975374015358933,Li47B32O96Ni16,O,1.078933826100147,3.9058879452972097,3.6983780446477894,1.056108352943995,1.9327112196299572,0.5042763439137948,10.0,1.3753588431378594,2.0,0.5048564708509445
nebDFT2k:mp-770921_0_4_0_1_0,0.4454155772924423,0.06537499158312525,10,0.5573411822319031,0.06218973997313896,10,0.5062516547566216,0.0,10,0.4439700603485107,0.046740414044555305,10,0.37256544621311605,0.07285013107932625,0.18477573601878705,-0.1119256049394608,0.13368620854350555,0.07140461413539467,0.062281594408110874,3.304002609193759,2.9973538006388503,1.1023065106593524,2.0055272622883766,1.0,9.0,0.8010728231316901,2.0,0.1347172675242334,Li31B16O64Ni16,O,0.5194807537296713,3.770156433356418,3.09151370031003,1.2195179445519944,1.9584802598267856,0.7537119394119668,10.0,0.911894444160786,3.0,0.2758610901053808
nebDFT2k:mp-770939_10_1_1_0_1,0.3406109273433685,0.04218501550316449,10,0.3606626719236374,0.04682412501272062,10,0.4042443477754133,0.0,10,0.25175381302833555,0.04505550843902152,10,0.3347178424672137,0.005893084876154808,0.02594482945642368,-0.02005174458026887,0.0695265053081996,0.08296402943887815,-0.013437524130678558,3.3920639449982586,3.3245212005607123,1.0203165329269537,2.1040369043151927,1.0,8.0,0.6661375787612323,2.0,0.0794000139728331,Li11C4O28Fe4As4,O,0.2638818107767076,3.913098550067093,3.6430484541421166,1.0741275059402329,2.0814865370151043,1.0,8.0,0.7376586563765513,3.0,0.108426475256666
nebDFT2k:mp-770939_10_9_1_0_0,0.36711831688880914,0.04193748965356299,10,0.3277351111173629,0.0618705812041544,10,0.6553563356924234,0.0,10,0.3242905646562576,0.09293992555406876,10,0.400687633708685,0.03356931681987585,0.07295252259132207,-0.03938320577144622,0.25466870198373837,0.07639706905242738,0.17827163293131099,3.5738786467966692,3.2604976565487034,1.0961144657222923,1.9482425065860896,0.4954387426684264,8.0,0.8857440080601728,1.0,0.2529843119422151,Li11C4O28Fe4As4,O,0.8930912328647655,4.243789856627867,3.570054503791644,1.1887185061518444,1.850062080111623,0.4998358088101287,9.0,1.0699590930303309,2.0,0.4416922399649348
nebDFT2k:mp-770939_11_0_0_0_1,0.3407078832387924,0.04219904489556876,10,0.36085388958454134,0.04681530968323368,10,0.4068381938193591,0.0,10,0.25660252273082734,0.04481084476010513,10,0.3360641026991402,0.004643780539652198,0.02478978688540112,-0.020146006345748924,0.07077409112021887,0.07946157996831288,-0.008687488848094005,3.3928728431483437,3.325534680530456,1.0202488228470816,2.10397730909995,1.0,8.0,0.6661023478847579,2.0,0.0979163043974167,Li11C4O28Fe4As4,O,0.2703811913273324,3.9088232430957057,3.6440351809941345,1.0726634208919283,2.081182814690127,1.0,8.0,0.7377557404491304,3.0,0.1083941728802436
nebDFT2k:mp-770939_2_10_0_0_0,0.399482324719429,0.04661643559132215,10,0.3918932497501373,0.06376581126531189,10,0.630751654918706,0.0,10,0.3992564737796783,0.06740425062431174,10,0.4796693343782009,0.0801870096587719,0.08777608462806363,-0.007589074969291731,0.15108232054050508,0.0804128605985226,0.07066945994198248,3.5479535655202774,3.328155180325251,1.0660421084011913,2.081008992012591,0.0,7.0,0.6760316796858675,2.0,0.0979666379121726,Li11C4O28Fe4As4,O,0.8314394690492988,3.948528414102992,3.3457539951092254,1.18016101000698,1.9570986364711571,0.5076581429234466,11.0,0.9824436076403544,4.0,0.3532114270450808
nebDFT2k:mp-770939_2_5_0_0_1,0.3407687067985535,0.04147973648235904,10,0.35672338008880616,0.04512807636992842,10,0.4029560906477153,0.0,10,0.3428630083799362,0.05937999487943699,10,0.33505972914903737,0.0057089776495161115,0.021663650939768797,-0.015954673290252686,0.06789636149867795,0.007803279230898852,0.0600930822677791,3.3937942793499705,3.3268880317501672,1.0201107602544128,2.1039978219650184,0.0,8.0,0.6660900048845593,2.0,0.0985406279108023,Li11C4O28Fe4As4,O,0.2606538345675928,3.895280648342205,3.645270759385553,1.0685847240051911,2.0812931356323876,0.0,8.0,0.7376406852541024,3.0,0.1082217242581401
nebDFT2k:mp-770939_2_6_0_0_1,0.3395513296127319,0.04131330125233399,10,0.35613455474376676,0.04511259242505379,10,0.4061283743772818,0.0,10,0.3453326493501663,0.05964046031427,10,0.32252234165379434,0.017028987958937536,0.03361221308997242,-0.016583225131034884,0.08360603272348743,0.022810307696371934,0.0607957250271155,3.4628564818186116,3.3901224998342077,1.0214546766342398,2.101876068016093,0.0,8.0,0.6680341134933316,2.0,0.1078717908354304,Li11C4O28Fe4As4,O,0.2686026020825851,3.928380835725728,3.679528784749176,1.067631499992061,2.0812931378505604,0.0,8.0,0.737640682363176,3.0,0.1090438473665154
nebDFT2k:mp-770939_2_9_0_0_0,0.3880297541618347,0.04243608447786437,10,0.31699245870113374,0.040656525003072985,10,0.475197103325133,0.0,10,0.34018555879592893,0.04273645440085435,10,0.13303782034381575,0.254991933818019,0.18395463835731798,0.071037295460701,0.34215928298131726,0.20714773845211318,0.13501154452920408,3.3536073366337513,3.078358987905281,1.0894139864161092,2.06948142815084,0.5130304746972205,8.0,0.7508068754194696,1.0,0.1561753109807998,Li11C4O28Fe4As4,O,0.4416675974502966,4.298071413782686,3.310944783865044,1.298140468765328,2.031218224962931,0.5004456192491291,8.0,0.8527271719570428,2.0,0.2244603159630935
nebDFT2k:mp-770939_3_11_1_0_0,0.3996138989925384,0.04665251598601332,10,0.3918834000825882,0.06376298459399217,10,0.6299092689825471,0.0,10,0.39775460958480835,0.06868858749778953,10,0.4799911683378042,0.08037726934526579,0.08810776825521599,-0.007730498909950201,0.14991810064474287,0.08223655875299585,0.06768154189174702,3.5466940900718154,3.326803030239765,1.06609680760577,2.0813171182251815,0.0,7.0,0.6756994115042967,2.0,0.0981197974327057,Li11C4O28Fe4As4,O,0.8293287089360029,3.949079254807312,3.3470159143806404,1.1798806327271625,1.958548952167656,0.501137259312952,11.0,0.9811436153522524,4.0,0.3517820475034003
nebDFT2k:mp-770939_8_11_0_0_0,0.3680748045444488,0.042511027892585665,10,0.34021571278572077,0.062360694672786605,10,0.6548256965210121,0.0,10,0.3228358328342437,0.09407601748947023,10,0.3915768896327876,0.023502085088338787,0.051361176847066814,-0.027859091758728027,0.2632488068882245,0.06874105679854386,0.19450775008968063,3.5931980576570326,3.2757781779699435,1.096899076323843,1.9483607473120097,0.5003362415489219,8.0,0.8857054058825301,1.0,0.2541919987399772,Li11C4O28Fe4As4,O,0.8917616142784506,4.244597725180067,3.5684780458294574,1.1894700403553842,1.849755776869959,0.5014850789343821,9.0,1.0697855078516176,2.0,0.4412434714445611
nebDFT2k:mp-771011_2_1_1_-1_0,0.7045374572277069,0.13892501485466943,10,0.4635541826486588,0.06606805417905182,10,0.55197358208589,0.0,10,0.5783895045518875,0.07157763025157106,10,0.6420322120438584,0.06250524518384848,0.17847802939519963,-0.11597278421135115,0.09005862995796843,0.06364270749197087,0.026415922465997554,6.38919179993546,5.281696419181463,1.2096855428365632,2.0890933292212424,0.1558947257084206,7.0,0.7127668655390915,2.0,0.206264653123562,Li15C8O56S8Fe8,O+S,0.6340458436333398,6.42205878400557,5.160514050014817,1.2444610598409531,2.087236037099544,0.0,7.0,0.6517762989114537,5.0,0.2299862900582452
nebDFT2k:mp-771011_3_0_1_-1_0,0.7191946387290955,0.1480028151608521,10,0.5223037123680114,0.07466388334832448,10,0.5459431959777739,0.0,10,0.5479029566049576,0.059932110095140385,10,0.6453012271009015,0.07389341162819396,0.12299751473289011,-0.04910410310469615,0.09935803112312769,0.09739827049594396,0.0019597606271837265,6.213961421519809,5.282009648089883,1.176438862387717,2.107890891555959,0.8019383628917454,8.0,0.7297683170361428,2.0,0.2196516653337983,Li15C8O56S8Fe8,O+S,0.6189355504548653,6.45388584756691,5.162170227729301,1.2502272421972802,2.087357176356781,1.0,7.0,0.6514918343454718,5.0,0.2462798396397022
nebDFT2k:mp-771019_2_5_1_1_0,0.47636491656303404,0.08432432143238974,10,0.6372968345880509,0.17139145620636576,10,0.5286717592002321,0.0,10,0.4639106571674347,0.12026832874540683,10,0.09585042223378074,0.3805144943292533,0.5414464123542702,-0.16093191802501683,0.4328213369664514,0.3680602349336539,0.0647611020327975,3.469438236865102,3.342645971846948,1.037931706224963,2.039358513546421,1.0,10.0,0.8021622003852951,1.0,0.1186227290901894,Li31B16O64Co16,O,0.5756586410425635,3.7213710443087527,3.523492622731292,1.0561597377275256,1.9835406896787096,0.0,8.0,0.8140637150403379,2.0,0.2660457536029293
nebDFT2k:mp-771821_0_2_0_0_0,0.48583124577999115,0.07356339056158474,10,0.28765328526496886,0.10848824499328844,10,0.8045486935367225,0.0,10,0.5794676870107651,0.17847788891447494,10,0.11387392908898163,0.3719573166910095,0.17377935617598722,0.1981779605150223,0.6906747644477409,0.4655937579217835,0.22508100652595742,2.8497697791689864,2.7347064627370377,1.042075198197611,2.1013844150413084,0.500029497418807,5.0,0.6115639420698019,2.0,0.0259801052101936,Li15O64Co16Nb16,O,1.2669214033709637,3.385428133986939,2.9834472548887105,1.1347370490426931,1.8825702115515952,0.4976047169617654,6.0,1.1429985568342549,3.0,0.401094256456263
nebDFT2k:mp-771906_1_0_1_0_0,0.4120748251676559,0.046668581902515056,10,0.40647115409374235,0.06927387629378313,10,0.4181872782326013,0.0,10,0.43352197408676146,0.13992740413635626,10,0.43699842518566356,0.02492360001800764,0.030527271091921215,-0.005603671073913574,0.01881114695306224,0.0034764510989021002,0.01533469585416014,3.0082181251570965,2.8885416064029403,1.0414314678690704,2.007695146533781,0.0,6.0,0.7420499889568914,4.0,0.1220916925618232,Li47O96Al24Co24,O,0.298818506901628,3.2980621350849195,3.0342799548027273,1.086934028570657,1.997645612951238,1.0,5.0,0.7146181514471105,4.0,0.1248185136567966
nebDFT2k:mp-772502_1_2_0_0_0,1.3857452511787414,0.18143234711687514,10,1.0408777177333832,0.14006541996143182,10,1.1696124219404949,0.0,10,1.2886842489242554,0.10365669256669018,10,1.4095782031162116,0.02383295193747026,0.3687004853828284,-0.34486753344535814,0.23996578117571676,0.12089395419195625,0.11907182698376051,4.866945962483257,4.683464472923691,1.0391764452619037,2.019589686105276,0.7208401144973425,7.0,0.8112688469664813,3.0,0.1679272167764308,Li15O96Si32Fe16,O,2.181658845735378,5.191131288866593,4.836316333264197,1.0733647121388603,1.8571506339048856,0.6692538453490995,8.0,1.1194622257337985,2.0,0.3850179378844273
nebDFT2k:mp-772542_0_2_0_0_0,0.4282382667064667,0.0644272844396775,10,0.3217108517885208,0.04622699986464021,10,1.1206995309941332,0.0,10,0.6359015345573426,0.17921026475400087,10,0.24687078696371137,0.18136747974275533,0.07484006482480945,0.10652741491794587,0.8738287440304219,0.3890307475936312,0.48479799643679067,2.6290493668172203,2.6157074162595864,1.0051007044880855,2.0146134511748226,0.5000151412216526,5.0,0.7828773575441581,2.0,0.0558273992695833,Li15C8O56Si8V8,O,2.059098182262841,3.1131658548292145,3.0330488202749226,1.0264146867728392,1.8340565249729963,0.500340379574995,6.0,1.0505766731430994,2.0,0.365588492308163
nebDFT2k:mp-772613_0_1_0_0_0,0.6833179354667663,0.09196243908211627,10,0.5504837542772293,0.0718027833476838,10,0.6764005884465241,0.0,10,0.8177599221467972,0.17369697776798085,10,0.43155321609131647,0.25176471937544986,0.11893053818591282,0.13283418118953705,0.2448473723552076,0.3862067060554807,-0.1413593337002731,3.4841432670415946,3.4819993564575644,1.0006157125158723,1.9507561755724372,0.0,4.0,0.7372749749553955,5.0,0.1066451000377348,Li15O64Cr24Ni8,O,0.9458216589329104,3.5149419435190588,3.511679195011275,1.0009291134886178,1.896132211512395,1.0,7.0,0.9350803822542229,7.0,0.2458652200739655
nebDFT2k:mp-772658_3_3_1_0_0,1.4191061735153199,0.5212036383882392,10,0.8545012414455414,0.13515864591160867,10,1.005878738334525,0.0,10,1.1527736902236938,0.13495672596828198,10,1.7210608815584578,0.30195470804313795,0.8665596401129164,-0.5646049320697785,0.7151821432239329,0.568287191334764,0.1468949518891689,6.815861019375834,5.023898382073052,1.3566876757892046,2.05157092941915,0.6977113117852671,10.0,0.8380158013051269,4.0,0.1291337578660805,Li17O96V24Mn14,O,1.7713925844842044,7.162810056860545,5.024009,1.425716008243724,1.9509939911685188,0.1706935719834948,8.0,0.8860880133162445,6.0,0.1896354561273008
nebDFT2k:mp-772851_6_10_0_1_0,0.8542919337749482,0.1692545880849586,10,0.7855708181858063,0.17970207185598217,10,0.7267635387794902,0.0,10,0.7559578120708466,0.126552405142514,10,0.6534039358624568,0.20088799791249135,0.1321668823233495,0.06872111558914185,0.07335960291703336,0.10255387620838974,-0.029194273291356376,5.0207828352734225,4.649538270790952,1.0798454691328558,2.030278091475182,0.4806195986990689,6.0,0.8315086021151881,3.0,0.2381317009325966,Li11C8O56Na12P8Fe8,O,1.0720157253194502,4.8226492204069755,4.55943240822525,1.057730170910502,2.0618395071513893,0.5088796012248092,9.0,0.9687485996022988,2.0,0.3246003075853201
nebDFT2k:mp-772981_0_2_0_0_0,0.8778712570667266,0.20035256061621437,10,0.8577181816101074,1.1210670159661396,10,0.7618172939930248,0.0,10,0.7839942812919617,0.1613630328393441,10,1.1388688040597543,0.2609975469930277,0.28115062244964695,-0.020153075456619263,0.37705151006672954,0.35487452276779263,0.022176987298936912,3.602632876390733,3.414204425137833,1.055189563303695,1.9747905576516391,0.4103543499930096,8.0,0.8568911342057013,7.0,0.2106758937213846,Li3O32Zn6Ge12,O,1.159849656478538,4.033081993487983,3.4348228955947264,1.174174656475169,1.9227126185304528,0.4924066423444141,8.0,0.962370183358238,8.0,0.2839615255695024
nebDFT2k:mp-772981_1_2_0_0_0,1.7140601217746734,0.3965879624381947,10,1.164497148990631,1.137847669402328,10,1.3535220541769883,0.0,10,1.3690446436405181,0.44386566289315493,10,3.0772073401667797,1.3631472183921063,1.9127101911761486,-0.5495629727840423,1.7236852859897913,1.7081626965262615,0.015522589463529801,6.172118219856882,5.869780699701077,1.0515074643540263,1.9228876812975324,0.5292905399901744,7.0,1.107099687625525,7.0,0.3917391753102639,Li3O32Zn6Ge12,O,2.642479829933849,6.371111389683551,5.891148418927562,1.0814718857216234,1.8188314649169364,0.4970159104833898,7.0,1.4251902617780836,7.0,0.7233294836012616
nebDFT2k:mp-774843_0_1_0_0_0,0.6450924515724182,0.105589831377031,10,0.5372163832187653,0.07647862771755919,10,0.6128603570163641,0.0,10,0.5102292656898498,0.034698886075525195,10,0.8201401275254625,0.17504767595304427,0.2829237443066972,-0.10787606835365293,0.2072797705090984,0.30991086183561267,-0.10263109132651427,3.661654866602426,3.645494481085393,1.0044329748956913,1.918670789567548,1.0,8.0,0.9049412929770312,5.0,0.2719496395662409,Li15O64V12Co12Sn8,O,0.7866093782721979,3.5470243781878907,3.5434926544850125,1.0009966787142646,1.9299987404676595,1.0,7.0,0.8653847984530388,6.0,0.2224408116652257
nebDFT2k:mp-774843_2_0_0_1_0,2.884331560134888,0.4540235397607384,10,3.3858558177947997,0.4924339567731893,10,4.880530168672959,0.0,10,4.3876912832260135,0.4286109781363421,10,3.67574452515413,0.7914129650192421,0.28988870735933014,0.5015242576599119,1.2047856435188296,0.7119467580718837,0.4928388854469459,5.683157486856144,5.269499267117189,1.0785004796034932,1.8761021829757492,0.4189192200057937,7.0,1.088668567689405,4.0,0.4703658471781742,Li15O64V12Co12Sn8,O,11.480077572003148,5.788599849940695,5.188555749430123,1.1156476155385775,1.4727037667819625,0.3360933307805004,10.0,1.943278704205017,6.0,1.2514282581067997
nebDFT2k:mp-774843_2_3_0_0_0,0.6154512912034988,0.0922197378239449,10,0.6853534281253815,0.08152449295541193,10,0.6247052060030958,0.0,10,0.6544515073299408,0.09154474776715264,10,1.0624137018557747,0.4469624106522758,0.3770602737303932,0.06990213692188263,0.4377084958526789,0.4079621945258338,0.02974630132684508,3.660194421603132,3.646283604100076,1.0038150673434767,1.9486644408482825,0.0,7.0,0.8316624813044413,5.0,0.1848017858002554,Li15O64V12Co12Sn8,O,0.8162889274147298,3.514272616572191,3.5097863670969853,1.0012782115507834,1.9323761660352112,0.0,7.0,0.8592305726502717,6.0,0.2277977578036019
nebDFT2k:mp-774843_2_3_0_1_0,0.6423289477825165,0.09775528827239836,10,0.7472542941570282,0.10069724862584492,10,0.663669445481805,0.0,10,0.6952794194221497,0.09011604207263174,10,0.8414992617564678,0.19917031397395135,0.09424496759943968,0.10492534637451167,0.17782981627466288,0.14621984233431817,0.031609973940344704,3.56864923864707,3.5449788794653916,1.0066771509750851,1.9434063137657136,0.0,7.0,0.8406611135315664,6.0,0.2045611910516974,Li15O64V12Co12Sn8,O,0.9139213296264546,3.605502309437232,3.595024085054084,1.0029146465045142,1.932376163703357,0.0,7.0,0.8592305754598525,6.0,0.205836193433643
nebDFT2k:mp-774843_2_3_1_0_0,0.4755576938390732,0.04714427687756878,10,0.5934615135192871,0.055010565571355224,10,0.5890793057344067,0.0,10,0.5972452044487,0.0647314038279414,10,0.8142358670523606,0.3386781732132874,0.2207743535330735,0.1179038196802139,0.22515656131795392,0.21699066260366062,0.008165898714293296,3.505492530459242,3.483048771072678,1.00644371091584,1.9541494886333788,0.0,7.0,0.8255641995176544,5.0,0.1845717745689379,Li15O64V12Co12Sn8,O,0.7270213766881712,3.6691762436158823,3.646506616585063,1.0062168067727375,1.932376166035211,0.0,7.0,0.8592305726502719,5.0,0.1922751848396604
nebDFT2k:mp-774946_0_2_0_0_0,0.6011281698942185,0.103567963554069,10,0.5936241626739502,0.15430330431863848,10,0.7246222665330836,0.0,10,0.6144254088401795,0.09384061579145739,10,0.6453417529697418,0.044213583075523366,0.05171759029579159,-0.007504007220268227,0.07928051356334176,0.030916344129562345,0.048364169433779414,3.744122174339702,3.6138498733485616,1.0360480666205516,1.9861348589313832,1.0,4.0,0.6945911809879046,4.0,0.0837987706113786,Li7O32V12Sn4,O,1.0666503555341575,3.986247400365377,3.5668287847265496,1.117588659549573,1.9631864880064336,0.2513082231604787,10.0,0.9229025714192663,6.0,0.2714186141261328
nebDFT2k:mp-775195_1_5_0_1_0,0.27330354452133176,0.06177261621612278,10,0.2653475075960159,0.06217071298993876,10,0.4378906619829593,0.0,10,0.2207962274551391,0.07872250489948876,10,0.11352421257492998,0.1597793319464018,0.1518232950210859,0.00795603692531588,0.3243664494080293,0.10727201488020913,0.21709443452782015,3.000884202886188,2.7159227743512124,1.1049225078216915,2.19777642978677,0.8341272908218644,8.0,0.6410247994725347,1.0,0.0894453862598734,Li23O96P24Mn22Fe2,O,0.3481891275780064,3.651172511140534,3.090881169967243,1.181272365504504,2.0829406193654036,0.4963628622471744,7.0,0.7285532220431739,2.0,0.0771483672598888
nebDFT2k:mp-776519_1_0_0_1_0,0.7144528806209565,0.10765172021984536,10,0.8331630170345307,0.08868779058561031,10,0.628359677750506,0.0,10,0.7983831524848938,0.07989381241875007,10,1.0567388450909334,0.34228596446997694,0.22357582805640275,0.1187101364135742,0.42837916734042736,0.25835569260603963,0.17002347473438773,3.5283817910215145,3.5128794544430884,1.0044129998707525,1.9630046917219923,1.0,4.0,0.7219019480867431,6.0,0.2505387200665319,Li15O64Ti12V8Ni12,O,0.8254459098244469,3.538160839925472,3.536432448149815,1.0004887388069752,1.9549378923428151,1.0,4.0,0.7322855727122486,7.0,0.180234197260831
nebDFT2k:mp-776806_0_1_0_0_0,0.7562951922416687,0.15714671865404653,10,0.6446615695953369,0.056775112487586786,10,0.5981865521142532,0.0,10,0.6635986566543579,0.054288460440365234,10,0.8505998887401631,0.09430469649849438,0.2059383191448262,-0.11163362264633181,0.2524133366259099,0.1870012320858052,0.06541210454010471,3.624418991957128,3.619867346429893,1.00125740672009,1.9663009693499307,1.0,8.0,0.8198317264347252,6.0,0.1634081795822338,Li15O64V12Fe12Sn8,O,0.7498413355400386,3.5190758958348445,3.5119985423944264,1.0020151925904823,1.9371501818225292,1.0,7.0,0.8489851634650114,6.0,0.1929516331658048
nebDFT2k:mp-776806_3_2_1_1_0,0.5650051325559616,0.08514848460441016,10,0.5663134425878524,0.07467186758298718,10,0.5491221467784674,0.0,10,0.557526969909668,0.03769103602606412,10,0.6594776508394204,0.09447251828345882,0.09316420825156801,0.0013083100318908025,0.11035550406095307,0.10195068092975246,0.008404823131200612,3.6249728170728064,3.5788349859003277,1.012891857644806,2.0020371123086735,1.0,7.0,0.7541837996451587,5.0,0.1430401210067711,Li15O64V12Fe12Sn8,O,0.626901023599906,3.684828874694491,3.6768738247706185,1.0021635362819037,1.9327753116794104,1.0,7.0,0.8555261737057972,6.0,0.1943644004731021
nebDFT2k:mp-777279_19_7_1_0_0,0.45433127582073213,0.07210192375407236,10,0.47832349240779876,0.07058300075741375,10,0.6629768717078586,0.0,10,0.5768061935901642,0.06572983067269224,10,0.3893500276344497,0.06498124818628243,0.08897346477334905,-0.023992216587066628,0.27362684407340887,0.18745616595571446,0.08617067811769441,2.9479191535461906,2.797787949354167,1.053660680119335,2.0046796056040055,0.7967807677196986,11.0,0.9217222752077688,3.0,0.0747859400763579,Li39O8F40Fe8,O+F,0.9121859527228152,3.1611358430094274,2.9670623885320375,1.065409293457226,1.8148420433802284,0.5020613805054276,9.0,1.274131466933022,2.0,0.3210492659960383
nebDFT2k:mp-777670_0_1_0_0_0,0.6229230105876923,0.10696142399419761,10,0.5672656893730164,0.050268645456940146,10,0.611860943301295,0.0,10,0.6549413144588471,0.07871067060323807,10,0.7413540511890915,0.1184310406013992,0.17408836181607512,-0.055657321214675926,0.12949310788779644,0.08641273673024441,0.04308037115755203,3.612903614509827,3.6099152953437215,1.0008278086663032,1.9701645713053544,1.0,8.0,0.808816549952392,6.0,0.1277709605517208,Li15O64V12Cr12Sn8,O,0.784105154832681,3.5246122162700484,3.516266415613441,1.0023734835959952,1.919262149469189,1.0,7.0,0.8734090153533801,6.0,0.2020349093321455
nebDFT2k:mp-777670_0_2_0_1_0,2.3184669494628904,0.45544662807322056,10,2.8979679346084595,0.3792841469361857,10,4.08206817928771,0.0,10,3.4790032148361205,0.289808479045772,10,4.522794747633043,2.2043277981701523,1.6248268130245833,0.579500985145569,0.4407265683453332,1.0437915327969223,-0.6030649644515891,5.747544177890779,5.2347332667601085,1.0979631406220742,1.8797251365616503,0.8187439019334253,8.0,1.0935052489517645,5.0,0.4517381922656491,Li15O64V12Cr12Sn8,O,9.47937736223693,5.89232303492962,5.192091491629482,1.1348650239366984,1.459809493565599,0.6658986776252144,10.0,1.9087897684773043,6.0,1.2374156677810308
nebDFT2k:mp-777670_1_0_0_1_0,0.5308654189109803,0.060777734807788655,10,0.7622268497943878,0.08106883197092873,10,0.5704118952621307,0.0,10,0.6237159907817841,0.07222709651113296,10,0.6251729198058911,0.0943075008949108,0.13705392998849675,-0.04274642909358595,0.05476102454376042,0.0014569290241069899,0.05330409551965343,3.563059610842184,3.5610747559046954,1.0005573752514454,1.969129421524076,0.0,8.0,0.8115875074007056,6.0,0.1326150098451598,Li15O64V12Cr12Sn8,O,0.6802465864737621,3.6314229349827216,3.609887368461071,1.005965717022033,1.9192621515810715,0.0,7.0,0.8734090126467122,6.0,0.2106791198129169
nebDFT2k:mp-778325_0_1_0_0_0,0.5822252213954926,0.06530493962410978,10,0.6351916193962097,0.09142413263360552,10,0.6552506134789544,0.0,10,0.692330515384674,0.08792497014044727,10,0.6744814561335488,0.09225623473805622,0.0392898367373391,0.05296639800071712,0.019230842654594404,0.017849059251125232,0.0013817834034691723,3.552368414173416,3.528582420646656,1.006740948826243,1.95020230555893,0.0,4.0,0.7394830759289651,6.0,0.1193419464913042,Li15O64Ti8V24,O,0.8928263255085278,3.501488818405191,3.4996326753360365,1.0005303822547538,1.935233707565212,1.0,8.0,0.8826160987636364,6.0,0.1969879026271656
nebDFT2k:mp-778830_1_9_1_1_0,0.4603027284145355,0.05392920681189088,10,0.5397267460823059,0.06564585158007918,10,0.5681159584956568,0.0,10,0.43035499155521395,0.046156120348248716,10,0.25904756838329485,0.20125516003124067,0.280679177699011,-0.07942401766777035,0.3090683901123619,0.1713074231719191,0.13776096694044282,0.2584604363353948,0.2561928717562706,1.0088510057425852,2.0038157896607,0.0,12.0,1.086306827065607,0.0,0.0593544971100836,Li39O64Ti8Fe12Co12,O,0.6744936749621813,2.14240472215724,2.1299574002200767,1.0058439299940352,1.9061909234787568,0.0,9.0,1.188607138972234,4.0,0.2088960080509163
nebDFT2k:mp-778830_4_0_1_-1_-1,0.5055786311626435,0.06687874474900561,10,0.5789747148752212,0.0747884605388845,10,0.5881279999220559,0.0,10,0.47321560978889465,0.04733176837384154,10,0.25826427255381645,0.247314358608827,0.3207104423214048,-0.07339608371257778,0.32986372736823943,0.2149513372350782,0.11491239013316124,0.3127687961182891,0.2899100549258072,1.0788477005336423,2.0772757160329363,1.0,12.0,1.0018181614221089,1.0,0.0258658953092845,Li39O64Ti8Fe12Co12,O,0.7246376968591697,2.114481085087104,2.111722885288491,1.0013061371914982,1.9061688352993895,1.0,9.0,1.1902947232546464,4.0,0.2529506400858524
nebDFT2k:mp-779432_2_7_0_1_0,0.2812683492898941,0.07207094353188548,10,0.2863067060708999,0.049429054322786166,10,0.3363079130414274,0.0,10,0.14022600352764122,0.06440674219197237,10,0.17155316354039477,0.10971518574949932,0.11475354253050515,-0.005038356781005837,0.1647547495010326,0.03132716001275354,0.13342758948827907,3.301650367993696,3.1045844005322136,1.0634757964472474,2.182154067815642,0.0,6.0,0.5562165019147138,2.0,0.1666663817225566,Li7O40P8Cr8,O,0.0936539965163167,4.8125699172204515,4.3637620285080505,1.1028488459683137,2.2814322581017223,1.0,4.0,0.4420808951273081,4.0,0.1999805902511609
nebDFT2k:mp-779720_0_6_0_0_0,0.40960044264793394,0.10523020205337229,10,0.5294660836458206,0.09511699033720387,10,0.5299814031195529,0.0,10,0.5076196283102036,0.09734675593321764,10,0.8766572481574997,0.46705680550956574,0.3471911645116791,0.11986564099788666,0.3466758450379468,0.3690376198472961,-0.02236177480934931,2.769811563131463,2.697893107819584,1.026657266406675,2.010510749153141,0.2111181708329102,7.0,0.8153925405493696,3.0,0.09156775313161,Li39O32La8,O,0.5789402059748172,3.1061792601174343,2.6755384738915233,1.1609548098179847,1.955732350037212,0.2386961420515895,7.0,0.8641716959743152,2.0,0.1174817002846172
nebDFT2k:mp-779720_12_22_0_0_0,0.4209371954202652,0.11219942486660579,10,0.49935151636600494,0.14202279578842025,10,0.4920428791270431,0.0,10,0.43166178166866304,0.08908249727046287,10,0.6643123072996815,0.2433751118794163,0.16496079093367655,0.07841432094573975,0.1722694281726384,0.23265052563101846,-0.06038109745838005,2.107976433956273,2.0673181457024383,1.0196671655682776,2.023178705863028,1.0,8.0,0.8523462745408636,2.0,0.165165492740076,Li39O32La8,O,0.483877931352985,2.843163903901996,2.3883129513718906,1.1904486396009497,2.0066883216471005,1.0,7.0,0.8604692777823632,3.0,0.1195441651501624
nebDFT2k:mp-779720_1_4_0_0_0,0.3467146426439285,0.05283303492454641,10,0.36821010410785676,0.08417505983697686,10,0.3739168514505668,0.0,10,0.22197413444519037,0.04658129314348587,10,0.3813576101692462,0.0346429675253177,0.013147506061389425,0.021495461463928278,0.0074407587186793855,0.1593834757240558,-0.15194271700537643,1.3732745193560676,1.2447322342874996,1.103269025680971,2.095042087718487,0.252386117424505,7.0,0.6825279883003195,3.0,0.0580779984934596,Li39O32La8,O,0.1878904310173277,2.76567310359337,2.3164705316364844,1.1939168082745018,1.9841984663580532,0.7533395982526454,9.0,0.8613398695978808,2.0,0.1576283479712202
nebDFT2k:mp-779720_4_8_0_1_0,0.3608539760112762,0.06939392522385479,10,0.4962512135505676,0.06682801774885058,10,0.385752335705498,0.0,10,0.39745083153247834,0.09178453174200717,10,0.49803554758811686,0.13718157157684063,0.00178433403754924,0.1353972375392914,0.11228321188261886,0.10058471605563851,0.011698495826980349,1.6200422822285157,1.581535346699383,1.0243478184724075,2.097623845726527,1.0,10.0,0.8068338731919099,3.0,0.089054024306216,Li39O32La8,O,0.217546515021723,2.69388909953498,2.4222153880746604,1.1121591881538924,2.008477540488865,0.2538925573857917,9.0,0.8749852116221053,1.0,0.1921962266314475
nebDFT2k:mp-781596_1_3_0_1_0,0.380279877781868,0.03383650364033869,10,0.33933980166912076,0.08167931371309227,10,0.41405059579220466,0.0,10,0.3729630053043365,0.048646931652834804,10,0.1298293913778394,0.2504504864040286,0.20951041029128137,0.04094007611274725,0.28422120441436527,0.24313361392649713,0.04108759048786814,3.17561312214521,2.8528316922825714,1.113144224643824,2.0365631173106804,1.0,4.0,0.6517525982261996,4.0,0.1422829490589947,Li15O16F32Fe16,O+F,0.2884532527802519,3.4751328791961815,3.1265181440982053,1.1115025466127684,1.9467369794366547,0.0,4.0,0.7441960770652973,5.0,0.0492089433457787
nebDFT2k:mp-849351_1_0_1_0_-1,0.3280767738819122,0.09092723888664617,10,0.45675858557224275,0.08101112470405519,10,0.860580195636292,0.0,10,0.7436871230602264,0.11380790467009969,10,1.5915505914558707,1.2634738175739586,1.134792005883628,0.12868181169033055,0.7309703958195788,0.8478634683956443,-0.11689307257606552,6.211395370502619,5.793732649468946,1.0720887114237063,1.9287247193216253,0.0,6.0,0.9035981092739668,2.0,0.2360872335714774,Li15O112P32Mn16,O,1.407319117344091,6.863309167894679,5.907352668889632,1.1618248566806375,1.9571107161715608,0.0,6.0,0.8789117741741722,2.0,0.2886310927133317
nebDFT2k:mp-849386_8_8_1_0_0,1.2275972604751586,0.28186634264166915,10,0.6467200517654419,0.07993396206754244,10,0.958593314000043,0.0,10,0.9920342624187469,0.17076912826185553,10,1.0149714935060388,0.21262576696911983,0.3682514417405969,-0.15562567477147704,0.056378179505995774,0.022937231087291843,0.03344094841870393,6.090714018466468,5.188589921263201,1.173866910064775,2.0523659571138655,0.346550963871433,7.0,0.8008909175647421,3.0,0.2381840646715241,Li17O96V24Nb14,O,1.6529098518775849,6.135949081537969,5.18864,1.18257367663549,1.989316321827164,0.3318713354892981,9.0,1.0108744249231263,2.0,0.4488844925474988
nebDFT2k:mp-850532_0_1_0_1_0,0.705246502161026,0.19196493293521588,10,0.49694158136844635,0.06707142298132027,10,0.4091926186877116,0.0,10,0.48643977344036105,0.15298460722653806,10,0.5237549557535601,0.1814915464074659,0.026813374385113775,0.15467817202235212,0.11456233706584851,0.03731518231319908,0.07724715475264943,4.68520553415894,4.396289334363978,1.065718195009738,1.9878837073153024,1.0,5.0,0.7105731091171413,3.0,0.0921027364106149,Li3O48P12Sn8,O,0.2762806560365021,4.95326737162438,4.417007802194258,1.1214078836726804,1.987859952386428,0.0,5.0,0.7104953788479913,4.0,0.243530879170958
